[dotenv@17.2.2] injecting env (0) from .env -- tip: ⚙️  enable debug logging with { debug: true }
🚀 Connecting Climate Minds Hub - User Migration

📋 Configuration:
   Mode: 🔴 LIVE MIGRATION
   Test Limit: None (full migration)
   Send Emails: Yes
   Process Images: Yes
   Delay between requests: 1500ms
   Rate limit retry delay: 12000ms

📂 Loading users from supabase-users.json...
👥 Found 692 users to migrate

⚠️  This is a LIVE migration. Press Ctrl+C to cancel...

🏃 Starting migration...


[1/692] Migrating: pamela.velasquez@udea.edu.co
  📋 Supabase ID: dd099383-f84e-4418-80c7-613e683f297d
  🔍 Clerk API Error Details:
     Status: 422
     Message: Unprocessable Entity
     Errors: [
  {
    "code": "form_identifier_exists",
    "message": "That email address is taken. Please try another.",
    "longMessage": "That email address is taken. Please try another.",
    "meta": {
      "paramName": "email_address"
    }
  },
  {
    "code": "form_identifier_exists",
    "message": "That username is taken. Please try another.",
    "longMessage": "That username is taken. Please try another.",
    "meta": {
      "paramName": "username"
    }
  }
]
     Clerk Error: true
  ❌ Error [User Migration]: Unprocessable Entity
  ❌ Migration failed: Unprocessable Entity

[2/692] Migrating: otunidris@gmail.com
  📋 Supabase ID: 2234c5dc-e143-4d99-b9d9-cd53372d74f4
  🔍 Clerk API Error Details:
     Status: 422
     Message: Unprocessable Entity
     Errors: [
  {
    "code": "form_identifier_exists",
    "message": "That email address is taken. Please try another.",
    "longMessage": "That email address is taken. Please try another.",
    "meta": {
      "paramName": "email_address"
    }
  },
  {
    "code": "form_identifier_exists",
    "message": "That username is taken. Please try another.",
    "longMessage": "That username is taken. Please try another.",
    "meta": {
      "paramName": "username"
    }
  }
]
     Clerk Error: true
  ❌ Error [User Migration]: Unprocessable Entity
  ❌ Migration failed: Unprocessable Entity

[3/692] Migrating: mmaxwelldoyle@delawareestuary.org
  📋 Supabase ID: 1098108a-9a75-4b04-80f0-360a2b3c87b6
  🔍 Clerk API Error Details:
     Status: 422
     Message: Unprocessable Entity
     Errors: [
  {
    "code": "form_identifier_exists",
    "message": "That email address is taken. Please try another.",
    "longMessage": "That email address is taken. Please try another.",
    "meta": {
      "paramName": "email_address"
    }
  },
  {
    "code": "form_identifier_exists",
    "message": "That username is taken. Please try another.",
    "longMessage": "That username is taken. Please try another.",
    "meta": {
      "paramName": "username"
    }
  }
]
     Clerk Error: true
  ❌ Error [User Migration]: Unprocessable Entity
  ❌ Migration failed: Unprocessable Entity

[4/692] Migrating: pearlpsychotherapyfoundation@gmail.com
  📋 Supabase ID: f95dd3ac-3205-47a3-bb17-e05d209cdb27
  🔍 Clerk API Error Details:
     Status: 422
     Message: Unprocessable Entity
     Errors: [
  {
    "code": "form_identifier_exists",
    "message": "That email address is taken. Please try another.",
    "longMessage": "That email address is taken. Please try another.",
    "meta": {
      "paramName": "email_address"
    }
  },
  {
    "code": "form_identifier_exists",
    "message": "That username is taken. Please try another.",
    "longMessage": "That username is taken. Please try another.",
    "meta": {
      "paramName": "username"
    }
  }
]
     Clerk Error: true
  ❌ Error [User Migration]: Unprocessable Entity
  ❌ Migration failed: Unprocessable Entity

[5/692] Migrating: wpar29@gmail.com
  📋 Supabase ID: 0c143fc2-5bb2-43c1-8b92-e38da4d114b8
  🔍 Clerk API Error Details:
     Status: 422
     Message: Unprocessable Entity
     Errors: [
  {
    "code": "form_identifier_exists",
    "message": "That email address is taken. Please try another.",
    "longMessage": "That email address is taken. Please try another.",
    "meta": {
      "paramName": "email_address"
    }
  },
  {
    "code": "form_identifier_exists",
    "message": "That username is taken. Please try another.",
    "longMessage": "That username is taken. Please try another.",
    "meta": {
      "paramName": "username"
    }
  }
]
     Clerk Error: true
  ❌ Error [User Migration]: Unprocessable Entity
  ❌ Migration failed: Unprocessable Entity

[6/692] Migrating: rosa.1.roe_garcia@kcl.ac.uk
  📋 Supabase ID: 4a0c4069-688f-49f3-8c2e-5ce929611fd8
  🔍 Clerk API Error Details:
     Status: 422
     Message: Unprocessable Entity
     Errors: [
  {
    "code": "form_identifier_exists",
    "message": "That email address is taken. Please try another.",
    "longMessage": "That email address is taken. Please try another.",
    "meta": {
      "paramName": "email_address"
    }
  },
  {
    "code": "form_identifier_exists",
    "message": "That username is taken. Please try another.",
    "longMessage": "That username is taken. Please try another.",
    "meta": {
      "paramName": "username"
    }
  }
]
     Clerk Error: true
  ❌ Error [User Migration]: Unprocessable Entity
  ❌ Migration failed: Unprocessable Entity

[7/692] Migrating: masa70011@yahoo.co.jp
  📋 Supabase ID: becf366e-9c52-440d-8470-42c47dad23e2
  🔍 Clerk API Error Details:
     Status: 422
     Message: Unprocessable Entity
     Errors: [
  {
    "code": "form_identifier_exists",
    "message": "That email address is taken. Please try another.",
    "longMessage": "That email address is taken. Please try another.",
    "meta": {
      "paramName": "email_address"
    }
  },
  {
    "code": "form_identifier_exists",
    "message": "That username is taken. Please try another.",
    "longMessage": "That username is taken. Please try another.",
    "meta": {
      "paramName": "username"
    }
  }
]
     Clerk Error: true
  ❌ Error [User Migration]: Unprocessable Entity
  ❌ Migration failed: Unprocessable Entity

[8/692] Migrating: sku80@utlook.com
  📋 Supabase ID: e932e2d0-7f54-4cab-8525-9d84888892d5
  🔍 Clerk API Error Details:
     Status: 422
     Message: Unprocessable Entity
     Errors: [
  {
    "code": "form_identifier_exists",
    "message": "That email address is taken. Please try another.",
    "longMessage": "That email address is taken. Please try another.",
    "meta": {
      "paramName": "email_address"
    }
  },
  {
    "code": "form_identifier_exists",
    "message": "That username is taken. Please try another.",
    "longMessage": "That username is taken. Please try another.",
    "meta": {
      "paramName": "username"
    }
  }
]
     Clerk Error: true
  ❌ Error [User Migration]: Unprocessable Entity
  ❌ Migration failed: Unprocessable Entity

[9/692] Migrating: ucbqbuc@ucl.ac.uk
  📋 Supabase ID: 5b5886eb-89f3-478f-9bb1-5f32a4780252
  🔍 Clerk API Error Details:
     Status: 422
     Message: Unprocessable Entity
     Errors: [
  {
    "code": "form_identifier_exists",
    "message": "That email address is taken. Please try another.",
    "longMessage": "That email address is taken. Please try another.",
    "meta": {
      "paramName": "email_address"
    }
  },
  {
    "code": "form_identifier_exists",
    "message": "That username is taken. Please try another.",
    "longMessage": "That username is taken. Please try another.",
    "meta": {
      "paramName": "username"
    }
  }
]
     Clerk Error: true
  ❌ Error [User Migration]: Unprocessable Entity
  ❌ Migration failed: Unprocessable Entity

[10/692] Migrating: bril.lewis2@gmail.com
  📋 Supabase ID: b859a81c-28a8-4ac2-a9b0-fb5ce34bd605
  🔍 Clerk API Error Details:
     Status: 422
     Message: Unprocessable Entity
     Errors: [
  {
    "code": "form_identifier_exists",
    "message": "That email address is taken. Please try another.",
    "longMessage": "That email address is taken. Please try another.",
    "meta": {
      "paramName": "email_address"
    }
  },
  {
    "code": "form_identifier_exists",
    "message": "That username is taken. Please try another.",
    "longMessage": "That username is taken. Please try another.",
    "meta": {
      "paramName": "username"
    }
  }
]
     Clerk Error: true
  ❌ Error [User Migration]: Unprocessable Entity
  ❌ Migration failed: Unprocessable Entity

[11/692] Migrating: celia@clariteos.com
  📋 Supabase ID: 29024417-e3bf-464b-8f6d-62b323a7515c
  🔍 Clerk API Error Details:
     Status: 422
     Message: Unprocessable Entity
     Errors: [
  {
    "code": "form_identifier_exists",
    "message": "That email address is taken. Please try another.",
    "longMessage": "That email address is taken. Please try another.",
    "meta": {
      "paramName": "email_address"
    }
  },
  {
    "code": "form_identifier_exists",
    "message": "That username is taken. Please try another.",
    "longMessage": "That username is taken. Please try another.",
    "meta": {
      "paramName": "username"
    }
  }
]
     Clerk Error: true
  ❌ Error [User Migration]: Unprocessable Entity
  ❌ Migration failed: Unprocessable Entity

[12/692] Migrating: richardchilinda@gmail.com
  📋 Supabase ID: 5cd2e732-503b-437d-81c4-0cc1467007be
  🔍 Clerk API Error Details:
     Status: 422
     Message: Unprocessable Entity
     Errors: [
  {
    "code": "form_identifier_exists",
    "message": "That email address is taken. Please try another.",
    "longMessage": "That email address is taken. Please try another.",
    "meta": {
      "paramName": "email_address"
    }
  },
  {
    "code": "form_identifier_exists",
    "message": "That username is taken. Please try another.",
    "longMessage": "That username is taken. Please try another.",
    "meta": {
      "paramName": "username"
    }
  }
]
     Clerk Error: true
  ❌ Error [User Migration]: Unprocessable Entity
  ❌ Migration failed: Unprocessable Entity

[13/692] Migrating: me@fabioladetari.com
  📋 Supabase ID: 3ad2755d-5aac-46be-9bb2-8de2a48f8caf
  🔍 Clerk API Error Details:
     Status: 422
     Message: Unprocessable Entity
     Errors: [
  {
    "code": "form_username_invalid_length",
    "message": "Username must be between 4 and 64 characters long.",
    "longMessage": "Username must be between 4 and 64 characters long.",
    "meta": {
      "paramName": "username"
    }
  }
]
     Clerk Error: true
  ❌ Error [User Migration]: Unprocessable Entity
  ❌ Migration failed: Unprocessable Entity

[14/692] Migrating: olivia.pearson1@alumni.lshtm.ac.uk
  📋 Supabase ID: a31808c6-51dd-4c18-882a-414c3ff51f68
  🔍 Clerk API Error Details:
     Status: 422
     Message: Unprocessable Entity
     Errors: [
  {
    "code": "form_identifier_exists",
    "message": "That email address is taken. Please try another.",
    "longMessage": "That email address is taken. Please try another.",
    "meta": {
      "paramName": "email_address"
    }
  },
  {
    "code": "form_identifier_exists",
    "message": "That username is taken. Please try another.",
    "longMessage": "That username is taken. Please try another.",
    "meta": {
      "paramName": "username"
    }
  }
]
     Clerk Error: true
  ❌ Error [User Migration]: Unprocessable Entity
  ❌ Migration failed: Unprocessable Entity

[15/692] Migrating: tanya.singh@mq.edu.au
  📋 Supabase ID: 65987c58-6bea-4b3c-8d5a-50acc105d196
  🔍 Clerk API Error Details:
     Status: 422
     Message: Unprocessable Entity
     Errors: [
  {
    "code": "form_identifier_exists",
    "message": "That email address is taken. Please try another.",
    "longMessage": "That email address is taken. Please try another.",
    "meta": {
      "paramName": "email_address"
    }
  },
  {
    "code": "form_identifier_exists",
    "message": "That username is taken. Please try another.",
    "longMessage": "That username is taken. Please try another.",
    "meta": {
      "paramName": "username"
    }
  }
]
     Clerk Error: true
  ❌ Error [User Migration]: Unprocessable Entity
  ❌ Migration failed: Unprocessable Entity

[16/692] Migrating: plondono@projecthope.org
  📋 Supabase ID: d2070a5a-e6b8-45aa-825d-756b72981e2b
  🔍 Clerk API Error Details:
     Status: 422
     Message: Unprocessable Entity
     Errors: [
  {
    "code": "form_identifier_exists",
    "message": "That email address is taken. Please try another.",
    "longMessage": "That email address is taken. Please try another.",
    "meta": {
      "paramName": "email_address"
    }
  },
  {
    "code": "form_identifier_exists",
    "message": "That username is taken. Please try another.",
    "longMessage": "That username is taken. Please try another.",
    "meta": {
      "paramName": "username"
    }
  }
]
     Clerk Error: true
  ❌ Error [User Migration]: Unprocessable Entity
  ❌ Migration failed: Unprocessable Entity

[17/692] Migrating: rebeccachasey@btinternet.com
  📋 Supabase ID: 7acf5072-a9e4-4f0d-8db4-731a14473d8c
  🔍 Clerk API Error Details:
     Status: 422
     Message: Unprocessable Entity
     Errors: [
  {
    "code": "form_identifier_exists",
    "message": "That email address is taken. Please try another.",
    "longMessage": "That email address is taken. Please try another.",
    "meta": {
      "paramName": "email_address"
    }
  },
  {
    "code": "form_identifier_exists",
    "message": "That username is taken. Please try another.",
    "longMessage": "That username is taken. Please try another.",
    "meta": {
      "paramName": "username"
    }
  }
]
     Clerk Error: true
  ❌ Error [User Migration]: Unprocessable Entity
  ❌ Migration failed: Unprocessable Entity

[18/692] Migrating: tamarakahuth@gmail.com
  📋 Supabase ID: bf56ca0f-56c3-4eb9-9507-f78cb3bf8c33
  🔍 Clerk API Error Details:
     Status: 422
     Message: Unprocessable Entity
     Errors: [
  {
    "code": "form_identifier_exists",
    "message": "That email address is taken. Please try another.",
    "longMessage": "That email address is taken. Please try another.",
    "meta": {
      "paramName": "email_address"
    }
  },
  {
    "code": "form_identifier_exists",
    "message": "That username is taken. Please try another.",
    "longMessage": "That username is taken. Please try another.",
    "meta": {
      "paramName": "username"
    }
  }
]
     Clerk Error: true
  ❌ Error [User Migration]: Unprocessable Entity
  ❌ Migration failed: Unprocessable Entity

[19/692] Migrating: m.ramanathan@unsw.edu
  📋 Supabase ID: ef2e04ed-045e-483d-aefb-865082bf2479
  🔍 Clerk API Error Details:
     Status: 422
     Message: Unprocessable Entity
     Errors: [
  {
    "code": "form_identifier_exists",
    "message": "That email address is taken. Please try another.",
    "longMessage": "That email address is taken. Please try another.",
    "meta": {
      "paramName": "email_address"
    }
  },
  {
    "code": "form_identifier_exists",
    "message": "That username is taken. Please try another.",
    "longMessage": "That username is taken. Please try another.",
    "meta": {
      "paramName": "username"
    }
  }
]
     Clerk Error: true
  ❌ Error [User Migration]: Unprocessable Entity
  ❌ Migration failed: Unprocessable Entity

[20/692] Migrating: philaniama@yahoo.com
  📋 Supabase ID: 338243ad-bae3-498b-a9c6-6e70f3cfed79
  🔍 Clerk API Error Details:
     Status: 422
     Message: Unprocessable Entity
     Errors: [
  {
    "code": "form_identifier_exists",
    "message": "That email address is taken. Please try another.",
    "longMessage": "That email address is taken. Please try another.",
    "meta": {
      "paramName": "email_address"
    }
  },
  {
    "code": "form_identifier_exists",
    "message": "That username is taken. Please try another.",
    "longMessage": "That username is taken. Please try another.",
    "meta": {
      "paramName": "username"
    }
  }
]
     Clerk Error: true
  ❌ Error [User Migration]: Unprocessable Entity
  ❌ Migration failed: Unprocessable Entity

[21/692] Migrating: chanellemulopo@sun.ac.za
  📋 Supabase ID: 4ea73d92-9b3c-495c-b64f-a94e172dc3f1
  🔍 Clerk API Error Details:
     Status: 422
     Message: Unprocessable Entity
     Errors: [
  {
    "code": "form_identifier_exists",
    "message": "That email address is taken. Please try another.",
    "longMessage": "That email address is taken. Please try another.",
    "meta": {
      "paramName": "email_address"
    }
  },
  {
    "code": "form_identifier_exists",
    "message": "That username is taken. Please try another.",
    "longMessage": "That username is taken. Please try another.",
    "meta": {
      "paramName": "username"
    }
  }
]
     Clerk Error: true
  ❌ Error [User Migration]: Unprocessable Entity
  ❌ Migration failed: Unprocessable Entity

[22/692] Migrating: athenalambrinidou@gmail.com
  📋 Supabase ID: 6a3d1e2f-0495-45f0-8d17-78fa6a61c43e
  🔍 Clerk API Error Details:
     Status: 422
     Message: Unprocessable Entity
     Errors: [
  {
    "code": "form_identifier_exists",
    "message": "That email address is taken. Please try another.",
    "longMessage": "That email address is taken. Please try another.",
    "meta": {
      "paramName": "email_address"
    }
  },
  {
    "code": "form_identifier_exists",
    "message": "That username is taken. Please try another.",
    "longMessage": "That username is taken. Please try another.",
    "meta": {
      "paramName": "username"
    }
  }
]
     Clerk Error: true
  ❌ Error [User Migration]: Unprocessable Entity
  ❌ Migration failed: Unprocessable Entity

[23/692] Migrating: jb142317@gmail.com
  📋 Supabase ID: c8c6d048-d308-4c89-bf9e-1b4d8caf84e5
  🔍 Clerk API Error Details:
     Status: 422
     Message: Unprocessable Entity
     Errors: [
  {
    "code": "form_identifier_exists",
    "message": "That email address is taken. Please try another.",
    "longMessage": "That email address is taken. Please try another.",
    "meta": {
      "paramName": "email_address"
    }
  },
  {
    "code": "form_identifier_exists",
    "message": "That username is taken. Please try another.",
    "longMessage": "That username is taken. Please try another.",
    "meta": {
      "paramName": "username"
    }
  }
]
     Clerk Error: true
  ❌ Error [User Migration]: Unprocessable Entity
  ❌ Migration failed: Unprocessable Entity

[24/692] Migrating: maurizio.droli@ecoesalute.it
  📋 Supabase ID: f09e43fc-84df-4b97-bcdf-5de21040d918
  🔍 Clerk API Error Details:
     Status: 422
     Message: Unprocessable Entity
     Errors: [
  {
    "code": "form_identifier_exists",
    "message": "That email address is taken. Please try another.",
    "longMessage": "That email address is taken. Please try another.",
    "meta": {
      "paramName": "email_address"
    }
  },
  {
    "code": "form_identifier_exists",
    "message": "That username is taken. Please try another.",
    "longMessage": "That username is taken. Please try another.",
    "meta": {
      "paramName": "username"
    }
  }
]
     Clerk Error: true
  ❌ Error [User Migration]: Unprocessable Entity
  ❌ Migration failed: Unprocessable Entity

[25/692] Migrating: varungoel123@gmail.com
  📋 Supabase ID: 54f89a2b-6ae1-430a-844b-d28e39f26310
  🔍 Clerk API Error Details:
     Status: 422
     Message: Unprocessable Entity
     Errors: [
  {
    "code": "form_identifier_exists",
    "message": "That email address is taken. Please try another.",
    "longMessage": "That email address is taken. Please try another.",
    "meta": {
      "paramName": "email_address"
    }
  },
  {
    "code": "form_identifier_exists",
    "message": "That username is taken. Please try another.",
    "longMessage": "That username is taken. Please try another.",
    "meta": {
      "paramName": "username"
    }
  }
]
     Clerk Error: true
  ❌ Error [User Migration]: Unprocessable Entity
  ❌ Migration failed: Unprocessable Entity

[26/692] Migrating: d.teklemariam@imperial.ac.uk
  📋 Supabase ID: 47097b2e-a9dd-40ef-a89e-1cc47344e8a0
  🔍 Clerk API Error Details:
     Status: 422
     Message: Unprocessable Entity
     Errors: [
  {
    "code": "form_identifier_exists",
    "message": "That email address is taken. Please try another.",
    "longMessage": "That email address is taken. Please try another.",
    "meta": {
      "paramName": "email_address"
    }
  },
  {
    "code": "form_identifier_exists",
    "message": "That username is taken. Please try another.",
    "longMessage": "That username is taken. Please try another.",
    "meta": {
      "paramName": "username"
    }
  }
]
     Clerk Error: true
  ❌ Error [User Migration]: Unprocessable Entity
  ❌ Migration failed: Unprocessable Entity

[27/692] Migrating: yungechang@foxmail.com
  📋 Supabase ID: 8434fe82-6c12-4bee-a91b-82bdad9983e6
  🔍 Clerk API Error Details:
     Status: 422
     Message: Unprocessable Entity
     Errors: [
  {
    "code": "form_identifier_exists",
    "message": "That email address is taken. Please try another.",
    "longMessage": "That email address is taken. Please try another.",
    "meta": {
      "paramName": "email_address"
    }
  },
  {
    "code": "form_identifier_exists",
    "message": "That username is taken. Please try another.",
    "longMessage": "That username is taken. Please try another.",
    "meta": {
      "paramName": "username"
    }
  }
]
     Clerk Error: true
  ❌ Error [User Migration]: Unprocessable Entity
  ❌ Migration failed: Unprocessable Entity

[28/692] Migrating: marija.jevtic@uns.ac.rs
  📋 Supabase ID: 0a6dfe33-d571-43b3-953b-6c13a56e08c3
  🔍 Clerk API Error Details:
     Status: 422
     Message: Unprocessable Entity
     Errors: [
  {
    "code": "form_identifier_exists",
    "message": "That email address is taken. Please try another.",
    "longMessage": "That email address is taken. Please try another.",
    "meta": {
      "paramName": "email_address"
    }
  },
  {
    "code": "form_identifier_exists",
    "message": "That username is taken. Please try another.",
    "longMessage": "That username is taken. Please try another.",
    "meta": {
      "paramName": "username"
    }
  }
]
     Clerk Error: true
  ❌ Error [User Migration]: Unprocessable Entity
  ❌ Migration failed: Unprocessable Entity

[29/692] Migrating: drramnika@yahoo.co.in
  📋 Supabase ID: 3d7acb8d-bbc8-4f81-b2d8-f1359bb81b83
  🔍 Clerk API Error Details:
     Status: 422
     Message: Unprocessable Entity
     Errors: [
  {
    "code": "form_identifier_exists",
    "message": "That email address is taken. Please try another.",
    "longMessage": "That email address is taken. Please try another.",
    "meta": {
      "paramName": "email_address"
    }
  },
  {
    "code": "form_identifier_exists",
    "message": "That username is taken. Please try another.",
    "longMessage": "That username is taken. Please try another.",
    "meta": {
      "paramName": "username"
    }
  }
]
     Clerk Error: true
  ❌ Error [User Migration]: Unprocessable Entity
  ❌ Migration failed: Unprocessable Entity

[30/692] Migrating: boryana.todorova@univie.ac.at
  📋 Supabase ID: 5a1063fc-0077-47c7-9bb2-d767441f19a9
  🔍 Clerk API Error Details:
     Status: 422
     Message: Unprocessable Entity
     Errors: [
  {
    "code": "form_identifier_exists",
    "message": "That email address is taken. Please try another.",
    "longMessage": "That email address is taken. Please try another.",
    "meta": {
      "paramName": "email_address"
    }
  },
  {
    "code": "form_identifier_exists",
    "message": "That username is taken. Please try another.",
    "longMessage": "That username is taken. Please try another.",
    "meta": {
      "paramName": "username"
    }
  }
]
     Clerk Error: true
  ❌ Error [User Migration]: Unprocessable Entity
  ❌ Migration failed: Unprocessable Entity

[31/692] Migrating: pamdocs4@gmail.com
  📋 Supabase ID: f22ae681-7698-4969-9144-638cac98349c
  🔍 Clerk API Error Details:
     Status: 422
     Message: Unprocessable Entity
     Errors: [
  {
    "code": "form_identifier_exists",
    "message": "That email address is taken. Please try another.",
    "longMessage": "That email address is taken. Please try another.",
    "meta": {
      "paramName": "email_address"
    }
  },
  {
    "code": "form_identifier_exists",
    "message": "That username is taken. Please try another.",
    "longMessage": "That username is taken. Please try another.",
    "meta": {
      "paramName": "username"
    }
  }
]
     Clerk Error: true
  ❌ Error [User Migration]: Unprocessable Entity
  ❌ Migration failed: Unprocessable Entity

[32/692] Migrating: matthew.hughsam@gmail.com
  📋 Supabase ID: 745a613a-dadc-4572-aaff-f8d075834f85
  🔍 Clerk API Error Details:
     Status: 422
     Message: Unprocessable Entity
     Errors: [
  {
    "code": "form_identifier_exists",
    "message": "That email address is taken. Please try another.",
    "longMessage": "That email address is taken. Please try another.",
    "meta": {
      "paramName": "email_address"
    }
  },
  {
    "code": "form_identifier_exists",
    "message": "That username is taken. Please try another.",
    "longMessage": "That username is taken. Please try another.",
    "meta": {
      "paramName": "username"
    }
  }
]
     Clerk Error: true
  ❌ Error [User Migration]: Unprocessable Entity
  ❌ Migration failed: Unprocessable Entity

[33/692] Migrating: clinic@jackbroadleypsychotherapy.com
  📋 Supabase ID: 2652e115-f682-4f55-8062-432cd26db877
  🔍 Clerk API Error Details:
     Status: 422
     Message: Unprocessable Entity
     Errors: [
  {
    "code": "form_identifier_exists",
    "message": "That email address is taken. Please try another.",
    "longMessage": "That email address is taken. Please try another.",
    "meta": {
      "paramName": "email_address"
    }
  },
  {
    "code": "form_identifier_exists",
    "message": "That username is taken. Please try another.",
    "longMessage": "That username is taken. Please try another.",
    "meta": {
      "paramName": "username"
    }
  }
]
     Clerk Error: true
  ❌ Error [User Migration]: Unprocessable Entity
  ❌ Migration failed: Unprocessable Entity

[34/692] Migrating: malkawim@gmail.com
  📋 Supabase ID: 306415aa-4bdc-4c2a-b502-fe0d9cb38e08
  🔍 Clerk API Error Details:
     Status: 422
     Message: Unprocessable Entity
     Errors: [
  {
    "code": "form_identifier_exists",
    "message": "That email address is taken. Please try another.",
    "longMessage": "That email address is taken. Please try another.",
    "meta": {
      "paramName": "email_address"
    }
  },
  {
    "code": "form_identifier_exists",
    "message": "That username is taken. Please try another.",
    "longMessage": "That username is taken. Please try another.",
    "meta": {
      "paramName": "username"
    }
  }
]
     Clerk Error: true
  ❌ Error [User Migration]: Unprocessable Entity
  ❌ Migration failed: Unprocessable Entity

[35/692] Migrating: isantis@gmail.com
  📋 Supabase ID: 1968c36d-513e-4602-a5c6-1e440732f5ed
  🔍 Clerk API Error Details:
     Status: 422
     Message: Unprocessable Entity
     Errors: [
  {
    "code": "form_identifier_exists",
    "message": "That email address is taken. Please try another.",
    "longMessage": "That email address is taken. Please try another.",
    "meta": {
      "paramName": "email_address"
    }
  },
  {
    "code": "form_identifier_exists",
    "message": "That username is taken. Please try another.",
    "longMessage": "That username is taken. Please try another.",
    "meta": {
      "paramName": "username"
    }
  }
]
     Clerk Error: true
  ❌ Error [User Migration]: Unprocessable Entity
  ❌ Migration failed: Unprocessable Entity

[36/692] Migrating: umujoie2002@gmail.com
  📋 Supabase ID: e625815f-85de-4862-a4e5-fa3ce8423327
  🔍 Clerk API Error Details:
     Status: 422
     Message: Unprocessable Entity
     Errors: [
  {
    "code": "form_identifier_exists",
    "message": "That email address is taken. Please try another.",
    "longMessage": "That email address is taken. Please try another.",
    "meta": {
      "paramName": "email_address"
    }
  },
  {
    "code": "form_identifier_exists",
    "message": "That username is taken. Please try another.",
    "longMessage": "That username is taken. Please try another.",
    "meta": {
      "paramName": "username"
    }
  }
]
     Clerk Error: true
  ❌ Error [User Migration]: Unprocessable Entity
  ❌ Migration failed: Unprocessable Entity

[37/692] Migrating: r.allen@imperial.ac.uk
  📋 Supabase ID: 7ae5ab3d-6b79-4741-93d5-8261eff26418
  🔍 Clerk API Error Details:
     Status: 422
     Message: Unprocessable Entity
     Errors: [
  {
    "code": "form_identifier_exists",
    "message": "That email address is taken. Please try another.",
    "longMessage": "That email address is taken. Please try another.",
    "meta": {
      "paramName": "email_address"
    }
  },
  {
    "code": "form_identifier_exists",
    "message": "That username is taken. Please try another.",
    "longMessage": "That username is taken. Please try another.",
    "meta": {
      "paramName": "username"
    }
  }
]
     Clerk Error: true
  ❌ Error [User Migration]: Unprocessable Entity
  ❌ Migration failed: Unprocessable Entity

[38/692] Migrating: connectingclimatemin.singular294@passmail.com
  📋 Supabase ID: e0f85664-204e-4c0b-8861-6bc7c1f2a22d
  🔍 Clerk API Error Details:
     Status: 422
     Message: Unprocessable Entity
     Errors: [
  {
    "code": "form_identifier_exists",
    "message": "That email address is taken. Please try another.",
    "longMessage": "That email address is taken. Please try another.",
    "meta": {
      "paramName": "email_address"
    }
  },
  {
    "code": "form_identifier_exists",
    "message": "That username is taken. Please try another.",
    "longMessage": "That username is taken. Please try another.",
    "meta": {
      "paramName": "username"
    }
  }
]
     Clerk Error: true
  ❌ Error [User Migration]: Unprocessable Entity
  ❌ Migration failed: Unprocessable Entity

[39/692] Migrating: muskanlamba.lm@gmail.com
  📋 Supabase ID: 37c88e3a-f33f-4cfe-92d1-2ec3d8bceaee
  🔍 Clerk API Error Details:
     Status: 422
     Message: Unprocessable Entity
     Errors: [
  {
    "code": "form_identifier_exists",
    "message": "That email address is taken. Please try another.",
    "longMessage": "That email address is taken. Please try another.",
    "meta": {
      "paramName": "email_address"
    }
  },
  {
    "code": "form_identifier_exists",
    "message": "That username is taken. Please try another.",
    "longMessage": "That username is taken. Please try another.",
    "meta": {
      "paramName": "username"
    }
  }
]
     Clerk Error: true
  ❌ Error [User Migration]: Unprocessable Entity
  ❌ Migration failed: Unprocessable Entity

[40/692] Migrating: s.haj-ali@exeter.ac.uk
  📋 Supabase ID: 7db16c46-ef62-4297-b642-a9f081b841b8
  🔍 Clerk API Error Details:
     Status: 422
     Message: Unprocessable Entity
     Errors: [
  {
    "code": "form_identifier_exists",
    "message": "That email address is taken. Please try another.",
    "longMessage": "That email address is taken. Please try another.",
    "meta": {
      "paramName": "email_address"
    }
  },
  {
    "code": "form_identifier_exists",
    "message": "That username is taken. Please try another.",
    "longMessage": "That username is taken. Please try another.",
    "meta": {
      "paramName": "username"
    }
  }
]
     Clerk Error: true
  ❌ Error [User Migration]: Unprocessable Entity
  ❌ Migration failed: Unprocessable Entity

[41/692] Migrating: banga.gabor.83@gmail.com
  📋 Supabase ID: 499f6931-6b4c-4cc2-b92f-22500f5f27fc
  🔍 Clerk API Error Details:
     Status: 422
     Message: Unprocessable Entity
     Errors: [
  {
    "code": "form_identifier_exists",
    "message": "That email address is taken. Please try another.",
    "longMessage": "That email address is taken. Please try another.",
    "meta": {
      "paramName": "email_address"
    }
  },
  {
    "code": "form_identifier_exists",
    "message": "That username is taken. Please try another.",
    "longMessage": "That username is taken. Please try another.",
    "meta": {
      "paramName": "username"
    }
  }
]
     Clerk Error: true
  ❌ Error [User Migration]: Unprocessable Entity
  ❌ Migration failed: Unprocessable Entity

[42/692] Migrating: bellacy.833@gmail.com
  📋 Supabase ID: b2f43104-4000-4b91-95c5-3817cc0fc565
  🔍 Clerk API Error Details:
     Status: 422
     Message: Unprocessable Entity
     Errors: [
  {
    "code": "form_identifier_exists",
    "message": "That email address is taken. Please try another.",
    "longMessage": "That email address is taken. Please try another.",
    "meta": {
      "paramName": "email_address"
    }
  },
  {
    "code": "form_identifier_exists",
    "message": "That username is taken. Please try another.",
    "longMessage": "That username is taken. Please try another.",
    "meta": {
      "paramName": "username"
    }
  }
]
     Clerk Error: true
  ❌ Error [User Migration]: Unprocessable Entity
  ❌ Migration failed: Unprocessable Entity

[43/692] Migrating: tashiro.ai.7m@kyoto-u.ac.jp
  📋 Supabase ID: 4dd0d951-feb1-46b8-b963-bb76804de503
  🔍 Clerk API Error Details:
     Status: 422
     Message: Unprocessable Entity
     Errors: [
  {
    "code": "form_identifier_exists",
    "message": "That email address is taken. Please try another.",
    "longMessage": "That email address is taken. Please try another.",
    "meta": {
      "paramName": "email_address"
    }
  },
  {
    "code": "form_identifier_exists",
    "message": "That username is taken. Please try another.",
    "longMessage": "That username is taken. Please try another.",
    "meta": {
      "paramName": "username"
    }
  }
]
     Clerk Error: true
  ❌ Error [User Migration]: Unprocessable Entity
  ❌ Migration failed: Unprocessable Entity

[44/692] Migrating: rhondajmoore3@gmail.com
  📋 Supabase ID: 5b16aa5d-e239-4b13-bfac-5f4d348edae9
  🔍 Clerk API Error Details:
     Status: 422
     Message: Unprocessable Entity
     Errors: [
  {
    "code": "form_identifier_exists",
    "message": "That email address is taken. Please try another.",
    "longMessage": "That email address is taken. Please try another.",
    "meta": {
      "paramName": "email_address"
    }
  },
  {
    "code": "form_identifier_exists",
    "message": "That username is taken. Please try another.",
    "longMessage": "That username is taken. Please try another.",
    "meta": {
      "paramName": "username"
    }
  }
]
     Clerk Error: true
  ❌ Error [User Migration]: Unprocessable Entity
  ❌ Migration failed: Unprocessable Entity

[45/692] Migrating: elisa.merkenschlager@uni-ulm.de
  📋 Supabase ID: 8a7f5667-c335-4375-b8bd-c90410292617
  🔍 Clerk API Error Details:
     Status: 422
     Message: Unprocessable Entity
     Errors: [
  {
    "code": "form_identifier_exists",
    "message": "That email address is taken. Please try another.",
    "longMessage": "That email address is taken. Please try another.",
    "meta": {
      "paramName": "email_address"
    }
  },
  {
    "code": "form_identifier_exists",
    "message": "That username is taken. Please try another.",
    "longMessage": "That username is taken. Please try another.",
    "meta": {
      "paramName": "username"
    }
  }
]
     Clerk Error: true
  ❌ Error [User Migration]: Unprocessable Entity
  ❌ Migration failed: Unprocessable Entity

[46/692] Migrating: nikita.nalawade@kcl.ac.uk
  📋 Supabase ID: f57cd8d0-fcc8-4b86-938a-64085a37b316
  🔍 Clerk API Error Details:
     Status: 422
     Message: Unprocessable Entity
     Errors: [
  {
    "code": "form_identifier_exists",
    "message": "That email address is taken. Please try another.",
    "longMessage": "That email address is taken. Please try another.",
    "meta": {
      "paramName": "email_address"
    }
  },
  {
    "code": "form_identifier_exists",
    "message": "That username is taken. Please try another.",
    "longMessage": "That username is taken. Please try another.",
    "meta": {
      "paramName": "username"
    }
  }
]
     Clerk Error: true
  ❌ Error [User Migration]: Unprocessable Entity
  ❌ Migration failed: Unprocessable Entity

[47/692] Migrating: kerry.max@international.gc.ca
  📋 Supabase ID: 0159d01e-f1cf-41d0-8d1a-c0f6111121e1
  🔍 Clerk API Error Details:
     Status: 422
     Message: Unprocessable Entity
     Errors: [
  {
    "code": "form_identifier_exists",
    "message": "That email address is taken. Please try another.",
    "longMessage": "That email address is taken. Please try another.",
    "meta": {
      "paramName": "email_address"
    }
  },
  {
    "code": "form_identifier_exists",
    "message": "That username is taken. Please try another.",
    "longMessage": "That username is taken. Please try another.",
    "meta": {
      "paramName": "username"
    }
  }
]
     Clerk Error: true
  ❌ Error [User Migration]: Unprocessable Entity
  ❌ Migration failed: Unprocessable Entity

[48/692] Migrating: s.dorato@t-6.it
  📋 Supabase ID: b01032e0-3ebe-441e-9c28-8d2c3c3ed846
  🔍 Clerk API Error Details:
     Status: 422
     Message: Unprocessable Entity
     Errors: [
  {
    "code": "form_identifier_exists",
    "message": "That email address is taken. Please try another.",
    "longMessage": "That email address is taken. Please try another.",
    "meta": {
      "paramName": "email_address"
    }
  },
  {
    "code": "form_identifier_exists",
    "message": "That username is taken. Please try another.",
    "longMessage": "That username is taken. Please try another.",
    "meta": {
      "paramName": "username"
    }
  }
]
     Clerk Error: true
  ❌ Error [User Migration]: Unprocessable Entity
  ❌ Migration failed: Unprocessable Entity

[49/692] Migrating: mukta.gundi@apu.edu.in
  📋 Supabase ID: cb243994-3a6b-4e90-bd31-64ff8cdcd76c
  🔍 Clerk API Error Details:
     Status: 422
     Message: Unprocessable Entity
     Errors: [
  {
    "code": "form_identifier_exists",
    "message": "That email address is taken. Please try another.",
    "longMessage": "That email address is taken. Please try another.",
    "meta": {
      "paramName": "email_address"
    }
  },
  {
    "code": "form_identifier_exists",
    "message": "That username is taken. Please try another.",
    "longMessage": "That username is taken. Please try another.",
    "meta": {
      "paramName": "username"
    }
  }
]
     Clerk Error: true
  ❌ Error [User Migration]: Unprocessable Entity
  ❌ Migration failed: Unprocessable Entity

[50/692] Migrating: rgvidhi@gmail.com
  📋 Supabase ID: d4e0cdac-896f-4628-843b-dc8b19d9f5cd
  🔍 Clerk API Error Details:
     Status: 422
     Message: Unprocessable Entity
     Errors: [
  {
    "code": "form_identifier_exists",
    "message": "That email address is taken. Please try another.",
    "longMessage": "That email address is taken. Please try another.",
    "meta": {
      "paramName": "email_address"
    }
  },
  {
    "code": "form_identifier_exists",
    "message": "That username is taken. Please try another.",
    "longMessage": "That username is taken. Please try another.",
    "meta": {
      "paramName": "username"
    }
  }
]
     Clerk Error: true
  ❌ Error [User Migration]: Unprocessable Entity
  ❌ Migration failed: Unprocessable Entity

[51/692] Migrating: solotopez@yahoo.com
  📋 Supabase ID: 718c16e2-3596-4213-8063-e6875c0959d8
  🔍 Clerk API Error Details:
     Status: 422
     Message: Unprocessable Entity
     Errors: [
  {
    "code": "form_identifier_exists",
    "message": "That email address is taken. Please try another.",
    "longMessage": "That email address is taken. Please try another.",
    "meta": {
      "paramName": "email_address"
    }
  },
  {
    "code": "form_identifier_exists",
    "message": "That username is taken. Please try another.",
    "longMessage": "That username is taken. Please try another.",
    "meta": {
      "paramName": "username"
    }
  }
]
     Clerk Error: true
  ❌ Error [User Migration]: Unprocessable Entity
  ❌ Migration failed: Unprocessable Entity

[52/692] Migrating: paulosokoth@gmail.com
  📋 Supabase ID: 369e59d0-8cbd-4c53-b96b-12293c207d7a
  🔍 Clerk API Error Details:
     Status: 422
     Message: Unprocessable Entity
     Errors: [
  {
    "code": "form_identifier_exists",
    "message": "That email address is taken. Please try another.",
    "longMessage": "That email address is taken. Please try another.",
    "meta": {
      "paramName": "email_address"
    }
  },
  {
    "code": "form_identifier_exists",
    "message": "That username is taken. Please try another.",
    "longMessage": "That username is taken. Please try another.",
    "meta": {
      "paramName": "username"
    }
  }
]
     Clerk Error: true
  ❌ Error [User Migration]: Unprocessable Entity
  ❌ Migration failed: Unprocessable Entity

[53/692] Migrating: katyemassey@gmail.com
  📋 Supabase ID: f3544808-bfe7-47a3-8c1e-7a686dde649a
  🔍 Clerk API Error Details:
     Status: 422
     Message: Unprocessable Entity
     Errors: [
  {
    "code": "form_identifier_exists",
    "message": "That email address is taken. Please try another.",
    "longMessage": "That email address is taken. Please try another.",
    "meta": {
      "paramName": "email_address"
    }
  },
  {
    "code": "form_identifier_exists",
    "message": "That username is taken. Please try another.",
    "longMessage": "That username is taken. Please try another.",
    "meta": {
      "paramName": "username"
    }
  }
]
     Clerk Error: true
  ❌ Error [User Migration]: Unprocessable Entity
  ❌ Migration failed: Unprocessable Entity

[54/692] Migrating: tiltingguy@hotmail.com
  📋 Supabase ID: 0aa407d7-78f6-475d-a0c8-c1b3dcc378e0
  🔍 Clerk API Error Details:
     Status: 422
     Message: Unprocessable Entity
     Errors: [
  {
    "code": "form_identifier_exists",
    "message": "That email address is taken. Please try another.",
    "longMessage": "That email address is taken. Please try another.",
    "meta": {
      "paramName": "email_address"
    }
  },
  {
    "code": "form_identifier_exists",
    "message": "That username is taken. Please try another.",
    "longMessage": "That username is taken. Please try another.",
    "meta": {
      "paramName": "username"
    }
  }
]
     Clerk Error: true
  ❌ Error [User Migration]: Unprocessable Entity
  ❌ Migration failed: Unprocessable Entity

[55/692] Migrating: m.v.c.van.cauwenberghe@rug.nl
  📋 Supabase ID: d6777d4b-03c3-4b97-a0fd-9095bc374793
  🔍 Clerk API Error Details:
     Status: 422
     Message: Unprocessable Entity
     Errors: [
  {
    "code": "form_identifier_exists",
    "message": "That email address is taken. Please try another.",
    "longMessage": "That email address is taken. Please try another.",
    "meta": {
      "paramName": "email_address"
    }
  },
  {
    "code": "form_identifier_exists",
    "message": "That username is taken. Please try another.",
    "longMessage": "That username is taken. Please try another.",
    "meta": {
      "paramName": "username"
    }
  }
]
     Clerk Error: true
  ❌ Error [User Migration]: Unprocessable Entity
  ❌ Migration failed: Unprocessable Entity

[56/692] Migrating: abby.arnold01@gmail.com
  📋 Supabase ID: 60fb4431-2652-44e1-836f-60bee4874a83
  🔍 Clerk API Error Details:
     Status: 422
     Message: Unprocessable Entity
     Errors: [
  {
    "code": "form_identifier_exists",
    "message": "That email address is taken. Please try another.",
    "longMessage": "That email address is taken. Please try another.",
    "meta": {
      "paramName": "email_address"
    }
  },
  {
    "code": "form_identifier_exists",
    "message": "That username is taken. Please try another.",
    "longMessage": "That username is taken. Please try another.",
    "meta": {
      "paramName": "username"
    }
  }
]
     Clerk Error: true
  ❌ Error [User Migration]: Unprocessable Entity
  ❌ Migration failed: Unprocessable Entity

[57/692] Migrating: blufishpizza@gmail.com
  📋 Supabase ID: f0a94ace-8d36-4180-8ae6-5eb9fe068b5f
  🔍 Clerk API Error Details:
     Status: 422
     Message: Unprocessable Entity
     Errors: [
  {
    "code": "form_identifier_exists",
    "message": "That email address is taken. Please try another.",
    "longMessage": "That email address is taken. Please try another.",
    "meta": {
      "paramName": "email_address"
    }
  },
  {
    "code": "form_identifier_exists",
    "message": "That username is taken. Please try another.",
    "longMessage": "That username is taken. Please try another.",
    "meta": {
      "paramName": "username"
    }
  }
]
     Clerk Error: true
  ❌ Error [User Migration]: Unprocessable Entity
  ❌ Migration failed: Unprocessable Entity

[58/692] Migrating: aloysiusjames@gmail.com
  📋 Supabase ID: c2defd6e-2c6b-4b70-80fc-a06c92da986d
  🔍 Clerk API Error Details:
     Status: 422
     Message: Unprocessable Entity
     Errors: [
  {
    "code": "form_identifier_exists",
    "message": "That email address is taken. Please try another.",
    "longMessage": "That email address is taken. Please try another.",
    "meta": {
      "paramName": "email_address"
    }
  },
  {
    "code": "form_identifier_exists",
    "message": "That username is taken. Please try another.",
    "longMessage": "That username is taken. Please try another.",
    "meta": {
      "paramName": "username"
    }
  }
]
     Clerk Error: true
  ❌ Error [User Migration]: Unprocessable Entity
  ❌ Migration failed: Unprocessable Entity

[59/692] Migrating: laraschwarz@berkeley.edu
  📋 Supabase ID: be715c9e-188a-4be5-a6cd-833493f1fead
  🔍 Clerk API Error Details:
     Status: 422
     Message: Unprocessable Entity
     Errors: [
  {
    "code": "form_identifier_exists",
    "message": "That email address is taken. Please try another.",
    "longMessage": "That email address is taken. Please try another.",
    "meta": {
      "paramName": "email_address"
    }
  },
  {
    "code": "form_identifier_exists",
    "message": "That username is taken. Please try another.",
    "longMessage": "That username is taken. Please try another.",
    "meta": {
      "paramName": "username"
    }
  }
]
     Clerk Error: true
  ❌ Error [User Migration]: Unprocessable Entity
  ❌ Migration failed: Unprocessable Entity

[60/692] Migrating: stephen.j.pandolfi@gmail.com
  📋 Supabase ID: 7eb63eb1-beac-449f-adea-640926e151c4
  🔍 Clerk API Error Details:
     Status: 422
     Message: Unprocessable Entity
     Errors: [
  {
    "code": "form_identifier_exists",
    "message": "That email address is taken. Please try another.",
    "longMessage": "That email address is taken. Please try another.",
    "meta": {
      "paramName": "email_address"
    }
  },
  {
    "code": "form_identifier_exists",
    "message": "That username is taken. Please try another.",
    "longMessage": "That username is taken. Please try another.",
    "meta": {
      "paramName": "username"
    }
  }
]
     Clerk Error: true
  ❌ Error [User Migration]: Unprocessable Entity
  ❌ Migration failed: Unprocessable Entity

[61/692] Migrating: sure.sapkota@gmail.com
  📋 Supabase ID: 12356292-8be7-4733-9429-fd5e2dae7aa5
  🔍 Clerk API Error Details:
     Status: 422
     Message: Unprocessable Entity
     Errors: [
  {
    "code": "form_identifier_exists",
    "message": "That email address is taken. Please try another.",
    "longMessage": "That email address is taken. Please try another.",
    "meta": {
      "paramName": "email_address"
    }
  },
  {
    "code": "form_identifier_exists",
    "message": "That username is taken. Please try another.",
    "longMessage": "That username is taken. Please try another.",
    "meta": {
      "paramName": "username"
    }
  }
]
     Clerk Error: true
  ❌ Error [User Migration]: Unprocessable Entity
  ❌ Migration failed: Unprocessable Entity

[62/692] Migrating: idjarrury@hotmail.com
  📋 Supabase ID: f7b3e91e-c72e-49ad-8057-7c395c54d669
  🔍 Clerk API Error Details:
     Status: 422
     Message: Unprocessable Entity
     Errors: [
  {
    "code": "form_identifier_exists",
    "message": "That email address is taken. Please try another.",
    "longMessage": "That email address is taken. Please try another.",
    "meta": {
      "paramName": "email_address"
    }
  },
  {
    "code": "form_identifier_exists",
    "message": "That username is taken. Please try another.",
    "longMessage": "That username is taken. Please try another.",
    "meta": {
      "paramName": "username"
    }
  }
]
     Clerk Error: true
  ❌ Error [User Migration]: Unprocessable Entity
  ❌ Migration failed: Unprocessable Entity

[63/692] Migrating: brenna.doheny@state.mn.us
  📋 Supabase ID: 372c3041-5d2a-4967-ad46-2a8c75017324
  🔍 Clerk API Error Details:
     Status: 422
     Message: Unprocessable Entity
     Errors: [
  {
    "code": "form_identifier_exists",
    "message": "That email address is taken. Please try another.",
    "longMessage": "That email address is taken. Please try another.",
    "meta": {
      "paramName": "email_address"
    }
  },
  {
    "code": "form_identifier_exists",
    "message": "That username is taken. Please try another.",
    "longMessage": "That username is taken. Please try another.",
    "meta": {
      "paramName": "username"
    }
  }
]
     Clerk Error: true
  ❌ Error [User Migration]: Unprocessable Entity
  ❌ Migration failed: Unprocessable Entity

[64/692] Migrating: team@sonderyouth.com
  📋 Supabase ID: 4bc8d438-8835-4240-a2f1-6b94804b1fac
  🔍 Clerk API Error Details:
     Status: 422
     Message: Unprocessable Entity
     Errors: [
  {
    "code": "form_identifier_exists",
    "message": "That email address is taken. Please try another.",
    "longMessage": "That email address is taken. Please try another.",
    "meta": {
      "paramName": "email_address"
    }
  },
  {
    "code": "form_identifier_exists",
    "message": "That username is taken. Please try another.",
    "longMessage": "That username is taken. Please try another.",
    "meta": {
      "paramName": "username"
    }
  }
]
     Clerk Error: true
  ❌ Error [User Migration]: Unprocessable Entity
  ❌ Migration failed: Unprocessable Entity

[65/692] Migrating: clau.buchweitz@gmail.com
  📋 Supabase ID: 4f60921d-d736-457f-80c0-1ccccc2b028f
  🔍 Clerk API Error Details:
     Status: 422
     Message: Unprocessable Entity
     Errors: [
  {
    "code": "form_identifier_exists",
    "message": "That email address is taken. Please try another.",
    "longMessage": "That email address is taken. Please try another.",
    "meta": {
      "paramName": "email_address"
    }
  },
  {
    "code": "form_identifier_exists",
    "message": "That username is taken. Please try another.",
    "longMessage": "That username is taken. Please try another.",
    "meta": {
      "paramName": "username"
    }
  }
]
     Clerk Error: true
  ❌ Error [User Migration]: Unprocessable Entity
  ❌ Migration failed: Unprocessable Entity

[66/692] Migrating: ang.li5@unimelb.edu.au
  📋 Supabase ID: 420e365e-1ced-4922-8bde-8e83cd61d0af
  🔍 Clerk API Error Details:
     Status: 422
     Message: Unprocessable Entity
     Errors: [
  {
    "code": "form_identifier_exists",
    "message": "That email address is taken. Please try another.",
    "longMessage": "That email address is taken. Please try another.",
    "meta": {
      "paramName": "email_address"
    }
  },
  {
    "code": "form_identifier_exists",
    "message": "That username is taken. Please try another.",
    "longMessage": "That username is taken. Please try another.",
    "meta": {
      "paramName": "username"
    }
  }
]
     Clerk Error: true
  ❌ Error [User Migration]: Unprocessable Entity
  ❌ Migration failed: Unprocessable Entity

[67/692] Migrating: michael.noonan@ucd.ie
  📋 Supabase ID: a304788c-5f0c-43dc-bd95-0b84f2b13c35
  🔍 Clerk API Error Details:
     Status: 422
     Message: Unprocessable Entity
     Errors: [
  {
    "code": "form_identifier_exists",
    "message": "That email address is taken. Please try another.",
    "longMessage": "That email address is taken. Please try another.",
    "meta": {
      "paramName": "email_address"
    }
  },
  {
    "code": "form_identifier_exists",
    "message": "That username is taken. Please try another.",
    "longMessage": "That username is taken. Please try another.",
    "meta": {
      "paramName": "username"
    }
  }
]
     Clerk Error: true
  ❌ Error [User Migration]: Unprocessable Entity
  ❌ Migration failed: Unprocessable Entity

[68/692] Migrating: gabrielle.feather@utas.edu.au
  📋 Supabase ID: 7a7617c0-9869-4b88-b314-b0d775a40898
  🔍 Clerk API Error Details:
     Status: 422
     Message: Unprocessable Entity
     Errors: [
  {
    "code": "form_identifier_exists",
    "message": "That email address is taken. Please try another.",
    "longMessage": "That email address is taken. Please try another.",
    "meta": {
      "paramName": "email_address"
    }
  },
  {
    "code": "form_identifier_exists",
    "message": "That username is taken. Please try another.",
    "longMessage": "That username is taken. Please try another.",
    "meta": {
      "paramName": "username"
    }
  }
]
     Clerk Error: true
  ❌ Error [User Migration]: Unprocessable Entity
  ❌ Migration failed: Unprocessable Entity

[69/692] Migrating: prayu.sinha@gmail.com
  📋 Supabase ID: 55eac575-d222-429b-b24e-7e599163955b
  🔍 Clerk API Error Details:
     Status: 422
     Message: Unprocessable Entity
     Errors: [
  {
    "code": "form_identifier_exists",
    "message": "That email address is taken. Please try another.",
    "longMessage": "That email address is taken. Please try another.",
    "meta": {
      "paramName": "email_address"
    }
  },
  {
    "code": "form_identifier_exists",
    "message": "That username is taken. Please try another.",
    "longMessage": "That username is taken. Please try another.",
    "meta": {
      "paramName": "username"
    }
  }
]
     Clerk Error: true
  ❌ Error [User Migration]: Unprocessable Entity
  ❌ Migration failed: Unprocessable Entity

[70/692] Migrating: daphne.bruggemann@utas.edu.au
  📋 Supabase ID: b567503b-f0c1-40ee-b866-f9c71610c441
  🔍 Clerk API Error Details:
     Status: 422
     Message: Unprocessable Entity
     Errors: [
  {
    "code": "form_identifier_exists",
    "message": "That email address is taken. Please try another.",
    "longMessage": "That email address is taken. Please try another.",
    "meta": {
      "paramName": "email_address"
    }
  },
  {
    "code": "form_identifier_exists",
    "message": "That username is taken. Please try another.",
    "longMessage": "That username is taken. Please try another.",
    "meta": {
      "paramName": "username"
    }
  }
]
     Clerk Error: true
  ❌ Error [User Migration]: Unprocessable Entity
  ❌ Migration failed: Unprocessable Entity

[71/692] Migrating: shiwei00198@gmail.com
  📋 Supabase ID: 8bad4c40-e543-4c35-a120-49d6f2dbffcd
  🔍 Clerk API Error Details:
     Status: 422
     Message: Unprocessable Entity
     Errors: [
  {
    "code": "form_identifier_exists",
    "message": "That email address is taken. Please try another.",
    "longMessage": "That email address is taken. Please try another.",
    "meta": {
      "paramName": "email_address"
    }
  },
  {
    "code": "form_identifier_exists",
    "message": "That username is taken. Please try another.",
    "longMessage": "That username is taken. Please try another.",
    "meta": {
      "paramName": "username"
    }
  }
]
     Clerk Error: true
  ❌ Error [User Migration]: Unprocessable Entity
  ❌ Migration failed: Unprocessable Entity

[72/692] Migrating: carolinerdumont@gmail.com
  📋 Supabase ID: 344fb22c-4eb8-4519-b274-e85457f89250
  🔍 Clerk API Error Details:
     Status: 422
     Message: Unprocessable Entity
     Errors: [
  {
    "code": "form_identifier_exists",
    "message": "That email address is taken. Please try another.",
    "longMessage": "That email address is taken. Please try another.",
    "meta": {
      "paramName": "email_address"
    }
  },
  {
    "code": "form_identifier_exists",
    "message": "That username is taken. Please try another.",
    "longMessage": "That username is taken. Please try another.",
    "meta": {
      "paramName": "username"
    }
  }
]
     Clerk Error: true
  ❌ Error [User Migration]: Unprocessable Entity
  ❌ Migration failed: Unprocessable Entity

[73/692] Migrating: vidhi.tyagi10@gmail.com
  📋 Supabase ID: 1cd10871-3cc4-47b0-ab81-1f89fd8d3572
  🔍 Clerk API Error Details:
     Status: 422
     Message: Unprocessable Entity
     Errors: [
  {
    "code": "form_identifier_exists",
    "message": "That email address is taken. Please try another.",
    "longMessage": "That email address is taken. Please try another.",
    "meta": {
      "paramName": "email_address"
    }
  },
  {
    "code": "form_identifier_exists",
    "message": "That username is taken. Please try another.",
    "longMessage": "That username is taken. Please try another.",
    "meta": {
      "paramName": "username"
    }
  }
]
     Clerk Error: true
  ❌ Error [User Migration]: Unprocessable Entity
  ❌ Migration failed: Unprocessable Entity

[74/692] Migrating: elinorgumama@gmail.com
  📋 Supabase ID: 0c66b7a9-7ee9-47c7-a006-96ed257444d1
  🔍 Clerk API Error Details:
     Status: 422
     Message: Unprocessable Entity
     Errors: [
  {
    "code": "form_identifier_exists",
    "message": "That email address is taken. Please try another.",
    "longMessage": "That email address is taken. Please try another.",
    "meta": {
      "paramName": "email_address"
    }
  },
  {
    "code": "form_identifier_exists",
    "message": "That username is taken. Please try another.",
    "longMessage": "That username is taken. Please try another.",
    "meta": {
      "paramName": "username"
    }
  }
]
     Clerk Error: true
  ❌ Error [User Migration]: Unprocessable Entity
  ❌ Migration failed: Unprocessable Entity

[75/692] Migrating: hemavathi@enact.earth
  📋 Supabase ID: 0ac4a941-9c2a-445c-886e-9bce8073679a
  🔍 Clerk API Error Details:
     Status: 422
     Message: Unprocessable Entity
     Errors: [
  {
    "code": "form_identifier_exists",
    "message": "That email address is taken. Please try another.",
    "longMessage": "That email address is taken. Please try another.",
    "meta": {
      "paramName": "email_address"
    }
  },
  {
    "code": "form_identifier_exists",
    "message": "That username is taken. Please try another.",
    "longMessage": "That username is taken. Please try another.",
    "meta": {
      "paramName": "username"
    }
  }
]
     Clerk Error: true
  ❌ Error [User Migration]: Unprocessable Entity
  ❌ Migration failed: Unprocessable Entity

[76/692] Migrating: georgina.campbell@gmail.com
  📋 Supabase ID: ac2f2e32-0990-4b11-92f7-6ca34d5e0245
  🔍 Clerk API Error Details:
     Status: 422
     Message: Unprocessable Entity
     Errors: [
  {
    "code": "form_identifier_exists",
    "message": "That email address is taken. Please try another.",
    "longMessage": "That email address is taken. Please try another.",
    "meta": {
      "paramName": "email_address"
    }
  },
  {
    "code": "form_identifier_exists",
    "message": "That username is taken. Please try another.",
    "longMessage": "That username is taken. Please try another.",
    "meta": {
      "paramName": "username"
    }
  }
]
     Clerk Error: true
  ❌ Error [User Migration]: Unprocessable Entity
  ❌ Migration failed: Unprocessable Entity

[77/692] Migrating: lucia@yeenet.eu
  📋 Supabase ID: 94905591-6143-4814-b5b4-e15d31ad5f9a
  🔍 Clerk API Error Details:
     Status: 422
     Message: Unprocessable Entity
     Errors: [
  {
    "code": "form_identifier_exists",
    "message": "That email address is taken. Please try another.",
    "longMessage": "That email address is taken. Please try another.",
    "meta": {
      "paramName": "email_address"
    }
  },
  {
    "code": "form_identifier_exists",
    "message": "That username is taken. Please try another.",
    "longMessage": "That username is taken. Please try another.",
    "meta": {
      "paramName": "username"
    }
  }
]
     Clerk Error: true
  ❌ Error [User Migration]: Unprocessable Entity
  ❌ Migration failed: Unprocessable Entity

[78/692] Migrating: hayley.mitchell@gwhealth.asn.au
  📋 Supabase ID: 651f273d-111b-4e85-9dd3-d04baff5ca41
  🔍 Clerk API Error Details:
     Status: 422
     Message: Unprocessable Entity
     Errors: [
  {
    "code": "form_identifier_exists",
    "message": "That email address is taken. Please try another.",
    "longMessage": "That email address is taken. Please try another.",
    "meta": {
      "paramName": "email_address"
    }
  },
  {
    "code": "form_identifier_exists",
    "message": "That username is taken. Please try another.",
    "longMessage": "That username is taken. Please try another.",
    "meta": {
      "paramName": "username"
    }
  }
]
     Clerk Error: true
  ❌ Error [User Migration]: Unprocessable Entity
  ❌ Migration failed: Unprocessable Entity

[79/692] Migrating: nancy.brookes@sympatico.ca
  📋 Supabase ID: df9c3924-a0df-4280-8c9a-e755a361f777
  🔍 Clerk API Error Details:
     Status: 422
     Message: Unprocessable Entity
     Errors: [
  {
    "code": "form_identifier_exists",
    "message": "That email address is taken. Please try another.",
    "longMessage": "That email address is taken. Please try another.",
    "meta": {
      "paramName": "email_address"
    }
  },
  {
    "code": "form_identifier_exists",
    "message": "That username is taken. Please try another.",
    "longMessage": "That username is taken. Please try another.",
    "meta": {
      "paramName": "username"
    }
  }
]
     Clerk Error: true
  ❌ Error [User Migration]: Unprocessable Entity
  ❌ Migration failed: Unprocessable Entity

[80/692] Migrating: athena.flores@tec.mx
  📋 Supabase ID: 275b5cdf-fe23-4cf6-8eda-21ec9be8a505
  🔍 Clerk API Error Details:
     Status: 422
     Message: Unprocessable Entity
     Errors: [
  {
    "code": "form_identifier_exists",
    "message": "That email address is taken. Please try another.",
    "longMessage": "That email address is taken. Please try another.",
    "meta": {
      "paramName": "email_address"
    }
  },
  {
    "code": "form_identifier_exists",
    "message": "That username is taken. Please try another.",
    "longMessage": "That username is taken. Please try another.",
    "meta": {
      "paramName": "username"
    }
  }
]
     Clerk Error: true
  ❌ Error [User Migration]: Unprocessable Entity
  ❌ Migration failed: Unprocessable Entity

[81/692] Migrating: h.sherwoodreid@gmail.com
  📋 Supabase ID: 0ba0d701-4d6a-4f10-a9a6-340239ccb29d
  🔍 Clerk API Error Details:
     Status: 422
     Message: Unprocessable Entity
     Errors: [
  {
    "code": "form_identifier_exists",
    "message": "That email address is taken. Please try another.",
    "longMessage": "That email address is taken. Please try another.",
    "meta": {
      "paramName": "email_address"
    }
  },
  {
    "code": "form_identifier_exists",
    "message": "That username is taken. Please try another.",
    "longMessage": "That username is taken. Please try another.",
    "meta": {
      "paramName": "username"
    }
  }
]
     Clerk Error: true
  ❌ Error [User Migration]: Unprocessable Entity
  ❌ Migration failed: Unprocessable Entity

[82/692] Migrating: abudhabienv@gmail.com
  📋 Supabase ID: ec7be301-12f0-46b1-aa5e-649b83266c28
  🔍 Clerk API Error Details:
     Status: 422
     Message: Unprocessable Entity
     Errors: [
  {
    "code": "form_identifier_exists",
    "message": "That email address is taken. Please try another.",
    "longMessage": "That email address is taken. Please try another.",
    "meta": {
      "paramName": "email_address"
    }
  },
  {
    "code": "form_identifier_exists",
    "message": "That username is taken. Please try another.",
    "longMessage": "That username is taken. Please try another.",
    "meta": {
      "paramName": "username"
    }
  }
]
     Clerk Error: true
  ❌ Error [User Migration]: Unprocessable Entity
  ❌ Migration failed: Unprocessable Entity

[83/692] Migrating: ali_l_paul@hotmail.com
  📋 Supabase ID: bd061991-f45b-43cf-b207-9cd1105d7fe7
  🔍 Clerk API Error Details:
     Status: 422
     Message: Unprocessable Entity
     Errors: [
  {
    "code": "form_identifier_exists",
    "message": "That email address is taken. Please try another.",
    "longMessage": "That email address is taken. Please try another.",
    "meta": {
      "paramName": "email_address"
    }
  },
  {
    "code": "form_identifier_exists",
    "message": "That username is taken. Please try another.",
    "longMessage": "That username is taken. Please try another.",
    "meta": {
      "paramName": "username"
    }
  }
]
     Clerk Error: true
  ❌ Error [User Migration]: Unprocessable Entity
  ❌ Migration failed: Unprocessable Entity

[84/692] Migrating: m.galdos@wellcome.org
  📋 Supabase ID: e595b476-3d28-4140-a558-ca1fc753e8b3
  🔍 Clerk API Error Details:
     Status: 422
     Message: Unprocessable Entity
     Errors: [
  {
    "code": "form_identifier_exists",
    "message": "That email address is taken. Please try another.",
    "longMessage": "That email address is taken. Please try another.",
    "meta": {
      "paramName": "email_address"
    }
  },
  {
    "code": "form_identifier_exists",
    "message": "That username is taken. Please try another.",
    "longMessage": "That username is taken. Please try another.",
    "meta": {
      "paramName": "username"
    }
  }
]
     Clerk Error: true
  ❌ Error [User Migration]: Unprocessable Entity
  ❌ Migration failed: Unprocessable Entity

[85/692] Migrating: djl168@pgr.aru.ac.uk
  📋 Supabase ID: 1eab5564-f82e-420b-9f51-35a7032ed8af
  🔍 Clerk API Error Details:
     Status: 422
     Message: Unprocessable Entity
     Errors: [
  {
    "code": "form_identifier_exists",
    "message": "That email address is taken. Please try another.",
    "longMessage": "That email address is taken. Please try another.",
    "meta": {
      "paramName": "email_address"
    }
  },
  {
    "code": "form_identifier_exists",
    "message": "That username is taken. Please try another.",
    "longMessage": "That username is taken. Please try another.",
    "meta": {
      "paramName": "username"
    }
  }
]
     Clerk Error: true
  ❌ Error [User Migration]: Unprocessable Entity
  ❌ Migration failed: Unprocessable Entity

[86/692] Migrating: phmcam@gmail.com
  📋 Supabase ID: 76253239-76ab-43bf-b629-d604d680ee21
  🔍 Clerk API Error Details:
     Status: 422
     Message: Unprocessable Entity
     Errors: [
  {
    "code": "form_identifier_exists",
    "message": "That email address is taken. Please try another.",
    "longMessage": "That email address is taken. Please try another.",
    "meta": {
      "paramName": "email_address"
    }
  },
  {
    "code": "form_identifier_exists",
    "message": "That username is taken. Please try another.",
    "longMessage": "That username is taken. Please try another.",
    "meta": {
      "paramName": "username"
    }
  }
]
     Clerk Error: true
  ❌ Error [User Migration]: Unprocessable Entity
  ❌ Migration failed: Unprocessable Entity

[87/692] Migrating: batoolasmar95@gmail.com
  📋 Supabase ID: e36f2a3c-dde6-41b1-b24c-54695c7ebe6f
  🔍 Clerk API Error Details:
     Status: 422
     Message: Unprocessable Entity
     Errors: [
  {
    "code": "form_identifier_exists",
    "message": "That email address is taken. Please try another.",
    "longMessage": "That email address is taken. Please try another.",
    "meta": {
      "paramName": "email_address"
    }
  },
  {
    "code": "form_identifier_exists",
    "message": "That username is taken. Please try another.",
    "longMessage": "That username is taken. Please try another.",
    "meta": {
      "paramName": "username"
    }
  }
]
     Clerk Error: true
  ❌ Error [User Migration]: Unprocessable Entity
  ❌ Migration failed: Unprocessable Entity

[88/692] Migrating: zehraouisara@gmail.com
  📋 Supabase ID: 6e32f903-16d4-44d2-82c4-01fa30efbf49
  🔍 Clerk API Error Details:
     Status: 422
     Message: Unprocessable Entity
     Errors: [
  {
    "code": "form_identifier_exists",
    "message": "That email address is taken. Please try another.",
    "longMessage": "That email address is taken. Please try another.",
    "meta": {
      "paramName": "email_address"
    }
  },
  {
    "code": "form_identifier_exists",
    "message": "That username is taken. Please try another.",
    "longMessage": "That username is taken. Please try another.",
    "meta": {
      "paramName": "username"
    }
  }
]
     Clerk Error: true
  ❌ Error [User Migration]: Unprocessable Entity
  ❌ Migration failed: Unprocessable Entity

[89/692] Migrating: egzonamorina@pm.me
  📋 Supabase ID: 86bf6b7e-efda-4079-9604-aab13236a5d7
  🔍 Clerk API Error Details:
     Status: 422
     Message: Unprocessable Entity
     Errors: [
  {
    "code": "form_identifier_exists",
    "message": "That email address is taken. Please try another.",
    "longMessage": "That email address is taken. Please try another.",
    "meta": {
      "paramName": "email_address"
    }
  },
  {
    "code": "form_identifier_exists",
    "message": "That username is taken. Please try another.",
    "longMessage": "That username is taken. Please try another.",
    "meta": {
      "paramName": "username"
    }
  }
]
     Clerk Error: true
  ❌ Error [User Migration]: Unprocessable Entity
  ❌ Migration failed: Unprocessable Entity

[90/692] Migrating: fayewys@gmail.com
  📋 Supabase ID: 14683193-945e-4ec7-adc3-3dd6f56e77e1
  🔍 Clerk API Error Details:
     Status: 422
     Message: Unprocessable Entity
     Errors: [
  {
    "code": "form_identifier_exists",
    "message": "That email address is taken. Please try another.",
    "longMessage": "That email address is taken. Please try another.",
    "meta": {
      "paramName": "email_address"
    }
  },
  {
    "code": "form_identifier_exists",
    "message": "That username is taken. Please try another.",
    "longMessage": "That username is taken. Please try another.",
    "meta": {
      "paramName": "username"
    }
  }
]
     Clerk Error: true
  ❌ Error [User Migration]: Unprocessable Entity
  ❌ Migration failed: Unprocessable Entity

[91/692] Migrating: nilam@ph.unand.ac.id
  📋 Supabase ID: 9bf0c9b4-5505-4074-98a5-9a3fe2ad8eac
  🔍 Clerk API Error Details:
     Status: 422
     Message: Unprocessable Entity
     Errors: [
  {
    "code": "form_identifier_exists",
    "message": "That email address is taken. Please try another.",
    "longMessage": "That email address is taken. Please try another.",
    "meta": {
      "paramName": "email_address"
    }
  },
  {
    "code": "form_identifier_exists",
    "message": "That username is taken. Please try another.",
    "longMessage": "That username is taken. Please try another.",
    "meta": {
      "paramName": "username"
    }
  }
]
     Clerk Error: true
  ❌ Error [User Migration]: Unprocessable Entity
  ❌ Migration failed: Unprocessable Entity

[92/692] Migrating: emily.rowe@refugeelegalsupport.org
  📋 Supabase ID: dc1d96d3-5d6c-447c-bb5c-624bb287d1ce
  🔍 Clerk API Error Details:
     Status: 422
     Message: Unprocessable Entity
     Errors: [
  {
    "code": "form_identifier_exists",
    "message": "That email address is taken. Please try another.",
    "longMessage": "That email address is taken. Please try another.",
    "meta": {
      "paramName": "email_address"
    }
  },
  {
    "code": "form_identifier_exists",
    "message": "That username is taken. Please try another.",
    "longMessage": "That username is taken. Please try another.",
    "meta": {
      "paramName": "username"
    }
  }
]
     Clerk Error: true
  ❌ Error [User Migration]: Unprocessable Entity
  ❌ Migration failed: Unprocessable Entity

[93/692] Migrating: zotovao@who.int
  📋 Supabase ID: 8eea0d23-6fe6-4214-b869-ae38e6ceacf9
  🔍 Clerk API Error Details:
     Status: 422
     Message: Unprocessable Entity
     Errors: [
  {
    "code": "form_identifier_exists",
    "message": "That email address is taken. Please try another.",
    "longMessage": "That email address is taken. Please try another.",
    "meta": {
      "paramName": "email_address"
    }
  },
  {
    "code": "form_identifier_exists",
    "message": "That username is taken. Please try another.",
    "longMessage": "That username is taken. Please try another.",
    "meta": {
      "paramName": "username"
    }
  }
]
     Clerk Error: true
  ❌ Error [User Migration]: Unprocessable Entity
  ❌ Migration failed: Unprocessable Entity

[94/692] Migrating: cbbrogowski@gmail.com
  📋 Supabase ID: ea4c656e-5ec9-4dc0-ba36-4d09f7c271e6
  🔍 Clerk API Error Details:
     Status: 422
     Message: Unprocessable Entity
     Errors: [
  {
    "code": "form_identifier_exists",
    "message": "That email address is taken. Please try another.",
    "longMessage": "That email address is taken. Please try another.",
    "meta": {
      "paramName": "email_address"
    }
  },
  {
    "code": "form_identifier_exists",
    "message": "That username is taken. Please try another.",
    "longMessage": "That username is taken. Please try another.",
    "meta": {
      "paramName": "username"
    }
  }
]
     Clerk Error: true
  ❌ Error [User Migration]: Unprocessable Entity
  ❌ Migration failed: Unprocessable Entity

[95/692] Migrating: events.schssg@gmail.com
  📋 Supabase ID: 41b1f8fe-39d7-4592-95fa-849d8d899143
  🔍 Clerk API Error Details:
     Status: 422
     Message: Unprocessable Entity
     Errors: [
  {
    "code": "form_identifier_exists",
    "message": "That email address is taken. Please try another.",
    "longMessage": "That email address is taken. Please try another.",
    "meta": {
      "paramName": "email_address"
    }
  },
  {
    "code": "form_identifier_exists",
    "message": "That username is taken. Please try another.",
    "longMessage": "That username is taken. Please try another.",
    "meta": {
      "paramName": "username"
    }
  }
]
     Clerk Error: true
  ❌ Error [User Migration]: Unprocessable Entity
  ❌ Migration failed: Unprocessable Entity

[96/692] Migrating: dranilrane@gmail.com
  📋 Supabase ID: 855b453a-5555-47f7-ba37-b07ed7c87f6e
  🔍 Clerk API Error Details:
     Status: 422
     Message: Unprocessable Entity
     Errors: [
  {
    "code": "form_identifier_exists",
    "message": "That email address is taken. Please try another.",
    "longMessage": "That email address is taken. Please try another.",
    "meta": {
      "paramName": "email_address"
    }
  },
  {
    "code": "form_identifier_exists",
    "message": "That username is taken. Please try another.",
    "longMessage": "That username is taken. Please try another.",
    "meta": {
      "paramName": "username"
    }
  }
]
     Clerk Error: true
  ❌ Error [User Migration]: Unprocessable Entity
  ❌ Migration failed: Unprocessable Entity

[97/692] Migrating: sk.gangale@gmail.com
  📋 Supabase ID: 20381d2f-7eb4-40ff-bb8c-c49ad6f6af1a
  🔍 Clerk API Error Details:
     Status: 422
     Message: Unprocessable Entity
     Errors: [
  {
    "code": "form_identifier_exists",
    "message": "That email address is taken. Please try another.",
    "longMessage": "That email address is taken. Please try another.",
    "meta": {
      "paramName": "email_address"
    }
  },
  {
    "code": "form_identifier_exists",
    "message": "That username is taken. Please try another.",
    "longMessage": "That username is taken. Please try another.",
    "meta": {
      "paramName": "username"
    }
  }
]
     Clerk Error: true
  ❌ Error [User Migration]: Unprocessable Entity
  ❌ Migration failed: Unprocessable Entity

[98/692] Migrating: amit2@protonmail.ch
  📋 Supabase ID: 16feca9d-0a7e-48f4-94f9-fed90aff8a0d
  🔍 Clerk API Error Details:
     Status: 422
     Message: Unprocessable Entity
     Errors: [
  {
    "code": "form_identifier_exists",
    "message": "That email address is taken. Please try another.",
    "longMessage": "That email address is taken. Please try another.",
    "meta": {
      "paramName": "email_address"
    }
  },
  {
    "code": "form_identifier_exists",
    "message": "That username is taken. Please try another.",
    "longMessage": "That username is taken. Please try another.",
    "meta": {
      "paramName": "username"
    }
  }
]
     Clerk Error: true
  ❌ Error [User Migration]: Unprocessable Entity
  ❌ Migration failed: Unprocessable Entity

[99/692] Migrating: laetitiadillenseger@gmail.com
  📋 Supabase ID: 09064915-9aa4-41ba-9b63-d7959cef2e06
  🔍 Clerk API Error Details:
     Status: 422
     Message: Unprocessable Entity
     Errors: [
  {
    "code": "form_identifier_exists",
    "message": "That email address is taken. Please try another.",
    "longMessage": "That email address is taken. Please try another.",
    "meta": {
      "paramName": "email_address"
    }
  },
  {
    "code": "form_identifier_exists",
    "message": "That username is taken. Please try another.",
    "longMessage": "That username is taken. Please try another.",
    "meta": {
      "paramName": "username"
    }
  }
]
     Clerk Error: true
  ❌ Error [User Migration]: Unprocessable Entity
  ❌ Migration failed: Unprocessable Entity

[100/692] Migrating: ellainesberry@gmail.com
  📋 Supabase ID: d423ef73-69cc-477f-b6d3-058a8ed99917
  🔍 Clerk API Error Details:
     Status: 422
     Message: Unprocessable Entity
     Errors: [
  {
    "code": "form_identifier_exists",
    "message": "That email address is taken. Please try another.",
    "longMessage": "That email address is taken. Please try another.",
    "meta": {
      "paramName": "email_address"
    }
  },
  {
    "code": "form_identifier_exists",
    "message": "That username is taken. Please try another.",
    "longMessage": "That username is taken. Please try another.",
    "meta": {
      "paramName": "username"
    }
  }
]
     Clerk Error: true
  ❌ Error [User Migration]: Unprocessable Entity
  ❌ Migration failed: Unprocessable Entity

[101/692] Migrating: sampson@tuta.com
  📋 Supabase ID: 065cbec5-c4ff-45b2-aec6-08da7af3fb64
  🔍 Clerk API Error Details:
     Status: 422
     Message: Unprocessable Entity
     Errors: [
  {
    "code": "form_identifier_exists",
    "message": "That email address is taken. Please try another.",
    "longMessage": "That email address is taken. Please try another.",
    "meta": {
      "paramName": "email_address"
    }
  },
  {
    "code": "form_identifier_exists",
    "message": "That username is taken. Please try another.",
    "longMessage": "That username is taken. Please try another.",
    "meta": {
      "paramName": "username"
    }
  }
]
     Clerk Error: true
  ❌ Error [User Migration]: Unprocessable Entity
  ❌ Migration failed: Unprocessable Entity

[102/692] Migrating: e.weinert@lmu.de
  📋 Supabase ID: 31d9ade3-c68b-4503-a040-577268755ad4
  🔍 Clerk API Error Details:
     Status: 422
     Message: Unprocessable Entity
     Errors: [
  {
    "code": "form_identifier_exists",
    "message": "That email address is taken. Please try another.",
    "longMessage": "That email address is taken. Please try another.",
    "meta": {
      "paramName": "email_address"
    }
  },
  {
    "code": "form_identifier_exists",
    "message": "That username is taken. Please try another.",
    "longMessage": "That username is taken. Please try another.",
    "meta": {
      "paramName": "username"
    }
  }
]
     Clerk Error: true
  ❌ Error [User Migration]: Unprocessable Entity
  ❌ Migration failed: Unprocessable Entity

[103/692] Migrating: nkiplangat76@yahoo.com
  📋 Supabase ID: 79d83865-a025-45ae-8249-0fc8c65a5a03
  🔍 Clerk API Error Details:
     Status: 422
     Message: Unprocessable Entity
     Errors: [
  {
    "code": "form_identifier_exists",
    "message": "That email address is taken. Please try another.",
    "longMessage": "That email address is taken. Please try another.",
    "meta": {
      "paramName": "email_address"
    }
  },
  {
    "code": "form_identifier_exists",
    "message": "That username is taken. Please try another.",
    "longMessage": "That username is taken. Please try another.",
    "meta": {
      "paramName": "username"
    }
  }
]
     Clerk Error: true
  ❌ Error [User Migration]: Unprocessable Entity
  ❌ Migration failed: Unprocessable Entity

[104/692] Migrating: ms.sadhbhcarpenter@gmail.com
  📋 Supabase ID: 969f70f3-f529-47b7-bd52-a6b60a929dac
  🔍 Clerk API Error Details:
     Status: 422
     Message: Unprocessable Entity
     Errors: [
  {
    "code": "form_identifier_exists",
    "message": "That email address is taken. Please try another.",
    "longMessage": "That email address is taken. Please try another.",
    "meta": {
      "paramName": "email_address"
    }
  },
  {
    "code": "form_identifier_exists",
    "message": "That username is taken. Please try another.",
    "longMessage": "That username is taken. Please try another.",
    "meta": {
      "paramName": "username"
    }
  }
]
     Clerk Error: true
  ❌ Error [User Migration]: Unprocessable Entity
  ❌ Migration failed: Unprocessable Entity

[105/692] Migrating: mia@cc-ac.org
  📋 Supabase ID: e7728ac7-546f-4ace-ad0a-08c7457827d5
  🔍 Clerk API Error Details:
     Status: 422
     Message: Unprocessable Entity
     Errors: [
  {
    "code": "form_username_invalid_length",
    "message": "Username must be between 4 and 64 characters long.",
    "longMessage": "Username must be between 4 and 64 characters long.",
    "meta": {
      "paramName": "username"
    }
  }
]
     Clerk Error: true
  ❌ Error [User Migration]: Unprocessable Entity
  ❌ Migration failed: Unprocessable Entity

[106/692] Migrating: mosharafhossain_123@yahoo.com
  📋 Supabase ID: ac21a77f-5000-48ee-9dfe-76aca616a43e
  🔍 Clerk API Error Details:
     Status: 422
     Message: Unprocessable Entity
     Errors: [
  {
    "code": "form_identifier_exists",
    "message": "That email address is taken. Please try another.",
    "longMessage": "That email address is taken. Please try another.",
    "meta": {
      "paramName": "email_address"
    }
  },
  {
    "code": "form_identifier_exists",
    "message": "That username is taken. Please try another.",
    "longMessage": "That username is taken. Please try another.",
    "meta": {
      "paramName": "username"
    }
  }
]
     Clerk Error: true
  ❌ Error [User Migration]: Unprocessable Entity
  ❌ Migration failed: Unprocessable Entity

[107/692] Migrating: blackbirddances@gmail.com
  📋 Supabase ID: 095cdf86-1c42-4280-8a2f-88ac6a0c76f8
  🔍 Clerk API Error Details:
     Status: 422
     Message: Unprocessable Entity
     Errors: [
  {
    "code": "form_identifier_exists",
    "message": "That email address is taken. Please try another.",
    "longMessage": "That email address is taken. Please try another.",
    "meta": {
      "paramName": "email_address"
    }
  },
  {
    "code": "form_identifier_exists",
    "message": "That username is taken. Please try another.",
    "longMessage": "That username is taken. Please try another.",
    "meta": {
      "paramName": "username"
    }
  }
]
     Clerk Error: true
  ❌ Error [User Migration]: Unprocessable Entity
  ❌ Migration failed: Unprocessable Entity

[108/692] Migrating: drnorfatima@gmail.com
  📋 Supabase ID: 56e6838b-ef76-4e64-b775-10916832f3f7
  🔍 Clerk API Error Details:
     Status: 422
     Message: Unprocessable Entity
     Errors: [
  {
    "code": "form_identifier_exists",
    "message": "That email address is taken. Please try another.",
    "longMessage": "That email address is taken. Please try another.",
    "meta": {
      "paramName": "email_address"
    }
  },
  {
    "code": "form_identifier_exists",
    "message": "That username is taken. Please try another.",
    "longMessage": "That username is taken. Please try another.",
    "meta": {
      "paramName": "username"
    }
  }
]
     Clerk Error: true
  ❌ Error [User Migration]: Unprocessable Entity
  ❌ Migration failed: Unprocessable Entity

[109/692] Migrating: kwamenimo75@gmail.com
  📋 Supabase ID: d7146977-bcbe-4acd-a921-aa0f6b3ec880
  🔍 Clerk API Error Details:
     Status: 422
     Message: Unprocessable Entity
     Errors: [
  {
    "code": "form_identifier_exists",
    "message": "That email address is taken. Please try another.",
    "longMessage": "That email address is taken. Please try another.",
    "meta": {
      "paramName": "email_address"
    }
  },
  {
    "code": "form_identifier_exists",
    "message": "That username is taken. Please try another.",
    "longMessage": "That username is taken. Please try another.",
    "meta": {
      "paramName": "username"
    }
  }
]
     Clerk Error: true
  ❌ Error [User Migration]: Unprocessable Entity
  ❌ Migration failed: Unprocessable Entity

[110/692] Migrating: kamala.poudel@koshish.org.np
  📋 Supabase ID: f8321ed6-9c3a-4658-a74c-df5c80ad18df
  🔍 Clerk API Error Details:
     Status: 422
     Message: Unprocessable Entity
     Errors: [
  {
    "code": "form_identifier_exists",
    "message": "That email address is taken. Please try another.",
    "longMessage": "That email address is taken. Please try another.",
    "meta": {
      "paramName": "email_address"
    }
  },
  {
    "code": "form_identifier_exists",
    "message": "That username is taken. Please try another.",
    "longMessage": "That username is taken. Please try another.",
    "meta": {
      "paramName": "username"
    }
  }
]
     Clerk Error: true
  ❌ Error [User Migration]: Unprocessable Entity
  ❌ Migration failed: Unprocessable Entity

[111/692] Migrating: jyamazaki@albany.edu
  📋 Supabase ID: 4f676ea9-b4b7-4e2d-b377-6f13eae810be
  🔍 Clerk API Error Details:
     Status: 422
     Message: Unprocessable Entity
     Errors: [
  {
    "code": "form_identifier_exists",
    "message": "That email address is taken. Please try another.",
    "longMessage": "That email address is taken. Please try another.",
    "meta": {
      "paramName": "email_address"
    }
  },
  {
    "code": "form_identifier_exists",
    "message": "That username is taken. Please try another.",
    "longMessage": "That username is taken. Please try another.",
    "meta": {
      "paramName": "username"
    }
  }
]
     Clerk Error: true
  ❌ Error [User Migration]: Unprocessable Entity
  ❌ Migration failed: Unprocessable Entity

[112/692] Migrating: amit2@pm.me
  📋 Supabase ID: 59850cc8-3815-4ab6-ae93-d4f80c6764d2
  🔍 Clerk API Error Details:
     Status: 422
     Message: Unprocessable Entity
     Errors: [
  {
    "code": "form_identifier_exists",
    "message": "That username is taken. Please try another.",
    "longMessage": "That username is taken. Please try another.",
    "meta": {
      "paramName": "username"
    }
  }
]
     Clerk Error: true
  ❌ Error [User Migration]: Unprocessable Entity
  ❌ Migration failed: Unprocessable Entity

[113/692] Migrating: canaba@rediffmail.com
  📋 Supabase ID: a018171b-fdd9-40e0-86b6-e23161441832
  🔍 Clerk API Error Details:
     Status: 422
     Message: Unprocessable Entity
     Errors: [
  {
    "code": "form_identifier_exists",
    "message": "That email address is taken. Please try another.",
    "longMessage": "That email address is taken. Please try another.",
    "meta": {
      "paramName": "email_address"
    }
  },
  {
    "code": "form_identifier_exists",
    "message": "That username is taken. Please try another.",
    "longMessage": "That username is taken. Please try another.",
    "meta": {
      "paramName": "username"
    }
  }
]
     Clerk Error: true
  ❌ Error [User Migration]: Unprocessable Entity
  ❌ Migration failed: Unprocessable Entity

[114/692] Migrating: psyelifbaziki@gmail.com
  📋 Supabase ID: 5c0c0dcb-44a4-410d-a439-81c41c5270f3
  🔍 Clerk API Error Details:
     Status: 422
     Message: Unprocessable Entity
     Errors: [
  {
    "code": "form_identifier_exists",
    "message": "That email address is taken. Please try another.",
    "longMessage": "That email address is taken. Please try another.",
    "meta": {
      "paramName": "email_address"
    }
  },
  {
    "code": "form_identifier_exists",
    "message": "That username is taken. Please try another.",
    "longMessage": "That username is taken. Please try another.",
    "meta": {
      "paramName": "username"
    }
  }
]
     Clerk Error: true
  ❌ Error [User Migration]: Unprocessable Entity
  ❌ Migration failed: Unprocessable Entity

[115/692] Migrating: k.wrigley@ecu.edu.au
  📋 Supabase ID: aca0645a-249a-4ebd-a7c0-3fe335ec12a1
  🔍 Clerk API Error Details:
     Status: 422
     Message: Unprocessable Entity
     Errors: [
  {
    "code": "form_identifier_exists",
    "message": "That email address is taken. Please try another.",
    "longMessage": "That email address is taken. Please try another.",
    "meta": {
      "paramName": "email_address"
    }
  },
  {
    "code": "form_identifier_exists",
    "message": "That username is taken. Please try another.",
    "longMessage": "That username is taken. Please try another.",
    "meta": {
      "paramName": "username"
    }
  }
]
     Clerk Error: true
  ❌ Error [User Migration]: Unprocessable Entity
  ❌ Migration failed: Unprocessable Entity

[116/692] Migrating: fiona.chuah@seasia.msf.org
  📋 Supabase ID: b9cc5c61-eb7f-417c-882b-d1fdf2a9c6ef
  🔍 Clerk API Error Details:
     Status: 422
     Message: Unprocessable Entity
     Errors: [
  {
    "code": "form_identifier_exists",
    "message": "That email address is taken. Please try another.",
    "longMessage": "That email address is taken. Please try another.",
    "meta": {
      "paramName": "email_address"
    }
  },
  {
    "code": "form_identifier_exists",
    "message": "That username is taken. Please try another.",
    "longMessage": "That username is taken. Please try another.",
    "meta": {
      "paramName": "username"
    }
  }
]
     Clerk Error: true
  ❌ Error [User Migration]: Unprocessable Entity
  ❌ Migration failed: Unprocessable Entity

[117/692] Migrating: catherineyeh@berkeley.edu
  📋 Supabase ID: a4dc2c6e-91eb-4e7b-848b-eca6cd2d1684
  🔍 Clerk API Error Details:
     Status: 422
     Message: Unprocessable Entity
     Errors: [
  {
    "code": "form_identifier_exists",
    "message": "That email address is taken. Please try another.",
    "longMessage": "That email address is taken. Please try another.",
    "meta": {
      "paramName": "email_address"
    }
  },
  {
    "code": "form_identifier_exists",
    "message": "That username is taken. Please try another.",
    "longMessage": "That username is taken. Please try another.",
    "meta": {
      "paramName": "username"
    }
  }
]
     Clerk Error: true
  ❌ Error [User Migration]: Unprocessable Entity
  ❌ Migration failed: Unprocessable Entity

[118/692] Migrating: sinclaireke@gmail.com
  📋 Supabase ID: 4e0b5fb9-0541-444e-8e45-912dac9b9c85
  🔍 Clerk API Error Details:
     Status: 422
     Message: Unprocessable Entity
     Errors: [
  {
    "code": "form_identifier_exists",
    "message": "That email address is taken. Please try another.",
    "longMessage": "That email address is taken. Please try another.",
    "meta": {
      "paramName": "email_address"
    }
  },
  {
    "code": "form_identifier_exists",
    "message": "That username is taken. Please try another.",
    "longMessage": "That username is taken. Please try another.",
    "meta": {
      "paramName": "username"
    }
  }
]
     Clerk Error: true
  ❌ Error [User Migration]: Unprocessable Entity
  ❌ Migration failed: Unprocessable Entity

[119/692] Migrating: npanhaka@gmail.com
  📋 Supabase ID: 79321ea2-d515-4208-a9ed-7ed5102fa2b9
  🔍 Clerk API Error Details:
     Status: 422
     Message: Unprocessable Entity
     Errors: [
  {
    "code": "form_identifier_exists",
    "message": "That email address is taken. Please try another.",
    "longMessage": "That email address is taken. Please try another.",
    "meta": {
      "paramName": "email_address"
    }
  },
  {
    "code": "form_identifier_exists",
    "message": "That username is taken. Please try another.",
    "longMessage": "That username is taken. Please try another.",
    "meta": {
      "paramName": "username"
    }
  }
]
     Clerk Error: true
  ❌ Error [User Migration]: Unprocessable Entity
  ❌ Migration failed: Unprocessable Entity

[120/692] Migrating: a.gaumond@gbg.ca
  📋 Supabase ID: 85193830-4bc1-4145-a8e3-f231c7173deb
  🔍 Clerk API Error Details:
     Status: 422
     Message: Unprocessable Entity
     Errors: [
  {
    "code": "form_identifier_exists",
    "message": "That email address is taken. Please try another.",
    "longMessage": "That email address is taken. Please try another.",
    "meta": {
      "paramName": "email_address"
    }
  },
  {
    "code": "form_identifier_exists",
    "message": "That username is taken. Please try another.",
    "longMessage": "That username is taken. Please try another.",
    "meta": {
      "paramName": "username"
    }
  }
]
     Clerk Error: true
  ❌ Error [User Migration]: Unprocessable Entity
  ❌ Migration failed: Unprocessable Entity

[121/692] Migrating: lesleyannhill@gmail.com
  📋 Supabase ID: 9d58aed6-1fad-49f9-b0f3-4f1354c24e09
  🔍 Clerk API Error Details:
     Status: 422
     Message: Unprocessable Entity
     Errors: [
  {
    "code": "form_identifier_exists",
    "message": "That email address is taken. Please try another.",
    "longMessage": "That email address is taken. Please try another.",
    "meta": {
      "paramName": "email_address"
    }
  },
  {
    "code": "form_identifier_exists",
    "message": "That username is taken. Please try another.",
    "longMessage": "That username is taken. Please try another.",
    "meta": {
      "paramName": "username"
    }
  }
]
     Clerk Error: true
  ❌ Error [User Migration]: Unprocessable Entity
  ❌ Migration failed: Unprocessable Entity

[122/692] Migrating: josebri3483@hotmail.com
  📋 Supabase ID: 0600f179-3787-41db-a1fe-96f190e6e994
  🔍 Clerk API Error Details:
     Status: 422
     Message: Unprocessable Entity
     Errors: [
  {
    "code": "form_identifier_exists",
    "message": "That email address is taken. Please try another.",
    "longMessage": "That email address is taken. Please try another.",
    "meta": {
      "paramName": "email_address"
    }
  },
  {
    "code": "form_identifier_exists",
    "message": "That username is taken. Please try another.",
    "longMessage": "That username is taken. Please try another.",
    "meta": {
      "paramName": "username"
    }
  }
]
     Clerk Error: true
  ❌ Error [User Migration]: Unprocessable Entity
  ❌ Migration failed: Unprocessable Entity

[123/692] Migrating: chloesutcliffe@rhs.org.uk
  📋 Supabase ID: bb025d6b-6811-47ac-8c6c-5f13b0f84e48
  🔍 Clerk API Error Details:
     Status: 422
     Message: Unprocessable Entity
     Errors: [
  {
    "code": "form_identifier_exists",
    "message": "That email address is taken. Please try another.",
    "longMessage": "That email address is taken. Please try another.",
    "meta": {
      "paramName": "email_address"
    }
  },
  {
    "code": "form_identifier_exists",
    "message": "That username is taken. Please try another.",
    "longMessage": "That username is taken. Please try another.",
    "meta": {
      "paramName": "username"
    }
  }
]
     Clerk Error: true
  ❌ Error [User Migration]: Unprocessable Entity
  ❌ Migration failed: Unprocessable Entity

[124/692] Migrating: sonalidaniel2@gmail.com
  📋 Supabase ID: cb4d3aba-67ed-4b33-93df-9630cdbd62ec
  🔍 Clerk API Error Details:
     Status: 422
     Message: Unprocessable Entity
     Errors: [
  {
    "code": "form_identifier_exists",
    "message": "That email address is taken. Please try another.",
    "longMessage": "That email address is taken. Please try another.",
    "meta": {
      "paramName": "email_address"
    }
  },
  {
    "code": "form_identifier_exists",
    "message": "That username is taken. Please try another.",
    "longMessage": "That username is taken. Please try another.",
    "meta": {
      "paramName": "username"
    }
  }
]
     Clerk Error: true
  ❌ Error [User Migration]: Unprocessable Entity
  ❌ Migration failed: Unprocessable Entity

[125/692] Migrating: nmcalderonh@gmail.com
  📋 Supabase ID: 6b7113c3-3158-4a78-b466-6bc790f5b570
  🔍 Clerk API Error Details:
     Status: 422
     Message: Unprocessable Entity
     Errors: [
  {
    "code": "form_identifier_exists",
    "message": "That email address is taken. Please try another.",
    "longMessage": "That email address is taken. Please try another.",
    "meta": {
      "paramName": "email_address"
    }
  },
  {
    "code": "form_identifier_exists",
    "message": "That username is taken. Please try another.",
    "longMessage": "That username is taken. Please try another.",
    "meta": {
      "paramName": "username"
    }
  }
]
     Clerk Error: true
  ❌ Error [User Migration]: Unprocessable Entity
  ❌ Migration failed: Unprocessable Entity

[126/692] Migrating: mosesrikamoe@gmail.com
  📋 Supabase ID: 241ffb46-b815-4cec-a5ff-ac2aee2b56bc
  🔍 Clerk API Error Details:
     Status: 422
     Message: Unprocessable Entity
     Errors: [
  {
    "code": "form_data_missing",
    "message": "missing data",
    "longMessage": "[\"first_name\" \"last_name\"] data doesn't match user requirements set for this instance",
    "meta": {}
  }
]
     Clerk Error: true
  ❌ Error [User Migration]: Unprocessable Entity
  ❌ Migration failed: Unprocessable Entity

[127/692] Migrating: alicia.davis@glasgow.ac.uk
  📋 Supabase ID: c2c5573d-26b7-4809-9e3b-0ad34593099b
  🔍 Clerk API Error Details:
     Status: 422
     Message: Unprocessable Entity
     Errors: [
  {
    "code": "form_identifier_exists",
    "message": "That email address is taken. Please try another.",
    "longMessage": "That email address is taken. Please try another.",
    "meta": {
      "paramName": "email_address"
    }
  },
  {
    "code": "form_identifier_exists",
    "message": "That username is taken. Please try another.",
    "longMessage": "That username is taken. Please try another.",
    "meta": {
      "paramName": "username"
    }
  }
]
     Clerk Error: true
  ❌ Error [User Migration]: Unprocessable Entity
  ❌ Migration failed: Unprocessable Entity

[128/692] Migrating: shafkat.jahan@uq.edu.au
  📋 Supabase ID: 926ae82b-6e18-47a5-8a33-c2e1601f6c3d
  🔍 Clerk API Error Details:
     Status: 422
     Message: Unprocessable Entity
     Errors: [
  {
    "code": "form_identifier_exists",
    "message": "That email address is taken. Please try another.",
    "longMessage": "That email address is taken. Please try another.",
    "meta": {
      "paramName": "email_address"
    }
  },
  {
    "code": "form_identifier_exists",
    "message": "That username is taken. Please try another.",
    "longMessage": "That username is taken. Please try another.",
    "meta": {
      "paramName": "username"
    }
  }
]
     Clerk Error: true
  ❌ Error [User Migration]: Unprocessable Entity
  ❌ Migration failed: Unprocessable Entity

[129/692] Migrating: samlau@hkbu.edu.hk
  📋 Supabase ID: b50639d8-8da2-4760-be28-b1597b289f92
  🔍 Clerk API Error Details:
     Status: 422
     Message: Unprocessable Entity
     Errors: [
  {
    "code": "form_identifier_exists",
    "message": "That email address is taken. Please try another.",
    "longMessage": "That email address is taken. Please try another.",
    "meta": {
      "paramName": "email_address"
    }
  },
  {
    "code": "form_identifier_exists",
    "message": "That username is taken. Please try another.",
    "longMessage": "That username is taken. Please try another.",
    "meta": {
      "paramName": "username"
    }
  }
]
     Clerk Error: true
  ❌ Error [User Migration]: Unprocessable Entity
  ❌ Migration failed: Unprocessable Entity

[130/692] Migrating: jolene@greenweive.com
  📋 Supabase ID: c3406ad1-d37e-4142-b618-6595165b6a37
  🔍 Clerk API Error Details:
     Status: 422
     Message: Unprocessable Entity
     Errors: [
  {
    "code": "form_identifier_exists",
    "message": "That email address is taken. Please try another.",
    "longMessage": "That email address is taken. Please try another.",
    "meta": {
      "paramName": "email_address"
    }
  },
  {
    "code": "form_identifier_exists",
    "message": "That username is taken. Please try another.",
    "longMessage": "That username is taken. Please try another.",
    "meta": {
      "paramName": "username"
    }
  }
]
     Clerk Error: true
  ❌ Error [User Migration]: Unprocessable Entity
  ❌ Migration failed: Unprocessable Entity

[131/692] Migrating: krollm@who.int
  📋 Supabase ID: 099a1bce-bc31-445c-89f6-25146886c304
  🔍 Clerk API Error Details:
     Status: 422
     Message: Unprocessable Entity
     Errors: [
  {
    "code": "form_data_missing",
    "message": "missing data",
    "longMessage": "[\"first_name\" \"last_name\"] data doesn't match user requirements set for this instance",
    "meta": {}
  }
]
     Clerk Error: true
  ❌ Error [User Migration]: Unprocessable Entity
  ❌ Migration failed: Unprocessable Entity

[132/692] Migrating: czemp@tcd.ie
  📋 Supabase ID: 3b979455-cd66-487e-abd6-971f5e46a359
  🔍 Clerk API Error Details:
     Status: 422
     Message: Unprocessable Entity
     Errors: [
  {
    "code": "form_identifier_exists",
    "message": "That email address is taken. Please try another.",
    "longMessage": "That email address is taken. Please try another.",
    "meta": {
      "paramName": "email_address"
    }
  },
  {
    "code": "form_identifier_exists",
    "message": "That username is taken. Please try another.",
    "longMessage": "That username is taken. Please try another.",
    "meta": {
      "paramName": "username"
    }
  }
]
     Clerk Error: true
  ❌ Error [User Migration]: Unprocessable Entity
  ❌ Migration failed: Unprocessable Entity

[133/692] Migrating: mohamed.eldahshan@gmail.com
  📋 Supabase ID: 44da67ba-e2c6-4164-aba9-e000d95e3e01
  🔍 Clerk API Error Details:
     Status: 422
     Message: Unprocessable Entity
     Errors: [
  {
    "code": "form_identifier_exists",
    "message": "That email address is taken. Please try another.",
    "longMessage": "That email address is taken. Please try another.",
    "meta": {
      "paramName": "email_address"
    }
  },
  {
    "code": "form_identifier_exists",
    "message": "That username is taken. Please try another.",
    "longMessage": "That username is taken. Please try another.",
    "meta": {
      "paramName": "username"
    }
  }
]
     Clerk Error: true
  ❌ Error [User Migration]: Unprocessable Entity
  ❌ Migration failed: Unprocessable Entity

[134/692] Migrating: ctienho@gmail.com
  📋 Supabase ID: c5858390-15af-4a3d-a1fc-3a4be07d507b
  🔍 Clerk API Error Details:
     Status: 422
     Message: Unprocessable Entity
     Errors: [
  {
    "code": "form_identifier_exists",
    "message": "That email address is taken. Please try another.",
    "longMessage": "That email address is taken. Please try another.",
    "meta": {
      "paramName": "email_address"
    }
  },
  {
    "code": "form_identifier_exists",
    "message": "That username is taken. Please try another.",
    "longMessage": "That username is taken. Please try another.",
    "meta": {
      "paramName": "username"
    }
  }
]
     Clerk Error: true
  ❌ Error [User Migration]: Unprocessable Entity
  ❌ Migration failed: Unprocessable Entity

[135/692] Migrating: rehanmeemaduma19@gmail.com
  📋 Supabase ID: 0e766dbc-6f1e-49d0-978f-6c1ee148c301
  🔍 Clerk API Error Details:
     Status: 422
     Message: Unprocessable Entity
     Errors: [
  {
    "code": "form_identifier_exists",
    "message": "That email address is taken. Please try another.",
    "longMessage": "That email address is taken. Please try another.",
    "meta": {
      "paramName": "email_address"
    }
  },
  {
    "code": "form_identifier_exists",
    "message": "That username is taken. Please try another.",
    "longMessage": "That username is taken. Please try another.",
    "meta": {
      "paramName": "username"
    }
  }
]
     Clerk Error: true
  ❌ Error [User Migration]: Unprocessable Entity
  ❌ Migration failed: Unprocessable Entity

[136/692] Migrating: anshu.raina2812@gmail.com
  📋 Supabase ID: dcd8bcac-5df4-4121-b670-af1e68ad378e
  🔍 Clerk API Error Details:
     Status: 422
     Message: Unprocessable Entity
     Errors: [
  {
    "code": "form_identifier_exists",
    "message": "That email address is taken. Please try another.",
    "longMessage": "That email address is taken. Please try another.",
    "meta": {
      "paramName": "email_address"
    }
  },
  {
    "code": "form_identifier_exists",
    "message": "That username is taken. Please try another.",
    "longMessage": "That username is taken. Please try another.",
    "meta": {
      "paramName": "username"
    }
  }
]
     Clerk Error: true
  ❌ Error [User Migration]: Unprocessable Entity
  ❌ Migration failed: Unprocessable Entity

[137/692] Migrating: midori.tatsumi@ifrc.org
  📋 Supabase ID: 056e0a71-3f98-41e5-9f18-6cfdb0cba2d8
  🔍 Clerk API Error Details:
     Status: 422
     Message: Unprocessable Entity
     Errors: [
  {
    "code": "form_identifier_exists",
    "message": "That email address is taken. Please try another.",
    "longMessage": "That email address is taken. Please try another.",
    "meta": {
      "paramName": "email_address"
    }
  },
  {
    "code": "form_identifier_exists",
    "message": "That username is taken. Please try another.",
    "longMessage": "That username is taken. Please try another.",
    "meta": {
      "paramName": "username"
    }
  }
]
     Clerk Error: true
  ❌ Error [User Migration]: Unprocessable Entity
  ❌ Migration failed: Unprocessable Entity

[138/692] Migrating: beto@soulbeegood.com.br
  📋 Supabase ID: cbdebce6-c817-4863-b9a0-f0be3f74b7c2
  🔍 Clerk API Error Details:
     Status: 422
     Message: Unprocessable Entity
     Errors: [
  {
    "code": "form_identifier_exists",
    "message": "That email address is taken. Please try another.",
    "longMessage": "That email address is taken. Please try another.",
    "meta": {
      "paramName": "email_address"
    }
  },
  {
    "code": "form_identifier_exists",
    "message": "That username is taken. Please try another.",
    "longMessage": "That username is taken. Please try another.",
    "meta": {
      "paramName": "username"
    }
  }
]
     Clerk Error: true
  ❌ Error [User Migration]: Unprocessable Entity
  ❌ Migration failed: Unprocessable Entity

[139/692] Migrating: kirankakade@hotmail.com
  📋 Supabase ID: c7d8e647-ec07-4666-a9bf-c715514bc570
  🔍 Clerk API Error Details:
     Status: 422
     Message: Unprocessable Entity
     Errors: [
  {
    "code": "form_identifier_exists",
    "message": "That email address is taken. Please try another.",
    "longMessage": "That email address is taken. Please try another.",
    "meta": {
      "paramName": "email_address"
    }
  },
  {
    "code": "form_identifier_exists",
    "message": "That username is taken. Please try another.",
    "longMessage": "That username is taken. Please try another.",
    "meta": {
      "paramName": "username"
    }
  }
]
     Clerk Error: true
  ❌ Error [User Migration]: Unprocessable Entity
  ❌ Migration failed: Unprocessable Entity

[140/692] Migrating: roisin.mooney@psych.ox.ac.uk
  📋 Supabase ID: 6dec4c9f-aed4-4434-b616-d5ecc2d27fed
  🔍 Clerk API Error Details:
     Status: 422
     Message: Unprocessable Entity
     Errors: [
  {
    "code": "form_identifier_exists",
    "message": "That email address is taken. Please try another.",
    "longMessage": "That email address is taken. Please try another.",
    "meta": {
      "paramName": "email_address"
    }
  },
  {
    "code": "form_identifier_exists",
    "message": "That username is taken. Please try another.",
    "longMessage": "That username is taken. Please try another.",
    "meta": {
      "paramName": "username"
    }
  }
]
     Clerk Error: true
  ❌ Error [User Migration]: Unprocessable Entity
  ❌ Migration failed: Unprocessable Entity

[141/692] Migrating: gsun19@jh.edu
  📋 Supabase ID: da4d3522-08ae-45d7-8452-ff5132ad3f15
  🔍 Clerk API Error Details:
     Status: 422
     Message: Unprocessable Entity
     Errors: [
  {
    "code": "form_identifier_exists",
    "message": "That email address is taken. Please try another.",
    "longMessage": "That email address is taken. Please try another.",
    "meta": {
      "paramName": "email_address"
    }
  },
  {
    "code": "form_identifier_exists",
    "message": "That username is taken. Please try another.",
    "longMessage": "That username is taken. Please try another.",
    "meta": {
      "paramName": "username"
    }
  }
]
     Clerk Error: true
  ❌ Error [User Migration]: Unprocessable Entity
  ❌ Migration failed: Unprocessable Entity

[142/692] Migrating: dr.dcbk@gmail.com
  📋 Supabase ID: ffb332ea-4536-4dcd-8c4b-d26ecfb7f059
  🔍 Clerk API Error Details:
     Status: 422
     Message: Unprocessable Entity
     Errors: [
  {
    "code": "form_identifier_exists",
    "message": "That email address is taken. Please try another.",
    "longMessage": "That email address is taken. Please try another.",
    "meta": {
      "paramName": "email_address"
    }
  },
  {
    "code": "form_identifier_exists",
    "message": "That username is taken. Please try another.",
    "longMessage": "That username is taken. Please try another.",
    "meta": {
      "paramName": "username"
    }
  }
]
     Clerk Error: true
  ❌ Error [User Migration]: Unprocessable Entity
  ❌ Migration failed: Unprocessable Entity

[143/692] Migrating: gingermsmith02@gmail.com
  📋 Supabase ID: 2809f373-2f91-4c21-8744-ea0a6854fc57
  🔍 Clerk API Error Details:
     Status: 422
     Message: Unprocessable Entity
     Errors: [
  {
    "code": "form_identifier_exists",
    "message": "That email address is taken. Please try another.",
    "longMessage": "That email address is taken. Please try another.",
    "meta": {
      "paramName": "email_address"
    }
  },
  {
    "code": "form_identifier_exists",
    "message": "That username is taken. Please try another.",
    "longMessage": "That username is taken. Please try another.",
    "meta": {
      "paramName": "username"
    }
  }
]
     Clerk Error: true
  ❌ Error [User Migration]: Unprocessable Entity
  ❌ Migration failed: Unprocessable Entity

[144/692] Migrating: r.wiers@uva.nl
  📋 Supabase ID: aff3d678-961e-4936-88c5-ea688baa3f93
  🔍 Clerk API Error Details:
     Status: 422
     Message: Unprocessable Entity
     Errors: [
  {
    "code": "form_identifier_exists",
    "message": "That email address is taken. Please try another.",
    "longMessage": "That email address is taken. Please try another.",
    "meta": {
      "paramName": "email_address"
    }
  },
  {
    "code": "form_identifier_exists",
    "message": "That username is taken. Please try another.",
    "longMessage": "That username is taken. Please try another.",
    "meta": {
      "paramName": "username"
    }
  }
]
     Clerk Error: true
  ❌ Error [User Migration]: Unprocessable Entity
  ❌ Migration failed: Unprocessable Entity

[145/692] Migrating: drshahab13@gmail.com
  📋 Supabase ID: 9225cf5a-1657-443e-9559-a2e35d6b26f5
  🔍 Clerk API Error Details:
     Status: 422
     Message: Unprocessable Entity
     Errors: [
  {
    "code": "form_identifier_exists",
    "message": "That email address is taken. Please try another.",
    "longMessage": "That email address is taken. Please try another.",
    "meta": {
      "paramName": "email_address"
    }
  },
  {
    "code": "form_identifier_exists",
    "message": "That username is taken. Please try another.",
    "longMessage": "That username is taken. Please try another.",
    "meta": {
      "paramName": "username"
    }
  }
]
     Clerk Error: true
  ❌ Error [User Migration]: Unprocessable Entity
  ❌ Migration failed: Unprocessable Entity

[146/692] Migrating: amanda@amanda-powell.com
  📋 Supabase ID: 5aed1474-b07e-4705-916c-b511539cb8f2
  🔍 Clerk API Error Details:
     Status: 422
     Message: Unprocessable Entity
     Errors: [
  {
    "code": "form_identifier_exists",
    "message": "That email address is taken. Please try another.",
    "longMessage": "That email address is taken. Please try another.",
    "meta": {
      "paramName": "email_address"
    }
  },
  {
    "code": "form_identifier_exists",
    "message": "That username is taken. Please try another.",
    "longMessage": "That username is taken. Please try another.",
    "meta": {
      "paramName": "username"
    }
  }
]
     Clerk Error: true
  ❌ Error [User Migration]: Unprocessable Entity
  ❌ Migration failed: Unprocessable Entity

[147/692] Migrating: keith.beasley@bristol.ac.uk
  📋 Supabase ID: af24e1f1-4c63-49b2-9900-eac0a557b0e6
  🔍 Clerk API Error Details:
     Status: 422
     Message: Unprocessable Entity
     Errors: [
  {
    "code": "form_identifier_exists",
    "message": "That email address is taken. Please try another.",
    "longMessage": "That email address is taken. Please try another.",
    "meta": {
      "paramName": "email_address"
    }
  },
  {
    "code": "form_identifier_exists",
    "message": "That username is taken. Please try another.",
    "longMessage": "That username is taken. Please try another.",
    "meta": {
      "paramName": "username"
    }
  }
]
     Clerk Error: true
  ❌ Error [User Migration]: Unprocessable Entity
  ❌ Migration failed: Unprocessable Entity

[148/692] Migrating: bmw81jo@yahoo.com
  📋 Supabase ID: d2f5cbff-3b73-4006-8293-40cd52a261db
  🔍 Clerk API Error Details:
     Status: 422
     Message: Unprocessable Entity
     Errors: [
  {
    "code": "form_identifier_exists",
    "message": "That email address is taken. Please try another.",
    "longMessage": "That email address is taken. Please try another.",
    "meta": {
      "paramName": "email_address"
    }
  },
  {
    "code": "form_identifier_exists",
    "message": "That username is taken. Please try another.",
    "longMessage": "That username is taken. Please try another.",
    "meta": {
      "paramName": "username"
    }
  }
]
     Clerk Error: true
  ❌ Error [User Migration]: Unprocessable Entity
  ❌ Migration failed: Unprocessable Entity

[149/692] Migrating: clea.knight1@gmail.com
  📋 Supabase ID: b6a939e3-e5ae-474a-ab3d-934941cdfb1e
  🔍 Clerk API Error Details:
     Status: 422
     Message: Unprocessable Entity
     Errors: [
  {
    "code": "form_identifier_exists",
    "message": "That email address is taken. Please try another.",
    "longMessage": "That email address is taken. Please try another.",
    "meta": {
      "paramName": "email_address"
    }
  },
  {
    "code": "form_identifier_exists",
    "message": "That username is taken. Please try another.",
    "longMessage": "That username is taken. Please try another.",
    "meta": {
      "paramName": "username"
    }
  }
]
     Clerk Error: true
  ❌ Error [User Migration]: Unprocessable Entity
  ❌ Migration failed: Unprocessable Entity

[150/692] Migrating: d.wangari@scienceforafrica.foundation
  📋 Supabase ID: e71f3672-b622-454e-9441-6e0118185af4
  🔍 Clerk API Error Details:
     Status: 422
     Message: Unprocessable Entity
     Errors: [
  {
    "code": "form_identifier_exists",
    "message": "That email address is taken. Please try another.",
    "longMessage": "That email address is taken. Please try another.",
    "meta": {
      "paramName": "email_address"
    }
  },
  {
    "code": "form_identifier_exists",
    "message": "That username is taken. Please try another.",
    "longMessage": "That username is taken. Please try another.",
    "meta": {
      "paramName": "username"
    }
  }
]
     Clerk Error: true
  ❌ Error [User Migration]: Unprocessable Entity
  ❌ Migration failed: Unprocessable Entity

[151/692] Migrating: santosomonique@gmail.com
  📋 Supabase ID: cdfea7a7-42dc-4708-a789-fec9c397c4fd
  🔍 Clerk API Error Details:
     Status: 422
     Message: Unprocessable Entity
     Errors: [
  {
    "code": "form_identifier_exists",
    "message": "That email address is taken. Please try another.",
    "longMessage": "That email address is taken. Please try another.",
    "meta": {
      "paramName": "email_address"
    }
  },
  {
    "code": "form_identifier_exists",
    "message": "That username is taken. Please try another.",
    "longMessage": "That username is taken. Please try another.",
    "meta": {
      "paramName": "username"
    }
  }
]
     Clerk Error: true
  ❌ Error [User Migration]: Unprocessable Entity
  ❌ Migration failed: Unprocessable Entity

[152/692] Migrating: s.dabbs@wellcome.ac.uk
  📋 Supabase ID: 723efdc0-1cbc-4859-907a-5a23cd905fb6
  🔍 Clerk API Error Details:
     Status: 422
     Message: Unprocessable Entity
     Errors: [
  {
    "code": "form_identifier_exists",
    "message": "That email address is taken. Please try another.",
    "longMessage": "That email address is taken. Please try another.",
    "meta": {
      "paramName": "email_address"
    }
  },
  {
    "code": "form_identifier_exists",
    "message": "That username is taken. Please try another.",
    "longMessage": "That username is taken. Please try another.",
    "meta": {
      "paramName": "username"
    }
  }
]
     Clerk Error: true
  ❌ Error [User Migration]: Unprocessable Entity
  ❌ Migration failed: Unprocessable Entity

[153/692] Migrating: mehakmalho2103@gmail.com
  📋 Supabase ID: cbce0972-9f9d-4c31-baf2-d8fd6dc35c15
  🔍 Clerk API Error Details:
     Status: 422
     Message: Unprocessable Entity
     Errors: [
  {
    "code": "form_identifier_exists",
    "message": "That email address is taken. Please try another.",
    "longMessage": "That email address is taken. Please try another.",
    "meta": {
      "paramName": "email_address"
    }
  },
  {
    "code": "form_identifier_exists",
    "message": "That username is taken. Please try another.",
    "longMessage": "That username is taken. Please try another.",
    "meta": {
      "paramName": "username"
    }
  }
]
     Clerk Error: true
  ❌ Error [User Migration]: Unprocessable Entity
  ❌ Migration failed: Unprocessable Entity

[154/692] Migrating: marjonneke.de.vetten@rivm.nl
  📋 Supabase ID: 96b2ff38-6bc0-4fbb-9b05-c648f7ee94b1
  🔍 Clerk API Error Details:
     Status: 422
     Message: Unprocessable Entity
     Errors: [
  {
    "code": "form_identifier_exists",
    "message": "That email address is taken. Please try another.",
    "longMessage": "That email address is taken. Please try another.",
    "meta": {
      "paramName": "email_address"
    }
  },
  {
    "code": "form_identifier_exists",
    "message": "That username is taken. Please try another.",
    "longMessage": "That username is taken. Please try another.",
    "meta": {
      "paramName": "username"
    }
  }
]
     Clerk Error: true
  ❌ Error [User Migration]: Unprocessable Entity
  ❌ Migration failed: Unprocessable Entity

[155/692] Migrating: beenishayk@gmail.com
  📋 Supabase ID: b6e5e43e-9964-4b88-a068-4922673eb39e
  🔍 Clerk API Error Details:
     Status: 422
     Message: Unprocessable Entity
     Errors: [
  {
    "code": "form_identifier_exists",
    "message": "That email address is taken. Please try another.",
    "longMessage": "That email address is taken. Please try another.",
    "meta": {
      "paramName": "email_address"
    }
  },
  {
    "code": "form_identifier_exists",
    "message": "That username is taken. Please try another.",
    "longMessage": "That username is taken. Please try another.",
    "meta": {
      "paramName": "username"
    }
  }
]
     Clerk Error: true
  ❌ Error [User Migration]: Unprocessable Entity
  ❌ Migration failed: Unprocessable Entity

[156/692] Migrating: drbrosh@gmail.com
  📋 Supabase ID: 3f11d846-655b-4d1b-98d5-4adebdd20c55
  🔍 Clerk API Error Details:
     Status: 422
     Message: Unprocessable Entity
     Errors: [
  {
    "code": "form_identifier_exists",
    "message": "That email address is taken. Please try another.",
    "longMessage": "That email address is taken. Please try another.",
    "meta": {
      "paramName": "email_address"
    }
  },
  {
    "code": "form_identifier_exists",
    "message": "That username is taken. Please try another.",
    "longMessage": "That username is taken. Please try another.",
    "meta": {
      "paramName": "username"
    }
  }
]
     Clerk Error: true
  ❌ Error [User Migration]: Unprocessable Entity
  ❌ Migration failed: Unprocessable Entity

[157/692] Migrating: danyang.cheng@nature.com
  📋 Supabase ID: 8fff3f29-6076-46aa-93bc-17fe1f09c10c
  🔍 Clerk API Error Details:
     Status: 422
     Message: Unprocessable Entity
     Errors: [
  {
    "code": "form_identifier_exists",
    "message": "That email address is taken. Please try another.",
    "longMessage": "That email address is taken. Please try another.",
    "meta": {
      "paramName": "email_address"
    }
  },
  {
    "code": "form_identifier_exists",
    "message": "That username is taken. Please try another.",
    "longMessage": "That username is taken. Please try another.",
    "meta": {
      "paramName": "username"
    }
  }
]
     Clerk Error: true
  ❌ Error [User Migration]: Unprocessable Entity
  ❌ Migration failed: Unprocessable Entity

[158/692] Migrating: jennifer.gosk@yahoo.com
  📋 Supabase ID: 753c3784-0591-4e23-9a22-043350bdddd1
  🔍 Clerk API Error Details:
     Status: 422
     Message: Unprocessable Entity
     Errors: [
  {
    "code": "form_identifier_exists",
    "message": "That email address is taken. Please try another.",
    "longMessage": "That email address is taken. Please try another.",
    "meta": {
      "paramName": "email_address"
    }
  },
  {
    "code": "form_identifier_exists",
    "message": "That username is taken. Please try another.",
    "longMessage": "That username is taken. Please try another.",
    "meta": {
      "paramName": "username"
    }
  }
]
     Clerk Error: true
  ❌ Error [User Migration]: Unprocessable Entity
  ❌ Migration failed: Unprocessable Entity

[159/692] Migrating: kat.thompsonhawk@gmail.com
  📋 Supabase ID: 166f5c96-145e-4039-b717-78255f226f3e
  🔍 Clerk API Error Details:
     Status: 422
     Message: Unprocessable Entity
     Errors: [
  {
    "code": "form_identifier_exists",
    "message": "That email address is taken. Please try another.",
    "longMessage": "That email address is taken. Please try another.",
    "meta": {
      "paramName": "email_address"
    }
  },
  {
    "code": "form_identifier_exists",
    "message": "That username is taken. Please try another.",
    "longMessage": "That username is taken. Please try another.",
    "meta": {
      "paramName": "username"
    }
  }
]
     Clerk Error: true
  ❌ Error [User Migration]: Unprocessable Entity
  ❌ Migration failed: Unprocessable Entity

[160/692] Migrating: yewyokuleye@gmail.com
  📋 Supabase ID: 6e9d6f18-8ec7-46c6-a6e2-bc14faabeab5
  🔍 Clerk API Error Details:
     Status: 422
     Message: Unprocessable Entity
     Errors: [
  {
    "code": "form_identifier_exists",
    "message": "That email address is taken. Please try another.",
    "longMessage": "That email address is taken. Please try another.",
    "meta": {
      "paramName": "email_address"
    }
  },
  {
    "code": "form_identifier_exists",
    "message": "That username is taken. Please try another.",
    "longMessage": "That username is taken. Please try another.",
    "meta": {
      "paramName": "username"
    }
  }
]
     Clerk Error: true
  ❌ Error [User Migration]: Unprocessable Entity
  ❌ Migration failed: Unprocessable Entity

[161/692] Migrating: drernelyn.aapi@gmail.com
  📋 Supabase ID: 40c23494-b66f-4b1c-bbaf-f41f7f03641b
  🔍 Clerk API Error Details:
     Status: 422
     Message: Unprocessable Entity
     Errors: [
  {
    "code": "form_identifier_exists",
    "message": "That email address is taken. Please try another.",
    "longMessage": "That email address is taken. Please try another.",
    "meta": {
      "paramName": "email_address"
    }
  },
  {
    "code": "form_identifier_exists",
    "message": "That username is taken. Please try another.",
    "longMessage": "That username is taken. Please try another.",
    "meta": {
      "paramName": "username"
    }
  }
]
     Clerk Error: true
  ❌ Error [User Migration]: Unprocessable Entity
  ❌ Migration failed: Unprocessable Entity

[162/692] Migrating: amy7@cdc.gov
  📋 Supabase ID: e06f1a50-2f8d-42dc-939b-126c5a2e0e71
  🔍 Clerk API Error Details:
     Status: 422
     Message: Unprocessable Entity
     Errors: [
  {
    "code": "form_identifier_exists",
    "message": "That email address is taken. Please try another.",
    "longMessage": "That email address is taken. Please try another.",
    "meta": {
      "paramName": "email_address"
    }
  },
  {
    "code": "form_identifier_exists",
    "message": "That username is taken. Please try another.",
    "longMessage": "That username is taken. Please try another.",
    "meta": {
      "paramName": "username"
    }
  }
]
     Clerk Error: true
  ❌ Error [User Migration]: Unprocessable Entity
  ❌ Migration failed: Unprocessable Entity

[163/692] Migrating: izabelajatene@gmail.com
  📋 Supabase ID: d90d0c0c-7ef5-4be9-bb7f-429951633d2d
  🔍 Clerk API Error Details:
     Status: 422
     Message: Unprocessable Entity
     Errors: [
  {
    "code": "form_identifier_exists",
    "message": "That email address is taken. Please try another.",
    "longMessage": "That email address is taken. Please try another.",
    "meta": {
      "paramName": "email_address"
    }
  },
  {
    "code": "form_identifier_exists",
    "message": "That username is taken. Please try another.",
    "longMessage": "That username is taken. Please try another.",
    "meta": {
      "paramName": "username"
    }
  }
]
     Clerk Error: true
  ❌ Error [User Migration]: Unprocessable Entity
  ❌ Migration failed: Unprocessable Entity

[164/692] Migrating: m.boer@westernsydney.edu.au
  📋 Supabase ID: e7ddcd07-4a0e-450e-8115-2489f5dd00ac
  🔍 Clerk API Error Details:
     Status: 422
     Message: Unprocessable Entity
     Errors: [
  {
    "code": "form_identifier_exists",
    "message": "That email address is taken. Please try another.",
    "longMessage": "That email address is taken. Please try another.",
    "meta": {
      "paramName": "email_address"
    }
  },
  {
    "code": "form_identifier_exists",
    "message": "That username is taken. Please try another.",
    "longMessage": "That username is taken. Please try another.",
    "meta": {
      "paramName": "username"
    }
  }
]
     Clerk Error: true
  ❌ Error [User Migration]: Unprocessable Entity
  ❌ Migration failed: Unprocessable Entity

[165/692] Migrating: sophiamellosophiamac@gmail.com
  📋 Supabase ID: 5980f6d9-9dcd-40d5-8ee1-2d393e0ccd3f
  🔍 Clerk API Error Details:
     Status: 422
     Message: Unprocessable Entity
     Errors: [
  {
    "code": "form_identifier_exists",
    "message": "That email address is taken. Please try another.",
    "longMessage": "That email address is taken. Please try another.",
    "meta": {
      "paramName": "email_address"
    }
  },
  {
    "code": "form_identifier_exists",
    "message": "That username is taken. Please try another.",
    "longMessage": "That username is taken. Please try another.",
    "meta": {
      "paramName": "username"
    }
  }
]
     Clerk Error: true
  ❌ Error [User Migration]: Unprocessable Entity
  ❌ Migration failed: Unprocessable Entity

[166/692] Migrating: sagiannakis@outlook.com
  📋 Supabase ID: 820bce47-1bfd-4f87-aebd-87c21bc6adf5
  🔍 Clerk API Error Details:
     Status: 422
     Message: Unprocessable Entity
     Errors: [
  {
    "code": "form_identifier_exists",
    "message": "That email address is taken. Please try another.",
    "longMessage": "That email address is taken. Please try another.",
    "meta": {
      "paramName": "email_address"
    }
  },
  {
    "code": "form_identifier_exists",
    "message": "That username is taken. Please try another.",
    "longMessage": "That username is taken. Please try another.",
    "meta": {
      "paramName": "username"
    }
  }
]
     Clerk Error: true
  ❌ Error [User Migration]: Unprocessable Entity
  ❌ Migration failed: Unprocessable Entity

[167/692] Migrating: drnivethitha.eisc8@gmail.com
  📋 Supabase ID: 865f0d84-f069-400f-9bb2-3548af3b1d94
  🔍 Clerk API Error Details:
     Status: 422
     Message: Unprocessable Entity
     Errors: [
  {
    "code": "form_identifier_exists",
    "message": "That email address is taken. Please try another.",
    "longMessage": "That email address is taken. Please try another.",
    "meta": {
      "paramName": "email_address"
    }
  },
  {
    "code": "form_identifier_exists",
    "message": "That username is taken. Please try another.",
    "longMessage": "That username is taken. Please try another.",
    "meta": {
      "paramName": "username"
    }
  }
]
     Clerk Error: true
  ❌ Error [User Migration]: Unprocessable Entity
  ❌ Migration failed: Unprocessable Entity

[168/692] Migrating: racsantiago@gmail.com
  📋 Supabase ID: c5e5d10b-c300-4c81-9aa0-c1a53ecea881
  🔍 Clerk API Error Details:
     Status: 422
     Message: Unprocessable Entity
     Errors: [
  {
    "code": "form_identifier_exists",
    "message": "That email address is taken. Please try another.",
    "longMessage": "That email address is taken. Please try another.",
    "meta": {
      "paramName": "email_address"
    }
  },
  {
    "code": "form_identifier_exists",
    "message": "That username is taken. Please try another.",
    "longMessage": "That username is taken. Please try another.",
    "meta": {
      "paramName": "username"
    }
  }
]
     Clerk Error: true
  ❌ Error [User Migration]: Unprocessable Entity
  ❌ Migration failed: Unprocessable Entity

[169/692] Migrating: rosierobison22@gmail.com
  📋 Supabase ID: 237301d9-df3b-4e60-b618-914ec73f834d
  🔍 Clerk API Error Details:
     Status: 422
     Message: Unprocessable Entity
     Errors: [
  {
    "code": "form_identifier_exists",
    "message": "That email address is taken. Please try another.",
    "longMessage": "That email address is taken. Please try another.",
    "meta": {
      "paramName": "email_address"
    }
  },
  {
    "code": "form_identifier_exists",
    "message": "That username is taken. Please try another.",
    "longMessage": "That username is taken. Please try another.",
    "meta": {
      "paramName": "username"
    }
  }
]
     Clerk Error: true
  ❌ Error [User Migration]: Unprocessable Entity
  ❌ Migration failed: Unprocessable Entity

[170/692] Migrating: t.camargo.ufrgs@gmail.com
  📋 Supabase ID: 4fb35dd6-ed21-4e08-8d4d-6c0c01cb198b
  🔍 Clerk API Error Details:
     Status: 422
     Message: Unprocessable Entity
     Errors: [
  {
    "code": "form_identifier_exists",
    "message": "That email address is taken. Please try another.",
    "longMessage": "That email address is taken. Please try another.",
    "meta": {
      "paramName": "email_address"
    }
  },
  {
    "code": "form_identifier_exists",
    "message": "That username is taken. Please try another.",
    "longMessage": "That username is taken. Please try another.",
    "meta": {
      "paramName": "username"
    }
  }
]
     Clerk Error: true
  ❌ Error [User Migration]: Unprocessable Entity
  ❌ Migration failed: Unprocessable Entity

[171/692] Migrating: rosie.robison@aru.ac.uk
  📋 Supabase ID: 865fe3be-7209-4e47-beaa-d584f8c691f7
  🔍 Clerk API Error Details:
     Status: 422
     Message: Unprocessable Entity
     Errors: [
  {
    "code": "form_identifier_exists",
    "message": "That email address is taken. Please try another.",
    "longMessage": "That email address is taken. Please try another.",
    "meta": {
      "paramName": "email_address"
    }
  },
  {
    "code": "form_identifier_exists",
    "message": "That username is taken. Please try another.",
    "longMessage": "That username is taken. Please try another.",
    "meta": {
      "paramName": "username"
    }
  }
]
     Clerk Error: true
  ❌ Error [User Migration]: Unprocessable Entity
  ❌ Migration failed: Unprocessable Entity

[172/692] Migrating: lindy.bolzern@gmail.com
  📋 Supabase ID: 9dca77ce-5b56-428c-b627-6b6c1bb5e0bd
  🔍 Clerk API Error Details:
     Status: 422
     Message: Unprocessable Entity
     Errors: [
  {
    "code": "form_identifier_exists",
    "message": "That email address is taken. Please try another.",
    "longMessage": "That email address is taken. Please try another.",
    "meta": {
      "paramName": "email_address"
    }
  },
  {
    "code": "form_identifier_exists",
    "message": "That username is taken. Please try another.",
    "longMessage": "That username is taken. Please try another.",
    "meta": {
      "paramName": "username"
    }
  }
]
     Clerk Error: true
  ❌ Error [User Migration]: Unprocessable Entity
  ❌ Migration failed: Unprocessable Entity

[173/692] Migrating: caroline.gao@orygen.org.au
  📋 Supabase ID: 5db8bdc8-69d1-42ba-a9fb-041c02c66b96
  🔍 Clerk API Error Details:
     Status: 422
     Message: Unprocessable Entity
     Errors: [
  {
    "code": "form_identifier_exists",
    "message": "That email address is taken. Please try another.",
    "longMessage": "That email address is taken. Please try another.",
    "meta": {
      "paramName": "email_address"
    }
  },
  {
    "code": "form_identifier_exists",
    "message": "That username is taken. Please try another.",
    "longMessage": "That username is taken. Please try another.",
    "meta": {
      "paramName": "username"
    }
  }
]
     Clerk Error: true
  ❌ Error [User Migration]: Unprocessable Entity
  ❌ Migration failed: Unprocessable Entity

[174/692] Migrating: hjtobin@the519.org
  📋 Supabase ID: 8a3cc5d7-e393-4560-9293-c3b6dcc69850
  🔍 Clerk API Error Details:
     Status: 422
     Message: Unprocessable Entity
     Errors: [
  {
    "code": "form_identifier_exists",
    "message": "That email address is taken. Please try another.",
    "longMessage": "That email address is taken. Please try another.",
    "meta": {
      "paramName": "email_address"
    }
  },
  {
    "code": "form_identifier_exists",
    "message": "That username is taken. Please try another.",
    "longMessage": "That username is taken. Please try another.",
    "meta": {
      "paramName": "username"
    }
  }
]
     Clerk Error: true
  ❌ Error [User Migration]: Unprocessable Entity
  ❌ Migration failed: Unprocessable Entity

[175/692] Migrating: tnguyen3@trincoll.edu
  📋 Supabase ID: 6898ac75-a9da-4591-a4eb-dda44779de90
  🔍 Clerk API Error Details:
     Status: 422
     Message: Unprocessable Entity
     Errors: [
  {
    "code": "form_identifier_exists",
    "message": "That email address is taken. Please try another.",
    "longMessage": "That email address is taken. Please try another.",
    "meta": {
      "paramName": "email_address"
    }
  },
  {
    "code": "form_identifier_exists",
    "message": "That username is taken. Please try another.",
    "longMessage": "That username is taken. Please try another.",
    "meta": {
      "paramName": "username"
    }
  }
]
     Clerk Error: true
  ❌ Error [User Migration]: Unprocessable Entity
  ❌ Migration failed: Unprocessable Entity

[176/692] Migrating: sowmiya0123@gmail.com
  📋 Supabase ID: 340e8493-6b73-4670-b5f2-3a07c65edb42
  🔍 Clerk API Error Details:
     Status: 422
     Message: Unprocessable Entity
     Errors: [
  {
    "code": "form_identifier_exists",
    "message": "That email address is taken. Please try another.",
    "longMessage": "That email address is taken. Please try another.",
    "meta": {
      "paramName": "email_address"
    }
  },
  {
    "code": "form_identifier_exists",
    "message": "That username is taken. Please try another.",
    "longMessage": "That username is taken. Please try another.",
    "meta": {
      "paramName": "username"
    }
  }
]
     Clerk Error: true
  ❌ Error [User Migration]: Unprocessable Entity
  ❌ Migration failed: Unprocessable Entity

[177/692] Migrating: arundhati@studiobeej.com
  📋 Supabase ID: 107b43b3-356e-4475-bdfa-d8dc12542dc9
  🔍 Clerk API Error Details:
     Status: 422
     Message: Unprocessable Entity
     Errors: [
  {
    "code": "form_identifier_exists",
    "message": "That email address is taken. Please try another.",
    "longMessage": "That email address is taken. Please try another.",
    "meta": {
      "paramName": "email_address"
    }
  },
  {
    "code": "form_identifier_exists",
    "message": "That username is taken. Please try another.",
    "longMessage": "That username is taken. Please try another.",
    "meta": {
      "paramName": "username"
    }
  }
]
     Clerk Error: true
  ❌ Error [User Migration]: Unprocessable Entity
  ❌ Migration failed: Unprocessable Entity

[178/692] Migrating: lesandjane@googlemail.com
  📋 Supabase ID: 83a18b64-e947-49ba-8d79-9b4e954fb03e
  🔍 Clerk API Error Details:
     Status: 422
     Message: Unprocessable Entity
     Errors: [
  {
    "code": "form_identifier_exists",
    "message": "That email address is taken. Please try another.",
    "longMessage": "That email address is taken. Please try another.",
    "meta": {
      "paramName": "email_address"
    }
  },
  {
    "code": "form_identifier_exists",
    "message": "That username is taken. Please try another.",
    "longMessage": "That username is taken. Please try another.",
    "meta": {
      "paramName": "username"
    }
  }
]
     Clerk Error: true
  ❌ Error [User Migration]: Unprocessable Entity
  ❌ Migration failed: Unprocessable Entity

[179/692] Migrating: madhavi@parinaama.org
  📋 Supabase ID: d70204a2-a797-487e-9b74-2f807f6877eb
  🔍 Clerk API Error Details:
     Status: 422
     Message: Unprocessable Entity
     Errors: [
  {
    "code": "form_identifier_exists",
    "message": "That email address is taken. Please try another.",
    "longMessage": "That email address is taken. Please try another.",
    "meta": {
      "paramName": "email_address"
    }
  },
  {
    "code": "form_identifier_exists",
    "message": "That username is taken. Please try another.",
    "longMessage": "That username is taken. Please try another.",
    "meta": {
      "paramName": "username"
    }
  }
]
     Clerk Error: true
  ❌ Error [User Migration]: Unprocessable Entity
  ❌ Migration failed: Unprocessable Entity

[180/692] Migrating: alicia.parayno@islandhealth.ca
  📋 Supabase ID: 2a47e02d-a7c2-4c8c-bb01-ce409f19abd5
  🔍 Clerk API Error Details:
     Status: 422
     Message: Unprocessable Entity
     Errors: [
  {
    "code": "form_identifier_exists",
    "message": "That email address is taken. Please try another.",
    "longMessage": "That email address is taken. Please try another.",
    "meta": {
      "paramName": "email_address"
    }
  },
  {
    "code": "form_identifier_exists",
    "message": "That username is taken. Please try another.",
    "longMessage": "That username is taken. Please try another.",
    "meta": {
      "paramName": "username"
    }
  }
]
     Clerk Error: true
  ❌ Error [User Migration]: Unprocessable Entity
  ❌ Migration failed: Unprocessable Entity

[181/692] Migrating: afolakunmi7@gmail.com
  📋 Supabase ID: 31f612bd-ace3-473c-8041-c1eb3b098577
  🔍 Clerk API Error Details:
     Status: 422
     Message: Unprocessable Entity
     Errors: [
  {
    "code": "form_identifier_exists",
    "message": "That email address is taken. Please try another.",
    "longMessage": "That email address is taken. Please try another.",
    "meta": {
      "paramName": "email_address"
    }
  },
  {
    "code": "form_identifier_exists",
    "message": "That username is taken. Please try another.",
    "longMessage": "That username is taken. Please try another.",
    "meta": {
      "paramName": "username"
    }
  }
]
     Clerk Error: true
  ❌ Error [User Migration]: Unprocessable Entity
  ❌ Migration failed: Unprocessable Entity

[182/692] Migrating: daniel.herron@ucl.ac.uk
  📋 Supabase ID: 8ce0f4db-98f4-4cc4-aae9-ef24fd3aac3e
  🔍 Clerk API Error Details:
     Status: 422
     Message: Unprocessable Entity
     Errors: [
  {
    "code": "form_identifier_exists",
    "message": "That email address is taken. Please try another.",
    "longMessage": "That email address is taken. Please try another.",
    "meta": {
      "paramName": "email_address"
    }
  },
  {
    "code": "form_identifier_exists",
    "message": "That username is taken. Please try another.",
    "longMessage": "That username is taken. Please try another.",
    "meta": {
      "paramName": "username"
    }
  }
]
     Clerk Error: true
  ❌ Error [User Migration]: Unprocessable Entity
  ❌ Migration failed: Unprocessable Entity

[183/692] Migrating: massimo.bertoli91@gmail.com
  📋 Supabase ID: 47056b5a-76ee-42a1-8a56-417b92a12678
  🔍 Clerk API Error Details:
     Status: 422
     Message: Unprocessable Entity
     Errors: [
  {
    "code": "form_identifier_exists",
    "message": "That email address is taken. Please try another.",
    "longMessage": "That email address is taken. Please try another.",
    "meta": {
      "paramName": "email_address"
    }
  },
  {
    "code": "form_identifier_exists",
    "message": "That username is taken. Please try another.",
    "longMessage": "That username is taken. Please try another.",
    "meta": {
      "paramName": "username"
    }
  }
]
     Clerk Error: true
  ❌ Error [User Migration]: Unprocessable Entity
  ❌ Migration failed: Unprocessable Entity

[184/692] Migrating: projectguru2011@gmail.com
  📋 Supabase ID: fba60b18-4bbe-4184-ac32-db79d8ac8c7e
  🔍 Clerk API Error Details:
     Status: 422
     Message: Unprocessable Entity
     Errors: [
  {
    "code": "form_identifier_exists",
    "message": "That email address is taken. Please try another.",
    "longMessage": "That email address is taken. Please try another.",
    "meta": {
      "paramName": "email_address"
    }
  },
  {
    "code": "form_identifier_exists",
    "message": "That username is taken. Please try another.",
    "longMessage": "That username is taken. Please try another.",
    "meta": {
      "paramName": "username"
    }
  }
]
     Clerk Error: true
  ❌ Error [User Migration]: Unprocessable Entity
  ❌ Migration failed: Unprocessable Entity

[185/692] Migrating: jesscrawfordnursing@gmail.com
  📋 Supabase ID: a145ec5e-8478-4141-988f-3d28da68e6d3
  🔍 Clerk API Error Details:
     Status: 422
     Message: Unprocessable Entity
     Errors: [
  {
    "code": "form_identifier_exists",
    "message": "That email address is taken. Please try another.",
    "longMessage": "That email address is taken. Please try another.",
    "meta": {
      "paramName": "email_address"
    }
  },
  {
    "code": "form_identifier_exists",
    "message": "That username is taken. Please try another.",
    "longMessage": "That username is taken. Please try another.",
    "meta": {
      "paramName": "username"
    }
  }
]
     Clerk Error: true
  ❌ Error [User Migration]: Unprocessable Entity
  ❌ Migration failed: Unprocessable Entity

[186/692] Migrating: mrm.method@gmail.com
  📋 Supabase ID: de65d6ca-e28f-4449-9891-294be02fc010
  🔍 Clerk API Error Details:
     Status: 422
     Message: Unprocessable Entity
     Errors: [
  {
    "code": "form_identifier_exists",
    "message": "That email address is taken. Please try another.",
    "longMessage": "That email address is taken. Please try another.",
    "meta": {
      "paramName": "email_address"
    }
  },
  {
    "code": "form_identifier_exists",
    "message": "That username is taken. Please try another.",
    "longMessage": "That username is taken. Please try another.",
    "meta": {
      "paramName": "username"
    }
  }
]
     Clerk Error: true
  ❌ Error [User Migration]: Unprocessable Entity
  ❌ Migration failed: Unprocessable Entity

[187/692] Migrating: margaretosolo@gmail.com
  📋 Supabase ID: a988bfa7-f549-4a68-95a3-1e9c3203ca64
  🔍 Clerk API Error Details:
     Status: 422
     Message: Unprocessable Entity
     Errors: [
  {
    "code": "form_identifier_exists",
    "message": "That email address is taken. Please try another.",
    "longMessage": "That email address is taken. Please try another.",
    "meta": {
      "paramName": "email_address"
    }
  },
  {
    "code": "form_identifier_exists",
    "message": "That username is taken. Please try another.",
    "longMessage": "That username is taken. Please try another.",
    "meta": {
      "paramName": "username"
    }
  }
]
     Clerk Error: true
  ❌ Error [User Migration]: Unprocessable Entity
  ❌ Migration failed: Unprocessable Entity

[188/692] Migrating: aassy2099@gmail.com
  📋 Supabase ID: 4bc20079-0099-4731-b8a1-08721575253d
  🔍 Clerk API Error Details:
     Status: 422
     Message: Unprocessable Entity
     Errors: [
  {
    "code": "form_identifier_exists",
    "message": "That email address is taken. Please try another.",
    "longMessage": "That email address is taken. Please try another.",
    "meta": {
      "paramName": "email_address"
    }
  },
  {
    "code": "form_identifier_exists",
    "message": "That username is taken. Please try another.",
    "longMessage": "That username is taken. Please try another.",
    "meta": {
      "paramName": "username"
    }
  }
]
     Clerk Error: true
  ❌ Error [User Migration]: Unprocessable Entity
  ❌ Migration failed: Unprocessable Entity

[189/692] Migrating: robincooper50@gmail.com
  📋 Supabase ID: 1165bf2b-0c72-4b09-969b-e05818139003
  🔍 Clerk API Error Details:
     Status: 422
     Message: Unprocessable Entity
     Errors: [
  {
    "code": "form_identifier_exists",
    "message": "That email address is taken. Please try another.",
    "longMessage": "That email address is taken. Please try another.",
    "meta": {
      "paramName": "email_address"
    }
  },
  {
    "code": "form_identifier_exists",
    "message": "That username is taken. Please try another.",
    "longMessage": "That username is taken. Please try another.",
    "meta": {
      "paramName": "username"
    }
  }
]
     Clerk Error: true
  ❌ Error [User Migration]: Unprocessable Entity
  ❌ Migration failed: Unprocessable Entity

[190/692] Migrating: pbecker@dbkg.de
  📋 Supabase ID: ae4b779a-eacb-4d1b-898d-baa006f0aac0
  🔍 Clerk API Error Details:
     Status: 422
     Message: Unprocessable Entity
     Errors: [
  {
    "code": "form_identifier_exists",
    "message": "That email address is taken. Please try another.",
    "longMessage": "That email address is taken. Please try another.",
    "meta": {
      "paramName": "email_address"
    }
  },
  {
    "code": "form_identifier_exists",
    "message": "That username is taken. Please try another.",
    "longMessage": "That username is taken. Please try another.",
    "meta": {
      "paramName": "username"
    }
  }
]
     Clerk Error: true
  ❌ Error [User Migration]: Unprocessable Entity
  ❌ Migration failed: Unprocessable Entity

[191/692] Migrating: ear765@gmail.com
  📋 Supabase ID: 8bfad29c-ad39-4c8b-a9cd-415726b66e58
  🔍 Clerk API Error Details:
     Status: 422
     Message: Unprocessable Entity
     Errors: [
  {
    "code": "form_identifier_exists",
    "message": "That email address is taken. Please try another.",
    "longMessage": "That email address is taken. Please try another.",
    "meta": {
      "paramName": "email_address"
    }
  },
  {
    "code": "form_identifier_exists",
    "message": "That username is taken. Please try another.",
    "longMessage": "That username is taken. Please try another.",
    "meta": {
      "paramName": "username"
    }
  }
]
     Clerk Error: true
  ❌ Error [User Migration]: Unprocessable Entity
  ❌ Migration failed: Unprocessable Entity

[192/692] Migrating: adajo@rodekors.dk
  📋 Supabase ID: e2f3fb92-682a-4682-9140-199811f220d8
  🔍 Clerk API Error Details:
     Status: 422
     Message: Unprocessable Entity
     Errors: [
  {
    "code": "form_identifier_exists",
    "message": "That email address is taken. Please try another.",
    "longMessage": "That email address is taken. Please try another.",
    "meta": {
      "paramName": "email_address"
    }
  },
  {
    "code": "form_identifier_exists",
    "message": "That username is taken. Please try another.",
    "longMessage": "That username is taken. Please try another.",
    "meta": {
      "paramName": "username"
    }
  }
]
     Clerk Error: true
  ❌ Error [User Migration]: Unprocessable Entity
  ❌ Migration failed: Unprocessable Entity

[193/692] Migrating: n.mona8@gmail.com
  📋 Supabase ID: 4aa074a2-efb2-44fa-97fe-8b7d13ef657a
  🔍 Clerk API Error Details:
     Status: 422
     Message: Unprocessable Entity
     Errors: [
  {
    "code": "form_identifier_exists",
    "message": "That email address is taken. Please try another.",
    "longMessage": "That email address is taken. Please try another.",
    "meta": {
      "paramName": "email_address"
    }
  },
  {
    "code": "form_identifier_exists",
    "message": "That username is taken. Please try another.",
    "longMessage": "That username is taken. Please try another.",
    "meta": {
      "paramName": "username"
    }
  }
]
     Clerk Error: true
  ❌ Error [User Migration]: Unprocessable Entity
  ❌ Migration failed: Unprocessable Entity

[194/692] Migrating: cassandra@clinicallysustainable.org
  📋 Supabase ID: feec9dbf-90b9-4e90-be04-6785b8fcca20
  🔍 Clerk API Error Details:
     Status: 422
     Message: Unprocessable Entity
     Errors: [
  {
    "code": "form_identifier_exists",
    "message": "That email address is taken. Please try another.",
    "longMessage": "That email address is taken. Please try another.",
    "meta": {
      "paramName": "email_address"
    }
  },
  {
    "code": "form_identifier_exists",
    "message": "That username is taken. Please try another.",
    "longMessage": "That username is taken. Please try another.",
    "meta": {
      "paramName": "username"
    }
  }
]
     Clerk Error: true
  ❌ Error [User Migration]: Unprocessable Entity
  ❌ Migration failed: Unprocessable Entity

[195/692] Migrating: cristina.costa@durham.ac.uk
  📋 Supabase ID: f100cec7-a2e6-4993-9162-ef67f458eb9c
  🔍 Clerk API Error Details:
     Status: 422
     Message: Unprocessable Entity
     Errors: [
  {
    "code": "form_identifier_exists",
    "message": "That email address is taken. Please try another.",
    "longMessage": "That email address is taken. Please try another.",
    "meta": {
      "paramName": "email_address"
    }
  },
  {
    "code": "form_identifier_exists",
    "message": "That username is taken. Please try another.",
    "longMessage": "That username is taken. Please try another.",
    "meta": {
      "paramName": "username"
    }
  }
]
     Clerk Error: true
  ❌ Error [User Migration]: Unprocessable Entity
  ❌ Migration failed: Unprocessable Entity

[196/692] Migrating: mahdimazidi1990@gmail.com
  📋 Supabase ID: 9f619301-c54d-4d28-ab81-8945f8e72928
  🔍 Clerk API Error Details:
     Status: 422
     Message: Unprocessable Entity
     Errors: [
  {
    "code": "form_identifier_exists",
    "message": "That email address is taken. Please try another.",
    "longMessage": "That email address is taken. Please try another.",
    "meta": {
      "paramName": "email_address"
    }
  },
  {
    "code": "form_identifier_exists",
    "message": "That username is taken. Please try another.",
    "longMessage": "That username is taken. Please try another.",
    "meta": {
      "paramName": "username"
    }
  }
]
     Clerk Error: true
  ❌ Error [User Migration]: Unprocessable Entity
  ❌ Migration failed: Unprocessable Entity

[197/692] Migrating: madefrain@shockers.wichita.edu
  📋 Supabase ID: c25eabe1-419c-403a-a6ea-04a525331401
  🔍 Clerk API Error Details:
     Status: 422
     Message: Unprocessable Entity
     Errors: [
  {
    "code": "form_identifier_exists",
    "message": "That email address is taken. Please try another.",
    "longMessage": "That email address is taken. Please try another.",
    "meta": {
      "paramName": "email_address"
    }
  },
  {
    "code": "form_identifier_exists",
    "message": "That username is taken. Please try another.",
    "longMessage": "That username is taken. Please try another.",
    "meta": {
      "paramName": "username"
    }
  }
]
     Clerk Error: true
  ❌ Error [User Migration]: Unprocessable Entity
  ❌ Migration failed: Unprocessable Entity

[198/692] Migrating: abrilruizlorenzo1@gmail.com
  📋 Supabase ID: f0277b9b-6c31-40fa-a302-f7014ed7ed05
  🔍 Clerk API Error Details:
     Status: 422
     Message: Unprocessable Entity
     Errors: [
  {
    "code": "form_identifier_exists",
    "message": "That email address is taken. Please try another.",
    "longMessage": "That email address is taken. Please try another.",
    "meta": {
      "paramName": "email_address"
    }
  },
  {
    "code": "form_identifier_exists",
    "message": "That username is taken. Please try another.",
    "longMessage": "That username is taken. Please try another.",
    "meta": {
      "paramName": "username"
    }
  }
]
     Clerk Error: true
  ❌ Error [User Migration]: Unprocessable Entity
  ❌ Migration failed: Unprocessable Entity

[199/692] Migrating: jessica.thoma@pepperdine.edu
  📋 Supabase ID: 446e4c02-84ca-448e-a8c9-ae93e65ced7f
  🔍 Clerk API Error Details:
     Status: 422
     Message: Unprocessable Entity
     Errors: [
  {
    "code": "form_identifier_exists",
    "message": "That email address is taken. Please try another.",
    "longMessage": "That email address is taken. Please try another.",
    "meta": {
      "paramName": "email_address"
    }
  },
  {
    "code": "form_identifier_exists",
    "message": "That username is taken. Please try another.",
    "longMessage": "That username is taken. Please try another.",
    "meta": {
      "paramName": "username"
    }
  }
]
     Clerk Error: true
  ❌ Error [User Migration]: Unprocessable Entity
  ❌ Migration failed: Unprocessable Entity

[200/692] Migrating: zin.93.htay@gmail.com
  📋 Supabase ID: f9531fc4-e4af-4ae4-8591-623e1d392849
  🔍 Clerk API Error Details:
     Status: 422
     Message: Unprocessable Entity
     Errors: [
  {
    "code": "form_identifier_exists",
    "message": "That email address is taken. Please try another.",
    "longMessage": "That email address is taken. Please try another.",
    "meta": {
      "paramName": "email_address"
    }
  },
  {
    "code": "form_identifier_exists",
    "message": "That username is taken. Please try another.",
    "longMessage": "That username is taken. Please try another.",
    "meta": {
      "paramName": "username"
    }
  }
]
     Clerk Error: true
  ❌ Error [User Migration]: Unprocessable Entity
  ❌ Migration failed: Unprocessable Entity

[201/692] Migrating: caitlinhender@gmail.com
  📋 Supabase ID: 96fea80b-d8b4-4139-9d02-61d87bf52ecc
  🔍 Clerk API Error Details:
     Status: 422
     Message: Unprocessable Entity
     Errors: [
  {
    "code": "form_identifier_exists",
    "message": "That email address is taken. Please try another.",
    "longMessage": "That email address is taken. Please try another.",
    "meta": {
      "paramName": "email_address"
    }
  },
  {
    "code": "form_identifier_exists",
    "message": "That username is taken. Please try another.",
    "longMessage": "That username is taken. Please try another.",
    "meta": {
      "paramName": "username"
    }
  }
]
     Clerk Error: true
  ❌ Error [User Migration]: Unprocessable Entity
  ❌ Migration failed: Unprocessable Entity

[202/692] Migrating: oluwaseunadewunmi21@gmail.com
  📋 Supabase ID: d6dc8670-1253-41ff-88c3-4136cbb21376
  🔍 Clerk API Error Details:
     Status: 422
     Message: Unprocessable Entity
     Errors: [
  {
    "code": "form_identifier_exists",
    "message": "That email address is taken. Please try another.",
    "longMessage": "That email address is taken. Please try another.",
    "meta": {
      "paramName": "email_address"
    }
  },
  {
    "code": "form_identifier_exists",
    "message": "That username is taken. Please try another.",
    "longMessage": "That username is taken. Please try another.",
    "meta": {
      "paramName": "username"
    }
  }
]
     Clerk Error: true
  ❌ Error [User Migration]: Unprocessable Entity
  ❌ Migration failed: Unprocessable Entity

[203/692] Migrating: david.sarlos@imperial.ac.uk
  📋 Supabase ID: 98a5c8d8-bd4f-4e21-9ed3-28f4835b8f45
  🔍 Clerk API Error Details:
     Status: 422
     Message: Unprocessable Entity
     Errors: [
  {
    "code": "form_identifier_exists",
    "message": "That email address is taken. Please try another.",
    "longMessage": "That email address is taken. Please try another.",
    "meta": {
      "paramName": "email_address"
    }
  },
  {
    "code": "form_identifier_exists",
    "message": "That username is taken. Please try another.",
    "longMessage": "That username is taken. Please try another.",
    "meta": {
      "paramName": "username"
    }
  }
]
     Clerk Error: true
  ❌ Error [User Migration]: Unprocessable Entity
  ❌ Migration failed: Unprocessable Entity

[204/692] Migrating: surabhi.surve.23@ucl.ac.uk
  📋 Supabase ID: 578ccb9f-dc8a-461c-a529-9da5403c5fe3
  🔍 Clerk API Error Details:
     Status: 422
     Message: Unprocessable Entity
     Errors: [
  {
    "code": "form_identifier_exists",
    "message": "That email address is taken. Please try another.",
    "longMessage": "That email address is taken. Please try another.",
    "meta": {
      "paramName": "email_address"
    }
  },
  {
    "code": "form_identifier_exists",
    "message": "That username is taken. Please try another.",
    "longMessage": "That username is taken. Please try another.",
    "meta": {
      "paramName": "username"
    }
  }
]
     Clerk Error: true
  ❌ Error [User Migration]: Unprocessable Entity
  ❌ Migration failed: Unprocessable Entity

[205/692] Migrating: colin.d.mclean@ed.ac.uk
  📋 Supabase ID: 1946f889-76bb-4929-ad6c-e01e9b9cff9f
  🔍 Clerk API Error Details:
     Status: 422
     Message: Unprocessable Entity
     Errors: [
  {
    "code": "form_identifier_exists",
    "message": "That email address is taken. Please try another.",
    "longMessage": "That email address is taken. Please try another.",
    "meta": {
      "paramName": "email_address"
    }
  },
  {
    "code": "form_identifier_exists",
    "message": "That username is taken. Please try another.",
    "longMessage": "That username is taken. Please try another.",
    "meta": {
      "paramName": "username"
    }
  }
]
     Clerk Error: true
  ❌ Error [User Migration]: Unprocessable Entity
  ❌ Migration failed: Unprocessable Entity

[206/692] Migrating: liammaiato@gmail.com
  📋 Supabase ID: f1157e36-cbd8-4d16-84fd-dfcbc818c1a9
  🔍 Clerk API Error Details:
     Status: 422
     Message: Unprocessable Entity
     Errors: [
  {
    "code": "form_identifier_exists",
    "message": "That email address is taken. Please try another.",
    "longMessage": "That email address is taken. Please try another.",
    "meta": {
      "paramName": "email_address"
    }
  },
  {
    "code": "form_identifier_exists",
    "message": "That username is taken. Please try another.",
    "longMessage": "That username is taken. Please try another.",
    "meta": {
      "paramName": "username"
    }
  }
]
     Clerk Error: true
  ❌ Error [User Migration]: Unprocessable Entity
  ❌ Migration failed: Unprocessable Entity

[207/692] Migrating: mandipersing@gmail.com
  📋 Supabase ID: 96bf9a82-94fd-4330-9450-28a9fa58650d
  🔍 Clerk API Error Details:
     Status: 422
     Message: Unprocessable Entity
     Errors: [
  {
    "code": "form_identifier_exists",
    "message": "That email address is taken. Please try another.",
    "longMessage": "That email address is taken. Please try another.",
    "meta": {
      "paramName": "email_address"
    }
  },
  {
    "code": "form_identifier_exists",
    "message": "That username is taken. Please try another.",
    "longMessage": "That username is taken. Please try another.",
    "meta": {
      "paramName": "username"
    }
  }
]
     Clerk Error: true
  ❌ Error [User Migration]: Unprocessable Entity
  ❌ Migration failed: Unprocessable Entity

[208/692] Migrating: jonwood555@hotmail.com
  📋 Supabase ID: f5c62136-9ff5-4e7b-91e6-ef51459724ad
  🔍 Clerk API Error Details:
     Status: 422
     Message: Unprocessable Entity
     Errors: [
  {
    "code": "form_identifier_exists",
    "message": "That email address is taken. Please try another.",
    "longMessage": "That email address is taken. Please try another.",
    "meta": {
      "paramName": "email_address"
    }
  },
  {
    "code": "form_identifier_exists",
    "message": "That username is taken. Please try another.",
    "longMessage": "That username is taken. Please try another.",
    "meta": {
      "paramName": "username"
    }
  }
]
     Clerk Error: true
  ❌ Error [User Migration]: Unprocessable Entity
  ❌ Migration failed: Unprocessable Entity

[209/692] Migrating: chloe.drain@eastsussex.gov.uk
  📋 Supabase ID: a82ad359-e54d-4de1-9aa5-10e5abcea4ae
  🔍 Clerk API Error Details:
     Status: 422
     Message: Unprocessable Entity
     Errors: [
  {
    "code": "form_identifier_exists",
    "message": "That email address is taken. Please try another.",
    "longMessage": "That email address is taken. Please try another.",
    "meta": {
      "paramName": "email_address"
    }
  },
  {
    "code": "form_identifier_exists",
    "message": "That username is taken. Please try another.",
    "longMessage": "That username is taken. Please try another.",
    "meta": {
      "paramName": "username"
    }
  }
]
     Clerk Error: true
  ❌ Error [User Migration]: Unprocessable Entity
  ❌ Migration failed: Unprocessable Entity

[210/692] Migrating: apjenkins22@gmail.com
  📋 Supabase ID: ecf8c2db-01a3-496d-b945-3f7786f868fa
  🔍 Clerk API Error Details:
     Status: 422
     Message: Unprocessable Entity
     Errors: [
  {
    "code": "form_identifier_exists",
    "message": "That email address is taken. Please try another.",
    "longMessage": "That email address is taken. Please try another.",
    "meta": {
      "paramName": "email_address"
    }
  },
  {
    "code": "form_identifier_exists",
    "message": "That username is taken. Please try another.",
    "longMessage": "That username is taken. Please try another.",
    "meta": {
      "paramName": "username"
    }
  }
]
     Clerk Error: true
  ❌ Error [User Migration]: Unprocessable Entity
  ❌ Migration failed: Unprocessable Entity

[211/692] Migrating: lucia.tecuta2@gmail.com
  📋 Supabase ID: bc9c6b7d-00a3-47d8-a635-89bc65bb8fd6
  🔍 Clerk API Error Details:
     Status: 422
     Message: Unprocessable Entity
     Errors: [
  {
    "code": "form_identifier_exists",
    "message": "That email address is taken. Please try another.",
    "longMessage": "That email address is taken. Please try another.",
    "meta": {
      "paramName": "email_address"
    }
  },
  {
    "code": "form_identifier_exists",
    "message": "That username is taken. Please try another.",
    "longMessage": "That username is taken. Please try another.",
    "meta": {
      "paramName": "username"
    }
  }
]
     Clerk Error: true
  ❌ Error [User Migration]: Unprocessable Entity
  ❌ Migration failed: Unprocessable Entity

[212/692] Migrating: lmurray1@massey.ac.nz
  📋 Supabase ID: 2760cffb-0000-4a06-85c5-518d9954e084
  🔍 Clerk API Error Details:
     Status: 422
     Message: Unprocessable Entity
     Errors: [
  {
    "code": "form_identifier_exists",
    "message": "That email address is taken. Please try another.",
    "longMessage": "That email address is taken. Please try another.",
    "meta": {
      "paramName": "email_address"
    }
  },
  {
    "code": "form_identifier_exists",
    "message": "That username is taken. Please try another.",
    "longMessage": "That username is taken. Please try another.",
    "meta": {
      "paramName": "username"
    }
  }
]
     Clerk Error: true
  ❌ Error [User Migration]: Unprocessable Entity
  ❌ Migration failed: Unprocessable Entity

[213/692] Migrating: vbortfeld@gmail.com
  📋 Supabase ID: cfc1fe24-2701-42a6-8eb8-79675171f85b
  🔍 Clerk API Error Details:
     Status: 422
     Message: Unprocessable Entity
     Errors: [
  {
    "code": "form_identifier_exists",
    "message": "That email address is taken. Please try another.",
    "longMessage": "That email address is taken. Please try another.",
    "meta": {
      "paramName": "email_address"
    }
  },
  {
    "code": "form_identifier_exists",
    "message": "That username is taken. Please try another.",
    "longMessage": "That username is taken. Please try another.",
    "meta": {
      "paramName": "username"
    }
  }
]
     Clerk Error: true
  ❌ Error [User Migration]: Unprocessable Entity
  ❌ Migration failed: Unprocessable Entity

[214/692] Migrating: devni01@hotmail.com
  📋 Supabase ID: 624376f4-6d63-416c-8dfa-ac02894e9ab9
  🔍 Clerk API Error Details:
     Status: 422
     Message: Unprocessable Entity
     Errors: [
  {
    "code": "form_identifier_exists",
    "message": "That email address is taken. Please try another.",
    "longMessage": "That email address is taken. Please try another.",
    "meta": {
      "paramName": "email_address"
    }
  },
  {
    "code": "form_identifier_exists",
    "message": "That username is taken. Please try another.",
    "longMessage": "That username is taken. Please try another.",
    "meta": {
      "paramName": "username"
    }
  }
]
     Clerk Error: true
  ❌ Error [User Migration]: Unprocessable Entity
  ❌ Migration failed: Unprocessable Entity

[215/692] Migrating: ellysedakin@outlook.com
  📋 Supabase ID: 955ef2a5-234c-441b-8be0-9f79e207e265
  🔍 Clerk API Error Details:
     Status: 422
     Message: Unprocessable Entity
     Errors: [
  {
    "code": "form_identifier_exists",
    "message": "That email address is taken. Please try another.",
    "longMessage": "That email address is taken. Please try another.",
    "meta": {
      "paramName": "email_address"
    }
  },
  {
    "code": "form_identifier_exists",
    "message": "That username is taken. Please try another.",
    "longMessage": "That username is taken. Please try another.",
    "meta": {
      "paramName": "username"
    }
  }
]
     Clerk Error: true
  ❌ Error [User Migration]: Unprocessable Entity
  ❌ Migration failed: Unprocessable Entity

[216/692] Migrating: isaiah.dan@gmail.com
  📋 Supabase ID: ebb644b1-76b1-42fa-88c3-7bcfc5159a1c
  🔍 Clerk API Error Details:
     Status: 422
     Message: Unprocessable Entity
     Errors: [
  {
    "code": "form_identifier_exists",
    "message": "That email address is taken. Please try another.",
    "longMessage": "That email address is taken. Please try another.",
    "meta": {
      "paramName": "email_address"
    }
  },
  {
    "code": "form_identifier_exists",
    "message": "That username is taken. Please try another.",
    "longMessage": "That username is taken. Please try another.",
    "meta": {
      "paramName": "username"
    }
  }
]
     Clerk Error: true
  ❌ Error [User Migration]: Unprocessable Entity
  ❌ Migration failed: Unprocessable Entity

[217/692] Migrating: mphbaloch1983@gmail.com
  📋 Supabase ID: 28f4b9e3-f230-476c-82dc-dde8cc6173d1
  🔍 Clerk API Error Details:
     Status: 422
     Message: Unprocessable Entity
     Errors: [
  {
    "code": "form_identifier_exists",
    "message": "That email address is taken. Please try another.",
    "longMessage": "That email address is taken. Please try another.",
    "meta": {
      "paramName": "email_address"
    }
  },
  {
    "code": "form_identifier_exists",
    "message": "That username is taken. Please try another.",
    "longMessage": "That username is taken. Please try another.",
    "meta": {
      "paramName": "username"
    }
  }
]
     Clerk Error: true
  ❌ Error [User Migration]: Unprocessable Entity
  ❌ Migration failed: Unprocessable Entity

[218/692] Migrating: vickishaw94@gmail.com
  📋 Supabase ID: e29be8d5-7c3c-4f73-95b5-5acee052a12a
  🔍 Clerk API Error Details:
     Status: 422
     Message: Unprocessable Entity
     Errors: [
  {
    "code": "form_identifier_exists",
    "message": "That email address is taken. Please try another.",
    "longMessage": "That email address is taken. Please try another.",
    "meta": {
      "paramName": "email_address"
    }
  },
  {
    "code": "form_identifier_exists",
    "message": "That username is taken. Please try another.",
    "longMessage": "That username is taken. Please try another.",
    "meta": {
      "paramName": "username"
    }
  }
]
     Clerk Error: true
  ❌ Error [User Migration]: Unprocessable Entity
  ❌ Migration failed: Unprocessable Entity

[219/692] Migrating: finnualafranklin7@gmail.com
  📋 Supabase ID: dd5e072a-5bc6-459d-acc7-84f6be591b7a
  🔍 Clerk API Error Details:
     Status: 422
     Message: Unprocessable Entity
     Errors: [
  {
    "code": "form_identifier_exists",
    "message": "That email address is taken. Please try another.",
    "longMessage": "That email address is taken. Please try another.",
    "meta": {
      "paramName": "email_address"
    }
  },
  {
    "code": "form_identifier_exists",
    "message": "That username is taken. Please try another.",
    "longMessage": "That username is taken. Please try another.",
    "meta": {
      "paramName": "username"
    }
  }
]
     Clerk Error: true
  ❌ Error [User Migration]: Unprocessable Entity
  ❌ Migration failed: Unprocessable Entity

[220/692] Migrating: j.romer1@student.gsa.ac.uk
  📋 Supabase ID: 3cf96f8a-3015-4ef7-8d5f-ec3dcc063838
  🔍 Clerk API Error Details:
     Status: 422
     Message: Unprocessable Entity
     Errors: [
  {
    "code": "form_identifier_exists",
    "message": "That email address is taken. Please try another.",
    "longMessage": "That email address is taken. Please try another.",
    "meta": {
      "paramName": "email_address"
    }
  },
  {
    "code": "form_identifier_exists",
    "message": "That username is taken. Please try another.",
    "longMessage": "That username is taken. Please try another.",
    "meta": {
      "paramName": "username"
    }
  }
]
     Clerk Error: true
  ❌ Error [User Migration]: Unprocessable Entity
  ❌ Migration failed: Unprocessable Entity

[221/692] Migrating: martynas@venck.us
  📋 Supabase ID: 94a37f5f-df59-484d-82e7-7c1c199b738f
  🔍 Clerk API Error Details:
     Status: 422
     Message: Unprocessable Entity
     Errors: [
  {
    "code": "form_identifier_exists",
    "message": "That email address is taken. Please try another.",
    "longMessage": "That email address is taken. Please try another.",
    "meta": {
      "paramName": "email_address"
    }
  },
  {
    "code": "form_identifier_exists",
    "message": "That username is taken. Please try another.",
    "longMessage": "That username is taken. Please try another.",
    "meta": {
      "paramName": "username"
    }
  }
]
     Clerk Error: true
  ❌ Error [User Migration]: Unprocessable Entity
  ❌ Migration failed: Unprocessable Entity

[222/692] Migrating: georgestannard@live.co.uk
  📋 Supabase ID: 1f9ba0e4-ed30-40c7-9a21-2af08ff11c61
  🔍 Clerk API Error Details:
     Status: 422
     Message: Unprocessable Entity
     Errors: [
  {
    "code": "form_identifier_exists",
    "message": "That email address is taken. Please try another.",
    "longMessage": "That email address is taken. Please try another.",
    "meta": {
      "paramName": "email_address"
    }
  },
  {
    "code": "form_identifier_exists",
    "message": "That username is taken. Please try another.",
    "longMessage": "That username is taken. Please try another.",
    "meta": {
      "paramName": "username"
    }
  }
]
     Clerk Error: true
  ❌ Error [User Migration]: Unprocessable Entity
  ❌ Migration failed: Unprocessable Entity

[223/692] Migrating: dborck@mcw.edu
  📋 Supabase ID: f56b5a17-8ab8-4785-a647-6d19e2afa4e2
  🔍 Clerk API Error Details:
     Status: 422
     Message: Unprocessable Entity
     Errors: [
  {
    "code": "form_identifier_exists",
    "message": "That email address is taken. Please try another.",
    "longMessage": "That email address is taken. Please try another.",
    "meta": {
      "paramName": "email_address"
    }
  },
  {
    "code": "form_identifier_exists",
    "message": "That username is taken. Please try another.",
    "longMessage": "That username is taken. Please try another.",
    "meta": {
      "paramName": "username"
    }
  }
]
     Clerk Error: true
  ❌ Error [User Migration]: Unprocessable Entity
  ❌ Migration failed: Unprocessable Entity

[224/692] Migrating: jack.broadley@pelorusconsulting.com
  📋 Supabase ID: 4e6cab1c-d77d-4a87-b634-f1df5a3c9941
  🔍 Clerk API Error Details:
     Status: 422
     Message: Unprocessable Entity
     Errors: [
  {
    "code": "form_identifier_exists",
    "message": "That email address is taken. Please try another.",
    "longMessage": "That email address is taken. Please try another.",
    "meta": {
      "paramName": "email_address"
    }
  },
  {
    "code": "form_identifier_exists",
    "message": "That username is taken. Please try another.",
    "longMessage": "That username is taken. Please try another.",
    "meta": {
      "paramName": "username"
    }
  }
]
     Clerk Error: true
  ❌ Error [User Migration]: Unprocessable Entity
  ❌ Migration failed: Unprocessable Entity

[225/692] Migrating: annavlc202@gmail.com
  📋 Supabase ID: d132fdd1-a6a7-4800-88a3-ef25c5a8662c
  🔍 Clerk API Error Details:
     Status: 422
     Message: Unprocessable Entity
     Errors: [
  {
    "code": "form_identifier_exists",
    "message": "That email address is taken. Please try another.",
    "longMessage": "That email address is taken. Please try another.",
    "meta": {
      "paramName": "email_address"
    }
  },
  {
    "code": "form_identifier_exists",
    "message": "That username is taken. Please try another.",
    "longMessage": "That username is taken. Please try another.",
    "meta": {
      "paramName": "username"
    }
  }
]
     Clerk Error: true
  ❌ Error [User Migration]: Unprocessable Entity
  ❌ Migration failed: Unprocessable Entity

[226/692] Migrating: gajstannard@icloud.com
  📋 Supabase ID: 6a6dc693-705a-4733-b48b-ab4a89d700fe
  🔍 Clerk API Error Details:
     Status: 422
     Message: Unprocessable Entity
     Errors: [
  {
    "code": "form_identifier_exists",
    "message": "That email address is taken. Please try another.",
    "longMessage": "That email address is taken. Please try another.",
    "meta": {
      "paramName": "email_address"
    }
  },
  {
    "code": "form_identifier_exists",
    "message": "That username is taken. Please try another.",
    "longMessage": "That username is taken. Please try another.",
    "meta": {
      "paramName": "username"
    }
  }
]
     Clerk Error: true
  ❌ Error [User Migration]: Unprocessable Entity
  ❌ Migration failed: Unprocessable Entity

[227/692] Migrating: hindasahir2000@gmail.com
  📋 Supabase ID: 44fae7d2-a0c0-4c99-80ac-b98e492f1e9a
  🔍 Clerk API Error Details:
     Status: 422
     Message: Unprocessable Entity
     Errors: [
  {
    "code": "form_identifier_exists",
    "message": "That email address is taken. Please try another.",
    "longMessage": "That email address is taken. Please try another.",
    "meta": {
      "paramName": "email_address"
    }
  },
  {
    "code": "form_identifier_exists",
    "message": "That username is taken. Please try another.",
    "longMessage": "That username is taken. Please try another.",
    "meta": {
      "paramName": "username"
    }
  }
]
     Clerk Error: true
  ❌ Error [User Migration]: Unprocessable Entity
  ❌ Migration failed: Unprocessable Entity

[228/692] Migrating: 115441352@umail.ucc.ie
  📋 Supabase ID: 25ccc1a9-0f93-4434-be17-ff11a40397a4
  🔍 Clerk API Error Details:
     Status: 422
     Message: Unprocessable Entity
     Errors: [
  {
    "code": "form_username_needs_non_number_char",
    "message": "Username must contain one non-number character.",
    "longMessage": "Username must contain one non-number character.",
    "meta": {
      "paramName": "username"
    }
  }
]
     Clerk Error: true
  ❌ Error [User Migration]: Unprocessable Entity
  ❌ Migration failed: Unprocessable Entity

[229/692] Migrating: orinakevin7@gmail.com
  📋 Supabase ID: 67dae51a-01a8-4d81-b670-bc17178bded5
  🔍 Clerk API Error Details:
     Status: 422
     Message: Unprocessable Entity
     Errors: [
  {
    "code": "form_identifier_exists",
    "message": "That email address is taken. Please try another.",
    "longMessage": "That email address is taken. Please try another.",
    "meta": {
      "paramName": "email_address"
    }
  },
  {
    "code": "form_identifier_exists",
    "message": "That username is taken. Please try another.",
    "longMessage": "That username is taken. Please try another.",
    "meta": {
      "paramName": "username"
    }
  }
]
     Clerk Error: true
  ❌ Error [User Migration]: Unprocessable Entity
  ❌ Migration failed: Unprocessable Entity

[230/692] Migrating: aracenafreddy@gmail.com
  📋 Supabase ID: 271b2e46-8f4d-4887-bdd5-c21b127c28da
  🔍 Clerk API Error Details:
     Status: 422
     Message: Unprocessable Entity
     Errors: [
  {
    "code": "form_identifier_exists",
    "message": "That email address is taken. Please try another.",
    "longMessage": "That email address is taken. Please try another.",
    "meta": {
      "paramName": "email_address"
    }
  },
  {
    "code": "form_identifier_exists",
    "message": "That username is taken. Please try another.",
    "longMessage": "That username is taken. Please try another.",
    "meta": {
      "paramName": "username"
    }
  }
]
     Clerk Error: true
  ❌ Error [User Migration]: Unprocessable Entity
  ❌ Migration failed: Unprocessable Entity

[231/692] Migrating: emmanuellechampy@gmail.com
  📋 Supabase ID: 0582e6a0-5152-4bc6-9a1d-675c5619a394
  🔍 Clerk API Error Details:
     Status: 422
     Message: Unprocessable Entity
     Errors: [
  {
    "code": "form_identifier_exists",
    "message": "That email address is taken. Please try another.",
    "longMessage": "That email address is taken. Please try another.",
    "meta": {
      "paramName": "email_address"
    }
  },
  {
    "code": "form_identifier_exists",
    "message": "That username is taken. Please try another.",
    "longMessage": "That username is taken. Please try another.",
    "meta": {
      "paramName": "username"
    }
  }
]
     Clerk Error: true
  ❌ Error [User Migration]: Unprocessable Entity
  ❌ Migration failed: Unprocessable Entity

[232/692] Migrating: suppala@gmu.edu
  📋 Supabase ID: 5fd5c4bf-8476-4b85-bcc6-67024d548f28
  🔍 Clerk API Error Details:
     Status: 422
     Message: Unprocessable Entity
     Errors: [
  {
    "code": "form_identifier_exists",
    "message": "That email address is taken. Please try another.",
    "longMessage": "That email address is taken. Please try another.",
    "meta": {
      "paramName": "email_address"
    }
  },
  {
    "code": "form_identifier_exists",
    "message": "That username is taken. Please try another.",
    "longMessage": "That username is taken. Please try another.",
    "meta": {
      "paramName": "username"
    }
  }
]
     Clerk Error: true
  ❌ Error [User Migration]: Unprocessable Entity
  ❌ Migration failed: Unprocessable Entity

[233/692] Migrating: chate_dm@yahoo.co.uk
  📋 Supabase ID: 2a112678-c6e6-435e-a0b5-bcf2dea091be
  🔍 Clerk API Error Details:
     Status: 422
     Message: Unprocessable Entity
     Errors: [
  {
    "code": "form_identifier_exists",
    "message": "That email address is taken. Please try another.",
    "longMessage": "That email address is taken. Please try another.",
    "meta": {
      "paramName": "email_address"
    }
  },
  {
    "code": "form_identifier_exists",
    "message": "That username is taken. Please try another.",
    "longMessage": "That username is taken. Please try another.",
    "meta": {
      "paramName": "username"
    }
  }
]
     Clerk Error: true
  ❌ Error [User Migration]: Unprocessable Entity
  ❌ Migration failed: Unprocessable Entity

[234/692] Migrating: valerie.kolick@samhsa.hhs.gov
  📋 Supabase ID: aaa7874b-afa0-4b5d-8a54-b9813fa6e21e
  🔍 Clerk API Error Details:
     Status: 422
     Message: Unprocessable Entity
     Errors: [
  {
    "code": "form_identifier_exists",
    "message": "That email address is taken. Please try another.",
    "longMessage": "That email address is taken. Please try another.",
    "meta": {
      "paramName": "email_address"
    }
  },
  {
    "code": "form_identifier_exists",
    "message": "That username is taken. Please try another.",
    "longMessage": "That username is taken. Please try another.",
    "meta": {
      "paramName": "username"
    }
  }
]
     Clerk Error: true
  ❌ Error [User Migration]: Unprocessable Entity
  ❌ Migration failed: Unprocessable Entity

[235/692] Migrating: jenniferdhillon@gmail.com
  📋 Supabase ID: d3d4bb64-ee7a-4ca0-9c2a-b129305dffe8
  🔍 Clerk API Error Details:
     Status: 422
     Message: Unprocessable Entity
     Errors: [
  {
    "code": "form_identifier_exists",
    "message": "That email address is taken. Please try another.",
    "longMessage": "That email address is taken. Please try another.",
    "meta": {
      "paramName": "email_address"
    }
  },
  {
    "code": "form_identifier_exists",
    "message": "That username is taken. Please try another.",
    "longMessage": "That username is taken. Please try another.",
    "meta": {
      "paramName": "username"
    }
  }
]
     Clerk Error: true
  ❌ Error [User Migration]: Unprocessable Entity
  ❌ Migration failed: Unprocessable Entity

[236/692] Migrating: crissner@gmail.com
  📋 Supabase ID: 6e53a8eb-2a91-48aa-a9fc-6ddb861f085c
  🔍 Clerk API Error Details:
     Status: 422
     Message: Unprocessable Entity
     Errors: [
  {
    "code": "form_identifier_exists",
    "message": "That email address is taken. Please try another.",
    "longMessage": "That email address is taken. Please try another.",
    "meta": {
      "paramName": "email_address"
    }
  },
  {
    "code": "form_identifier_exists",
    "message": "That username is taken. Please try another.",
    "longMessage": "That username is taken. Please try another.",
    "meta": {
      "paramName": "username"
    }
  }
]
     Clerk Error: true
  ❌ Error [User Migration]: Unprocessable Entity
  ❌ Migration failed: Unprocessable Entity

[237/692] Migrating: katija.khan@sta.uwi.edu
  📋 Supabase ID: ff93427c-b7a5-43dd-aef6-4837d3331cd4
  🔍 Clerk API Error Details:
     Status: 422
     Message: Unprocessable Entity
     Errors: [
  {
    "code": "form_identifier_exists",
    "message": "That username is taken. Please try another.",
    "longMessage": "That username is taken. Please try another.",
    "meta": {
      "paramName": "username"
    }
  }
]
     Clerk Error: true
  ❌ Error [User Migration]: Unprocessable Entity
  ❌ Migration failed: Unprocessable Entity

[238/692] Migrating: katija.khan@uwi.edu
  📋 Supabase ID: 3076cec7-31ed-40f2-821e-0f08ae6852b3
  🔍 Clerk API Error Details:
     Status: 422
     Message: Unprocessable Entity
     Errors: [
  {
    "code": "form_identifier_exists",
    "message": "That email address is taken. Please try another.",
    "longMessage": "That email address is taken. Please try another.",
    "meta": {
      "paramName": "email_address"
    }
  },
  {
    "code": "form_identifier_exists",
    "message": "That username is taken. Please try another.",
    "longMessage": "That username is taken. Please try another.",
    "meta": {
      "paramName": "username"
    }
  }
]
     Clerk Error: true
  ❌ Error [User Migration]: Unprocessable Entity
  ❌ Migration failed: Unprocessable Entity

[239/692] Migrating: fieldwork.khate@gmail.com
  📋 Supabase ID: 5177d9b0-54b6-46e0-be25-ff17fe234809
  🔍 Clerk API Error Details:
     Status: 422
     Message: Unprocessable Entity
     Errors: [
  {
    "code": "form_data_missing",
    "message": "missing data",
    "longMessage": "[\"first_name\" \"last_name\"] data doesn't match user requirements set for this instance",
    "meta": {}
  }
]
     Clerk Error: true
  ❌ Error [User Migration]: Unprocessable Entity
  ❌ Migration failed: Unprocessable Entity

[240/692] Migrating: khateangelatan@gmail.com
  📋 Supabase ID: 1dadc93a-fa7b-4bd2-8eab-3a9f5fead48f
  🔍 Clerk API Error Details:
     Status: 422
     Message: Unprocessable Entity
     Errors: [
  {
    "code": "form_identifier_exists",
    "message": "That email address is taken. Please try another.",
    "longMessage": "That email address is taken. Please try another.",
    "meta": {
      "paramName": "email_address"
    }
  },
  {
    "code": "form_identifier_exists",
    "message": "That username is taken. Please try another.",
    "longMessage": "That username is taken. Please try another.",
    "meta": {
      "paramName": "username"
    }
  }
]
     Clerk Error: true
  ❌ Error [User Migration]: Unprocessable Entity
  ❌ Migration failed: Unprocessable Entity

[241/692] Migrating: lenora.vaughn@outlook.com
  📋 Supabase ID: eaff2311-7a42-4bd9-865d-3a161881126d
  🔍 Clerk API Error Details:
     Status: 422
     Message: Unprocessable Entity
     Errors: [
  {
    "code": "form_identifier_exists",
    "message": "That email address is taken. Please try another.",
    "longMessage": "That email address is taken. Please try another.",
    "meta": {
      "paramName": "email_address"
    }
  },
  {
    "code": "form_identifier_exists",
    "message": "That username is taken. Please try another.",
    "longMessage": "That username is taken. Please try another.",
    "meta": {
      "paramName": "username"
    }
  }
]
     Clerk Error: true
  ❌ Error [User Migration]: Unprocessable Entity
  ❌ Migration failed: Unprocessable Entity

[242/692] Migrating: claphammiles@gmail.com
  📋 Supabase ID: c483e1a4-d68d-42bb-b944-34a341f7d63f
  🔍 Clerk API Error Details:
     Status: 422
     Message: Unprocessable Entity
     Errors: [
  {
    "code": "form_identifier_exists",
    "message": "That email address is taken. Please try another.",
    "longMessage": "That email address is taken. Please try another.",
    "meta": {
      "paramName": "email_address"
    }
  },
  {
    "code": "form_identifier_exists",
    "message": "That username is taken. Please try another.",
    "longMessage": "That username is taken. Please try another.",
    "meta": {
      "paramName": "username"
    }
  }
]
     Clerk Error: true
  ❌ Error [User Migration]: Unprocessable Entity
  ❌ Migration failed: Unprocessable Entity

[243/692] Migrating: amnahaider@gmail.com
  📋 Supabase ID: 1f958d50-08b3-4efd-989b-c26ec92e5214
  🔍 Clerk API Error Details:
     Status: 422
     Message: Unprocessable Entity
     Errors: [
  {
    "code": "form_identifier_exists",
    "message": "That email address is taken. Please try another.",
    "longMessage": "That email address is taken. Please try another.",
    "meta": {
      "paramName": "email_address"
    }
  },
  {
    "code": "form_identifier_exists",
    "message": "That username is taken. Please try another.",
    "longMessage": "That username is taken. Please try another.",
    "meta": {
      "paramName": "username"
    }
  }
]
     Clerk Error: true
  ❌ Error [User Migration]: Unprocessable Entity
  ❌ Migration failed: Unprocessable Entity

[244/692] Migrating: margaretha@psikologi.unair.ac.id
  📋 Supabase ID: ec829e9e-aad2-48cf-84d0-abd2a3cc8efe
  🔍 Clerk API Error Details:
     Status: 422
     Message: Unprocessable Entity
     Errors: [
  {
    "code": "form_identifier_exists",
    "message": "That email address is taken. Please try another.",
    "longMessage": "That email address is taken. Please try another.",
    "meta": {
      "paramName": "email_address"
    }
  },
  {
    "code": "form_identifier_exists",
    "message": "That username is taken. Please try another.",
    "longMessage": "That username is taken. Please try another.",
    "meta": {
      "paramName": "username"
    }
  }
]
     Clerk Error: true
  ❌ Error [User Migration]: Unprocessable Entity
  ❌ Migration failed: Unprocessable Entity

[245/692] Migrating: somya.srivastavaa@gmail.com
  📋 Supabase ID: c0f4b802-2f9a-4066-b5b3-6c3669a55f5d
  🔍 Clerk API Error Details:
     Status: 422
     Message: Unprocessable Entity
     Errors: [
  {
    "code": "form_identifier_exists",
    "message": "That email address is taken. Please try another.",
    "longMessage": "That email address is taken. Please try another.",
    "meta": {
      "paramName": "email_address"
    }
  },
  {
    "code": "form_identifier_exists",
    "message": "That username is taken. Please try another.",
    "longMessage": "That username is taken. Please try another.",
    "meta": {
      "paramName": "username"
    }
  }
]
     Clerk Error: true
  ❌ Error [User Migration]: Unprocessable Entity
  ❌ Migration failed: Unprocessable Entity

[246/692] Migrating: neethi@iphindia.org
  📋 Supabase ID: 614dccf9-1146-42a5-98bd-47c7da561cf1
  🔍 Clerk API Error Details:
     Status: 422
     Message: Unprocessable Entity
     Errors: [
  {
    "code": "form_identifier_exists",
    "message": "That email address is taken. Please try another.",
    "longMessage": "That email address is taken. Please try another.",
    "meta": {
      "paramName": "email_address"
    }
  },
  {
    "code": "form_identifier_exists",
    "message": "That username is taken. Please try another.",
    "longMessage": "That username is taken. Please try another.",
    "meta": {
      "paramName": "username"
    }
  }
]
     Clerk Error: true
  ❌ Error [User Migration]: Unprocessable Entity
  ❌ Migration failed: Unprocessable Entity

[247/692] Migrating: apb@dunelm.org.uk
  📋 Supabase ID: 01e850b0-189c-4af8-a899-5b7e93037737
  🔍 Clerk API Error Details:
     Status: 422
     Message: Unprocessable Entity
     Errors: [
  {
    "code": "form_username_invalid_length",
    "message": "Username must be between 4 and 64 characters long.",
    "longMessage": "Username must be between 4 and 64 characters long.",
    "meta": {
      "paramName": "username"
    }
  }
]
     Clerk Error: true
  ❌ Error [User Migration]: Unprocessable Entity
  ❌ Migration failed: Unprocessable Entity

[248/692] Migrating: jacqui.jesso@redcross.ca
  📋 Supabase ID: b92b0ab4-38d6-4b17-805e-3d7b16df634a
  🔍 Clerk API Error Details:
     Status: 422
     Message: Unprocessable Entity
     Errors: [
  {
    "code": "form_identifier_exists",
    "message": "That email address is taken. Please try another.",
    "longMessage": "That email address is taken. Please try another.",
    "meta": {
      "paramName": "email_address"
    }
  },
  {
    "code": "form_identifier_exists",
    "message": "That username is taken. Please try another.",
    "longMessage": "That username is taken. Please try another.",
    "meta": {
      "paramName": "username"
    }
  }
]
     Clerk Error: true
  ❌ Error [User Migration]: Unprocessable Entity
  ❌ Migration failed: Unprocessable Entity

[249/692] Migrating: shirleychristine146@gmail.com
  📋 Supabase ID: cd905648-1012-437b-8332-4d7f38c8eb3c
  🔍 Clerk API Error Details:
     Status: 422
     Message: Unprocessable Entity
     Errors: [
  {
    "code": "form_identifier_exists",
    "message": "That email address is taken. Please try another.",
    "longMessage": "That email address is taken. Please try another.",
    "meta": {
      "paramName": "email_address"
    }
  },
  {
    "code": "form_identifier_exists",
    "message": "That username is taken. Please try another.",
    "longMessage": "That username is taken. Please try another.",
    "meta": {
      "paramName": "username"
    }
  }
]
     Clerk Error: true
  ❌ Error [User Migration]: Unprocessable Entity
  ❌ Migration failed: Unprocessable Entity

[250/692] Migrating: aasthakumar4@gmail.com
  📋 Supabase ID: fd1d58f3-e8f6-45de-9637-33a09f88c737
  🔍 Clerk API Error Details:
     Status: 422
     Message: Unprocessable Entity
     Errors: [
  {
    "code": "form_identifier_exists",
    "message": "That email address is taken. Please try another.",
    "longMessage": "That email address is taken. Please try another.",
    "meta": {
      "paramName": "email_address"
    }
  },
  {
    "code": "form_identifier_exists",
    "message": "That username is taken. Please try another.",
    "longMessage": "That username is taken. Please try another.",
    "meta": {
      "paramName": "username"
    }
  }
]
     Clerk Error: true
  ❌ Error [User Migration]: Unprocessable Entity
  ❌ Migration failed: Unprocessable Entity

[251/692] Migrating: shreeya.gangasingh@gmail.com
  📋 Supabase ID: 6c5e05b5-ebed-4990-b4b9-706d80f5df44
  🔍 Clerk API Error Details:
     Status: 422
     Message: Unprocessable Entity
     Errors: [
  {
    "code": "form_identifier_exists",
    "message": "That email address is taken. Please try another.",
    "longMessage": "That email address is taken. Please try another.",
    "meta": {
      "paramName": "email_address"
    }
  },
  {
    "code": "form_identifier_exists",
    "message": "That username is taken. Please try another.",
    "longMessage": "That username is taken. Please try another.",
    "meta": {
      "paramName": "username"
    }
  }
]
     Clerk Error: true
  ❌ Error [User Migration]: Unprocessable Entity
  ❌ Migration failed: Unprocessable Entity

[252/692] Migrating: ahoyscolin@gmail.com
  📋 Supabase ID: 26467ecd-b438-4e03-89d0-d5e92c852d6e
  🔍 Clerk API Error Details:
     Status: 422
     Message: Unprocessable Entity
     Errors: [
  {
    "code": "form_identifier_exists",
    "message": "That email address is taken. Please try another.",
    "longMessage": "That email address is taken. Please try another.",
    "meta": {
      "paramName": "email_address"
    }
  },
  {
    "code": "form_identifier_exists",
    "message": "That username is taken. Please try another.",
    "longMessage": "That username is taken. Please try another.",
    "meta": {
      "paramName": "username"
    }
  }
]
     Clerk Error: true
  ❌ Error [User Migration]: Unprocessable Entity
  ❌ Migration failed: Unprocessable Entity

[253/692] Migrating: asima.bashir@mindchwf.org.uk
  📋 Supabase ID: 14abbfe3-928b-4bbf-bf97-c80123e54d94
  🔍 Clerk API Error Details:
     Status: 422
     Message: Unprocessable Entity
     Errors: [
  {
    "code": "form_identifier_exists",
    "message": "That email address is taken. Please try another.",
    "longMessage": "That email address is taken. Please try another.",
    "meta": {
      "paramName": "email_address"
    }
  },
  {
    "code": "form_identifier_exists",
    "message": "That username is taken. Please try another.",
    "longMessage": "That username is taken. Please try another.",
    "meta": {
      "paramName": "username"
    }
  }
]
     Clerk Error: true
  ❌ Error [User Migration]: Unprocessable Entity
  ❌ Migration failed: Unprocessable Entity

[254/692] Migrating: taraboverzat@gmail.com
  📋 Supabase ID: b6ba689c-adc7-422e-be50-ed5fdc98854a
  🔍 Clerk API Error Details:
     Status: 422
     Message: Unprocessable Entity
     Errors: [
  {
    "code": "form_identifier_exists",
    "message": "That email address is taken. Please try another.",
    "longMessage": "That email address is taken. Please try another.",
    "meta": {
      "paramName": "email_address"
    }
  },
  {
    "code": "form_identifier_exists",
    "message": "That username is taken. Please try another.",
    "longMessage": "That username is taken. Please try another.",
    "meta": {
      "paramName": "username"
    }
  }
]
     Clerk Error: true
  ❌ Error [User Migration]: Unprocessable Entity
  ❌ Migration failed: Unprocessable Entity

[255/692] Migrating: kara.archuleta515@gmail.com
  📋 Supabase ID: a90b0f8a-16ad-472e-bcb5-8dbf0f88d593
  🔍 Clerk API Error Details:
     Status: 422
     Message: Unprocessable Entity
     Errors: [
  {
    "code": "form_identifier_exists",
    "message": "That email address is taken. Please try another.",
    "longMessage": "That email address is taken. Please try another.",
    "meta": {
      "paramName": "email_address"
    }
  },
  {
    "code": "form_identifier_exists",
    "message": "That username is taken. Please try another.",
    "longMessage": "That username is taken. Please try another.",
    "meta": {
      "paramName": "username"
    }
  }
]
     Clerk Error: true
  ❌ Error [User Migration]: Unprocessable Entity
  ❌ Migration failed: Unprocessable Entity

[256/692] Migrating: raramos1@up.edu.ph
  📋 Supabase ID: 76babcb3-b7d7-4e07-91de-e01422e5a611
  🔍 Clerk API Error Details:
     Status: 422
     Message: Unprocessable Entity
     Errors: [
  {
    "code": "form_identifier_exists",
    "message": "That email address is taken. Please try another.",
    "longMessage": "That email address is taken. Please try another.",
    "meta": {
      "paramName": "email_address"
    }
  },
  {
    "code": "form_identifier_exists",
    "message": "That username is taken. Please try another.",
    "longMessage": "That username is taken. Please try another.",
    "meta": {
      "paramName": "username"
    }
  }
]
     Clerk Error: true
  ❌ Error [User Migration]: Unprocessable Entity
  ❌ Migration failed: Unprocessable Entity

[257/692] Migrating: connectingwithcaroling@gmail.com
  📋 Supabase ID: 22c40eeb-baf1-4da2-809d-823820c0f0e5
  🔍 Clerk API Error Details:
     Status: 422
     Message: Unprocessable Entity
     Errors: [
  {
    "code": "form_identifier_exists",
    "message": "That email address is taken. Please try another.",
    "longMessage": "That email address is taken. Please try another.",
    "meta": {
      "paramName": "email_address"
    }
  },
  {
    "code": "form_identifier_exists",
    "message": "That username is taken. Please try another.",
    "longMessage": "That username is taken. Please try another.",
    "meta": {
      "paramName": "username"
    }
  }
]
     Clerk Error: true
  ❌ Error [User Migration]: Unprocessable Entity
  ❌ Migration failed: Unprocessable Entity

[258/692] Migrating: didier.aksanti1@gmail.com
  📋 Supabase ID: f6a478e4-b2e4-4663-9822-c2108a164cb8
  🔍 Clerk API Error Details:
     Status: 422
     Message: Unprocessable Entity
     Errors: [
  {
    "code": "form_identifier_exists",
    "message": "That email address is taken. Please try another.",
    "longMessage": "That email address is taken. Please try another.",
    "meta": {
      "paramName": "email_address"
    }
  },
  {
    "code": "form_identifier_exists",
    "message": "That username is taken. Please try another.",
    "longMessage": "That username is taken. Please try another.",
    "meta": {
      "paramName": "username"
    }
  }
]
     Clerk Error: true
  ❌ Error [User Migration]: Unprocessable Entity
  ❌ Migration failed: Unprocessable Entity

[259/692] Migrating: ddombrowski@berkeley.edu
  📋 Supabase ID: 78648119-d827-418b-ae81-3ca40a9462f9
  🔍 Clerk API Error Details:
     Status: 422
     Message: Unprocessable Entity
     Errors: [
  {
    "code": "form_identifier_exists",
    "message": "That email address is taken. Please try another.",
    "longMessage": "That email address is taken. Please try another.",
    "meta": {
      "paramName": "email_address"
    }
  },
  {
    "code": "form_identifier_exists",
    "message": "That username is taken. Please try another.",
    "longMessage": "That username is taken. Please try another.",
    "meta": {
      "paramName": "username"
    }
  }
]
     Clerk Error: true
  ❌ Error [User Migration]: Unprocessable Entity
  ❌ Migration failed: Unprocessable Entity

[260/692] Migrating: zz9y-hnb@asahi-net.or.jp
  📋 Supabase ID: 2d7cacbe-841f-452e-a501-56ed578be6f9
  🔍 Clerk API Error Details:
     Status: 422
     Message: Unprocessable Entity
     Errors: [
  {
    "code": "form_identifier_exists",
    "message": "That email address is taken. Please try another.",
    "longMessage": "That email address is taken. Please try another.",
    "meta": {
      "paramName": "email_address"
    }
  },
  {
    "code": "form_identifier_exists",
    "message": "That username is taken. Please try another.",
    "longMessage": "That username is taken. Please try another.",
    "meta": {
      "paramName": "username"
    }
  }
]
     Clerk Error: true
  ❌ Error [User Migration]: Unprocessable Entity
  ❌ Migration failed: Unprocessable Entity

[261/692] Migrating: andycycle@hotmail.com
  📋 Supabase ID: cad229bd-d7f9-4f77-8f8b-615e61239935
  🔍 Clerk API Error Details:
     Status: 422
     Message: Unprocessable Entity
     Errors: [
  {
    "code": "form_identifier_exists",
    "message": "That email address is taken. Please try another.",
    "longMessage": "That email address is taken. Please try another.",
    "meta": {
      "paramName": "email_address"
    }
  },
  {
    "code": "form_identifier_exists",
    "message": "That username is taken. Please try another.",
    "longMessage": "That username is taken. Please try another.",
    "meta": {
      "paramName": "username"
    }
  }
]
     Clerk Error: true
  ❌ Error [User Migration]: Unprocessable Entity
  ❌ Migration failed: Unprocessable Entity

[262/692] Migrating: khiggs@mhcca.ca
  📋 Supabase ID: c29e9ed2-860e-4763-8495-f3a021c9c2f7
  🔍 Clerk API Error Details:
     Status: 422
     Message: Unprocessable Entity
     Errors: [
  {
    "code": "form_identifier_exists",
    "message": "That email address is taken. Please try another.",
    "longMessage": "That email address is taken. Please try another.",
    "meta": {
      "paramName": "email_address"
    }
  },
  {
    "code": "form_identifier_exists",
    "message": "That username is taken. Please try another.",
    "longMessage": "That username is taken. Please try another.",
    "meta": {
      "paramName": "username"
    }
  }
]
     Clerk Error: true
  ❌ Error [User Migration]: Unprocessable Entity
  ❌ Migration failed: Unprocessable Entity

[263/692] Migrating: martin.n.fisher@me.com
  📋 Supabase ID: c2f801aa-bb15-490e-8965-ed91e19fdd3f
  🔍 Clerk API Error Details:
     Status: 422
     Message: Unprocessable Entity
     Errors: [
  {
    "code": "form_identifier_exists",
    "message": "That email address is taken. Please try another.",
    "longMessage": "That email address is taken. Please try another.",
    "meta": {
      "paramName": "email_address"
    }
  },
  {
    "code": "form_identifier_exists",
    "message": "That username is taken. Please try another.",
    "longMessage": "That username is taken. Please try another.",
    "meta": {
      "paramName": "username"
    }
  }
]
     Clerk Error: true
  ❌ Error [User Migration]: Unprocessable Entity
  ❌ Migration failed: Unprocessable Entity

[264/692] Migrating: katywoodwardcoates@outlook.com
  📋 Supabase ID: 7cc4df27-405d-4ddb-921b-507f8d5a75ca
  🔍 Clerk API Error Details:
     Status: 422
     Message: Unprocessable Entity
     Errors: [
  {
    "code": "form_identifier_exists",
    "message": "That email address is taken. Please try another.",
    "longMessage": "That email address is taken. Please try another.",
    "meta": {
      "paramName": "email_address"
    }
  },
  {
    "code": "form_identifier_exists",
    "message": "That username is taken. Please try another.",
    "longMessage": "That username is taken. Please try another.",
    "meta": {
      "paramName": "username"
    }
  }
]
     Clerk Error: true
  ❌ Error [User Migration]: Unprocessable Entity
  ❌ Migration failed: Unprocessable Entity

[265/692] Migrating: reddytaylen@gmail.com
  📋 Supabase ID: a84f0581-21a0-4495-bcc3-6d6c0dc1bb55
  🔍 Clerk API Error Details:
     Status: 422
     Message: Unprocessable Entity
     Errors: [
  {
    "code": "form_identifier_exists",
    "message": "That email address is taken. Please try another.",
    "longMessage": "That email address is taken. Please try another.",
    "meta": {
      "paramName": "email_address"
    }
  },
  {
    "code": "form_identifier_exists",
    "message": "That username is taken. Please try another.",
    "longMessage": "That username is taken. Please try another.",
    "meta": {
      "paramName": "username"
    }
  }
]
     Clerk Error: true
  ❌ Error [User Migration]: Unprocessable Entity
  ❌ Migration failed: Unprocessable Entity

[266/692] Migrating: reem.ismail@urbanhealth.org.uk
  📋 Supabase ID: 88a5b38c-2b13-4226-a7e2-6d0b7fc07620
  🔍 Clerk API Error Details:
     Status: 422
     Message: Unprocessable Entity
     Errors: [
  {
    "code": "form_identifier_exists",
    "message": "That email address is taken. Please try another.",
    "longMessage": "That email address is taken. Please try another.",
    "meta": {
      "paramName": "email_address"
    }
  },
  {
    "code": "form_identifier_exists",
    "message": "That username is taken. Please try another.",
    "longMessage": "That username is taken. Please try another.",
    "meta": {
      "paramName": "username"
    }
  }
]
     Clerk Error: true
  ❌ Error [User Migration]: Unprocessable Entity
  ❌ Migration failed: Unprocessable Entity

[267/692] Migrating: kilaye60@gmail.com
  📋 Supabase ID: ed425cfb-ab14-4a6d-88b4-c08946e9ae74
  🔍 Clerk API Error Details:
     Status: 422
     Message: Unprocessable Entity
     Errors: [
  {
    "code": "form_identifier_exists",
    "message": "That email address is taken. Please try another.",
    "longMessage": "That email address is taken. Please try another.",
    "meta": {
      "paramName": "email_address"
    }
  },
  {
    "code": "form_identifier_exists",
    "message": "That username is taken. Please try another.",
    "longMessage": "That username is taken. Please try another.",
    "meta": {
      "paramName": "username"
    }
  }
]
     Clerk Error: true
  ❌ Error [User Migration]: Unprocessable Entity
  ❌ Migration failed: Unprocessable Entity

[268/692] Migrating: mrichards9922@gmail.com
  📋 Supabase ID: 0fe3915a-2b89-40e3-a9e0-4d4edd960079
  🔍 Clerk API Error Details:
     Status: 422
     Message: Unprocessable Entity
     Errors: [
  {
    "code": "form_identifier_exists",
    "message": "That email address is taken. Please try another.",
    "longMessage": "That email address is taken. Please try another.",
    "meta": {
      "paramName": "email_address"
    }
  },
  {
    "code": "form_identifier_exists",
    "message": "That username is taken. Please try another.",
    "longMessage": "That username is taken. Please try another.",
    "meta": {
      "paramName": "username"
    }
  }
]
     Clerk Error: true
  ❌ Error [User Migration]: Unprocessable Entity
  ❌ Migration failed: Unprocessable Entity

[269/692] Migrating: mary.richards@brunel.ac.uk
  📋 Supabase ID: 20c344cc-90f6-42d4-8242-3434b569bd61
  🔍 Clerk API Error Details:
     Status: 422
     Message: Unprocessable Entity
     Errors: [
  {
    "code": "form_identifier_exists",
    "message": "That email address is taken. Please try another.",
    "longMessage": "That email address is taken. Please try another.",
    "meta": {
      "paramName": "email_address"
    }
  },
  {
    "code": "form_identifier_exists",
    "message": "That username is taken. Please try another.",
    "longMessage": "That username is taken. Please try another.",
    "meta": {
      "paramName": "username"
    }
  }
]
     Clerk Error: true
  ❌ Error [User Migration]: Unprocessable Entity
  ❌ Migration failed: Unprocessable Entity

[270/692] Migrating: lifecarepsychologist@gmail.com
  📋 Supabase ID: 3370fe52-e73e-46aa-91f3-67b6eda0b27e
  🔍 Clerk API Error Details:
     Status: 422
     Message: Unprocessable Entity
     Errors: [
  {
    "code": "form_identifier_exists",
    "message": "That email address is taken. Please try another.",
    "longMessage": "That email address is taken. Please try another.",
    "meta": {
      "paramName": "email_address"
    }
  },
  {
    "code": "form_identifier_exists",
    "message": "That username is taken. Please try another.",
    "longMessage": "That username is taken. Please try another.",
    "meta": {
      "paramName": "username"
    }
  }
]
     Clerk Error: true
  ❌ Error [User Migration]: Unprocessable Entity
  ❌ Migration failed: Unprocessable Entity

[271/692] Migrating: ailawan@unicef.org
  📋 Supabase ID: 720af2da-f529-4be3-9183-3a7225cb6fd8
  🔍 Clerk API Error Details:
     Status: 422
     Message: Unprocessable Entity
     Errors: [
  {
    "code": "form_identifier_exists",
    "message": "That email address is taken. Please try another.",
    "longMessage": "That email address is taken. Please try another.",
    "meta": {
      "paramName": "email_address"
    }
  },
  {
    "code": "form_identifier_exists",
    "message": "That username is taken. Please try another.",
    "longMessage": "That username is taken. Please try another.",
    "meta": {
      "paramName": "username"
    }
  }
]
     Clerk Error: true
  ❌ Error [User Migration]: Unprocessable Entity
  ❌ Migration failed: Unprocessable Entity

[272/692] Migrating: zafiraamani.works@gmail.com
  📋 Supabase ID: 8ec772ff-a9f0-48f1-b1a6-ba9c83a84293
  🔍 Clerk API Error Details:
     Status: 422
     Message: Unprocessable Entity
     Errors: [
  {
    "code": "form_identifier_exists",
    "message": "That email address is taken. Please try another.",
    "longMessage": "That email address is taken. Please try another.",
    "meta": {
      "paramName": "email_address"
    }
  },
  {
    "code": "form_identifier_exists",
    "message": "That username is taken. Please try another.",
    "longMessage": "That username is taken. Please try another.",
    "meta": {
      "paramName": "username"
    }
  }
]
     Clerk Error: true
  ❌ Error [User Migration]: Unprocessable Entity
  ❌ Migration failed: Unprocessable Entity

[273/692] Migrating: icodreanu@unicef.org
  📋 Supabase ID: 755025c9-3c67-4dd4-8444-c81727d226fd
  🔍 Clerk API Error Details:
     Status: 422
     Message: Unprocessable Entity
     Errors: [
  {
    "code": "form_identifier_exists",
    "message": "That email address is taken. Please try another.",
    "longMessage": "That email address is taken. Please try another.",
    "meta": {
      "paramName": "email_address"
    }
  },
  {
    "code": "form_identifier_exists",
    "message": "That username is taken. Please try another.",
    "longMessage": "That username is taken. Please try another.",
    "meta": {
      "paramName": "username"
    }
  }
]
     Clerk Error: true
  ❌ Error [User Migration]: Unprocessable Entity
  ❌ Migration failed: Unprocessable Entity

[274/692] Migrating: nli@unicef.org
  📋 Supabase ID: 0bb572cd-f962-4221-ae5b-125d999abfdc
  🔍 Clerk API Error Details:
     Status: 422
     Message: Unprocessable Entity
     Errors: [
  {
    "code": "form_username_invalid_length",
    "message": "Username must be between 4 and 64 characters long.",
    "longMessage": "Username must be between 4 and 64 characters long.",
    "meta": {
      "paramName": "username"
    }
  }
]
     Clerk Error: true
  ❌ Error [User Migration]: Unprocessable Entity
  ❌ Migration failed: Unprocessable Entity

[275/692] Migrating: xinrui.wong@nie.edu.sg
  📋 Supabase ID: 43448878-9f83-4ce0-954e-6cd78e9a1cbd
  🔍 Clerk API Error Details:
     Status: 422
     Message: Unprocessable Entity
     Errors: [
  {
    "code": "form_identifier_exists",
    "message": "That email address is taken. Please try another.",
    "longMessage": "That email address is taken. Please try another.",
    "meta": {
      "paramName": "email_address"
    }
  },
  {
    "code": "form_identifier_exists",
    "message": "That username is taken. Please try another.",
    "longMessage": "That username is taken. Please try another.",
    "meta": {
      "paramName": "username"
    }
  }
]
     Clerk Error: true
  ❌ Error [User Migration]: Unprocessable Entity
  ❌ Migration failed: Unprocessable Entity

[276/692] Migrating: tatiana@decamargo.com
  📋 Supabase ID: 08e01ac4-64f9-408f-9a91-cae7ab4d8542
  🔍 Clerk API Error Details:
     Status: 422
     Message: Unprocessable Entity
     Errors: [
  {
    "code": "form_identifier_exists",
    "message": "That email address is taken. Please try another.",
    "longMessage": "That email address is taken. Please try another.",
    "meta": {
      "paramName": "email_address"
    }
  },
  {
    "code": "form_identifier_exists",
    "message": "That username is taken. Please try another.",
    "longMessage": "That username is taken. Please try another.",
    "meta": {
      "paramName": "username"
    }
  }
]
     Clerk Error: true
  ❌ Error [User Migration]: Unprocessable Entity
  ❌ Migration failed: Unprocessable Entity

[277/692] Migrating: rhian.thomas@glasgow.ac.uk
  📋 Supabase ID: fd8da7c3-df25-473f-a368-8736dcc2f0c7
  🔍 Clerk API Error Details:
     Status: 422
     Message: Unprocessable Entity
     Errors: [
  {
    "code": "form_identifier_exists",
    "message": "That email address is taken. Please try another.",
    "longMessage": "That email address is taken. Please try another.",
    "meta": {
      "paramName": "email_address"
    }
  },
  {
    "code": "form_identifier_exists",
    "message": "That username is taken. Please try another.",
    "longMessage": "That username is taken. Please try another.",
    "meta": {
      "paramName": "username"
    }
  }
]
     Clerk Error: true
  ❌ Error [User Migration]: Unprocessable Entity
  ❌ Migration failed: Unprocessable Entity

[278/692] Migrating: kadesmab@gmail.com
  📋 Supabase ID: 3e25d2e2-0150-468e-b4e7-d28cc27153bf
  🔍 Clerk API Error Details:
     Status: 422
     Message: Unprocessable Entity
     Errors: [
  {
    "code": "form_identifier_exists",
    "message": "That email address is taken. Please try another.",
    "longMessage": "That email address is taken. Please try another.",
    "meta": {
      "paramName": "email_address"
    }
  },
  {
    "code": "form_identifier_exists",
    "message": "That username is taken. Please try another.",
    "longMessage": "That username is taken. Please try another.",
    "meta": {
      "paramName": "username"
    }
  }
]
     Clerk Error: true
  ❌ Error [User Migration]: Unprocessable Entity
  ❌ Migration failed: Unprocessable Entity

[279/692] Migrating: kelsey.sloter@wwfus.org
  📋 Supabase ID: c9978322-46a0-4af0-a3f8-434790e91840
  🔍 Clerk API Error Details:
     Status: 422
     Message: Unprocessable Entity
     Errors: [
  {
    "code": "form_identifier_exists",
    "message": "That email address is taken. Please try another.",
    "longMessage": "That email address is taken. Please try another.",
    "meta": {
      "paramName": "email_address"
    }
  },
  {
    "code": "form_identifier_exists",
    "message": "That username is taken. Please try another.",
    "longMessage": "That username is taken. Please try another.",
    "meta": {
      "paramName": "username"
    }
  }
]
     Clerk Error: true
  ❌ Error [User Migration]: Unprocessable Entity
  ❌ Migration failed: Unprocessable Entity

[280/692] Migrating: ecorestorationsolutions@gmail.com
  📋 Supabase ID: 12b5d58d-eff1-472f-af05-dcb15950f74e
  🔍 Clerk API Error Details:
     Status: 422
     Message: Unprocessable Entity
     Errors: [
  {
    "code": "form_identifier_exists",
    "message": "That email address is taken. Please try another.",
    "longMessage": "That email address is taken. Please try another.",
    "meta": {
      "paramName": "email_address"
    }
  },
  {
    "code": "form_identifier_exists",
    "message": "That username is taken. Please try another.",
    "longMessage": "That username is taken. Please try another.",
    "meta": {
      "paramName": "username"
    }
  }
]
     Clerk Error: true
  ❌ Error [User Migration]: Unprocessable Entity
  ❌ Migration failed: Unprocessable Entity

[281/692] Migrating: fhe779@hnee.de
  📋 Supabase ID: e6dacc10-bfee-442f-bf5f-c7e29707d507
  🔍 Clerk API Error Details:
     Status: 422
     Message: Unprocessable Entity
     Errors: [
  {
    "code": "form_data_missing",
    "message": "missing data",
    "longMessage": "[\"first_name\" \"last_name\"] data doesn't match user requirements set for this instance",
    "meta": {}
  }
]
     Clerk Error: true
  ❌ Error [User Migration]: Unprocessable Entity
  ❌ Migration failed: Unprocessable Entity

[282/692] Migrating: taijielim@gmail.com
  📋 Supabase ID: 0cabbd61-9293-4d61-bc87-11cbebf3fb4d
  🔍 Clerk API Error Details:
     Status: 422
     Message: Unprocessable Entity
     Errors: [
  {
    "code": "form_identifier_exists",
    "message": "That email address is taken. Please try another.",
    "longMessage": "That email address is taken. Please try another.",
    "meta": {
      "paramName": "email_address"
    }
  },
  {
    "code": "form_identifier_exists",
    "message": "That username is taken. Please try another.",
    "longMessage": "That username is taken. Please try another.",
    "meta": {
      "paramName": "username"
    }
  }
]
     Clerk Error: true
  ❌ Error [User Migration]: Unprocessable Entity
  ❌ Migration failed: Unprocessable Entity

[283/692] Migrating: mahin_149@yahoo.com
  📋 Supabase ID: 6608ad5b-835d-41f6-9031-ecd335792679
  🔍 Clerk API Error Details:
     Status: 422
     Message: Unprocessable Entity
     Errors: [
  {
    "code": "form_identifier_exists",
    "message": "That email address is taken. Please try another.",
    "longMessage": "That email address is taken. Please try another.",
    "meta": {
      "paramName": "email_address"
    }
  },
  {
    "code": "form_identifier_exists",
    "message": "That username is taken. Please try another.",
    "longMessage": "That username is taken. Please try another.",
    "meta": {
      "paramName": "username"
    }
  }
]
     Clerk Error: true
  ❌ Error [User Migration]: Unprocessable Entity
  ❌ Migration failed: Unprocessable Entity

[284/692] Migrating: rodriguezalfonso@unbosque.edu.co
  📋 Supabase ID: 874c92bf-9acd-4fa0-8fbb-567d9415d0df
  🔍 Clerk API Error Details:
     Status: 422
     Message: Unprocessable Entity
     Errors: [
  {
    "code": "form_identifier_exists",
    "message": "That email address is taken. Please try another.",
    "longMessage": "That email address is taken. Please try another.",
    "meta": {
      "paramName": "email_address"
    }
  },
  {
    "code": "form_identifier_exists",
    "message": "That username is taken. Please try another.",
    "longMessage": "That username is taken. Please try another.",
    "meta": {
      "paramName": "username"
    }
  }
]
     Clerk Error: true
  ❌ Error [User Migration]: Unprocessable Entity
  ❌ Migration failed: Unprocessable Entity

[285/692] Migrating: banafsha@phcglobal.org
  📋 Supabase ID: 555717c1-05bb-435d-95e7-e9a360ed0672
  🔍 Clerk API Error Details:
     Status: 422
     Message: Unprocessable Entity
     Errors: [
  {
    "code": "form_identifier_exists",
    "message": "That email address is taken. Please try another.",
    "longMessage": "That email address is taken. Please try another.",
    "meta": {
      "paramName": "email_address"
    }
  },
  {
    "code": "form_identifier_exists",
    "message": "That username is taken. Please try another.",
    "longMessage": "That username is taken. Please try another.",
    "meta": {
      "paramName": "username"
    }
  }
]
     Clerk Error: true
  ❌ Error [User Migration]: Unprocessable Entity
  ❌ Migration failed: Unprocessable Entity

[286/692] Migrating: raraj@emphnet.net
  📋 Supabase ID: 24463e06-b239-4e70-a014-7d302fddbc27
  🔍 Clerk API Error Details:
     Status: 422
     Message: Unprocessable Entity
     Errors: [
  {
    "code": "form_identifier_exists",
    "message": "That email address is taken. Please try another.",
    "longMessage": "That email address is taken. Please try another.",
    "meta": {
      "paramName": "email_address"
    }
  },
  {
    "code": "form_identifier_exists",
    "message": "That username is taken. Please try another.",
    "longMessage": "That username is taken. Please try another.",
    "meta": {
      "paramName": "username"
    }
  }
]
     Clerk Error: true
  ❌ Error [User Migration]: Unprocessable Entity
  ❌ Migration failed: Unprocessable Entity

[287/692] Migrating: j.dykxhoorn@ucl.ac.uk
  📋 Supabase ID: 920f64ec-e25a-4d2c-99e0-a48f3eb55d80
  🔍 Clerk API Error Details:
     Status: 422
     Message: Unprocessable Entity
     Errors: [
  {
    "code": "form_identifier_exists",
    "message": "That email address is taken. Please try another.",
    "longMessage": "That email address is taken. Please try another.",
    "meta": {
      "paramName": "email_address"
    }
  },
  {
    "code": "form_identifier_exists",
    "message": "That username is taken. Please try another.",
    "longMessage": "That username is taken. Please try another.",
    "meta": {
      "paramName": "username"
    }
  }
]
     Clerk Error: true
  ❌ Error [User Migration]: Unprocessable Entity
  ❌ Migration failed: Unprocessable Entity

[288/692] Migrating: zachw001@d.umn.edu
  📋 Supabase ID: b29a9de7-49bc-490c-b83d-60db1b58993c
  🔍 Clerk API Error Details:
     Status: 422
     Message: Unprocessable Entity
     Errors: [
  {
    "code": "form_identifier_exists",
    "message": "That email address is taken. Please try another.",
    "longMessage": "That email address is taken. Please try another.",
    "meta": {
      "paramName": "email_address"
    }
  },
  {
    "code": "form_identifier_exists",
    "message": "That username is taken. Please try another.",
    "longMessage": "That username is taken. Please try another.",
    "meta": {
      "paramName": "username"
    }
  }
]
     Clerk Error: true
  ❌ Error [User Migration]: Unprocessable Entity
  ❌ Migration failed: Unprocessable Entity

[289/692] Migrating: seleajulia@gmail.com
  📋 Supabase ID: a509a03d-b9ea-4e26-b9eb-264fa231395c
  🔍 Clerk API Error Details:
     Status: 422
     Message: Unprocessable Entity
     Errors: [
  {
    "code": "form_identifier_exists",
    "message": "That email address is taken. Please try another.",
    "longMessage": "That email address is taken. Please try another.",
    "meta": {
      "paramName": "email_address"
    }
  },
  {
    "code": "form_identifier_exists",
    "message": "That username is taken. Please try another.",
    "longMessage": "That username is taken. Please try another.",
    "meta": {
      "paramName": "username"
    }
  }
]
     Clerk Error: true
  ❌ Error [User Migration]: Unprocessable Entity
  ❌ Migration failed: Unprocessable Entity

[290/692] Migrating: ldjandam@hcwh.org
  📋 Supabase ID: 244729a8-9d36-4997-a4fb-304ef5fd4862
  🔍 Clerk API Error Details:
     Status: 422
     Message: Unprocessable Entity
     Errors: [
  {
    "code": "form_identifier_exists",
    "message": "That email address is taken. Please try another.",
    "longMessage": "That email address is taken. Please try another.",
    "meta": {
      "paramName": "email_address"
    }
  },
  {
    "code": "form_identifier_exists",
    "message": "That username is taken. Please try another.",
    "longMessage": "That username is taken. Please try another.",
    "meta": {
      "paramName": "username"
    }
  }
]
     Clerk Error: true
  ❌ Error [User Migration]: Unprocessable Entity
  ❌ Migration failed: Unprocessable Entity

[291/692] Migrating: an.verelst@health.fgov.be
  📋 Supabase ID: 2aa813b4-cb1e-45b1-ad99-9e3bc600cb23
  🔍 Clerk API Error Details:
     Status: 422
     Message: Unprocessable Entity
     Errors: [
  {
    "code": "form_identifier_exists",
    "message": "That email address is taken. Please try another.",
    "longMessage": "That email address is taken. Please try another.",
    "meta": {
      "paramName": "email_address"
    }
  },
  {
    "code": "form_identifier_exists",
    "message": "That username is taken. Please try another.",
    "longMessage": "That username is taken. Please try another.",
    "meta": {
      "paramName": "username"
    }
  }
]
     Clerk Error: true
  ❌ Error [User Migration]: Unprocessable Entity
  ❌ Migration failed: Unprocessable Entity

[292/692] Migrating: jmckowen@climatehealthresilience.com
  📋 Supabase ID: fbc2c210-99a6-4518-be60-cb548b765be2
  🔍 Clerk API Error Details:
     Status: 422
     Message: Unprocessable Entity
     Errors: [
  {
    "code": "form_identifier_exists",
    "message": "That email address is taken. Please try another.",
    "longMessage": "That email address is taken. Please try another.",
    "meta": {
      "paramName": "email_address"
    }
  },
  {
    "code": "form_identifier_exists",
    "message": "That username is taken. Please try another.",
    "longMessage": "That username is taken. Please try another.",
    "meta": {
      "paramName": "username"
    }
  }
]
     Clerk Error: true
  ❌ Error [User Migration]: Unprocessable Entity
  ❌ Migration failed: Unprocessable Entity

[293/692] Migrating: marvin@unbuiltlabs.com
  📋 Supabase ID: c6f38e95-fc67-4bc2-b6f7-f4318034ee90
  🔍 Clerk API Error Details:
     Status: 422
     Message: Unprocessable Entity
     Errors: [
  {
    "code": "form_identifier_exists",
    "message": "That email address is taken. Please try another.",
    "longMessage": "That email address is taken. Please try another.",
    "meta": {
      "paramName": "email_address"
    }
  },
  {
    "code": "form_identifier_exists",
    "message": "That username is taken. Please try another.",
    "longMessage": "That username is taken. Please try another.",
    "meta": {
      "paramName": "username"
    }
  }
]
     Clerk Error: true
  ❌ Error [User Migration]: Unprocessable Entity
  ❌ Migration failed: Unprocessable Entity

[294/692] Migrating: kristin.hadfield@tcd.ie
  📋 Supabase ID: a35c2813-706f-4ea7-a643-2c685a7588e4
  🔍 Clerk API Error Details:
     Status: 422
     Message: Unprocessable Entity
     Errors: [
  {
    "code": "form_identifier_exists",
    "message": "That email address is taken. Please try another.",
    "longMessage": "That email address is taken. Please try another.",
    "meta": {
      "paramName": "email_address"
    }
  },
  {
    "code": "form_identifier_exists",
    "message": "That username is taken. Please try another.",
    "longMessage": "That username is taken. Please try another.",
    "meta": {
      "paramName": "username"
    }
  }
]
     Clerk Error: true
  ❌ Error [User Migration]: Unprocessable Entity
  ❌ Migration failed: Unprocessable Entity

[295/692] Migrating: endutachege@gmail.com
  📋 Supabase ID: 29ed38dd-e085-4362-a195-c1f4a5c67099
  🔍 Clerk API Error Details:
     Status: 422
     Message: Unprocessable Entity
     Errors: [
  {
    "code": "form_identifier_exists",
    "message": "That email address is taken. Please try another.",
    "longMessage": "That email address is taken. Please try another.",
    "meta": {
      "paramName": "email_address"
    }
  },
  {
    "code": "form_identifier_exists",
    "message": "That username is taken. Please try another.",
    "longMessage": "That username is taken. Please try another.",
    "meta": {
      "paramName": "username"
    }
  }
]
     Clerk Error: true
  ❌ Error [User Migration]: Unprocessable Entity
  ❌ Migration failed: Unprocessable Entity

[296/692] Migrating: isadoragtorres@gmail.com
  📋 Supabase ID: 4e1c0c06-9b0f-4e1d-8e90-9c10c18c3728
  🔍 Clerk API Error Details:
     Status: 422
     Message: Unprocessable Entity
     Errors: [
  {
    "code": "form_identifier_exists",
    "message": "That email address is taken. Please try another.",
    "longMessage": "That email address is taken. Please try another.",
    "meta": {
      "paramName": "email_address"
    }
  },
  {
    "code": "form_identifier_exists",
    "message": "That username is taken. Please try another.",
    "longMessage": "That username is taken. Please try another.",
    "meta": {
      "paramName": "username"
    }
  }
]
     Clerk Error: true
  ❌ Error [User Migration]: Unprocessable Entity
  ❌ Migration failed: Unprocessable Entity

[297/692] Migrating: chandikichamkar@gmail.com
  📋 Supabase ID: 16285a99-59ee-4e63-9079-43d35046f597
  🔍 Clerk API Error Details:
     Status: 422
     Message: Unprocessable Entity
     Errors: [
  {
    "code": "form_identifier_exists",
    "message": "That email address is taken. Please try another.",
    "longMessage": "That email address is taken. Please try another.",
    "meta": {
      "paramName": "email_address"
    }
  },
  {
    "code": "form_identifier_exists",
    "message": "That username is taken. Please try another.",
    "longMessage": "That username is taken. Please try another.",
    "meta": {
      "paramName": "username"
    }
  }
]
     Clerk Error: true
  ❌ Error [User Migration]: Unprocessable Entity
  ❌ Migration failed: Unprocessable Entity

[298/692] Migrating: twesigyeck@yahoo.com
  📋 Supabase ID: a5aad8bf-ad5e-414a-ac5d-804176bdf65b
  🔍 Clerk API Error Details:
     Status: 422
     Message: Unprocessable Entity
     Errors: [
  {
    "code": "form_data_missing",
    "message": "missing data",
    "longMessage": "[\"first_name\" \"last_name\"] data doesn't match user requirements set for this instance",
    "meta": {}
  }
]
     Clerk Error: true
  ❌ Error [User Migration]: Unprocessable Entity
  ❌ Migration failed: Unprocessable Entity

[299/692] Migrating: selin.nurgun@gmail.com
  📋 Supabase ID: 1c57ae8b-d71f-4cd2-a7c7-c2f21b9b29ec
  🔍 Clerk API Error Details:
     Status: 422
     Message: Unprocessable Entity
     Errors: [
  {
    "code": "form_identifier_exists",
    "message": "That email address is taken. Please try another.",
    "longMessage": "That email address is taken. Please try another.",
    "meta": {
      "paramName": "email_address"
    }
  },
  {
    "code": "form_identifier_exists",
    "message": "That username is taken. Please try another.",
    "longMessage": "That username is taken. Please try another.",
    "meta": {
      "paramName": "username"
    }
  }
]
     Clerk Error: true
  ❌ Error [User Migration]: Unprocessable Entity
  ❌ Migration failed: Unprocessable Entity

[300/692] Migrating: info@climatedpsych.com
  📋 Supabase ID: a8979120-1c00-4ae0-9d1a-6bca631971ed
  🔍 Clerk API Error Details:
     Status: 422
     Message: Unprocessable Entity
     Errors: [
  {
    "code": "form_identifier_exists",
    "message": "That email address is taken. Please try another.",
    "longMessage": "That email address is taken. Please try another.",
    "meta": {
      "paramName": "email_address"
    }
  },
  {
    "code": "form_identifier_exists",
    "message": "That username is taken. Please try another.",
    "longMessage": "That username is taken. Please try another.",
    "meta": {
      "paramName": "username"
    }
  }
]
     Clerk Error: true
  ❌ Error [User Migration]: Unprocessable Entity
  ❌ Migration failed: Unprocessable Entity

[301/692] Migrating: grayenolan@gmail.com
  📋 Supabase ID: bb8fe5c8-ddb5-44de-a7ab-38471b6f7a58
  🔍 Clerk API Error Details:
     Status: 422
     Message: Unprocessable Entity
     Errors: [
  {
    "code": "form_identifier_exists",
    "message": "That email address is taken. Please try another.",
    "longMessage": "That email address is taken. Please try another.",
    "meta": {
      "paramName": "email_address"
    }
  },
  {
    "code": "form_identifier_exists",
    "message": "That username is taken. Please try another.",
    "longMessage": "That username is taken. Please try another.",
    "meta": {
      "paramName": "username"
    }
  }
]
     Clerk Error: true
  ❌ Error [User Migration]: Unprocessable Entity
  ❌ Migration failed: Unprocessable Entity

[302/692] Migrating: aliyubarau79@gmail.com
  📋 Supabase ID: f822f1bb-7bc8-4104-8b27-75d6e0a2c52c
  🔍 Clerk API Error Details:
     Status: 422
     Message: Unprocessable Entity
     Errors: [
  {
    "code": "form_identifier_exists",
    "message": "That email address is taken. Please try another.",
    "longMessage": "That email address is taken. Please try another.",
    "meta": {
      "paramName": "email_address"
    }
  },
  {
    "code": "form_identifier_exists",
    "message": "That username is taken. Please try another.",
    "longMessage": "That username is taken. Please try another.",
    "meta": {
      "paramName": "username"
    }
  }
]
     Clerk Error: true
  ❌ Error [User Migration]: Unprocessable Entity
  ❌ Migration failed: Unprocessable Entity

[303/692] Migrating: mcnayar11@gmail.com
  📋 Supabase ID: 9e576892-db7d-4d10-bab3-5aa5686d0fa3
  🔍 Clerk API Error Details:
     Status: 422
     Message: Unprocessable Entity
     Errors: [
  {
    "code": "form_identifier_exists",
    "message": "That email address is taken. Please try another.",
    "longMessage": "That email address is taken. Please try another.",
    "meta": {
      "paramName": "email_address"
    }
  },
  {
    "code": "form_identifier_exists",
    "message": "That username is taken. Please try another.",
    "longMessage": "That username is taken. Please try another.",
    "meta": {
      "paramName": "username"
    }
  }
]
     Clerk Error: true
  ❌ Error [User Migration]: Unprocessable Entity
  ❌ Migration failed: Unprocessable Entity

[304/692] Migrating: alramadona@ugm.ac.id
  📋 Supabase ID: 7bf0baca-6256-425b-9389-bdca1649358e
  🔍 Clerk API Error Details:
     Status: 422
     Message: Unprocessable Entity
     Errors: [
  {
    "code": "form_identifier_exists",
    "message": "That email address is taken. Please try another.",
    "longMessage": "That email address is taken. Please try another.",
    "meta": {
      "paramName": "email_address"
    }
  },
  {
    "code": "form_identifier_exists",
    "message": "That username is taken. Please try another.",
    "longMessage": "That username is taken. Please try another.",
    "meta": {
      "paramName": "username"
    }
  }
]
     Clerk Error: true
  ❌ Error [User Migration]: Unprocessable Entity
  ❌ Migration failed: Unprocessable Entity

[305/692] Migrating: helendraperauthor@gmail.com
  📋 Supabase ID: 8e7f767d-a6ac-4cea-a6af-a701c3d41f70
  🔍 Clerk API Error Details:
     Status: 422
     Message: Unprocessable Entity
     Errors: [
  {
    "code": "form_identifier_exists",
    "message": "That email address is taken. Please try another.",
    "longMessage": "That email address is taken. Please try another.",
    "meta": {
      "paramName": "email_address"
    }
  },
  {
    "code": "form_identifier_exists",
    "message": "That username is taken. Please try another.",
    "longMessage": "That username is taken. Please try another.",
    "meta": {
      "paramName": "username"
    }
  }
]
     Clerk Error: true
  ❌ Error [User Migration]: Unprocessable Entity
  ❌ Migration failed: Unprocessable Entity

[306/692] Migrating: harshitaumesh21@gmail.com
  📋 Supabase ID: 092ce732-9059-4bbe-934b-04a3bbe58d36
  🔍 Clerk API Error Details:
     Status: 422
     Message: Unprocessable Entity
     Errors: [
  {
    "code": "form_identifier_exists",
    "message": "That email address is taken. Please try another.",
    "longMessage": "That email address is taken. Please try another.",
    "meta": {
      "paramName": "email_address"
    }
  },
  {
    "code": "form_identifier_exists",
    "message": "That username is taken. Please try another.",
    "longMessage": "That username is taken. Please try another.",
    "meta": {
      "paramName": "username"
    }
  }
]
     Clerk Error: true
  ❌ Error [User Migration]: Unprocessable Entity
  ❌ Migration failed: Unprocessable Entity

[307/692] Migrating: luca.tateo@isp.uio.no
  📋 Supabase ID: e5b42077-e42b-4614-82a5-543a03e91cb2
  🔍 Clerk API Error Details:
     Status: 422
     Message: Unprocessable Entity
     Errors: [
  {
    "code": "form_identifier_exists",
    "message": "That email address is taken. Please try another.",
    "longMessage": "That email address is taken. Please try another.",
    "meta": {
      "paramName": "email_address"
    }
  },
  {
    "code": "form_identifier_exists",
    "message": "That username is taken. Please try another.",
    "longMessage": "That username is taken. Please try another.",
    "meta": {
      "paramName": "username"
    }
  }
]
     Clerk Error: true
  ❌ Error [User Migration]: Unprocessable Entity
  ❌ Migration failed: Unprocessable Entity

[308/692] Migrating: cochiluguercho@gmail.com
  📋 Supabase ID: c0048de0-a830-45b5-9480-239b75e8db82
  🔍 Clerk API Error Details:
     Status: 422
     Message: Unprocessable Entity
     Errors: [
  {
    "code": "form_identifier_exists",
    "message": "That email address is taken. Please try another.",
    "longMessage": "That email address is taken. Please try another.",
    "meta": {
      "paramName": "email_address"
    }
  },
  {
    "code": "form_identifier_exists",
    "message": "That username is taken. Please try another.",
    "longMessage": "That username is taken. Please try another.",
    "meta": {
      "paramName": "username"
    }
  }
]
     Clerk Error: true
  ❌ Error [User Migration]: Unprocessable Entity
  ❌ Migration failed: Unprocessable Entity

[309/692] Migrating: anidu14@gmail.com
  📋 Supabase ID: 2a7c5b5c-0b13-4d1d-96a2-71340edd926a
  🔍 Clerk API Error Details:
     Status: 422
     Message: Unprocessable Entity
     Errors: [
  {
    "code": "form_identifier_exists",
    "message": "That email address is taken. Please try another.",
    "longMessage": "That email address is taken. Please try another.",
    "meta": {
      "paramName": "email_address"
    }
  },
  {
    "code": "form_identifier_exists",
    "message": "That username is taken. Please try another.",
    "longMessage": "That username is taken. Please try another.",
    "meta": {
      "paramName": "username"
    }
  }
]
     Clerk Error: true
  ❌ Error [User Migration]: Unprocessable Entity
  ❌ Migration failed: Unprocessable Entity

[310/692] Migrating: md.mahadzir@adeante.com
  📋 Supabase ID: 6fa7107b-83b8-42b5-9f31-90b499b2d4bc
  🔍 Clerk API Error Details:
     Status: 422
     Message: Unprocessable Entity
     Errors: [
  {
    "code": "form_identifier_exists",
    "message": "That email address is taken. Please try another.",
    "longMessage": "That email address is taken. Please try another.",
    "meta": {
      "paramName": "email_address"
    }
  },
  {
    "code": "form_identifier_exists",
    "message": "That username is taken. Please try another.",
    "longMessage": "That username is taken. Please try another.",
    "meta": {
      "paramName": "username"
    }
  }
]
     Clerk Error: true
  ❌ Error [User Migration]: Unprocessable Entity
  ❌ Migration failed: Unprocessable Entity

[311/692] Migrating: himanigupta0167@gmail.com
  📋 Supabase ID: d5256956-0fc2-430a-be0c-2aba5d862379
  🔍 Clerk API Error Details:
     Status: 422
     Message: Unprocessable Entity
     Errors: [
  {
    "code": "form_identifier_exists",
    "message": "That email address is taken. Please try another.",
    "longMessage": "That email address is taken. Please try another.",
    "meta": {
      "paramName": "email_address"
    }
  },
  {
    "code": "form_identifier_exists",
    "message": "That username is taken. Please try another.",
    "longMessage": "That username is taken. Please try another.",
    "meta": {
      "paramName": "username"
    }
  }
]
     Clerk Error: true
  ❌ Error [User Migration]: Unprocessable Entity
  ❌ Migration failed: Unprocessable Entity

[312/692] Migrating: nadine_abdelhadi@yahoo.com
  📋 Supabase ID: b4d3fa6e-dbe5-402e-adb5-181489e694ef
  🔍 Clerk API Error Details:
     Status: 422
     Message: Unprocessable Entity
     Errors: [
  {
    "code": "form_identifier_exists",
    "message": "That email address is taken. Please try another.",
    "longMessage": "That email address is taken. Please try another.",
    "meta": {
      "paramName": "email_address"
    }
  },
  {
    "code": "form_identifier_exists",
    "message": "That username is taken. Please try another.",
    "longMessage": "That username is taken. Please try another.",
    "meta": {
      "paramName": "username"
    }
  }
]
     Clerk Error: true
  ❌ Error [User Migration]: Unprocessable Entity
  ❌ Migration failed: Unprocessable Entity

[313/692] Migrating: tooheen@ciu.edu.bd
  📋 Supabase ID: 92b729c5-609a-4927-b9d8-d119bc78a12e
  🔍 Clerk API Error Details:
     Status: 422
     Message: Unprocessable Entity
     Errors: [
  {
    "code": "form_identifier_exists",
    "message": "That email address is taken. Please try another.",
    "longMessage": "That email address is taken. Please try another.",
    "meta": {
      "paramName": "email_address"
    }
  },
  {
    "code": "form_identifier_exists",
    "message": "That username is taken. Please try another.",
    "longMessage": "That username is taken. Please try another.",
    "meta": {
      "paramName": "username"
    }
  }
]
     Clerk Error: true
  ❌ Error [User Migration]: Unprocessable Entity
  ❌ Migration failed: Unprocessable Entity

[314/692] Migrating: ananduv13@gmail.com
  📋 Supabase ID: d5ca5a6e-a9fa-4221-be1c-eb35542870df
  🔍 Clerk API Error Details:
     Status: 422
     Message: Unprocessable Entity
     Errors: [
  {
    "code": "form_identifier_exists",
    "message": "That email address is taken. Please try another.",
    "longMessage": "That email address is taken. Please try another.",
    "meta": {
      "paramName": "email_address"
    }
  },
  {
    "code": "form_identifier_exists",
    "message": "That username is taken. Please try another.",
    "longMessage": "That username is taken. Please try another.",
    "meta": {
      "paramName": "username"
    }
  }
]
     Clerk Error: true
  ❌ Error [User Migration]: Unprocessable Entity
  ❌ Migration failed: Unprocessable Entity

[315/692] Migrating: idchoji@gmail.com
  📋 Supabase ID: 3bdb8ad4-fd70-453b-9808-519980b22813
  🔍 Clerk API Error Details:
     Status: 422
     Message: Unprocessable Entity
     Errors: [
  {
    "code": "form_identifier_exists",
    "message": "That email address is taken. Please try another.",
    "longMessage": "That email address is taken. Please try another.",
    "meta": {
      "paramName": "email_address"
    }
  },
  {
    "code": "form_identifier_exists",
    "message": "That username is taken. Please try another.",
    "longMessage": "That username is taken. Please try another.",
    "meta": {
      "paramName": "username"
    }
  }
]
     Clerk Error: true
  ❌ Error [User Migration]: Unprocessable Entity
  ❌ Migration failed: Unprocessable Entity

[316/692] Migrating: a.chavez@exeter.ac.uk
  📋 Supabase ID: 86b44eca-d603-49e3-9aad-ef47563cdd6b
  🔍 Clerk API Error Details:
     Status: 422
     Message: Unprocessable Entity
     Errors: [
  {
    "code": "form_data_missing",
    "message": "missing data",
    "longMessage": "[\"first_name\" \"last_name\"] data doesn't match user requirements set for this instance",
    "meta": {}
  }
]
     Clerk Error: true
  ❌ Error [User Migration]: Unprocessable Entity
  ❌ Migration failed: Unprocessable Entity

[317/692] Migrating: carolina.ve2020@gmail.com
  📋 Supabase ID: 83880e0e-2427-43cb-8fc2-292ef3ba5458
  🔍 Clerk API Error Details:
     Status: 422
     Message: Unprocessable Entity
     Errors: [
  {
    "code": "form_identifier_exists",
    "message": "That email address is taken. Please try another.",
    "longMessage": "That email address is taken. Please try another.",
    "meta": {
      "paramName": "email_address"
    }
  },
  {
    "code": "form_identifier_exists",
    "message": "That username is taken. Please try another.",
    "longMessage": "That username is taken. Please try another.",
    "meta": {
      "paramName": "username"
    }
  }
]
     Clerk Error: true
  ❌ Error [User Migration]: Unprocessable Entity
  ❌ Migration failed: Unprocessable Entity

[318/692] Migrating: neelambaree@climarts.org
  📋 Supabase ID: 8c96ca02-59b9-40f4-a3a6-eefd09c68eea
  🔍 Clerk API Error Details:
     Status: 422
     Message: Unprocessable Entity
     Errors: [
  {
    "code": "form_identifier_exists",
    "message": "That email address is taken. Please try another.",
    "longMessage": "That email address is taken. Please try another.",
    "meta": {
      "paramName": "email_address"
    }
  },
  {
    "code": "form_identifier_exists",
    "message": "That username is taken. Please try another.",
    "longMessage": "That username is taken. Please try another.",
    "meta": {
      "paramName": "username"
    }
  }
]
     Clerk Error: true
  ❌ Error [User Migration]: Unprocessable Entity
  ❌ Migration failed: Unprocessable Entity

[319/692] Migrating: sarah.levitt@uhn.ca
  📋 Supabase ID: fc7502da-8034-4c42-ab92-26d38e8bdd30
  🔍 Clerk API Error Details:
     Status: 422
     Message: Unprocessable Entity
     Errors: [
  {
    "code": "form_identifier_exists",
    "message": "That email address is taken. Please try another.",
    "longMessage": "That email address is taken. Please try another.",
    "meta": {
      "paramName": "email_address"
    }
  },
  {
    "code": "form_identifier_exists",
    "message": "That username is taken. Please try another.",
    "longMessage": "That username is taken. Please try another.",
    "meta": {
      "paramName": "username"
    }
  }
]
     Clerk Error: true
  ❌ Error [User Migration]: Unprocessable Entity
  ❌ Migration failed: Unprocessable Entity

[320/692] Migrating: tess.fitzgerald@apolitical.co
  📋 Supabase ID: df3784f5-e9b6-4dc6-94c4-ac38ec55abf7
  🔍 Clerk API Error Details:
     Status: 422
     Message: Unprocessable Entity
     Errors: [
  {
    "code": "form_identifier_exists",
    "message": "That email address is taken. Please try another.",
    "longMessage": "That email address is taken. Please try another.",
    "meta": {
      "paramName": "email_address"
    }
  },
  {
    "code": "form_identifier_exists",
    "message": "That username is taken. Please try another.",
    "longMessage": "That username is taken. Please try another.",
    "meta": {
      "paramName": "username"
    }
  }
]
     Clerk Error: true
  ❌ Error [User Migration]: Unprocessable Entity
  ❌ Migration failed: Unprocessable Entity

[321/692] Migrating: r.oh@uq.edu.au
  📋 Supabase ID: a6634409-d908-40bc-89a5-d2b98253572e
  🔍 Clerk API Error Details:
     Status: 422
     Message: Unprocessable Entity
     Errors: [
  {
    "code": "form_identifier_exists",
    "message": "That email address is taken. Please try another.",
    "longMessage": "That email address is taken. Please try another.",
    "meta": {
      "paramName": "email_address"
    }
  },
  {
    "code": "form_identifier_exists",
    "message": "That username is taken. Please try another.",
    "longMessage": "That username is taken. Please try another.",
    "meta": {
      "paramName": "username"
    }
  }
]
     Clerk Error: true
  ❌ Error [User Migration]: Unprocessable Entity
  ❌ Migration failed: Unprocessable Entity

[322/692] Migrating: risaacs@pih.org
  📋 Supabase ID: 638d0bd5-877e-4b15-abcd-e3e98203e23f
  🔍 Clerk API Error Details:
     Status: 422
     Message: Unprocessable Entity
     Errors: [
  {
    "code": "form_identifier_exists",
    "message": "That email address is taken. Please try another.",
    "longMessage": "That email address is taken. Please try another.",
    "meta": {
      "paramName": "email_address"
    }
  },
  {
    "code": "form_identifier_exists",
    "message": "That username is taken. Please try another.",
    "longMessage": "That username is taken. Please try another.",
    "meta": {
      "paramName": "username"
    }
  }
]
     Clerk Error: true
  ❌ Error [User Migration]: Unprocessable Entity
  ❌ Migration failed: Unprocessable Entity

[323/692] Migrating: madeleinehill22@gmail.com
  📋 Supabase ID: 7cda8772-a89c-4b19-af4a-5c7de2654072
  🔍 Clerk API Error Details:
     Status: 422
     Message: Unprocessable Entity
     Errors: [
  {
    "code": "form_data_missing",
    "message": "missing data",
    "longMessage": "[\"first_name\" \"last_name\"] data doesn't match user requirements set for this instance",
    "meta": {}
  }
]
     Clerk Error: true
  ❌ Error [User Migration]: Unprocessable Entity
  ❌ Migration failed: Unprocessable Entity

[324/692] Migrating: cpdmatch@gmail.com
  📋 Supabase ID: 6cc6f187-0116-4afc-859b-e03894f37c08
  🔍 Clerk API Error Details:
     Status: 422
     Message: Unprocessable Entity
     Errors: [
  {
    "code": "form_identifier_exists",
    "message": "That email address is taken. Please try another.",
    "longMessage": "That email address is taken. Please try another.",
    "meta": {
      "paramName": "email_address"
    }
  },
  {
    "code": "form_identifier_exists",
    "message": "That username is taken. Please try another.",
    "longMessage": "That username is taken. Please try another.",
    "meta": {
      "paramName": "username"
    }
  }
]
     Clerk Error: true
  ❌ Error [User Migration]: Unprocessable Entity
  ❌ Migration failed: Unprocessable Entity

[325/692] Migrating: matthew.pearce@ons.gov.uk
  📋 Supabase ID: 6e671a18-3b79-4ff4-82ed-2aa8a7d8c7b9
  🔍 Clerk API Error Details:
     Status: 422
     Message: Unprocessable Entity
     Errors: [
  {
    "code": "form_identifier_exists",
    "message": "That email address is taken. Please try another.",
    "longMessage": "That email address is taken. Please try another.",
    "meta": {
      "paramName": "email_address"
    }
  },
  {
    "code": "form_identifier_exists",
    "message": "That username is taken. Please try another.",
    "longMessage": "That username is taken. Please try another.",
    "meta": {
      "paramName": "username"
    }
  }
]
     Clerk Error: true
  ❌ Error [User Migration]: Unprocessable Entity
  ❌ Migration failed: Unprocessable Entity

[326/692] Migrating: e.lawrance@imperial.ac.uk
  📋 Supabase ID: 9760dc2f-ef62-4775-894e-0cf454b784b0
  🔍 Clerk API Error Details:
     Status: 422
     Message: Unprocessable Entity
     Errors: [
  {
    "code": "form_identifier_exists",
    "message": "That email address is taken. Please try another.",
    "longMessage": "That email address is taken. Please try another.",
    "meta": {
      "paramName": "email_address"
    }
  },
  {
    "code": "form_identifier_exists",
    "message": "That username is taken. Please try another.",
    "longMessage": "That username is taken. Please try another.",
    "meta": {
      "paramName": "username"
    }
  }
]
     Clerk Error: true
  ❌ Error [User Migration]: Unprocessable Entity
  ❌ Migration failed: Unprocessable Entity

[327/692] Migrating: s.cooke@griffith.edu.au
  📋 Supabase ID: 0f91af91-844b-44d6-82eb-7ee4e8d32bdc
  🔍 Clerk API Error Details:
     Status: 422
     Message: Unprocessable Entity
     Errors: [
  {
    "code": "form_identifier_exists",
    "message": "That email address is taken. Please try another.",
    "longMessage": "That email address is taken. Please try another.",
    "meta": {
      "paramName": "email_address"
    }
  },
  {
    "code": "form_identifier_exists",
    "message": "That username is taken. Please try another.",
    "longMessage": "That username is taken. Please try another.",
    "meta": {
      "paramName": "username"
    }
  }
]
     Clerk Error: true
  ❌ Error [User Migration]: Unprocessable Entity
  ❌ Migration failed: Unprocessable Entity

[328/692] Migrating: hemslinemakale@gmail.com
  📋 Supabase ID: b9d960d9-2444-44b5-8344-5df0788b28b6
  🔍 Clerk API Error Details:
     Status: 422
     Message: Unprocessable Entity
     Errors: [
  {
    "code": "form_identifier_exists",
    "message": "That email address is taken. Please try another.",
    "longMessage": "That email address is taken. Please try another.",
    "meta": {
      "paramName": "email_address"
    }
  },
  {
    "code": "form_identifier_exists",
    "message": "That username is taken. Please try another.",
    "longMessage": "That username is taken. Please try another.",
    "meta": {
      "paramName": "username"
    }
  }
]
     Clerk Error: true
  ❌ Error [User Migration]: Unprocessable Entity
  ❌ Migration failed: Unprocessable Entity

[329/692] Migrating: shivanka.gautam@nature.scot
  📋 Supabase ID: dfea5b8b-f1a3-47b7-aa6e-cd1a1c424f4e
  🔍 Clerk API Error Details:
     Status: 422
     Message: Unprocessable Entity
     Errors: [
  {
    "code": "form_identifier_exists",
    "message": "That email address is taken. Please try another.",
    "longMessage": "That email address is taken. Please try another.",
    "meta": {
      "paramName": "email_address"
    }
  },
  {
    "code": "form_identifier_exists",
    "message": "That username is taken. Please try another.",
    "longMessage": "That username is taken. Please try another.",
    "meta": {
      "paramName": "username"
    }
  }
]
     Clerk Error: true
  ❌ Error [User Migration]: Unprocessable Entity
  ❌ Migration failed: Unprocessable Entity

[330/692] Migrating: aajarandilla@hotmail.com
  📋 Supabase ID: 2f26b599-cf2a-4eb9-86e3-d3198e94992d
  🔍 Clerk API Error Details:
     Status: 422
     Message: Unprocessable Entity
     Errors: [
  {
    "code": "form_identifier_exists",
    "message": "That email address is taken. Please try another.",
    "longMessage": "That email address is taken. Please try another.",
    "meta": {
      "paramName": "email_address"
    }
  },
  {
    "code": "form_identifier_exists",
    "message": "That username is taken. Please try another.",
    "longMessage": "That username is taken. Please try another.",
    "meta": {
      "paramName": "username"
    }
  }
]
     Clerk Error: true
  ❌ Error [User Migration]: Unprocessable Entity
  ❌ Migration failed: Unprocessable Entity

[331/692] Migrating: dean.connolly@lshtm.ac.uk
  📋 Supabase ID: 19cc92af-8c5c-481c-8771-1466c5a6f2c8
  🔍 Clerk API Error Details:
     Status: 422
     Message: Unprocessable Entity
     Errors: [
  {
    "code": "form_identifier_exists",
    "message": "That email address is taken. Please try another.",
    "longMessage": "That email address is taken. Please try another.",
    "meta": {
      "paramName": "email_address"
    }
  },
  {
    "code": "form_identifier_exists",
    "message": "That username is taken. Please try another.",
    "longMessage": "That username is taken. Please try another.",
    "meta": {
      "paramName": "username"
    }
  }
]
     Clerk Error: true
  ❌ Error [User Migration]: Unprocessable Entity
  ❌ Migration failed: Unprocessable Entity

[332/692] Migrating: fidel.durand93@gmail.com
  📋 Supabase ID: 9a35532f-a51d-4a39-9a9e-07d307fa97a8
  🔍 Clerk API Error Details:
     Status: 422
     Message: Unprocessable Entity
     Errors: [
  {
    "code": "form_identifier_exists",
    "message": "That email address is taken. Please try another.",
    "longMessage": "That email address is taken. Please try another.",
    "meta": {
      "paramName": "email_address"
    }
  },
  {
    "code": "form_identifier_exists",
    "message": "That username is taken. Please try another.",
    "longMessage": "That username is taken. Please try another.",
    "meta": {
      "paramName": "username"
    }
  }
]
     Clerk Error: true
  ❌ Error [User Migration]: Unprocessable Entity
  ❌ Migration failed: Unprocessable Entity

[333/692] Migrating: jmassipcuba@gmail.com
  📋 Supabase ID: 016c495d-5f64-4ad8-80a9-f3dfd04c9b89
  🔍 Clerk API Error Details:
     Status: 422
     Message: Unprocessable Entity
     Errors: [
  {
    "code": "form_identifier_exists",
    "message": "That email address is taken. Please try another.",
    "longMessage": "That email address is taken. Please try another.",
    "meta": {
      "paramName": "email_address"
    }
  },
  {
    "code": "form_identifier_exists",
    "message": "That username is taken. Please try another.",
    "longMessage": "That username is taken. Please try another.",
    "meta": {
      "paramName": "username"
    }
  }
]
     Clerk Error: true
  ❌ Error [User Migration]: Unprocessable Entity
  ❌ Migration failed: Unprocessable Entity

[334/692] Migrating: joeerp@gmail.com
  📋 Supabase ID: 04498dbd-d50b-4df9-98f5-86685a0d3403
  🔍 Clerk API Error Details:
     Status: 422
     Message: Unprocessable Entity
     Errors: [
  {
    "code": "form_identifier_exists",
    "message": "That email address is taken. Please try another.",
    "longMessage": "That email address is taken. Please try another.",
    "meta": {
      "paramName": "email_address"
    }
  },
  {
    "code": "form_identifier_exists",
    "message": "That username is taken. Please try another.",
    "longMessage": "That username is taken. Please try another.",
    "meta": {
      "paramName": "username"
    }
  }
]
     Clerk Error: true
  ❌ Error [User Migration]: Unprocessable Entity
  ❌ Migration failed: Unprocessable Entity

[335/692] Migrating: uhertommy@gmail.com
  📋 Supabase ID: 0df76cd9-ce01-47b7-b14d-b7132e98e1c6
  🔍 Clerk API Error Details:
     Status: 422
     Message: Unprocessable Entity
     Errors: [
  {
    "code": "form_identifier_exists",
    "message": "That email address is taken. Please try another.",
    "longMessage": "That email address is taken. Please try another.",
    "meta": {
      "paramName": "email_address"
    }
  },
  {
    "code": "form_identifier_exists",
    "message": "That username is taken. Please try another.",
    "longMessage": "That username is taken. Please try another.",
    "meta": {
      "paramName": "username"
    }
  }
]
     Clerk Error: true
  ❌ Error [User Migration]: Unprocessable Entity
  ❌ Migration failed: Unprocessable Entity

[336/692] Migrating: rifkatujohn20@gmail.com
  📋 Supabase ID: ad2c5e90-b324-462d-b858-036d7a0fb647
  🔍 Clerk API Error Details:
     Status: 422
     Message: Unprocessable Entity
     Errors: [
  {
    "code": "form_identifier_exists",
    "message": "That email address is taken. Please try another.",
    "longMessage": "That email address is taken. Please try another.",
    "meta": {
      "paramName": "email_address"
    }
  },
  {
    "code": "form_identifier_exists",
    "message": "That username is taken. Please try another.",
    "longMessage": "That username is taken. Please try another.",
    "meta": {
      "paramName": "username"
    }
  }
]
     Clerk Error: true
  ❌ Error [User Migration]: Unprocessable Entity
  ❌ Migration failed: Unprocessable Entity

[337/692] Migrating: jboyatt@gmail.com
  📋 Supabase ID: ec19be48-a807-42aa-a31c-171be190e51d
  🔍 Clerk API Error Details:
     Status: 422
     Message: Unprocessable Entity
     Errors: [
  {
    "code": "form_identifier_exists",
    "message": "That email address is taken. Please try another.",
    "longMessage": "That email address is taken. Please try another.",
    "meta": {
      "paramName": "email_address"
    }
  },
  {
    "code": "form_identifier_exists",
    "message": "That username is taken. Please try another.",
    "longMessage": "That username is taken. Please try another.",
    "meta": {
      "paramName": "username"
    }
  }
]
     Clerk Error: true
  ❌ Error [User Migration]: Unprocessable Entity
  ❌ Migration failed: Unprocessable Entity

[338/692] Migrating: aarias.u@ucb.edu.bo
  📋 Supabase ID: 55b37705-0edf-441f-b14e-692e59a74b9d
  🔍 Clerk API Error Details:
     Status: 422
     Message: Unprocessable Entity
     Errors: [
  {
    "code": "form_identifier_exists",
    "message": "That email address is taken. Please try another.",
    "longMessage": "That email address is taken. Please try another.",
    "meta": {
      "paramName": "email_address"
    }
  },
  {
    "code": "form_identifier_exists",
    "message": "That username is taken. Please try another.",
    "longMessage": "That username is taken. Please try another.",
    "meta": {
      "paramName": "username"
    }
  }
]
     Clerk Error: true
  ❌ Error [User Migration]: Unprocessable Entity
  ❌ Migration failed: Unprocessable Entity

[339/692] Migrating: emhasantoso@gmail.com
  📋 Supabase ID: 17287e87-6c96-4d02-a76e-30ed49d773ab
  🔍 Clerk API Error Details:
     Status: 422
     Message: Unprocessable Entity
     Errors: [
  {
    "code": "form_identifier_exists",
    "message": "That email address is taken. Please try another.",
    "longMessage": "That email address is taken. Please try another.",
    "meta": {
      "paramName": "email_address"
    }
  },
  {
    "code": "form_identifier_exists",
    "message": "That username is taken. Please try another.",
    "longMessage": "That username is taken. Please try another.",
    "meta": {
      "paramName": "username"
    }
  }
]
     Clerk Error: true
  ❌ Error [User Migration]: Unprocessable Entity
  ❌ Migration failed: Unprocessable Entity

[340/692] Migrating: sindhu@doers.ngo
  📋 Supabase ID: cccc41b5-5ace-43a0-913b-a07d4d86f736
  🔍 Clerk API Error Details:
     Status: 422
     Message: Unprocessable Entity
     Errors: [
  {
    "code": "form_identifier_exists",
    "message": "That email address is taken. Please try another.",
    "longMessage": "That email address is taken. Please try another.",
    "meta": {
      "paramName": "email_address"
    }
  },
  {
    "code": "form_identifier_exists",
    "message": "That username is taken. Please try another.",
    "longMessage": "That username is taken. Please try another.",
    "meta": {
      "paramName": "username"
    }
  }
]
     Clerk Error: true
  ❌ Error [User Migration]: Unprocessable Entity
  ❌ Migration failed: Unprocessable Entity

[341/692] Migrating: holly.campbell-rosen@nih.gov
  📋 Supabase ID: 1e5e7afa-192f-41dc-a1bd-c1bc1b84da45
  🔍 Clerk API Error Details:
     Status: 422
     Message: Unprocessable Entity
     Errors: [
  {
    "code": "form_identifier_exists",
    "message": "That email address is taken. Please try another.",
    "longMessage": "That email address is taken. Please try another.",
    "meta": {
      "paramName": "email_address"
    }
  },
  {
    "code": "form_identifier_exists",
    "message": "That username is taken. Please try another.",
    "longMessage": "That username is taken. Please try another.",
    "meta": {
      "paramName": "username"
    }
  }
]
     Clerk Error: true
  ❌ Error [User Migration]: Unprocessable Entity
  ❌ Migration failed: Unprocessable Entity

[342/692] Migrating: veena.kumari@brunel.ac.uk
  📋 Supabase ID: ecc7d02d-e1f2-478c-b4cb-ac90996affd5
  🔍 Clerk API Error Details:
     Status: 422
     Message: Unprocessable Entity
     Errors: [
  {
    "code": "form_identifier_exists",
    "message": "That email address is taken. Please try another.",
    "longMessage": "That email address is taken. Please try another.",
    "meta": {
      "paramName": "email_address"
    }
  },
  {
    "code": "form_identifier_exists",
    "message": "That username is taken. Please try another.",
    "longMessage": "That username is taken. Please try another.",
    "meta": {
      "paramName": "username"
    }
  }
]
     Clerk Error: true
  ❌ Error [User Migration]: Unprocessable Entity
  ❌ Migration failed: Unprocessable Entity

[343/692] Migrating: kayceejay16@gmail.com
  📋 Supabase ID: 604d497c-bfb8-4d1f-8bc5-7394a9ad9d6d
  🔍 Clerk API Error Details:
     Status: 422
     Message: Unprocessable Entity
     Errors: [
  {
    "code": "form_identifier_exists",
    "message": "That email address is taken. Please try another.",
    "longMessage": "That email address is taken. Please try another.",
    "meta": {
      "paramName": "email_address"
    }
  },
  {
    "code": "form_identifier_exists",
    "message": "That username is taken. Please try another.",
    "longMessage": "That username is taken. Please try another.",
    "meta": {
      "paramName": "username"
    }
  }
]
     Clerk Error: true
  ❌ Error [User Migration]: Unprocessable Entity
  ❌ Migration failed: Unprocessable Entity

[344/692] Migrating: navneet@doers.ngo
  📋 Supabase ID: 2f009781-e2e3-47de-b8a9-30776c14f8eb
  🔍 Clerk API Error Details:
     Status: 422
     Message: Unprocessable Entity
     Errors: [
  {
    "code": "form_identifier_exists",
    "message": "That email address is taken. Please try another.",
    "longMessage": "That email address is taken. Please try another.",
    "meta": {
      "paramName": "email_address"
    }
  },
  {
    "code": "form_identifier_exists",
    "message": "That username is taken. Please try another.",
    "longMessage": "That username is taken. Please try another.",
    "meta": {
      "paramName": "username"
    }
  }
]
     Clerk Error: true
  ❌ Error [User Migration]: Unprocessable Entity
  ❌ Migration failed: Unprocessable Entity

[345/692] Migrating: claire.bonello@gmail.com
  📋 Supabase ID: e8075c6f-0b7c-4840-96e0-21146d67420c
  🔍 Clerk API Error Details:
     Status: 422
     Message: Unprocessable Entity
     Errors: [
  {
    "code": "form_identifier_exists",
    "message": "That email address is taken. Please try another.",
    "longMessage": "That email address is taken. Please try another.",
    "meta": {
      "paramName": "email_address"
    }
  },
  {
    "code": "form_identifier_exists",
    "message": "That username is taken. Please try another.",
    "longMessage": "That username is taken. Please try another.",
    "meta": {
      "paramName": "username"
    }
  }
]
     Clerk Error: true
  ❌ Error [User Migration]: Unprocessable Entity
  ❌ Migration failed: Unprocessable Entity

[346/692] Migrating: atulkamathm@yahoo.co.in
  📋 Supabase ID: 62c80395-199a-4bab-891b-31897bfdf3c8
  🔍 Clerk API Error Details:
     Status: 422
     Message: Unprocessable Entity
     Errors: [
  {
    "code": "form_identifier_exists",
    "message": "That email address is taken. Please try another.",
    "longMessage": "That email address is taken. Please try another.",
    "meta": {
      "paramName": "email_address"
    }
  },
  {
    "code": "form_identifier_exists",
    "message": "That username is taken. Please try another.",
    "longMessage": "That username is taken. Please try another.",
    "meta": {
      "paramName": "username"
    }
  }
]
     Clerk Error: true
  ❌ Error [User Migration]: Unprocessable Entity
  ❌ Migration failed: Unprocessable Entity

[347/692] Migrating: khaledlazkani@yahoo.com
  📋 Supabase ID: 6cf3cf07-e078-4c7b-ba50-a4c91bf40bf4
  🔍 Clerk API Error Details:
     Status: 422
     Message: Unprocessable Entity
     Errors: [
  {
    "code": "form_identifier_exists",
    "message": "That email address is taken. Please try another.",
    "longMessage": "That email address is taken. Please try another.",
    "meta": {
      "paramName": "email_address"
    }
  },
  {
    "code": "form_identifier_exists",
    "message": "That username is taken. Please try another.",
    "longMessage": "That username is taken. Please try another.",
    "meta": {
      "paramName": "username"
    }
  }
]
     Clerk Error: true
  ❌ Error [User Migration]: Unprocessable Entity
  ❌ Migration failed: Unprocessable Entity

[348/692] Migrating: r.geen@bham.ac.uk
  📋 Supabase ID: 40045863-ad9f-43d1-be4a-8f73d0a0e102
  🔍 Clerk API Error Details:
     Status: 422
     Message: Unprocessable Entity
     Errors: [
  {
    "code": "form_identifier_exists",
    "message": "That email address is taken. Please try another.",
    "longMessage": "That email address is taken. Please try another.",
    "meta": {
      "paramName": "email_address"
    }
  },
  {
    "code": "form_identifier_exists",
    "message": "That username is taken. Please try another.",
    "longMessage": "That username is taken. Please try another.",
    "meta": {
      "paramName": "username"
    }
  }
]
     Clerk Error: true
  ❌ Error [User Migration]: Unprocessable Entity
  ❌ Migration failed: Unprocessable Entity

[349/692] Migrating: tonychiks@outlook.com
  📋 Supabase ID: 6b300d3d-db3e-4e6d-8c74-ad8aae5d5205
  🔍 Clerk API Error Details:
     Status: 422
     Message: Unprocessable Entity
     Errors: [
  {
    "code": "form_identifier_exists",
    "message": "That email address is taken. Please try another.",
    "longMessage": "That email address is taken. Please try another.",
    "meta": {
      "paramName": "email_address"
    }
  },
  {
    "code": "form_identifier_exists",
    "message": "That username is taken. Please try another.",
    "longMessage": "That username is taken. Please try another.",
    "meta": {
      "paramName": "username"
    }
  }
]
     Clerk Error: true
  ❌ Error [User Migration]: Unprocessable Entity
  ❌ Migration failed: Unprocessable Entity

[350/692] Migrating: zahra.gias@gmail.com
  📋 Supabase ID: 9918dd29-64df-43ba-abbc-0a36189110e1
  🔍 Clerk API Error Details:
     Status: 422
     Message: Unprocessable Entity
     Errors: [
  {
    "code": "form_identifier_exists",
    "message": "That email address is taken. Please try another.",
    "longMessage": "That email address is taken. Please try another.",
    "meta": {
      "paramName": "email_address"
    }
  },
  {
    "code": "form_identifier_exists",
    "message": "That username is taken. Please try another.",
    "longMessage": "That username is taken. Please try another.",
    "meta": {
      "paramName": "username"
    }
  }
]
     Clerk Error: true
  ❌ Error [User Migration]: Unprocessable Entity
  ❌ Migration failed: Unprocessable Entity

[351/692] Migrating: muftau.mohammed1@alumni.lshtm.ac.uk
  📋 Supabase ID: bd24d2fd-26d0-4b88-b0bc-5ad44100a377
  🔍 Clerk API Error Details:
     Status: 422
     Message: Unprocessable Entity
     Errors: [
  {
    "code": "form_identifier_exists",
    "message": "That email address is taken. Please try another.",
    "longMessage": "That email address is taken. Please try another.",
    "meta": {
      "paramName": "email_address"
    }
  },
  {
    "code": "form_identifier_exists",
    "message": "That username is taken. Please try another.",
    "longMessage": "That username is taken. Please try another.",
    "meta": {
      "paramName": "username"
    }
  }
]
     Clerk Error: true
  ❌ Error [User Migration]: Unprocessable Entity
  ❌ Migration failed: Unprocessable Entity

[352/692] Migrating: sgrady@bu.edu
  📋 Supabase ID: 3b3a172d-99be-4879-a2ce-41eec6be1097
  🔍 Clerk API Error Details:
     Status: 422
     Message: Unprocessable Entity
     Errors: [
  {
    "code": "form_identifier_exists",
    "message": "That email address is taken. Please try another.",
    "longMessage": "That email address is taken. Please try another.",
    "meta": {
      "paramName": "email_address"
    }
  },
  {
    "code": "form_identifier_exists",
    "message": "That username is taken. Please try another.",
    "longMessage": "That username is taken. Please try another.",
    "meta": {
      "paramName": "username"
    }
  }
]
     Clerk Error: true
  ❌ Error [User Migration]: Unprocessable Entity
  ❌ Migration failed: Unprocessable Entity

[353/692] Migrating: gina.ziervogel@uct.ac.za
  📋 Supabase ID: 68a39f0f-f930-413c-a854-d7500e8b9f4e
  🔍 Clerk API Error Details:
     Status: 422
     Message: Unprocessable Entity
     Errors: [
  {
    "code": "form_identifier_exists",
    "message": "That email address is taken. Please try another.",
    "longMessage": "That email address is taken. Please try another.",
    "meta": {
      "paramName": "email_address"
    }
  },
  {
    "code": "form_identifier_exists",
    "message": "That username is taken. Please try another.",
    "longMessage": "That username is taken. Please try another.",
    "meta": {
      "paramName": "username"
    }
  }
]
     Clerk Error: true
  ❌ Error [User Migration]: Unprocessable Entity
  ❌ Migration failed: Unprocessable Entity

[354/692] Migrating: nora.abercrombie@gmail.com
  📋 Supabase ID: 92193bdc-e625-4f4f-9d8f-91477871ab45
  🔍 Clerk API Error Details:
     Status: 422
     Message: Unprocessable Entity
     Errors: [
  {
    "code": "form_identifier_exists",
    "message": "That email address is taken. Please try another.",
    "longMessage": "That email address is taken. Please try another.",
    "meta": {
      "paramName": "email_address"
    }
  },
  {
    "code": "form_identifier_exists",
    "message": "That username is taken. Please try another.",
    "longMessage": "That username is taken. Please try another.",
    "meta": {
      "paramName": "username"
    }
  }
]
     Clerk Error: true
  ❌ Error [User Migration]: Unprocessable Entity
  ❌ Migration failed: Unprocessable Entity

[355/692] Migrating: munira.shaheen@akdn.org
  📋 Supabase ID: 1482e22e-6ac6-4188-92b1-91708a8fe9f1
  🔍 Clerk API Error Details:
     Status: 422
     Message: Unprocessable Entity
     Errors: [
  {
    "code": "form_identifier_exists",
    "message": "That email address is taken. Please try another.",
    "longMessage": "That email address is taken. Please try another.",
    "meta": {
      "paramName": "email_address"
    }
  },
  {
    "code": "form_identifier_exists",
    "message": "That username is taken. Please try another.",
    "longMessage": "That username is taken. Please try another.",
    "meta": {
      "paramName": "username"
    }
  }
]
     Clerk Error: true
  ❌ Error [User Migration]: Unprocessable Entity
  ❌ Migration failed: Unprocessable Entity

[356/692] Migrating: linda@aspey.com
  📋 Supabase ID: 2c3f0c82-cd83-40d2-9e6c-32d512dc4506
  🔍 Clerk API Error Details:
     Status: 422
     Message: Unprocessable Entity
     Errors: [
  {
    "code": "form_identifier_exists",
    "message": "That email address is taken. Please try another.",
    "longMessage": "That email address is taken. Please try another.",
    "meta": {
      "paramName": "email_address"
    }
  },
  {
    "code": "form_identifier_exists",
    "message": "That username is taken. Please try another.",
    "longMessage": "That username is taken. Please try another.",
    "meta": {
      "paramName": "username"
    }
  }
]
     Clerk Error: true
  ❌ Error [User Migration]: Unprocessable Entity
  ❌ Migration failed: Unprocessable Entity

[357/692] Migrating: a.fernandez-sanles@ucl.ac.uk
  📋 Supabase ID: c6eb3cb5-f78b-44fd-a228-e85d2e672d19
  🔍 Clerk API Error Details:
     Status: 422
     Message: Unprocessable Entity
     Errors: [
  {
    "code": "form_identifier_exists",
    "message": "That email address is taken. Please try another.",
    "longMessage": "That email address is taken. Please try another.",
    "meta": {
      "paramName": "email_address"
    }
  },
  {
    "code": "form_identifier_exists",
    "message": "That username is taken. Please try another.",
    "longMessage": "That username is taken. Please try another.",
    "meta": {
      "paramName": "username"
    }
  }
]
     Clerk Error: true
  ❌ Error [User Migration]: Unprocessable Entity
  ❌ Migration failed: Unprocessable Entity

[358/692] Migrating: peter.whitehouse@case.edu
  📋 Supabase ID: 608fe7c3-1e31-49ef-8641-0dfb67615840
  🔍 Clerk API Error Details:
     Status: 422
     Message: Unprocessable Entity
     Errors: [
  {
    "code": "form_identifier_exists",
    "message": "That email address is taken. Please try another.",
    "longMessage": "That email address is taken. Please try another.",
    "meta": {
      "paramName": "email_address"
    }
  },
  {
    "code": "form_identifier_exists",
    "message": "That username is taken. Please try another.",
    "longMessage": "That username is taken. Please try another.",
    "meta": {
      "paramName": "username"
    }
  }
]
     Clerk Error: true
  ❌ Error [User Migration]: Unprocessable Entity
  ❌ Migration failed: Unprocessable Entity

[359/692] Migrating: boma.iriso@uniport.edu.ng
  📋 Supabase ID: d47cbfff-a380-40b2-9647-e5ede8a02c58
  ✅ Clerk user created: user_35W62ocHlH7HmHF0GGdJuTwMQzf
  💾 Synced to Prisma database
  ✅ Email sent (469b24fc-7bdc-4349-9205-50005bdb407c)
  ✅ Migration complete!

[360/692] Migrating: profshockley@yahoo.com
  📋 Supabase ID: 5a054b90-90af-4b84-a61c-88b214557242
  ✅ Clerk user created: user_35W63HBnNa6g15bEJ8ve3Ws6kb7
  💾 Synced to Prisma database
  ✅ Email sent (61109d32-650a-4bea-8c8c-fe8cbb34b1b5)
  ✅ Migration complete!

[361/692] Migrating: porkothaiv@gmail.com
  📋 Supabase ID: e928e547-9713-444a-ba83-e14d37322525
  ✅ Clerk user created: user_35W63YRaIFgnc2Lz09HmGrOIAUU
  💾 Synced to Prisma database
  ✅ Email sent (f0cacca2-4ed6-4196-a15a-6854a6e4674c)
  ✅ Migration complete!

[362/692] Migrating: j.hamilton3@exeter.ac.uk
  📋 Supabase ID: f8329076-04f3-449d-b1e6-f60cfaeaaafd
  ✅ Clerk user created: user_35W63qGJeH1qAXlmvslN5fXSEjG
  💾 Synced to Prisma database
  ✅ Email sent (86072109-fe90-4a9b-abfa-f4951edbc83b)
  ✅ Migration complete!

[363/692] Migrating: jjmuhiam7@yahoo.com
  📋 Supabase ID: f73a6cd8-bb84-4cfd-8a96-c416bb6bbaa3
  ✅ Clerk user created: user_35W6450KRZ53hBrPl2zGHAqTM1R
  💾 Synced to Prisma database
  ✅ Email sent (876dd1a6-a826-4428-8744-a50dc2ece534)
  ✅ Migration complete!

[364/692] Migrating: asimabashir29@gmail.com
  📋 Supabase ID: 856b6fe6-016a-4fb4-be66-f1b5dc09e55e
  ✅ Clerk user created: user_35W64Hnq11ErEjdlw6ouCHgpeLw
  💾 Synced to Prisma database
  ✅ Email sent (aaefcc5f-9529-4ea3-a888-61058e06edd3)
  ✅ Migration complete!

[365/692] Migrating: itsshalinirajan@gmail.com
  📋 Supabase ID: f877d3d1-0b62-4cbc-bd4a-72a6754f75d9
  ✅ Clerk user created: user_35W64YL0CQTDrnK3AVnHHXJwwkB
  💾 Synced to Prisma database
  ✅ Email sent (1e166f40-cba5-44ee-a9a6-c487b13a393f)
  ✅ Migration complete!

[366/692] Migrating: camiesugden@yahoo.com
  📋 Supabase ID: 6dc2d463-2b4b-4469-8058-f738129f105a
  ✅ Clerk user created: user_35W64cizdalezJdWagHHPh3ds8d
  💾 Synced to Prisma database
  ✅ Email sent (adf5a250-dd21-41f4-8f5a-97be8c72cd48)
  ✅ Migration complete!

[367/692] Migrating: graceoaclisby@gmail.com
  📋 Supabase ID: b306abb1-d1cf-47d6-97f6-85c584aab5b8
  ✅ Clerk user created: user_35W64tKGvYdlxCYFKdDJYEO5ddr
  💾 Synced to Prisma database
  ✅ Email sent (7f4c5d58-e404-4ee5-95f3-015761f96e8d)
  ✅ Migration complete!

[368/692] Migrating: mark.langdon@uws.ac.uk
  📋 Supabase ID: 995a27a3-5259-46a2-9a1a-fdccb28e0c6b
  ✅ Clerk user created: user_35W658Ds8jX8QnVkInfPBGjdSF6
  💾 Synced to Prisma database
  ✅ Email sent (23cfff02-cc9d-4d49-9d61-ceb4b297be68)
  ✅ Migration complete!

[369/692] Migrating: drqinghuazhou@gmail.com
  📋 Supabase ID: 0a50be3e-6398-40df-bb07-752cbc0696ed
  ✅ Clerk user created: user_35W65RockuVsPS6FXTtkj5v30tb
  💾 Synced to Prisma database
  ✅ Email sent (7ed84a4a-a92d-409f-aaca-cc98445c6e90)
  ✅ Migration complete!

[370/692] Migrating: djibril@amoud.edu.so
  📋 Supabase ID: c6a720b5-d6b3-4b7a-911c-58fbc7056983
  ✅ Clerk user created: user_35W65hlquvmGbNwuiFeFla82qok
  💾 Synced to Prisma database
  ✅ Email sent (ccf745b1-76ca-4e13-a876-2d1c5e2372d3)
  ✅ Migration complete!

[371/692] Migrating: m.freidenburg@arvaintelligence.com
  📋 Supabase ID: 25d9941a-ac0c-4697-8158-5b75b2a1b3e9
  ✅ Clerk user created: user_35W65vqKwFjkFNpusbZkMC1eNIF
  💾 Synced to Prisma database
  ✅ Email sent (3b6a4047-05b9-4697-9fb9-9a62b6205581)
  ✅ Migration complete!

[372/692] Migrating: kimberlycdoell@gmail.com
  📋 Supabase ID: ee76c942-d35a-450a-a3bd-3caaea420c75
  ✅ Clerk user created: user_35W668DJzmjiu8CXZaYZGer1HRo
  💾 Synced to Prisma database
  ✅ Email sent (af7c0faf-44e4-4c87-96c4-cf917c376cee)
  ✅ Migration complete!

[373/692] Migrating: clayton.aldern@gmail.com
  📋 Supabase ID: f819a5e1-0deb-43d1-b506-8cc6abe9b634
  ✅ Clerk user created: user_35W66R1Z7OUSVWmC295BU64dDp0
  💾 Synced to Prisma database
  ✅ Email sent (6dad340a-a8cc-45d2-b98f-909cc2a3d8c9)
  ✅ Migration complete!

[374/692] Migrating: sclayton@wooster.edu
  📋 Supabase ID: 13150773-2d46-4885-8985-b46486554fbc
  ✅ Clerk user created: user_35W66dsDayzkKdJjWDahg2RtpG4
  💾 Synced to Prisma database
  ✅ Email sent (71f0209b-22fe-41ae-8411-6fbd7dbc5f3a)
  ✅ Migration complete!

[375/692] Migrating: mutangao@ukzn.ac.za
  📋 Supabase ID: 813d5143-4b52-4494-9593-2156630bcaa9
  ✅ Clerk user created: user_35W66y5cfICcOWSKTwj0yxbOkLA
  💾 Synced to Prisma database
  ✅ Email sent (45c2cbfe-85e9-4a08-9913-fb08ee2bfd64)
  ✅ Migration complete!

[376/692] Migrating: khadijawsaidi@outlook.com
  📋 Supabase ID: c93f50d7-8e57-4303-b9c5-af26face8916
  ✅ Clerk user created: user_35W678f5WsOM1y0jnKynEpYHbaK
  💾 Synced to Prisma database
  ✅ Email sent (1aed35a1-e539-42f9-a03f-8bf1e3ee45b0)
  ✅ Migration complete!

[377/692] Migrating: jane.spiteri@um.edu.mt
  📋 Supabase ID: fc22b52b-cc3e-4cdb-bae0-1f2aba31deba
  ✅ Clerk user created: user_35W67PAtNagLOY4fXABiXTOEL1Z
  💾 Synced to Prisma database
  ✅ Email sent (a3cc1859-d545-40c5-822f-149af7d4afef)
  ✅ Migration complete!

[378/692] Migrating: noy@hawaii.edu
  📋 Supabase ID: 8a51dcb8-cc11-449a-9880-e7767694e8cc
  🔍 Clerk API Error Details:
     Status: 422
     Message: Unprocessable Entity
     Errors: [
  {
    "code": "form_username_invalid_length",
    "message": "Username must be between 4 and 64 characters long.",
    "longMessage": "Username must be between 4 and 64 characters long.",
    "meta": {
      "paramName": "username"
    }
  }
]
     Clerk Error: true
  ❌ Error [User Migration]: Unprocessable Entity
  ❌ Migration failed: Unprocessable Entity

[379/692] Migrating: vsharmabrymer@usc.edu.au
  📋 Supabase ID: 25e9a8c8-6ef6-43ac-a2d6-bf232917bdf1
  🔍 Clerk API Error Details:
     Status: 422
     Message: Unprocessable Entity
     Errors: [
  {
    "code": "form_data_missing",
    "message": "missing data",
    "longMessage": "[\"first_name\" \"last_name\"] data doesn't match user requirements set for this instance",
    "meta": {}
  }
]
     Clerk Error: true
  ❌ Error [User Migration]: Unprocessable Entity
  ❌ Migration failed: Unprocessable Entity

[380/692] Migrating: betty.barkha@savethechildren.org.au
  📋 Supabase ID: e30ddf83-7594-4b24-9988-ca5333e7c6c6
  ✅ Clerk user created: user_35W681wWpAHCKAOT32g8bBelcst
  💾 Synced to Prisma database
  ✅ Email sent (fb1ff6d2-718d-4f1e-aedc-43c8aa2e0795)
  ✅ Migration complete!

[381/692] Migrating: blinkruechuseth@gmail.com
  📋 Supabase ID: 69ed7e40-e1f9-46a2-b78f-670bb34f253a
  ✅ Clerk user created: user_35W68GmixVoOrtwoaHivtSGBlBE
  💾 Synced to Prisma database
  ✅ Email sent (091e9ea1-8622-4f2d-83a4-1a01c3e4decf)
  ✅ Migration complete!

[382/692] Migrating: eliza-rose.gordon@sydney.edu.au
  📋 Supabase ID: 2ac405e7-55d0-4a4d-8565-cc4378789304
  ✅ Clerk user created: user_35W68Y2jIZS1Upzt8gxx3Zk7xFB
  💾 Synced to Prisma database
  ✅ Email sent (dd828541-7bc5-4cd1-a4e9-16b96c100d0c)
  ✅ Migration complete!

[383/692] Migrating: apandya@iiphg.org
  📋 Supabase ID: 5d7b7df2-28c8-47af-9ed5-7f628d57669e
  ✅ Clerk user created: user_35W68neuKsBwgKxxt6XDy0zr8cI
  💾 Synced to Prisma database
  ✅ Email sent (bb917258-7127-43bf-a592-a8e615ee9fa3)
  ✅ Migration complete!

[384/692] Migrating: hehazit@gmail.com
  📋 Supabase ID: 8e5a4b35-79ae-485f-a0ab-94d0072d8076
  ✅ Clerk user created: user_35W6962tenEx87IuE23jlFmRBik
  💾 Synced to Prisma database
  ✅ Email sent (f28c0981-9371-4da6-b36e-bb6533ffab3f)
  ✅ Migration complete!

[385/692] Migrating: christiane.miller1@icloud.com
  📋 Supabase ID: 0bc64de2-d660-4a27-ad85-d4f164c07749
  🔍 Clerk API Error Details:
     Status: 422
     Message: Unprocessable Entity
     Errors: [
  {
    "code": "form_data_missing",
    "message": "missing data",
    "longMessage": "[\"first_name\" \"last_name\"] data doesn't match user requirements set for this instance",
    "meta": {}
  }
]
     Clerk Error: true
  ❌ Error [User Migration]: Unprocessable Entity
  ❌ Migration failed: Unprocessable Entity

[386/692] Migrating: lovieshery@gmail.com
  📋 Supabase ID: 4da80c9a-ae37-4435-a4ea-dcdb2b3676aa
  ✅ Clerk user created: user_35W69PRDi4nsdULVj32JIEoDCq0
  💾 Synced to Prisma database
  ✅ Email sent (d643a6a8-c54f-41bc-b884-cb15ee1e68b9)
  ✅ Migration complete!

[387/692] Migrating: tinadhobbie@gmail.com
  📋 Supabase ID: ddf62eaf-5226-47cc-95e6-ed73285b8b6d
  ✅ Clerk user created: user_35W69kouc6JJLMbpAJOrhL4a8Hz
  💾 Synced to Prisma database
  ✅ Email sent (79ba708a-deac-4715-b5fc-e76468f1c12c)
  ✅ Migration complete!

[388/692] Migrating: tdzuda@gmail.com
  📋 Supabase ID: e4c54506-5563-435c-baa6-0667ea7652d9
  ✅ Clerk user created: user_35W69uqDKF9lnWPyhXH4ltuSrb7
  💾 Synced to Prisma database
  ✅ Email sent (6fe88f41-3894-439c-9d97-9591ab3f913a)
  ✅ Migration complete!

[389/692] Migrating: mawandajames@gmail.com
  📋 Supabase ID: bb9d11c9-9ad7-40f6-a8c4-dd760e29e134
  ✅ Clerk user created: user_35W6AECZBTp3EDq8GoRWj8gr8bV
  💾 Synced to Prisma database
  ✅ Email sent (a7c16d33-a057-4071-b511-e82c98a1c33e)
  ✅ Migration complete!

[390/692] Migrating: felistassibanda@gmail.com
  📋 Supabase ID: 9f84104b-1b27-49be-b731-c2a65596f857
  ✅ Clerk user created: user_35W6AT3xd80WNTGZctZGpF1QTPL
  💾 Synced to Prisma database
  ✅ Email sent (b55f7531-1c52-4531-ad42-bc509841223f)
  ✅ Migration complete!

[391/692] Migrating: vainahngwena@gmail.com
  📋 Supabase ID: ff087a85-0e99-4d75-8871-6679fda83155
  ✅ Clerk user created: user_35W6Al3l3lvhXbiZjQocyI4X4Lz
  💾 Synced to Prisma database
  ✅ Email sent (66a5be61-2816-4295-b96e-2e0e8ece6266)
  ✅ Migration complete!

[392/692] Migrating: dnyirenda@mlw.mw
  📋 Supabase ID: 8c1490c4-089c-4c39-94d5-f8535ab376e0
  ✅ Clerk user created: user_35W6B10gGn9m0zk6vvyrYPEaskR
  💾 Synced to Prisma database
  ✅ Email sent (fd50ed7f-ae46-4052-a342-2d9e7cabdfef)
  ✅ Migration complete!

[393/692] Migrating: c3441265@uon.edu.au
  📋 Supabase ID: 2e33953f-f096-40c3-9dc8-9f10c8a30c47
  ✅ Clerk user created: user_35W6BA1OKYjHg1xZSC14IA3S33f
  💾 Synced to Prisma database
  ✅ Email sent (dbe741cd-599b-457f-940f-2a25e215e4f9)
  ✅ Migration complete!

[394/692] Migrating: chiyedza@ubuntualliance.com
  📋 Supabase ID: ec0d8820-1040-4e25-be50-c8ae7db64491
  ✅ Clerk user created: user_35W6BPmWKtcP3G0jeRJ06vRBc88
  💾 Synced to Prisma database
  ✅ Email sent (5bd1c8db-7138-4869-948d-194b5290a6b7)
  ✅ Migration complete!

[395/692] Migrating: g.b.koren@uu.nl
  📋 Supabase ID: ce0f4e2a-f62a-41bc-a1f5-c63bf64f2afb
  ✅ Clerk user created: user_35W6BgLW1PaA2vgAdWZT41AVXxW
  💾 Synced to Prisma database
  ✅ Email sent (6348a6d4-2738-43b6-a9b1-d74dfdf972cb)
  ✅ Migration complete!

[396/692] Migrating: hrkirkham@gmail.com
  📋 Supabase ID: 84fd52fb-f45f-4649-a7a5-7bd41df3c8ad
  ✅ Clerk user created: user_35W6BnMZiTnAPJCoEhT5CE54666
  💾 Synced to Prisma database
  ✅ Email sent (0d8fcc65-af8a-43d7-a0c3-866b7778df08)
  ✅ Migration complete!

[397/692] Migrating: knatura@gmail.com
  📋 Supabase ID: bae6294b-8810-45dc-ba03-7a69c9460740
  🔍 Clerk API Error Details:
     Status: 422
     Message: Unprocessable Entity
     Errors: [
  {
    "code": "form_data_missing",
    "message": "missing data",
    "longMessage": "[\"last_name\" \"first_name\"] data doesn't match user requirements set for this instance",
    "meta": {}
  }
]
     Clerk Error: true
  ❌ Error [User Migration]: Unprocessable Entity
  ❌ Migration failed: Unprocessable Entity

[398/692] Migrating: eshana@joyality.org
  📋 Supabase ID: b2adccfa-4e9f-4e2e-9f7d-82f23a349876
  ✅ Clerk user created: user_35W6COo99LDCPsPxTzNHp2iSBQb
  💾 Synced to Prisma database
  ✅ Email sent (3f465684-40a0-4e8a-8312-aac3b5c4149c)
  ✅ Migration complete!

[399/692] Migrating: william.finnegan@conted.ox.ac.uk
  📋 Supabase ID: c8502050-3ea1-4ba7-aee9-6fe7d685e216
  ✅ Clerk user created: user_35W6Cd4RvQP8rj1js2EEYgMF9z8
  💾 Synced to Prisma database
  ✅ Email sent (4c39b2f2-7170-47a5-80f4-666fbd572c60)
  ✅ Migration complete!

[400/692] Migrating: ngetichericsson@gmail.com
  📋 Supabase ID: bcf9551b-eaa2-412b-8524-7ef6c0796ca0
  ✅ Clerk user created: user_35W6CpJ1Q1IUzUzqcCE3z5AaXWP
  💾 Synced to Prisma database
  ✅ Email sent (a9fcb805-d3d8-418d-8c9f-7b25cd9be567)
  ✅ Migration complete!

[401/692] Migrating: kanokwan27@yahoo.com
  📋 Supabase ID: d6280c29-5245-435c-a586-1f8600bda6ab
  ✅ Clerk user created: user_35W6D2m9XA38J8VQw3zOvEMDQRH
  💾 Synced to Prisma database
  ✅ Email sent (bcd7a0ac-556c-4fea-a094-000a90e53090)
  ✅ Migration complete!

[402/692] Migrating: osarmien@uniandes.edu.co
  📋 Supabase ID: 3d75d892-4008-4e19-b10b-1ddf3bab556b
  ✅ Clerk user created: user_35W6DMtc1PbzxADtuIPDmEitOc1
  💾 Synced to Prisma database
  ✅ Email sent (fc04b8e5-41a0-48cf-9136-212610e7708f)
  ✅ Migration complete!

[403/692] Migrating: hannanuuttila@gmail.com
  📋 Supabase ID: 11fd1527-e69d-4305-9a09-29ec1b758064
  ✅ Clerk user created: user_35W6DV1Fs2GiBrdQH5uNEObnJyi
  💾 Synced to Prisma database
  ✅ Email sent (328a8479-9106-4c47-bb9e-5ca3d12cc3e1)
  ✅ Migration complete!

[404/692] Migrating: s.fischer@psychologie.uzh.ch
  📋 Supabase ID: 4fb76db6-2ed5-4a34-87f8-2432c855877d
  ✅ Clerk user created: user_35W6DjHLJSZhsg5STVuVM4KDJx9
  💾 Synced to Prisma database
  ✅ Email sent (a7d98d50-4341-4b68-94f5-dd2333f277da)
  ✅ Migration complete!

[405/692] Migrating: angiemicha@gmail.com
  📋 Supabase ID: ab2e2b16-d42b-4c24-90e7-de37f5b142dd
  ✅ Clerk user created: user_35W6Dz2rQRI8fYUzotoZjtPJhoi
  💾 Synced to Prisma database
  ✅ Email sent (8e4c75c7-c030-4617-a32e-796b18fabbe4)
  ✅ Migration complete!

[406/692] Migrating: clairesh1987@gmail.com
  📋 Supabase ID: ecb654c6-c61d-47d3-881c-6eb895bd5060
  ✅ Clerk user created: user_35W6EAPbFKQjkYrE5VjdnSyCaZB
  💾 Synced to Prisma database
  ✅ Email sent (4f88aa03-d733-466c-85f2-9adc5a9d2945)
  ✅ Migration complete!

[407/692] Migrating: vinsonbradley@gmail.com
  📋 Supabase ID: 8f84a727-a34b-47d7-9312-3f81bee2f655
  ✅ Clerk user created: user_35W6ERdbxgTzcl7j4gSCIsaQCRu
  💾 Synced to Prisma database
  ✅ Email sent (687423e9-757e-4da2-a42f-a22fce71df50)
  ✅ Migration complete!

[408/692] Migrating: arslan4111@gmail.com
  📋 Supabase ID: 92aa5f0c-d8bd-4a58-a34d-5ed4c7f8c84d
  ✅ Clerk user created: user_35W6Eh1v21H4IX4uJrfoYXGOLpP
  💾 Synced to Prisma database
  ✅ Email sent (45d39141-82f8-45f2-81cd-5f8234694f1a)
  ✅ Migration complete!

[409/692] Migrating: nithajohn915@gmail.com
  📋 Supabase ID: aff21e5f-71e2-4d25-8f1f-7959fbd9f99f
  ✅ Clerk user created: user_35W6Ex80nx7fHDlUji8zy8ewfZg
  💾 Synced to Prisma database
  ✅ Email sent (b85a6153-8efc-467c-aec2-bc2784ea2e66)
  ✅ Migration complete!

[410/692] Migrating: scortesn@uc.cl
  📋 Supabase ID: eaff043b-4ba1-42d6-82df-ebeb7415044e
  ✅ Clerk user created: user_35W6FIH0QYAfmnKjrLC9xzmlh1f
  💾 Synced to Prisma database
  ✅ Email sent (42244b87-7c49-42c7-b72d-8f049f6dbbe1)
  ✅ Migration complete!

[411/692] Migrating: arayapur@bidmc.harvard.edu
  📋 Supabase ID: fd4e9f86-2fbe-4af5-a57a-795a4d025832
  ✅ Clerk user created: user_35W6FRfKrcq8rO2sGYod1iivUdv
  💾 Synced to Prisma database
  ✅ Email sent (01220ab5-d684-4fe9-b21e-81feac39d968)
  ✅ Migration complete!

[412/692] Migrating: rejbkau@ucl.ac.uk
  📋 Supabase ID: 0c3ba643-cfb2-428e-a82e-4a3b3e8ad8bd
  ✅ Clerk user created: user_35W6Fh3GRKEB0UpmnmrCyDTfgHG
  💾 Synced to Prisma database
  ✅ Email sent (ce33e8d4-03cb-434b-8b5c-2d9561374aea)
  ✅ Migration complete!

[413/692] Migrating: v.venhof@protonmail.com
  📋 Supabase ID: 2fdfafb0-60db-498f-9513-6486ea9e9d2b
  🔍 Clerk API Error Details:
     Status: 422
     Message: Unprocessable Entity
     Errors: [
  {
    "code": "form_data_missing",
    "message": "missing data",
    "longMessage": "[\"first_name\" \"last_name\"] data doesn't match user requirements set for this instance",
    "meta": {}
  }
]
     Clerk Error: true
  ❌ Error [User Migration]: Unprocessable Entity
  ❌ Migration failed: Unprocessable Entity

[414/692] Migrating: batool.fatima@gmail.com
  📋 Supabase ID: 32d4509d-d4d8-414f-8969-6abe937b2f55
  ✅ Clerk user created: user_35W6G4cwZiQsbnOaG3DlVK16Hy7
  💾 Synced to Prisma database
  ✅ Email sent (ea9ea0df-670c-4b59-adbe-2a8cecb7b035)
  ✅ Migration complete!

[415/692] Migrating: ccurtis@wmq.org.au
  📋 Supabase ID: f7354eaa-8962-4490-8ce7-5f2b0af711e0
  ✅ Clerk user created: user_35W6GJRgb2i8B2WLIQ3NPaiCWps
  💾 Synced to Prisma database
  ✅ Email sent (59aab5b4-8b87-4eb1-8147-34110f8d8c9e)
  ✅ Migration complete!

[416/692] Migrating: mkamal@idrc.ca
  📋 Supabase ID: bc202568-7ee8-4681-9e12-f99f527434b5
  ✅ Clerk user created: user_35W6Gb77fIlvYsw1CNHOUvixiOx
  💾 Synced to Prisma database
  ✅ Email sent (cc5b3d96-1257-42d8-8e98-1886bf6f15be)
  ✅ Migration complete!

[417/692] Migrating: joanne.newbury@bristol.ac.uk
  📋 Supabase ID: 34ce112d-7a0d-43fe-b29c-a9feeee3ccbd
  ✅ Clerk user created: user_35W6GuQz0WEWdNAhAmBkmHNG5sN
  💾 Synced to Prisma database
  ✅ Email sent (b19f3f65-8d2c-489f-a993-19878c07694e)
  ✅ Migration complete!

[418/692] Migrating: susanturner3979@gmail.com
  📋 Supabase ID: f5e0e403-a99a-44ed-b45f-3ccbfa9d6ae2
  ✅ Clerk user created: user_35W6H90D7A7A80NACot6GIvakBZ
  💾 Synced to Prisma database
  ✅ Email sent (740ab8c5-4924-445f-a005-466f637ad456)
  ✅ Migration complete!

[419/692] Migrating: magali.rocamora@hotmail.com
  📋 Supabase ID: 40d26ab8-e57f-45ee-add6-9fcd8e547fc2
  ✅ Clerk user created: user_35W6HLFntV4k1blnPZQSTXXYiVm
  💾 Synced to Prisma database
  ✅ Email sent (76575f50-cc48-4757-8aa0-d6bd974b0bf9)
  ✅ Migration complete!

[420/692] Migrating: davishil@mcmaster.ca
  📋 Supabase ID: dd1d1bbd-6fd7-46ad-bc15-414e50113aec
  ✅ Clerk user created: user_35W6HdWelmSz5ACVuBCV3PD78zo
  💾 Synced to Prisma database
  ✅ Email sent (23fd051b-0288-45ef-94c9-fb01090fa442)
  ✅ Migration complete!

[421/692] Migrating: leonardagano@gmail.com
  📋 Supabase ID: c0a1d154-3900-4ae5-9a33-00f3e1c53a96
  ✅ Clerk user created: user_35W6Hvo1u5OIDBBBM4AUfYfRO79
  💾 Synced to Prisma database
  ✅ Email sent (1f0d8068-f467-4975-b292-e33ef0a83a4a)
  ✅ Migration complete!

[422/692] Migrating: msvoboda@gwu.edu
  📋 Supabase ID: 6a084e3b-c390-479f-99d6-6ff068947b27
  ✅ Clerk user created: user_35W6IAKckR68fCXLOqhovWNIPCM
  💾 Synced to Prisma database
  ✅ Email sent (481973bb-6e4f-40e4-9d02-66acc07f1ccc)
  ✅ Migration complete!

[423/692] Migrating: tomasoomgago@gmail.com
  📋 Supabase ID: ef2aad29-247f-4661-b022-39d8f3026172
  ✅ Clerk user created: user_35W6IJ9zkm4S4TALdPQAuG20sJq
  💾 Synced to Prisma database
  ✅ Email sent (b78f2c4f-2411-4b65-9588-a288cd9f0ac6)
  ✅ Migration complete!

[424/692] Migrating: lethisademas2@gmail.com
  📋 Supabase ID: 3a09700b-5b3a-4553-b2fc-2dabcf7c99f2
  ✅ Clerk user created: user_35W6ITVP6Gf2jXBvCDT8NoWF2bu
  💾 Synced to Prisma database
  ✅ Email sent (681d49e1-0457-4f1c-88af-6324474162fb)
  ✅ Migration complete!

[425/692] Migrating: nanabanyina@yahoo.com
  📋 Supabase ID: f91cbfa3-b3e1-4210-bfd3-e4ee52e6948c
  ✅ Clerk user created: user_35W6Ii6JFwsOnXkyknJUOshb27h
  💾 Synced to Prisma database
  ✅ Email sent (01265fa3-c3db-4960-8bfb-c36379496458)
  ✅ Migration complete!

[426/692] Migrating: a.mechelli@kcl.ac.uk
  📋 Supabase ID: 479e1367-6c7c-406f-81e9-61b624ea1b66
  ✅ Clerk user created: user_35W6J2LqlXKovNGmhiQmenUhQ5b
  💾 Synced to Prisma database
  ✅ Email sent (378fb705-9e01-42b6-a1b6-16c7c39366b0)
  ✅ Migration complete!

[427/692] Migrating: htn237@nyu.edu
  📋 Supabase ID: fb4333bf-c170-49f9-afa5-b932c0a3ec21
  ✅ Clerk user created: user_35W6JF6LmiSE12y4Lgm9GJ7kp0h
  💾 Synced to Prisma database
  ✅ Email sent (d0404561-a32f-402b-a416-3ff9d816c90b)
  ✅ Migration complete!

[428/692] Migrating: showh@rodekors.dk
  📋 Supabase ID: 8362a049-2c52-4c1f-8a89-1a2bd525193e
  ✅ Clerk user created: user_35W6JXgN69lKpypQ4f0joTcmacz
  💾 Synced to Prisma database
  ✅ Email sent (0afe4ed8-83d4-4379-b339-e7d3780b78e5)
  ✅ Migration complete!

[429/692] Migrating: craxman22@gmail.com
  📋 Supabase ID: def5e092-a615-4d6d-a3c3-6c2b78ed90b5
  ✅ Clerk user created: user_35W6JhRuGWFc8gbfbow4OFynfmM
  💾 Synced to Prisma database
  ✅ Email sent (45bf0fcb-3883-4733-9bbb-7018f39befb8)
  ✅ Migration complete!

[430/692] Migrating: seleha.lockwood@aiib.org
  📋 Supabase ID: 7e92c415-0aa1-46c7-bbf9-98eeb9796644
  ✅ Clerk user created: user_35W6K14IbQodNBuFiJYS1crfeSf
  💾 Synced to Prisma database
  ✅ Email sent (5cdb579d-1930-4a02-9d4b-8625316e5f52)
  ✅ Migration complete!

[431/692] Migrating: taddison@physoc.org
  📋 Supabase ID: c91de1f6-79d4-4530-917d-96773003f3b0
  ✅ Clerk user created: user_35W6KJZr7kZY8eFwqz3Wxi7OLuR
  💾 Synced to Prisma database
  ✅ Email sent (19362ab7-9349-43c7-9210-5e612f97aaca)
  ✅ Migration complete!

[432/692] Migrating: emilyahurley@gmail.com
  📋 Supabase ID: 54c72d43-d1eb-4ecc-9cfe-e5db4ee43376
  ✅ Clerk user created: user_35W6KSXRL3vkmJyw1JdAM1dFq8Z
  💾 Synced to Prisma database
  ✅ Email sent (a79f8464-ec62-4c4d-b617-3f7d36d9e227)
  ✅ Migration complete!

[433/692] Migrating: maria.torneli@unifesp.br
  📋 Supabase ID: 20db00cd-0d3e-4ddf-a481-c54361d1d422
  ✅ Clerk user created: user_35W6KmKYMjfElu8DZvfaWuyrslb
  💾 Synced to Prisma database
  ✅ Email sent (1f4f924f-fc52-447d-898e-654ca412fec0)
  ✅ Migration complete!

[434/692] Migrating: eahurley@cmh.edu
  📋 Supabase ID: e21454d6-d158-49e8-9c48-20f182c3a0a7
  ✅ Clerk user created: user_35W6L0uGwOzyiX91ZuupgXtB08n
  💾 Synced to Prisma database
  ✅ Email sent (c25c31d6-6a2f-4e73-93a0-eb43174b3780)
  ✅ Migration complete!

[435/692] Migrating: mingkai97@gmail.com
  📋 Supabase ID: 89b913bc-b064-4bb9-b0e9-927870c86876
  ✅ Clerk user created: user_35W6LK0WdjBXL9VMDES7Pkt6Ld7
  💾 Synced to Prisma database
  ✅ Email sent (0f7ea52f-7a02-4c4c-9222-550725bd9d4f)
  ✅ Migration complete!

[436/692] Migrating: mark.cheetham@utoronto.ca
  📋 Supabase ID: 4e84e891-2517-46fd-95ce-75b95a7fea43
  ✅ Clerk user created: user_35W6LQrio41LkiEmzDq7awRy3fl
  💾 Synced to Prisma database
  ✅ Email sent (b004d773-5d7e-4281-ab5f-2644d50cdbf4)
  ✅ Migration complete!

[437/692] Migrating: z.mayers@wellcome.org
  📋 Supabase ID: 17d5ad21-bcf8-4246-8ba4-782e41dff72c
  ✅ Clerk user created: user_35W6Lb46HXAIzkjM8aKJrjxmy20
  💾 Synced to Prisma database
  ✅ Email sent (b1919939-ffa5-4be5-9ccd-8a671f61de1a)
  ✅ Migration complete!

[438/692] Migrating: tessa.oraro-lawrence@zebu-consulting.com
  📋 Supabase ID: 8a06c6ae-cd76-4a0d-b208-23038ee0b8b8
  ✅ Clerk user created: user_35W6LvtHJFKNnzP7Bie1Tntllv8
  💾 Synced to Prisma database
  ✅ Email sent (68e3b360-eb15-4963-937b-290cb0522f51)
  ✅ Migration complete!

[439/692] Migrating: ilan.noy@vuw.ac.nz
  📋 Supabase ID: 6d52dc8d-e47e-4c90-a9e5-8924adafaa26
  ✅ Clerk user created: user_35W6M6iEF2UF9C8Jm09WG4ozxJx
  💾 Synced to Prisma database
  ✅ Email sent (cc18ce90-9bcb-4d75-948c-f6ddda374258)
  ✅ Migration complete!

[440/692] Migrating: amackenzie@physoc.org
  📋 Supabase ID: d224e58c-145b-424d-885e-73700f5d6a50
  ✅ Clerk user created: user_35W6MOD1NTGGIDCCFN0OIRBAXgB
  💾 Synced to Prisma database
  ✅ Email sent (ceb944b1-05fe-49ad-8eba-9a9740438b39)
  ✅ Migration complete!

[441/692] Migrating: chantelle.connect@gmail.com
  📋 Supabase ID: d2b5f336-29f0-4b3c-b2cd-35d91c073615
  ✅ Clerk user created: user_35W6Mb1sXBbUpJbi6lnVWQbFgMX
  💾 Synced to Prisma database
  ✅ Email sent (f8aa363c-78fe-4ecc-ba88-e491e0a7f1ac)
  ✅ Migration complete!

[442/692] Migrating: bo.wang@ehealthresearch.no
  📋 Supabase ID: 4f49cdc1-f644-4091-a756-407943f15192
  ✅ Clerk user created: user_35W6MuIMfyDQ1AFmn14FJPVv8Mb
  💾 Synced to Prisma database
  ✅ Email sent (a4f25a3d-7c13-4770-8497-4a590924d94b)
  ✅ Migration complete!

[443/692] Migrating: k.ashbullby@exeter.ac.uk
  📋 Supabase ID: f8ac2af7-7d06-4339-b90f-7e108ac44648
  ✅ Clerk user created: user_35W6NB6HiSv1aUxv1wWr8D1zahZ
  💾 Synced to Prisma database
  ✅ Email sent (2ba08896-9001-4149-9727-797de03d2be5)
  ✅ Migration complete!

[444/692] Migrating: lucy@theleoproject.org
  📋 Supabase ID: e0e8127f-7ca3-4d6c-882a-4ba10ebe6102
  ✅ Clerk user created: user_35W6NPUMgDorcMyiRuSLJDJVaGR
  💾 Synced to Prisma database
  ✅ Email sent (8dac5c1e-e57e-4b91-917d-1deb72aaeedf)
  ✅ Migration complete!

[445/692] Migrating: justynarosa.projects@outlook.com
  📋 Supabase ID: 26693fa1-8bf8-41b1-9f55-56c059b898f3
  ✅ Clerk user created: user_35W6Nh74WBJCiMeQwvnE0c0i2wL
  💾 Synced to Prisma database
  ✅ Email sent (9835f3b0-38af-4f28-9afe-b25837d9b9aa)
  ✅ Migration complete!

[446/692] Migrating: voila.sharon@gmail.com
  📋 Supabase ID: 5de2b033-d7e9-47c8-b54d-53126a3143f8
  ✅ Clerk user created: user_35W6NwUzKZ8iAssN87rCJBtrTfV
  💾 Synced to Prisma database
  ✅ Email sent (ca7a985c-f5ef-4382-ba3d-5eb0196ddbdc)
  ✅ Migration complete!

[447/692] Migrating: sayanmitra@outlook.com
  📋 Supabase ID: 74ca0032-cc5f-4bbc-8fe4-3f9186525cdb
  ✅ Clerk user created: user_35W6OCLIitby9LvAsJpiruiqP1d
  💾 Synced to Prisma database
  ✅ Email sent (f7b2b87a-58c6-48b3-aa3b-f8d1088d0781)
  ✅ Migration complete!

[448/692] Migrating: juliapanov.uni@gmail.com
  📋 Supabase ID: e3494e7d-7ea5-4562-a46b-d30ed1e37425
  ✅ Clerk user created: user_35W6OOPN8lvKo6zRnspB1Z53xfh
  💾 Synced to Prisma database
  ✅ Email sent (9190b4db-f823-4ce3-931e-aa7bac6050da)
  ✅ Migration complete!

[449/692] Migrating: amarina.donohoe-bales@sydney.edu.au
  📋 Supabase ID: f85d823d-9674-4a3d-8178-a4684c9c075c
  ✅ Clerk user created: user_35W6OZZHC4B2ztq0ESXRdAB5O6N
  💾 Synced to Prisma database
  ✅ Email sent (241bf488-4108-433f-824e-c9616839a610)
  ✅ Migration complete!

[450/692] Migrating: jrsimms@nas.edu
  📋 Supabase ID: 217c8617-8cad-45a6-b2e0-4e453d6a29f7
  ✅ Clerk user created: user_35W6OjpF6hDaQcMcGyXmADflNra
  💾 Synced to Prisma database
  ✅ Email sent (2ac178a7-6e97-4ef2-98fd-15cbbcd80289)
  ✅ Migration complete!

[451/692] Migrating: amanda.villa@columbia.edu
  📋 Supabase ID: 55a6a907-8b26-4421-9c9f-6addf5191b25
  ✅ Clerk user created: user_35W6P5F9PeX0QfBBH94mHXYkvp3
  💾 Synced to Prisma database
  ✅ Email sent (6d1adfdc-9425-41c1-93b7-84824faa5ea4)
  ✅ Migration complete!

[452/692] Migrating: joyceh3111@gmail.com
  📋 Supabase ID: ac202856-8549-4cb8-96fb-8431acb2b269
  ✅ Clerk user created: user_35W6PGP74kj8ZsTzjrQda62yDix
  💾 Synced to Prisma database
  ✅ Email sent (6158fd32-a5bd-4163-b515-df791c4de17f)
  ✅ Migration complete!

[453/692] Migrating: gonzaloalemanyherrero@gmail.com
  📋 Supabase ID: 709f9d6f-b0c3-488a-8e57-2ad5522b7a22
  ✅ Clerk user created: user_35W6PZdd2U4Wqu0yfLJCX6Vx9EA
  💾 Synced to Prisma database
  ✅ Email sent (ba7c21b1-17af-4e1d-b5ff-47753f552c77)
  ✅ Migration complete!

[454/692] Migrating: a.staszewska@pb.edu.pl
  📋 Supabase ID: 2dc11162-e100-4b31-b265-ccfd4f5ce32b
  ✅ Clerk user created: user_35W6PnRlk4xzNBNVc7s7KrYwk1z
  💾 Synced to Prisma database
  ✅ Email sent (22c65338-16d3-4391-831d-23c248d57298)
  ✅ Migration complete!

[455/692] Migrating: oridorottya@gmail.com
  📋 Supabase ID: 5678c4db-5ae3-47ea-aecf-a81c6714f493
  ✅ Clerk user created: user_35W6Q28BdT2eB7VxFdhcjr83hzM
  💾 Synced to Prisma database
  ✅ Email sent (06189f4c-2e53-4d32-9129-9892288781a9)
  ✅ Migration complete!

[456/692] Migrating: ceo@psychologyforasafeclimate.com
  📋 Supabase ID: a7ce9c8a-f56a-45d0-b631-3a7af7fbd0df
  🔍 Clerk API Error Details:
     Status: 422
     Message: Unprocessable Entity
     Errors: [
  {
    "code": "form_username_invalid_length",
    "message": "Username must be between 4 and 64 characters long.",
    "longMessage": "Username must be between 4 and 64 characters long.",
    "meta": {
      "paramName": "username"
    }
  }
]
     Clerk Error: true
  ❌ Error [User Migration]: Unprocessable Entity
  ❌ Migration failed: Unprocessable Entity

[457/692] Migrating: cobbdj.8@gmail.com
  📋 Supabase ID: 7118fc56-938a-47dc-bf8c-6a98c90750e6
  ✅ Clerk user created: user_35W6QYkE2mM1lgTWo9u84v7WwiZ
  💾 Synced to Prisma database
  ✅ Email sent (f44ef061-c8e7-4b82-8ff3-3afc77c89285)
  ✅ Migration complete!

[458/692] Migrating: chiara.galiotto00@gmail.com
  📋 Supabase ID: 65bea1f3-5deb-4d8c-824d-404e50a4bb0a
  ✅ Clerk user created: user_35W6QhcBDeW0mrHNGfOHossIINW
  💾 Synced to Prisma database
  ✅ Email sent (9fd6ac8b-79df-48d2-a672-a26ab6d29fc7)
  ✅ Migration complete!

[459/692] Migrating: sebastian.bruenger@kulturstiftung-bund.de
  📋 Supabase ID: 3610a0dd-939a-41bf-ad22-64c560acabfe
  ✅ Clerk user created: user_35W6QtlP3DQQu7he9Ihd331G9dV
  💾 Synced to Prisma database
  ✅ Email sent (e632f2df-66af-4b23-a1e9-1d712aaf2fc2)
  ✅ Migration complete!

[460/692] Migrating: paul@memetec.com
  📋 Supabase ID: 6ce3ce66-a38f-42b3-8811-cf59966ffbd6
  ✅ Clerk user created: user_35W6RBXT1dFxmVXY7fAr76uEryj
  💾 Synced to Prisma database
  ✅ Email sent (d8ec36de-b2bd-4ddc-9d3c-c64f95b09bc0)
  ✅ Migration complete!

[461/692] Migrating: sunshineiemglobal@gmail.com
  📋 Supabase ID: 61e29b0c-f0c3-415d-bec1-3ad87c63c56d
  ✅ Clerk user created: user_35W6RSQRPVDEp8SxXpUlwk6ss9X
  💾 Synced to Prisma database
  ✅ Email sent (be9eb16e-7f68-4936-885a-175b8b6d3b5a)
  ✅ Migration complete!

[462/692] Migrating: nailahmdva@gmail.com
  📋 Supabase ID: f1e180d3-07b2-40df-bbb1-d9824c661a0b
  ✅ Clerk user created: user_35W6RcTlTtRdWMrCZyp6malub05
  💾 Synced to Prisma database
  ✅ Email sent (bc1fe0fa-c92e-466a-8fde-c034cfdea01a)
  ✅ Migration complete!

[463/692] Migrating: tia.whyman@telethonkids.org.au
  📋 Supabase ID: 9a85f60e-46cc-4f36-8140-bf896cde0c40
  ✅ Clerk user created: user_35W6Rys6TjPqOds6oZ3DLpIirP8
  💾 Synced to Prisma database
  ✅ Email sent (8a5a4ad9-a7ed-4d43-85a3-3edcffe2c7c9)
  ✅ Migration complete!

[464/692] Migrating: davidtaliesingreen@googlemail.com
  📋 Supabase ID: 1d4899c1-4357-439e-9f3c-9faaa1987056
  ✅ Clerk user created: user_35W6SD7OLfLjgULPL71qe2MGoM8
  💾 Synced to Prisma database
  ✅ Email sent (fbcddea7-b9c3-4ba4-933e-f85b9d8fff69)
  ✅ Migration complete!

[465/692] Migrating: jessie@lonelyconservationists.com
  📋 Supabase ID: 8b922afa-af15-4ebc-a41a-b6aab62da01f
  ✅ Clerk user created: user_35W6SUKHHuYWQsYkXsqTMwIEBlQ
  💾 Synced to Prisma database
  ✅ Email sent (b437ed3d-9daf-4168-a08a-cb18bc9a181c)
  ✅ Migration complete!

[466/692] Migrating: friederike.suhr@unimedizin-mainz.de
  📋 Supabase ID: 005dda20-cd73-416b-a954-aa6091fd1913
  ✅ Clerk user created: user_35W6ShtkVUCQlgvAboWbuIcfvmy
  💾 Synced to Prisma database
  ✅ Email sent (376c9279-20cd-4668-ae67-2394de5c0aa3)
  ✅ Migration complete!

[467/692] Migrating: june@shmfoundation.org
  📋 Supabase ID: 8feb8ad2-0883-4586-b829-308f152ec162
  ✅ Clerk user created: user_35W6SxZm0tWbxsfbqnQPYpUARcF
  💾 Synced to Prisma database
  ✅ Email sent (8ef7eafb-674e-4b5b-9ccf-73b57c9242ae)
  ✅ Migration complete!

[468/692] Migrating: chamseddinehajar@gmail.com
  📋 Supabase ID: 6128a49e-cb86-4651-8d66-28494387707e
  ✅ Clerk user created: user_35W6TB9LbtjC1bPKZoQrOZlKu5i
  💾 Synced to Prisma database
  ✅ Email sent (f78c2a1a-026d-4640-ba84-bf710c8dbcc7)
  ✅ Migration complete!

[469/692] Migrating: jontuehspurvis@gmail.com
  📋 Supabase ID: 68fea4f4-8eb7-4d31-a218-ee6f6bbd6abc
  ✅ Clerk user created: user_35W6TS5m9soCieuMUnBJ0f3zeZe
  💾 Synced to Prisma database
  ✅ Email sent (4d0eabdb-94e9-49c0-bc3b-25f0c533a0a3)
  ✅ Migration complete!

[470/692] Migrating: anumbajoe@gmail.com
  📋 Supabase ID: 78cc3cff-2166-4c53-86f4-6648316b34eb
  ✅ Clerk user created: user_35W6TX8Ya304HNSPvMGdZmXy0PX
  💾 Synced to Prisma database
  ✅ Email sent (b4ccfd60-ee52-4ba5-841e-d4c34db89ab1)
  ✅ Migration complete!

[471/692] Migrating: vic@okerlund.net
  📋 Supabase ID: 7bfea094-7248-427d-a8a9-a34177d18a62
  🔍 Clerk API Error Details:
     Status: 422
     Message: Unprocessable Entity
     Errors: [
  {
    "code": "form_username_invalid_length",
    "message": "Username must be between 4 and 64 characters long.",
    "longMessage": "Username must be between 4 and 64 characters long.",
    "meta": {
      "paramName": "username"
    }
  }
]
     Clerk Error: true
  ❌ Error [User Migration]: Unprocessable Entity
  ❌ Migration failed: Unprocessable Entity

[472/692] Migrating: apnheidi@gmail.com
  📋 Supabase ID: 38d26a05-8c63-426b-b7b7-262ff5e1510d
  ✅ Clerk user created: user_35W6U3RJ0APZFS47OnIv9f2R9kw
  💾 Synced to Prisma database
  ✅ Email sent (cd8b7b41-b057-4650-8912-dcc23ebda3be)
  ✅ Migration complete!

[473/692] Migrating: clare.andrews@stir.ac.uk
  📋 Supabase ID: eb991ae4-36ea-4914-9d9d-d9b213b2c9ae
  ✅ Clerk user created: user_35W6ULEhKli00beeAEwIefo2rMI
  💾 Synced to Prisma database
  ✅ Email sent (7128662a-aac9-4a55-b8ba-7bdfc1dc6c47)
  ✅ Migration complete!

[474/692] Migrating: pamelatheactivist@gmail.com
  📋 Supabase ID: 0999f35f-0e14-453e-b215-bc023d5b55a0
  ✅ Clerk user created: user_35W6Ua3AWqPt6DUtv9azxq64j9x
  💾 Synced to Prisma database
  ✅ Email sent (c7a23a0c-3734-4007-a7c4-7c6eb1785bcd)
  ✅ Migration complete!

[475/692] Migrating: ayomideolude@gmail.com
  📋 Supabase ID: d0f7bdca-8515-45f4-8ee2-75ae3a179c82
  ✅ Clerk user created: user_35W6Umr4dOgI6JrUVWkMCa4qoNQ
  💾 Synced to Prisma database
  ✅ Email sent (6bd256f9-cbea-4552-bfc8-75efeb8ba818)
  ✅ Migration complete!

[476/692] Migrating: chloe.guinaudie@camh.ca
  📋 Supabase ID: cef20d13-054f-4b4c-a32d-67888f33ae5e
  ✅ Clerk user created: user_35W6V1C9LtGIL9LODhhrViXCGRC
  💾 Synced to Prisma database
  ✅ Email sent (5c55d380-a616-4bb7-8a2d-454a90bb074f)
  ✅ Migration complete!

[477/692] Migrating: p.howitt@imperial.ac.uk
  📋 Supabase ID: e99a9902-1a69-434d-a690-d62893755464
  ✅ Clerk user created: user_35W6VHMQjRtyEkPEVwjGVzEbCAe
  💾 Synced to Prisma database
  ✅ Email sent (fe039d4f-ca19-4ce4-ba01-3c0514f6baf2)
  ✅ Migration complete!

[478/692] Migrating: sameen.nasar@bracu.ac.bd
  📋 Supabase ID: ba881da5-0aa2-4981-a815-d245daf47faf
  ✅ Clerk user created: user_35W6VaBMojIAghwYU5RMe4a0owk
  💾 Synced to Prisma database
  ✅ Email sent (5262d5fc-b4cb-403f-ad0a-cac7cc744a97)
  ✅ Migration complete!

[479/692] Migrating: silviakaarie@ogiekpeoples.org
  📋 Supabase ID: 13f90161-7fd0-45e1-a46a-1b21c1890d16
  ✅ Clerk user created: user_35W6VlgvzI8pG7mJsw0wOxvmGRB
  💾 Synced to Prisma database
  ✅ Email sent (6b5889fa-b22c-4718-bbab-edcc5a63cbb9)
  ✅ Migration complete!

[480/692] Migrating: alexandre.heeren@uclouvain.be
  📋 Supabase ID: 0f08a4b9-980c-4812-b3a9-34cfd5b46975
  ✅ Clerk user created: user_35W6VuGmljFlTIMhD618d54iiBh
  💾 Synced to Prisma database
  ✅ Email sent (e989037b-9b69-4c36-8960-609545032ecd)
  ✅ Migration complete!

[481/692] Migrating: dale.perry@sunlife.com
  📋 Supabase ID: 27c2a7bf-0a75-425e-8376-ea1dbbdba425
  ✅ Clerk user created: user_35W6WAr67ms8GSFNE3mAXG3cfO4
  💾 Synced to Prisma database
  ✅ Email sent (e237bb82-5f86-45bf-bacb-d6cd92df9df8)
  ✅ Migration complete!

[482/692] Migrating: elena.meni12@gmail.com
  📋 Supabase ID: 5a55b3a8-8b40-4a7b-b63a-5c15fbb21b3d
  ✅ Clerk user created: user_35W6WTo9BzJlWCWXsP0DPcKZB6N
  💾 Synced to Prisma database
  ✅ Email sent (0849a478-cd4e-4d2b-aa0d-647be064de5b)
  ✅ Migration complete!

[483/692] Migrating: marie.mathe.etu@univ-lille.fr
  📋 Supabase ID: 8db4ed30-0187-494a-ae76-776ba016e748
  ✅ Clerk user created: user_35W6WqoVn6ty7sKHOAkTw3511mv
  💾 Synced to Prisma database
  ✅ Email sent (fe12e7ea-5042-41df-a05a-ce6ef11477fd)
  ✅ Migration complete!

[484/692] Migrating: v.iemmi@lse.ac.uk
  📋 Supabase ID: 6b517a8d-98cb-4441-8d37-6719a2472088
  ✅ Clerk user created: user_35W6Wx9uUqdbvqu0xwLoPwLvarb
  💾 Synced to Prisma database
  ✅ Email sent (9998d79e-f6d2-4f95-981e-4cf61c8d59a5)
  ✅ Migration complete!

[485/692] Migrating: chasemiles0722@gmail.com
  📋 Supabase ID: 5933e037-2881-435c-b45e-91b14f2d1db1
  ✅ Clerk user created: user_35W6XAJAGUKCU4H8fselpjpRSA8
  💾 Synced to Prisma database
  ✅ Email sent (ccedf10e-e055-4c30-8122-276da848ee25)
  ✅ Migration complete!

[486/692] Migrating: aldrin.deniega@gmail.com
  📋 Supabase ID: c96cda4d-fdcf-4290-afd8-6375f898a474
  ✅ Clerk user created: user_35W6XQuyH74FgBU00qKAIF5qtLs
  💾 Synced to Prisma database
  ✅ Email sent (e0714b77-73b3-4b24-b5bb-dbd0e049e223)
  ✅ Migration complete!

[487/692] Migrating: aaliya.aaliya@duke.edu
  📋 Supabase ID: 45ccbd80-41f9-4a7c-8dad-4462d6259ee9
  ✅ Clerk user created: user_35W6XlNEzkkxaoodUS37uDh80Ov
  💾 Synced to Prisma database
  ✅ Email sent (9dc530e3-6097-48ef-8613-c3606b8b56ff)
  ✅ Migration complete!

[488/692] Migrating: winkel@carpo-bonn.org
  📋 Supabase ID: 72367291-5e2f-4459-b047-17ed1999edfd
  ✅ Clerk user created: user_35W6Xvl0yGa8opS8yVjB2aH0ckZ
  💾 Synced to Prisma database
  ✅ Email sent (89e5c776-6ae0-473b-ad1e-baf7c24f869a)
  ✅ Migration complete!

[489/692] Migrating: luise.marino@swyt.nhs.uk
  📋 Supabase ID: ae653b53-3232-4a90-bd16-753bf98f1346
  ✅ Clerk user created: user_35W6YEullCCBIo3bgsP74CkCHtp
  💾 Synced to Prisma database
  ✅ Email sent (2cf768a0-ed20-4204-977c-a42f9ea260e5)
  ✅ Migration complete!

[490/692] Migrating: ejefkins@gmail.com
  📋 Supabase ID: ca3f0e36-ac9f-40ea-b333-9c6bd4424a2c
  ✅ Clerk user created: user_35W6YSPx7fwAvpmxSdNsXvO5W8f
  💾 Synced to Prisma database
  ✅ Email sent (181c663c-6247-43ff-abad-eb6507d543b6)
  ✅ Migration complete!

[491/692] Migrating: saskiavano@icloud.com
  📋 Supabase ID: 0accb30f-7abb-4a4b-afb8-7de4312cbf03
  ✅ Clerk user created: user_35W6Yhy4v8hWl4JsqTzflKOrFwY
  💾 Synced to Prisma database
  ✅ Email sent (4e14f817-017a-4788-9975-ea1f7b50e1ba)
  ✅ Migration complete!

[492/692] Migrating: ajvm@cityoflondonschool.org.uk
  📋 Supabase ID: 5185a0b5-c97a-4d9c-bdec-7d7446b4d71b
  ✅ Clerk user created: user_35W6Z0F686H31HZtjRxWWSHRP3U
  💾 Synced to Prisma database
  ✅ Email sent (a722f53b-2d38-49c1-ad09-626c2265d06c)
  ✅ Migration complete!

[493/692] Migrating: g@abillion.org
  📋 Supabase ID: ac0b1641-de36-40b6-9e54-2801bc22cdc7
  🔍 Clerk API Error Details:
     Status: 422
     Message: Unprocessable Entity
     Errors: [
  {
    "code": "form_username_invalid_length",
    "message": "Username must be between 4 and 64 characters long.",
    "longMessage": "Username must be between 4 and 64 characters long.",
    "meta": {
      "paramName": "username"
    }
  }
]
     Clerk Error: true
  ❌ Error [User Migration]: Unprocessable Entity
  ❌ Migration failed: Unprocessable Entity

[494/692] Migrating: sanne.vanrhijn@westlondon.nhs.uk
  📋 Supabase ID: 0fa6d6d5-916d-44a6-9e7b-2924633e9303
  ✅ Clerk user created: user_35W6ZPJ3bIoC36jiChYXRrzm5iC
  💾 Synced to Prisma database
  ✅ Email sent (554878d0-660f-4de6-8548-58241e4bd64b)
  ✅ Migration complete!

[495/692] Migrating: sheeba_1966@yahoo.co.in
  📋 Supabase ID: 24e15f13-4d66-4c6f-a4a9-26e261d53236
  ✅ Clerk user created: user_35W6Zh0cXyDiLSdy8CreifBHSqp
  💾 Synced to Prisma database
  ✅ Email sent (4a06fb05-e142-45cb-92e8-7d78b0db1f85)
  ✅ Migration complete!

[496/692] Migrating: o.el-omrani@imperial.ac.uk
  📋 Supabase ID: ca04b8a2-cc34-440d-810f-935ed4ce33b7
  ✅ Clerk user created: user_35W6a0QdFuXNzZDK0vaaGb2P6f4
  💾 Synced to Prisma database
  ✅ Email sent (94091004-ea75-4902-be4b-85656226cb92)
  ✅ Migration complete!

[497/692] Migrating: jkrobertson@gmail.com
  📋 Supabase ID: 7e67e2af-3034-432c-8df4-e2dad7572a98
  ✅ Clerk user created: user_35W6a3x8FKHeFbwignKUQ4lmTqv
  💾 Synced to Prisma database
  ✅ Email sent (d4e1cc2e-df4f-4b2c-a64b-70425dc730bf)
  ✅ Migration complete!

[498/692] Migrating: hdesderius@unam.na
  📋 Supabase ID: 1e02a977-a4c4-414b-aecc-8b3a75dd8af4
  ✅ Clerk user created: user_35W6aPBJzRflRr4HHWIVkSRMysb
  💾 Synced to Prisma database
  ✅ Email sent (9c790af0-5689-4c99-ba49-7412646c71cc)
  ✅ Migration complete!

[499/692] Migrating: eloise.berson@gmail.com
  📋 Supabase ID: 49a362f4-23a7-4d01-986d-f3ae31287009
  ✅ Clerk user created: user_35W6ac2bJgQT8b5uvVKzPDzkdP8
  💾 Synced to Prisma database
  ✅ Email sent (e673c8ca-eda8-4943-a684-a613d435c278)
  ✅ Migration complete!

[500/692] Migrating: hung_shawn@icloud.com
  📋 Supabase ID: d84e2fda-92ac-4fa1-92e8-3ed6270f4101
  ✅ Clerk user created: user_35W6aolbL4TAxYksJuHtA2lFQ8Q
  💾 Synced to Prisma database
  ✅ Email sent (f83752de-4b00-4e6f-bb31-3f2adf5a14d5)
  ✅ Migration complete!

[501/692] Migrating: sophie@thefoxandthebutterfly.com
  📋 Supabase ID: 20d4676d-fd50-4ec1-a06c-8cfdb0c4e236
  ✅ Clerk user created: user_35W6b4oagacph7o2cI2oN5Cin5W
  💾 Synced to Prisma database
  ✅ Email sent (d08051f5-244a-4d13-9bf9-87f30f7312aa)
  ✅ Migration complete!

[502/692] Migrating: 1069q90k@anonaddy.me
  📋 Supabase ID: 9cb8546b-9759-441c-9d90-e02d3f81337e
  ✅ Clerk user created: user_35W6bLnzDK46lAcg7Qn9jCb18Yk
  💾 Synced to Prisma database
  ✅ Email sent (2cf84a07-4e70-42d4-a028-20edcc0c70ba)
  ✅ Migration complete!

[503/692] Migrating: lcousins@fulcrumpoint.co
  📋 Supabase ID: 71abb36a-e868-42e5-96fa-ccb328fbdc57
  ✅ Clerk user created: user_35W6bXuVviWwoxUFYuFT5TRqMDy
  💾 Synced to Prisma database
  ✅ Email sent (bce65ebd-4dcb-4f70-aad0-868e0e9aeb93)
  ✅ Migration complete!

[504/692] Migrating: nisayduman@gmail.com
  📋 Supabase ID: 27fc4ba4-a87f-4b1b-b6ea-d37ff7a58ad9
  ✅ Clerk user created: user_35W6btfSLTQhBSnW6NJDtpH5BUk
  💾 Synced to Prisma database
  ✅ Email sent (f1bbae21-6c6c-4b65-9824-09c53809e883)
  ✅ Migration complete!

[505/692] Migrating: andrew@strongminds.org
  📋 Supabase ID: a8ccf3b0-f814-4241-b174-4351d5e1ae7e
  ✅ Clerk user created: user_35W6c510CAjkqxvMN4TOwi198Gg
  💾 Synced to Prisma database
  ✅ Email sent (4e4255d3-1d43-4562-9fd0-e0e6f9a0dfcc)
  ✅ Migration complete!

[506/692] Migrating: sarah@menchavez.com
  📋 Supabase ID: 4dbc4ffd-3b76-497a-a869-f3ddb20f01d4
  ✅ Clerk user created: user_35W6cJyVnaLG0UwEhnmMjcLRjGU
  💾 Synced to Prisma database
  ✅ Email sent (f0f3ce6a-f37b-4d40-bcb2-645484f3a604)
  ✅ Migration complete!

[507/692] Migrating: chelseacheedah@gmail.com
  📋 Supabase ID: 67607f24-c81d-4f00-8899-353cc9cb3511
  ✅ Clerk user created: user_35W6cbXKLrUeap552crpMbeULVT
  💾 Synced to Prisma database
  ✅ Email sent (ac8e25d3-9ad5-4a18-9dfd-d57ffbfd549c)
  ✅ Migration complete!

[508/692] Migrating: tony.johnson@carbonliteracy.com
  📋 Supabase ID: de84df13-22e2-4388-8023-83adcf040fa9
  ✅ Clerk user created: user_35W6cth3KFmvwQWAtqJ05JDM6CX
  💾 Synced to Prisma database
  ✅ Email sent (b3d31567-5616-4e86-b934-464270445ba7)
  ✅ Migration complete!

[509/692] Migrating: gabbyyromm@gmail.com
  📋 Supabase ID: 833a013b-07df-4e92-9cee-25d1fd39538c
  ✅ Clerk user created: user_35W6czbXmpP4lEA66oDwAXI3UnC
  💾 Synced to Prisma database
  ✅ Email sent (e5fc3708-bf74-4fb3-87b0-2c596956fc3d)
  ✅ Migration complete!

[510/692] Migrating: fvelander@csu.edu.au
  📋 Supabase ID: fd1ff83a-0bd9-4548-b697-08c207b7b76d
  ✅ Clerk user created: user_35W6dDY6YIT88ep8IPl40KivxQW
  💾 Synced to Prisma database
  ✅ Email sent (d60de929-2d17-4338-89b2-46b9a8957af8)
  ✅ Migration complete!

[511/692] Migrating: niaya-igarashi@g.ecc.u-tokyo.ac.jp
  📋 Supabase ID: 6034c90b-2db1-4d68-9b59-213f40a22a77
  ✅ Clerk user created: user_35W6dR8A0godav2wPuJTWR7ZXFx
  💾 Synced to Prisma database
  ✅ Email sent (343204bc-4a52-4262-9a5f-4fe4c4bdda38)
  ✅ Migration complete!

[512/692] Migrating: enkhuun@breathemongolia.org
  📋 Supabase ID: dc50fd0a-439c-4984-9e1a-d539c6927823
  ✅ Clerk user created: user_35W6dkBLJhWA8GmQJghKaSz3owd
  💾 Synced to Prisma database
  ✅ Email sent (fcb6ea50-16fc-4c97-8fde-5ff096621573)
  ✅ Migration complete!

[513/692] Migrating: fwedraogo76@gmail.com
  📋 Supabase ID: ddb3bbe2-3a86-4128-931c-f8e62d8abb6a
  ✅ Clerk user created: user_35W6dvlZzhMxqnQOR35goQU9wTl
  💾 Synced to Prisma database
  ✅ Email sent (b0ac9a34-c3eb-4646-a3eb-721e6c7e1b1c)
  ✅ Migration complete!

[514/692] Migrating: kim.hill@villagereach.org
  📋 Supabase ID: 5351c77e-9cba-4ed5-a1b6-532a9e37f64e
  ✅ Clerk user created: user_35W6eHyMMM8Qt594BOqUQW98IJ6
  💾 Synced to Prisma database
  ✅ Email sent (9a314a52-474b-4b13-b397-51f0a57e4d55)
  ✅ Migration complete!

[515/692] Migrating: bauer@iiasa.ac.at
  📋 Supabase ID: ea226728-ed50-40a6-b3f2-e62804b8c468
  ✅ Clerk user created: user_35W6eReZUse37qo179PdsixdMbD
  💾 Synced to Prisma database
  ✅ Email sent (29bb9bcb-3ab2-4e7d-8862-6c07d1475afb)
  ✅ Migration complete!

[516/692] Migrating: mijomik@gmail.com
  📋 Supabase ID: 05fea2a5-adaa-4e52-bd17-de5a399d9f73
  ✅ Clerk user created: user_35W6ejDH2Osr2SqJjKLfNyTr2EV
  💾 Synced to Prisma database
  ✅ Email sent (9602e599-4986-4f86-a4f5-86e0ecf01db8)
  ✅ Migration complete!

[517/692] Migrating: mofiz.sunshine@gmail.com
  📋 Supabase ID: cf655c4b-a245-4264-9d56-c99fdc5a563e
  ✅ Clerk user created: user_35W6f75FO2qRMRjCAmpVlX5a4hK
  💾 Synced to Prisma database
  ✅ Email sent (05c71b6a-387a-411f-ac99-22ac2dc26c7d)
  ✅ Migration complete!

[518/692] Migrating: kirsty.morrison2@ukhsa.gov.uk
  📋 Supabase ID: 3c05a7de-4f82-4b5b-885b-8288761f67d5
  ✅ Clerk user created: user_35W6fNwHkPvlFEEC5n5jjPah1O8
  💾 Synced to Prisma database
  ✅ Email sent (21a5d744-19bf-4303-a39a-816b8d0d9dcf)
  ✅ Migration complete!

[519/692] Migrating: kate@growthminds.com
  📋 Supabase ID: 587812c3-df99-4ef3-8f02-4b39298bc413
  ✅ Clerk user created: user_35W6fbCJqZ00IUBtUvKoIhNvS10
  💾 Synced to Prisma database
  ✅ Email sent (7f0eaf85-e31f-4092-bf56-75fd7d771730)
  ✅ Migration complete!

[520/692] Migrating: d.barrett@nhs.net
  📋 Supabase ID: 1691c42f-b0b5-4206-a7db-1f99f55c0b24
  ✅ Clerk user created: user_35W6fvIMyJrVx3YGQg2cuV3qGxn
  💾 Synced to Prisma database
  ✅ Email sent (2a465eae-777e-42fe-bed8-ea8e609b131c)
  ✅ Migration complete!

[521/692] Migrating: ediinamolnar@gmail.com
  📋 Supabase ID: ebd7abd0-79d0-4366-b81f-922ff6b41c09
  ✅ Clerk user created: user_35W6g4GgnWZcMCwycyRe1ie2MDz
  💾 Synced to Prisma database
  ✅ Email sent (e08d41b1-5bde-47cc-9d40-4257e71a227b)
  ✅ Migration complete!

[522/692] Migrating: klesteban@up.edu.ph
  📋 Supabase ID: f5189f86-1b3c-45ee-b6e1-02d72838787c
  ✅ Clerk user created: user_35W6gNA9LOs4Hp5mCXtRT4P7kXu
  💾 Synced to Prisma database
  ✅ Email sent (6baab705-eba1-496e-b15d-67c89d5a04fa)
  ✅ Migration complete!

[523/692] Migrating: euniceg@cogeco.ca
  📋 Supabase ID: 5d650e57-9425-43c5-b73a-feffa6ce78b6
  ✅ Clerk user created: user_35W6gfTcdhxSn6vE3fHYxtQN52T
  💾 Synced to Prisma database
  ✅ Email sent (6fb41b69-5cbe-4caf-8111-aa6844e5b8e9)
  ✅ Migration complete!

[524/692] Migrating: benjamin.rossington@nhs.net
  📋 Supabase ID: 83ae74e8-79af-40aa-9b3e-61e717863c6c
  ✅ Clerk user created: user_35W6gqKDSLGPYKqnXkNljyteUXz
  💾 Synced to Prisma database
  ✅ Email sent (593edc7c-e3f4-4e4a-afb6-cbb3af38ec24)
  ✅ Migration complete!

[525/692] Migrating: sacha.wright99@gmail.com
  📋 Supabase ID: bda5edd0-d139-4691-adee-02c6668dd683
  ✅ Clerk user created: user_35W6hAdIQwz6z4Y6gFkwEMLT9eJ
  💾 Synced to Prisma database
  ✅ Email sent (bb989cd0-1af1-477e-91ef-0fcfdcd1bd65)
  ✅ Migration complete!

[526/692] Migrating: j.newberry-le-vay@imperial.ac.uk
  📋 Supabase ID: 4e447ebb-81b5-40ae-9a47-5b40d6e7cc55
  🔍 Clerk API Error Details:
     Status: 422
     Message: Unprocessable Entity
     Errors: [
  {
    "code": "form_identifier_exists",
    "message": "That email address is taken. Please try another.",
    "longMessage": "That email address is taken. Please try another.",
    "meta": {
      "paramName": "email_address"
    }
  }
]
     Clerk Error: true
  ❌ Error [User Migration]: Unprocessable Entity
  ❌ Migration failed: Unprocessable Entity

[527/692] Migrating: ayka@foundationturningpoint.org
  📋 Supabase ID: 6d46cc41-9b23-4966-8b77-c5ed31565a96
  ✅ Clerk user created: user_35W6hTSqSnzn4aHNTmqJ2urCBTS
  💾 Synced to Prisma database
  ✅ Email sent (c38629e2-4c9b-4975-917b-6a957f8e2219)
  ✅ Migration complete!

[528/692] Migrating: swaksar.adhikary@g.bracu.ac.bd
  📋 Supabase ID: dea7b987-6bd6-42ec-89b2-ffaf44c357d0
  ✅ Clerk user created: user_35W6hiflqISnlt71vu1wF606Qd0
  💾 Synced to Prisma database
  ✅ Email sent (35f929be-0b4b-40df-8025-8091c052538b)
  ✅ Migration complete!

[529/692] Migrating: imed_harrabi@yahoo.fr
  📋 Supabase ID: b82a255a-9b25-4e2c-85e2-0575c6d94a05
  ✅ Clerk user created: user_35W6i0oWNqs5UDTM4ODG4HDLS1q
  💾 Synced to Prisma database
  ✅ Email sent (20cfbde5-be3e-43e9-8eb3-ad18eb20817c)
  ✅ Migration complete!

[530/692] Migrating: fionar24@gmail.com
  📋 Supabase ID: 07818589-897f-44e1-9017-d75b419a77b7
  ✅ Clerk user created: user_35W6iGFbLyOEcv5XP5msDPmjXFY
  💾 Synced to Prisma database
  ✅ Email sent (972016d7-4f31-43ee-a193-6932a57f27ce)
  ✅ Migration complete!

[531/692] Migrating: hello@climatepsychologists.com
  📋 Supabase ID: 495633d6-0938-45d6-a1f5-df2c92007f86
  ✅ Clerk user created: user_35W6iVVLA1j68YxZEA9ue6K6bUI
  💾 Synced to Prisma database
  ✅ Email sent (1db111a3-682e-4907-abc0-aecb1f9bb87c)
  ✅ Migration complete!

[532/692] Migrating: cirhan.truswell@sloc.co.uk
  📋 Supabase ID: ee9b12a3-cabd-4c77-abc5-68ca0bf3a40d
  ✅ Clerk user created: user_35W6ioGU4nBNykPDPwoi3tOCVBh
  💾 Synced to Prisma database
  ✅ Email sent (dd6db17c-c7d5-43d2-881d-469138a293ca)
  ✅ Migration complete!

[533/692] Migrating: lizarules13@gmail.com
  📋 Supabase ID: c47b1b66-8cd9-4c7e-aede-f1788eb77423
  ✅ Clerk user created: user_35W6j47NuWsrof5P8JnP0hepMjb
  💾 Synced to Prisma database
  ✅ Email sent (d572cc8f-38aa-4c32-8972-8fdd65bcebfa)
  ✅ Migration complete!

[534/692] Migrating: nebrasdagamseh@gmail.com
  📋 Supabase ID: 8250740d-3b99-40a8-a2d7-ab87a5a5a6df
  ✅ Clerk user created: user_35W6jHePTBiwBEhz1CweavqJVxO
  💾 Synced to Prisma database
  ✅ Email sent (c716878e-26f0-41fe-b5fc-94ada581ce70)
  ✅ Migration complete!

[535/692] Migrating: kathryn@kwilliamsonconsulting.com
  📋 Supabase ID: 72cc9213-0701-4002-994a-ee7390f055a1
  ✅ Clerk user created: user_35W6jWIeOMftCZhn3kZP8wXMt01
  💾 Synced to Prisma database
  ✅ Email sent (0609be0f-f949-40e2-92a7-84ef98685461)
  ✅ Migration complete!

[536/692] Migrating: jackboyse@outlook.com
  📋 Supabase ID: e3041c30-9060-496c-8d43-a187b4e3238a
  ✅ Clerk user created: user_35W6jjHm2sAn3PdQDMUNUEWV2TI
  💾 Synced to Prisma database
  ✅ Email sent (afe390b2-c5ce-4b30-9c91-9a245b627433)
  ✅ Migration complete!

[537/692] Migrating: vihanga.mohottimudiyanselage@griffithuni.edu.au
  📋 Supabase ID: 4a2bea85-8fd9-4eae-b53c-625fef62a9bc
  ✅ Clerk user created: user_35W6k2aeJcVaPWXdXhNTvsgbgs9
  💾 Synced to Prisma database
  ✅ Email sent (f3d8e0a4-a430-4561-9635-62fe3f1a524a)
  ✅ Migration complete!

[538/692] Migrating: fatoure1@gmail.com
  📋 Supabase ID: 4808f5dd-04e4-44fb-8d37-bb5650b0a26b
  ✅ Clerk user created: user_35W6kHosIJDWc3mTpPHnQDTIfJl
  💾 Synced to Prisma database
  ✅ Email sent (f7bc481d-04eb-46bb-8cf4-2c25111a5999)
  ✅ Migration complete!

[539/692] Migrating: weaver@uvic.ca
  📋 Supabase ID: 760c74a3-d4be-47f0-9676-212367c8811b
  ✅ Clerk user created: user_35W6kPpAtRqstNGgohX5L6xgGVH
  💾 Synced to Prisma database
  ✅ Email sent (ab8aa4b3-5dd8-4a01-95be-d5ef827d137d)
  ✅ Migration complete!

[540/692] Migrating: merazrahman797@gmail.com
  📋 Supabase ID: 1e65283a-696a-4b1a-a389-cd762bebd06e
  ✅ Clerk user created: user_35W6kgAn32UPScErMe8jyQ8tttn
  💾 Synced to Prisma database
  ✅ Email sent (3f06df6e-aadb-4d82-992e-5bccb94ffe15)
  ✅ Migration complete!

[541/692] Migrating: safeworki@gmail.com
  📋 Supabase ID: 7f1f2da6-2f82-4ef1-bc5a-d2a79fb5cc85
  ✅ Clerk user created: user_35W6kt1i7P0G5UENjLoJCKa7Vbi
  💾 Synced to Prisma database
  ✅ Email sent (5c19c0fa-4376-48b8-812a-eed38ced1bca)
  ✅ Migration complete!

[542/692] Migrating: stefaniamaggi@cunet.carleton.ca
  📋 Supabase ID: f967dfc3-1016-4803-b63a-39f8968c8054
  ✅ Clerk user created: user_35W6lDKuoR4GBpzq4o3dYDKOCwl
  💾 Synced to Prisma database
  ✅ Email sent (1a66e8d5-4d42-42d9-b1f5-3fb1779a103e)
  ✅ Migration complete!

[543/692] Migrating: bouchra.belhajabdallah@eui.eu
  📋 Supabase ID: 468c6aec-32cf-4ddf-8a86-e73132fa351f
  ✅ Clerk user created: user_35W6lM4D8BbvYKfAzMEPDFasMs7
  💾 Synced to Prisma database
  ✅ Email sent (3fc83e53-d98f-4cdd-b7a3-d41daf27a88c)
  ✅ Migration complete!

[544/692] Migrating: madeleine@climatecatalyst.org
  📋 Supabase ID: 42c0373d-eb59-4617-8246-2e65added926
  ✅ Clerk user created: user_35W6lawJE8gI5JRd2eXSYleEv98
  💾 Synced to Prisma database
  ✅ Email sent (c1cee027-017d-4ab8-8140-a0ed64339677)
  ✅ Migration complete!

[545/692] Migrating: ritwika.r@finlabsindia.com
  📋 Supabase ID: 7f28b9c6-cac1-4db8-bdb1-cbd4cf4f99a2
  ✅ Clerk user created: user_35W6lqRWY0pFCvhfkPCn7hIGSqT
  💾 Synced to Prisma database
  ✅ Email sent (27f6eb30-13ad-40f3-8277-3431a494c74a)
  ✅ Migration complete!

[546/692] Migrating: gudrun.hubinger@outlook.com
  📋 Supabase ID: bad90292-633d-44b7-938c-bc17c8b726a3
  ✅ Clerk user created: user_35W6mBj7k7Q6yLWxPPpNLeJCemN
  💾 Synced to Prisma database
  ✅ Email sent (95811714-49d7-4697-abf2-a892998abd84)
  ✅ Migration complete!

[547/692] Migrating: shelotxz@gmail.com
  📋 Supabase ID: c67311b5-e78e-4f21-988c-9f88277ad302
  ✅ Clerk user created: user_35W6mLjeyKzp5lh0QAe3oIWpyoh
  💾 Synced to Prisma database
  ✅ Email sent (597640d2-76aa-4432-a835-6fd6f031f4f8)
  ✅ Migration complete!

[548/692] Migrating: colleen@ecopsychepedia.org
  📋 Supabase ID: 5f3157bf-106d-4a4d-99d0-f60a687809d3
  ✅ Clerk user created: user_35W6mbs96Sm66wMI36oYtDoufEb
  💾 Synced to Prisma database
  ✅ Email sent (c379a29b-6669-41fc-bbf6-5e1e7185fbd1)
  ✅ Migration complete!

[549/692] Migrating: jonathan_vicent@live.co.uk
  📋 Supabase ID: b1095160-d070-40e0-a65e-351e45d3287a
  ✅ Clerk user created: user_35W6msd7P2NLKwQyY3wolV6GVJr
  💾 Synced to Prisma database
  ✅ Email sent (20196777-7f32-4118-b3e0-72af12a45daf)
  ✅ Migration complete!

[550/692] Migrating: esperancechantal7@gmail.com
  📋 Supabase ID: f3e8a7b8-a8f8-42a0-b305-58c8d1a285d9
  ✅ Clerk user created: user_35W6n6LnzOewaIqPrW9X01vwZxf
  💾 Synced to Prisma database
  ✅ Email sent (787f5f64-57d4-45c4-8416-57305f471f4f)
  ✅ Migration complete!

[551/692] Migrating: z.lackner@protonmail.com
  📋 Supabase ID: cb49abdb-3fb4-42af-a385-e10d8663b77c
  ✅ Clerk user created: user_35W6nQTbrdEX6C8mnfmKBRYjjMN
  💾 Synced to Prisma database
  ✅ Email sent (f235baa9-57f9-4e12-9c27-16bd7ae42d29)
  ✅ Migration complete!

[552/692] Migrating: mkhalis@um6ss.ma
  📋 Supabase ID: b1ab85de-1823-42ca-a0b3-e168df950444
  ✅ Clerk user created: user_35W6ng2PODCE8hogXR541qFfch4
  💾 Synced to Prisma database
  ✅ Email sent (e2a2202f-2ebc-491b-ab5a-bc1c3221b546)
  ✅ Migration complete!

[553/692] Migrating: manaruru@gmail.com
  📋 Supabase ID: 204d709a-1613-461a-a584-d6d9c66c4968
  ✅ Clerk user created: user_35W6nrnA2SVOKlziTw90FBqmSdl
  💾 Synced to Prisma database
  ✅ Email sent (8a2e6332-b597-49b0-be99-6307978f9dc1)
  ✅ Migration complete!

[554/692] Migrating: poorvapatil01@gmail.com
  📋 Supabase ID: f84700ad-550b-4278-a1c2-64d6465dc66b
  ✅ Clerk user created: user_35W6o49pbOurk7WR3bOMbhCKdvv
  💾 Synced to Prisma database
  ✅ Email sent (f7db5fe3-ea27-48f4-bc59-12b90a3fdf4a)
  ✅ Migration complete!

[555/692] Migrating: matthewmarquez@gmail.com
  📋 Supabase ID: 5a13715a-26ef-4bf3-8b90-0a0206642913
  ✅ Clerk user created: user_35W6oF5NZtiVFELnFYDt3PuVPQR
  💾 Synced to Prisma database
  ✅ Email sent (07dcc8ad-d573-4754-9ee0-ce66aeadbcd9)
  ✅ Migration complete!

[556/692] Migrating: henscheln@googlemail.com
  📋 Supabase ID: 2586ac8f-a2c6-4553-b698-f637bc4d1a2c
  ✅ Clerk user created: user_35W6oXWFCgKlal8rlDc9WoY7d26
  💾 Synced to Prisma database
  ✅ Email sent (d847222a-79e7-4980-8ec4-83f2ae149b05)
  ✅ Migration complete!

[557/692] Migrating: okamoto@merit.unu.edu
  📋 Supabase ID: 022b0623-570a-47fd-a195-54497c0c3658
  ✅ Clerk user created: user_35W6oq7SK7fCA4VwEzEvPYd26zt
  💾 Synced to Prisma database
  ✅ Email sent (5325f99d-15ed-4d53-88de-ffccadd5bf1e)
  ✅ Migration complete!

[558/692] Migrating: catherine.larsson@barnfonden.se
  📋 Supabase ID: 13226a3a-fd82-440d-a957-f1583d54c7f8
  ✅ Clerk user created: user_35W6p3WvZ8Zq9ME03LEq7BM97TJ
  💾 Synced to Prisma database
  ✅ Email sent (61201553-583b-4b22-a26f-651ea9f3d2d7)
  ✅ Migration complete!

[559/692] Migrating: g.konstantinoudis@imperial.ac.uk
  📋 Supabase ID: 8e22f545-6729-4262-a0a9-79a075fff732
  ✅ Clerk user created: user_35W6pI02XOmSRDildRvLHgZ7dan
  💾 Synced to Prisma database
  ✅ Email sent (710e0550-5519-4e58-97b1-a94dbdb886a7)
  ✅ Migration complete!

[560/692] Migrating: nidhiyadav5@gmail.com
  📋 Supabase ID: 45af0191-d3f2-4be1-a7e5-0909a0ba1a9b
  ✅ Clerk user created: user_35W6pXSa9BmSVAx46NgimSIu5H3
  💾 Synced to Prisma database
  ✅ Email sent (84201322-1998-46a9-9482-e80a0a15a24b)
  ✅ Migration complete!

[561/692] Migrating: amensisahailu.tesfaye@student.uts.edu.au
  📋 Supabase ID: bee885cd-2697-40cb-85c9-337d93f25a3f
  ✅ Clerk user created: user_35W6plBhmQRUF6HFO0vEMTtAOds
  💾 Synced to Prisma database
  ✅ Email sent (4222ebc6-644f-4cf0-a4cb-5faccb0f1815)
  ✅ Migration complete!

[562/692] Migrating: angela.tritto@ubd.edu.bn
  📋 Supabase ID: 9109a467-2571-46a0-83c3-d331645af487
  ✅ Clerk user created: user_35W6q0UNebbLVv2Dkt6W0B8OdHy
  💾 Synced to Prisma database
  ✅ Email sent (457a3b36-761f-4c0b-a03c-15ffde55a697)
  ✅ Migration complete!

[563/692] Migrating: christie@macquarierooms.com
  📋 Supabase ID: 9716dbb9-5fe0-4d55-8b6c-05d65508da97
  ✅ Clerk user created: user_35W6qFgDNPphWX4RowVlP9QdVYh
  💾 Synced to Prisma database
  ✅ Email sent (f570633c-72c8-4515-8f54-eb8d789c3a05)
  ✅ Migration complete!

[564/692] Migrating: cate.sinclair10@gmail.com
  📋 Supabase ID: 6bde511e-efe4-4920-a990-e1b7d6a59c97
  ✅ Clerk user created: user_35W6qV23cEHwLlirizxHzEXXlGF
  💾 Synced to Prisma database
  ✅ Email sent (8b8bc51f-1446-473c-84c4-90dc6e974ae9)
  ✅ Migration complete!

[565/692] Migrating: suhailah.ali@uq.net.au
  📋 Supabase ID: c281ef6d-e273-49be-b515-2f42e4378633
  ✅ Clerk user created: user_35W6qs4bkYjInGCKjNnvnHbKCnS
  💾 Synced to Prisma database
  ⚠️  Email send failed: You have reached your daily email sending quota.
  ❌ Error [Email Send]: You have reached your daily email sending quota.
  ✅ Migration complete!

[566/692] Migrating: ans.vercammen@curtin.edu.au
  📋 Supabase ID: c6289438-340f-4feb-aa61-2f069c2d6bc6
  ✅ Clerk user created: user_35W6rRi0IdZmMnvyxfzj7Cp7ula
  💾 Synced to Prisma database
  ⚠️  Email send failed: You have reached your daily email sending quota.
  ❌ Error [Email Send]: You have reached your daily email sending quota.
  ✅ Migration complete!

[567/692] Migrating: alykins@une.edu.au
  📋 Supabase ID: 4b009938-f36e-429a-99a0-c3b4f48dee1c
  ✅ Clerk user created: user_35W6s2wAqhpDLkEaVcR1Xf9u76t
  💾 Synced to Prisma database
  ⚠️  Email send failed: You have reached your daily email sending quota.
  ❌ Error [Email Send]: You have reached your daily email sending quota.
  ✅ Migration complete!

[568/692] Migrating: alan.woodward@lifeline-international.com
  📋 Supabase ID: 204c3471-0e00-45d6-80fb-11f750d9a6ce
  ✅ Clerk user created: user_35W6seIVxa7wl9J6wJZW9l33y0f
  💾 Synced to Prisma database
  ⚠️  Email send failed: You have reached your daily email sending quota.
  ❌ Error [Email Send]: You have reached your daily email sending quota.
  ✅ Migration complete!

[569/692] Migrating: gareth.daniels@health.qld.gov.au
  📋 Supabase ID: f978c084-483d-40d3-99a8-ebb03b710121
  ✅ Clerk user created: user_35W6tLGuNq9qnARPHC8so7IC9fu
  💾 Synced to Prisma database
  ⚠️  Email send failed: You have reached your daily email sending quota.
  ❌ Error [Email Send]: You have reached your daily email sending quota.
  ✅ Migration complete!

[570/692] Migrating: simivalecha@gmail.com
  📋 Supabase ID: 10e559d7-20a6-4461-8e34-de30c5d45f94
  ✅ Clerk user created: user_35W6tv7Twp99NxSneANoqHpGhg6
  💾 Synced to Prisma database
  ⚠️  Email send failed: You have reached your daily email sending quota.
  ❌ Error [Email Send]: You have reached your daily email sending quota.
  ✅ Migration complete!

[571/692] Migrating: localhost.retiree600@passmail.net
  📋 Supabase ID: af76a4bc-0b06-4d2f-bb85-f63af9fdcf19
  🔍 Clerk API Error Details:
     Status: 422
     Message: Unprocessable Entity
     Errors: [
  {
    "code": "form_data_missing",
    "message": "missing data",
    "longMessage": "[\"first_name\" \"last_name\"] data doesn't match user requirements set for this instance",
    "meta": {}
  }
]
     Clerk Error: true
  ❌ Error [User Migration]: Unprocessable Entity
  ❌ Migration failed: Unprocessable Entity

[572/692] Migrating: ana.sfoggia@pucrs.br
  📋 Supabase ID: 2e888145-090f-4bea-a9bf-8d60b08a63bf
  ✅ Clerk user created: user_35W6um0cGzbSNfnLdYGW9Qe0RXW
  💾 Synced to Prisma database
  ⚠️  Email send failed: You have reached your daily email sending quota.
  ❌ Error [Email Send]: You have reached your daily email sending quota.
  ✅ Migration complete!

[573/692] Migrating: ilayda.tuter@st.uskudar.edu.tr
  📋 Supabase ID: f81afbda-e9b7-4c3f-a884-a533b64f7218
  ✅ Clerk user created: user_35W6vSDtOSpgTppRHeQGcFeY8Sj
  💾 Synced to Prisma database
  ⚠️  Email send failed: You have reached your daily email sending quota.
  ❌ Error [Email Send]: You have reached your daily email sending quota.
  ✅ Migration complete!

[574/692] Migrating: braden.lake@gmail.com
  📋 Supabase ID: fdf0a984-7f14-4425-9945-4fce8a2cbc2b
  ✅ Clerk user created: user_35W6w68oE3jJT3clzrUkt9WFlmt
  💾 Synced to Prisma database
  ⚠️  Email send failed: You have reached your daily email sending quota.
  ❌ Error [Email Send]: You have reached your daily email sending quota.
  ✅ Migration complete!

[575/692] Migrating: rachaew@datadevmgt.com
  📋 Supabase ID: 3d16bccd-3882-4f31-835f-7e29ebcf4f83
  ✅ Clerk user created: user_35W6wh6EZ67HRUXsvsF3Pg7GBtV
  💾 Synced to Prisma database
  ⚠️  Email send failed: You have reached your daily email sending quota.
  ❌ Error [Email Send]: You have reached your daily email sending quota.
  ✅ Migration complete!

[576/692] Migrating: ruiyun.li@njmu.edu.cn
  📋 Supabase ID: 91c6e115-eac2-482a-b1d4-3dcf8e75bf75
  ✅ Clerk user created: user_35W6xJ4RYwNmr8AXrEIIxpVefHy
  💾 Synced to Prisma database
  ⚠️  Email send failed: You have reached your daily email sending quota.
  ❌ Error [Email Send]: You have reached your daily email sending quota.
  ✅ Migration complete!

[577/692] Migrating: mohamed.mamdouh.eissa@gmail.com
  📋 Supabase ID: 2d8cca29-987b-4057-8ff7-4cc15609b258
  ✅ Clerk user created: user_35W6xuScrnzK5g4XP6sm6YbOJpo
  💾 Synced to Prisma database
  ⚠️  Email send failed: You have reached your daily email sending quota.
  ❌ Error [Email Send]: You have reached your daily email sending quota.
  ✅ Migration complete!

[578/692] Migrating: malkawim@who.int
  📋 Supabase ID: e8133bc9-73d1-4206-ae67-a548930c7dba
  🔍 Clerk API Error Details:
     Status: 422
     Message: Unprocessable Entity
     Errors: [
  {
    "code": "form_identifier_exists",
    "message": "That username is taken. Please try another.",
    "longMessage": "That username is taken. Please try another.",
    "meta": {
      "paramName": "username"
    }
  }
]
     Clerk Error: true
  ❌ Error [User Migration]: Unprocessable Entity
  ❌ Migration failed: Unprocessable Entity

[579/692] Migrating: ihsanghafoori@gmail.com
  📋 Supabase ID: fcdd8920-2854-49eb-83bf-86762a74ca2f
  ✅ Clerk user created: user_35W6yjBv8VmRmzUPZC4Im7rBc7W
  💾 Synced to Prisma database
  ⚠️  Email send failed: You have reached your daily email sending quota.
  ❌ Error [Email Send]: You have reached your daily email sending quota.
  ✅ Migration complete!

[580/692] Migrating: mohaimin.kabir@bracu.ac.bd
  📋 Supabase ID: b06cb5bc-abab-452a-a633-5387e79c721e
  ✅ Clerk user created: user_35W6zNfyoLwKU2r4PcU7NWhqhjn
  💾 Synced to Prisma database
  ⚠️  Email send failed: You have reached your daily email sending quota.
  ❌ Error [Email Send]: You have reached your daily email sending quota.
  ✅ Migration complete!

[581/692] Migrating: s.pizzino@uq.edu.au
  📋 Supabase ID: de3acaeb-8600-4761-939d-7fdc2cea6844
  ✅ Clerk user created: user_35W7027ssT8lSsbicpDUz30crgk
  💾 Synced to Prisma database
  ⚠️  Email send failed: You have reached your daily email sending quota.
  ❌ Error [Email Send]: You have reached your daily email sending quota.
  ✅ Migration complete!

[582/692] Migrating: jonathan.abrahams@monash.edu
  📋 Supabase ID: d1d75c0f-c63e-4fa9-b2f3-69687b103c9e
  ✅ Clerk user created: user_35W70ex4sdyGTx7J7Of2DTt6fj6
  💾 Synced to Prisma database
  ⚠️  Email send failed: You have reached your daily email sending quota.
  ❌ Error [Email Send]: You have reached your daily email sending quota.
  ✅ Migration complete!

[583/692] Migrating: revathi.nuggehallikrishna@monash.edu
  📋 Supabase ID: e04851d0-55f6-4475-ae11-b8d1d57ea09a
  ✅ Clerk user created: user_35W71I7uLcwzjLqkLinoPXhtsvH
  💾 Synced to Prisma database
  ⚠️  Email send failed: You have reached your daily email sending quota.
  ❌ Error [Email Send]: You have reached your daily email sending quota.
  ✅ Migration complete!

[584/692] Migrating: hrushitaa@gmail.com
  📋 Supabase ID: a70e08c5-abca-42b9-97d6-c8eca63a1fcf
  ✅ Clerk user created: user_35W71shAY89BSTHSK7HT0m5Gm5C
  💾 Synced to Prisma database
  ⚠️  Email send failed: You have reached your daily email sending quota.
  ❌ Error [Email Send]: You have reached your daily email sending quota.
  ✅ Migration complete!

[585/692] Migrating: jufleury@asecbrasil.org.br
  📋 Supabase ID: 5e33b03e-510f-4287-a29a-ce05d6fb89d6
  ✅ Clerk user created: user_35W72XNC1qzarF92yfqHekoMW11
  💾 Synced to Prisma database
  ⚠️  Email send failed: You have reached your daily email sending quota.
  ❌ Error [Email Send]: You have reached your daily email sending quota.
  ✅ Migration complete!

[586/692] Migrating: yoonheekim@m.u-tokyo.ac.jp
  📋 Supabase ID: f1ea1749-52a9-4ae0-8449-9d7ea7f95980
  ✅ Clerk user created: user_35W73G0eB3dOk5loimG4R0xlsTt
  💾 Synced to Prisma database
  ⚠️  Email send failed: You have reached your daily email sending quota.
  ❌ Error [Email Send]: You have reached your daily email sending quota.
  ✅ Migration complete!

[587/692] Migrating: m_hassan@aucegypt.edu
  📋 Supabase ID: 576b6ecb-1ad2-4d7a-bc66-84c043c38f11
  ✅ Clerk user created: user_35W73teGqbWiMhh8o5HfMuAwYTR
  💾 Synced to Prisma database
  ⚠️  Email send failed: You have reached your daily email sending quota.
  ❌ Error [Email Send]: You have reached your daily email sending quota.
  ✅ Migration complete!

[588/692] Migrating: rcampbell@proveritas.com.au
  📋 Supabase ID: 56b2bbb2-81d4-4f9f-a687-bc918a905c87
  ✅ Clerk user created: user_35W74Xg5eKErQSjM4d04bBRNNah
  💾 Synced to Prisma database
  ⚠️  Email send failed: You have reached your daily email sending quota.
  ❌ Error [Email Send]: You have reached your daily email sending quota.
  ✅ Migration complete!

[589/692] Migrating: a.matugascoroii@atlanticfellows.org
  📋 Supabase ID: 14ff74dc-4721-4c03-86ee-47a782f20e51
  ✅ Clerk user created: user_35W75BwrXYw4RSkfsYbUjIWrv2F
  💾 Synced to Prisma database
  ⚠️  Email send failed: You have reached your daily email sending quota.
  ❌ Error [Email Send]: You have reached your daily email sending quota.
  ✅ Migration complete!

[590/692] Migrating: leonie@leoniejoubert.co.za
  📋 Supabase ID: b1af87a9-3cfd-435c-81ec-ac5197ffa989
  ✅ Clerk user created: user_35W75qovdVA3ornqOHPID5uJrGp
  💾 Synced to Prisma database
  ⚠️  Email send failed: You have reached your daily email sending quota.
  ❌ Error [Email Send]: You have reached your daily email sending quota.
  ✅ Migration complete!

[591/692] Migrating: shahenshu@gmail.com
  📋 Supabase ID: a218dafa-f7b6-492e-9674-ef0ac166afff
  ✅ Clerk user created: user_35W76Spd5Pa8OJ3QVMyeCEBOIIX
  💾 Synced to Prisma database
  ⚠️  Email send failed: You have reached your daily email sending quota.
  ❌ Error [Email Send]: You have reached your daily email sending quota.
  ✅ Migration complete!

[592/692] Migrating: finja@daegling.de
  📋 Supabase ID: 7ca78a74-345e-4959-ae2e-b79087c6a806
  ✅ Clerk user created: user_35W77AbWYPRkw5WNWXt8GXiy3Lq
  💾 Synced to Prisma database
  ⚠️  Email send failed: You have reached your daily email sending quota.
  ❌ Error [Email Send]: You have reached your daily email sending quota.
  ✅ Migration complete!

[593/692] Migrating: sophiesjostrom@hotmail.co.uk
  📋 Supabase ID: 91caeffe-4ea3-42ca-a602-327222854ff4
  ✅ Clerk user created: user_35W77ky6wv2tOxYm59Qy0D5IShS
  💾 Synced to Prisma database
  ⚠️  Email send failed: You have reached your daily email sending quota.
  ❌ Error [Email Send]: You have reached your daily email sending quota.
  ✅ Migration complete!

[594/692] Migrating: eswamuziri10@gmail.com
  📋 Supabase ID: 4b1fc522-1980-467b-b16c-2493f567cee3
  ✅ Clerk user created: user_35W78PYYWcTVcvjaToNX8tkyXXs
  💾 Synced to Prisma database
  ⚠️  Email send failed: You have reached your daily email sending quota.
  ❌ Error [Email Send]: You have reached your daily email sending quota.
  ✅ Migration complete!

[595/692] Migrating: clare.pitt@utas.edu.au
  📋 Supabase ID: 09bca7cf-86f2-4575-ba5b-508f7b9b3fe2
  ✅ Clerk user created: user_35W793EdPoRgwgD9NsJaxS1Tjlc
  💾 Synced to Prisma database
  ⚠️  Email send failed: You have reached your daily email sending quota.
  ❌ Error [Email Send]: You have reached your daily email sending quota.
  ✅ Migration complete!

[596/692] Migrating: link2basantathapa@gmail.com
  📋 Supabase ID: 7b781927-ea26-4371-9e28-c64ac50ea6ad
  ✅ Clerk user created: user_35W79h1H2KdSPJNkGl5EqWt7mTK
  💾 Synced to Prisma database
  ⚠️  Email send failed: You have reached your daily email sending quota.
  ❌ Error [Email Send]: You have reached your daily email sending quota.
  ✅ Migration complete!

[597/692] Migrating: mwnjcharles0@gmail.com
  📋 Supabase ID: eea3827d-9091-44b7-abb0-92b8afff918e
  ✅ Clerk user created: user_35W7ALO4Q6lgKwuI3ie0vESCdcy
  💾 Synced to Prisma database
  ⚠️  Email send failed: You have reached your daily email sending quota.
  ❌ Error [Email Send]: You have reached your daily email sending quota.
  ✅ Migration complete!

[598/692] Migrating: batyaashim15@gmail.com
  📋 Supabase ID: 458a6d52-106d-411d-ab72-efaf1e3964f8
  ✅ Clerk user created: user_35W7Au8604SDuO8TwuwM9MMK4WN
  💾 Synced to Prisma database
  ⚠️  Email send failed: You have reached your daily email sending quota.
  ❌ Error [Email Send]: You have reached your daily email sending quota.
  ✅ Migration complete!

[599/692] Migrating: ketakiwbvha@gmail.com
  📋 Supabase ID: a099c555-53c4-4d88-86f7-7f0cc176763a
  ✅ Clerk user created: user_35W7BdzRVOnArU4MAFGEzdgiC9S
  💾 Synced to Prisma database
  ⚠️  Email send failed: You have reached your daily email sending quota.
  ❌ Error [Email Send]: You have reached your daily email sending quota.
  ✅ Migration complete!

[600/692] Migrating: jakerdeclaro@gmail.com
  📋 Supabase ID: 2c0640ad-c11b-4115-b7bf-619c6a2d75c9
  ✅ Clerk user created: user_35W7C7Vx44gBDDCHOmCvvjzko6o
  💾 Synced to Prisma database
  ⚠️  Email send failed: You have reached your daily email sending quota.
  ❌ Error [Email Send]: You have reached your daily email sending quota.
  ✅ Migration complete!

[601/692] Migrating: zoozoo200200@hotmail.com
  📋 Supabase ID: a05a1f02-4103-480e-93e7-aa208245009f
  ✅ Clerk user created: user_35W7CmvxqJKSn5GDPkDUgbvsyYJ
  💾 Synced to Prisma database
  ⚠️  Email send failed: You have reached your daily email sending quota.
  ❌ Error [Email Send]: You have reached your daily email sending quota.
  ✅ Migration complete!

[602/692] Migrating: shawn.h.li@gmail.com
  📋 Supabase ID: aa547899-c797-4cdc-ba56-0980b8d5462b
  ✅ Clerk user created: user_35W7DSMvutE5O7ipox6nXI9VDve
  💾 Synced to Prisma database
  ⚠️  Email send failed: You have reached your daily email sending quota.
  ❌ Error [Email Send]: You have reached your daily email sending quota.
  ✅ Migration complete!

[603/692] Migrating: hzuladh@gmail.com
  📋 Supabase ID: 9045086a-66d3-431a-a1f9-95e90d606982
  ✅ Clerk user created: user_35W7E8R5ot4Km4tFBcNdmgfdqJJ
  💾 Synced to Prisma database
  ⚠️  Email send failed: You have reached your daily email sending quota.
  ❌ Error [Email Send]: You have reached your daily email sending quota.
  ✅ Migration complete!

[604/692] Migrating: salanonlea@gmail.com
  📋 Supabase ID: 57d03691-94d3-42f4-9264-52d12885ea86
  ✅ Clerk user created: user_35W7EoGsavs0z34fCwOmrQ89u2P
  💾 Synced to Prisma database
  ⚠️  Email send failed: You have reached your daily email sending quota.
  ❌ Error [Email Send]: You have reached your daily email sending quota.
  ✅ Migration complete!

[605/692] Migrating: katiekelley8293@gmail.com
  📋 Supabase ID: a04b8590-9ba9-48d5-9630-69f424d8f103
  ✅ Clerk user created: user_35W7FULgOdbtQs3qNLIyTKwX030
  💾 Synced to Prisma database
  ⚠️  Email send failed: You have reached your daily email sending quota.
  ❌ Error [Email Send]: You have reached your daily email sending quota.
  ✅ Migration complete!

[606/692] Migrating: cali.peace@gmail.com
  📋 Supabase ID: 0253445b-dc3d-4313-a2d2-75237129321a
  ✅ Clerk user created: user_35W7G0TipZd0VRkwxpkOeHnmyCy
  💾 Synced to Prisma database
  ⚠️  Email send failed: You have reached your daily email sending quota.
  ❌ Error [Email Send]: You have reached your daily email sending quota.
  ✅ Migration complete!

[607/692] Migrating: syeda.fatima@flinders.edu.au
  📋 Supabase ID: 9d7a2567-1967-4348-822c-bb5edae2df5a
  ✅ Clerk user created: user_35W7GhQ1ABh0axiSxpfFpoVQuyM
  💾 Synced to Prisma database
  ⚠️  Email send failed: You have reached your daily email sending quota.
  ❌ Error [Email Send]: You have reached your daily email sending quota.
  ✅ Migration complete!

[608/692] Migrating: andrerun41@yahoo.co.uk
  📋 Supabase ID: 92d1d2a5-b9ff-4cc8-b216-c5cc34730ac1
  ✅ Clerk user created: user_35W7HTm1nIlDIek59kEanHvdq7n
  💾 Synced to Prisma database
  ⚠️  Email send failed: You have reached your daily email sending quota.
  ❌ Error [Email Send]: You have reached your daily email sending quota.
  ✅ Migration complete!

[609/692] Migrating: josephine.tay@sunlife.com
  📋 Supabase ID: 5ff15880-42c5-4211-a6d1-b7d9f042162e
  ✅ Clerk user created: user_35W7I3DMtWaX39LR2XnMDM4iprc
  💾 Synced to Prisma database
  ⚠️  Email send failed: You have reached your daily email sending quota.
  ❌ Error [Email Send]: You have reached your daily email sending quota.
  ✅ Migration complete!

[610/692] Migrating: maryloumasko51@gmail.com
  📋 Supabase ID: 0c962fd3-ae85-4175-99df-5405c2d79939
  ✅ Clerk user created: user_35W7IjRcjPvfe2nPoHwz7Y39t0S
  💾 Synced to Prisma database
  ⚠️  Email send failed: You have reached your daily email sending quota.
  ❌ Error [Email Send]: You have reached your daily email sending quota.
  ✅ Migration complete!

[611/692] Migrating: ebsenecal@hopelab.org
  📋 Supabase ID: 8366248d-7d5f-41e7-b500-7d00cc026d73
  ✅ Clerk user created: user_35W7JOFbZG6r9rm9WXIDksuN4bS
  💾 Synced to Prisma database
  ⚠️  Email send failed: You have reached your daily email sending quota.
  ❌ Error [Email Send]: You have reached your daily email sending quota.
  ✅ Migration complete!

[612/692] Migrating: suzanaholaotan@gmail.com
  📋 Supabase ID: 4a781a00-4158-4d34-9f63-c756b8bd8b61
  ✅ Clerk user created: user_35W7JybXVcwdzaPfD4jfeTReaGT
  💾 Synced to Prisma database
  ⚠️  Email send failed: You have reached your daily email sending quota.
  ❌ Error [Email Send]: You have reached your daily email sending quota.
  ✅ Migration complete!

[613/692] Migrating: kerstinmcp@hotmail.com
  📋 Supabase ID: 12b801c0-48da-4010-802c-3a421e77531c
  ✅ Clerk user created: user_35W7KYQihMzhUsBsojiPDy5a2Pt
  💾 Synced to Prisma database
  ⚠️  Email send failed: You have reached your daily email sending quota.
  ❌ Error [Email Send]: You have reached your daily email sending quota.
  ✅ Migration complete!

[614/692] Migrating: jaherom@gmail.com
  📋 Supabase ID: c995272c-7d28-4831-b6c2-ea2a2fcb6c90
  ✅ Clerk user created: user_35W7LGFdsUbRe9b6CHmOhhsV1ES
  💾 Synced to Prisma database
  ⚠️  Email send failed: You have reached your daily email sending quota.
  ❌ Error [Email Send]: You have reached your daily email sending quota.
  ✅ Migration complete!

[615/692] Migrating: bahareh.allahyari@charite.de
  📋 Supabase ID: 4be80a6e-505f-4792-84a0-e27fa1b92d16
  ✅ Clerk user created: user_35W7LrVbIq2L7oWqLBpgo0KwQCs
  💾 Synced to Prisma database
  ⚠️  Email send failed: You have reached your daily email sending quota.
  ❌ Error [Email Send]: You have reached your daily email sending quota.
  ✅ Migration complete!

[616/692] Migrating: matt@cities-rise.org
  📋 Supabase ID: 925635e4-e89e-4248-aaee-f99a16fda865
  ✅ Clerk user created: user_35W7MU4RJEws0ppEPvqIeJYkXTQ
  💾 Synced to Prisma database
  ⚠️  Email send failed: You have reached your daily email sending quota.
  ❌ Error [Email Send]: You have reached your daily email sending quota.
  ✅ Migration complete!

[617/692] Migrating: hamkhanham41@gmail.com
  📋 Supabase ID: 300fc747-f481-4cee-8ea3-e35b20156059
  ✅ Clerk user created: user_35W7N6rSUOglE86VFPrFGtIXoSi
  💾 Synced to Prisma database
  ⚠️  Email send failed: You have reached your daily email sending quota.
  ❌ Error [Email Send]: You have reached your daily email sending quota.
  ✅ Migration complete!

[618/692] Migrating: armstrhe@carpha.org
  📋 Supabase ID: fb98a819-a0b8-4d1f-a96f-7dafef182dba
  ✅ Clerk user created: user_35W7NjtVyX3UBCNGRkxtW1C5Auf
  💾 Synced to Prisma database
  ⚠️  Email send failed: You have reached your daily email sending quota.
  ❌ Error [Email Send]: You have reached your daily email sending quota.
  ✅ Migration complete!

[619/692] Migrating: dorathyanzaku@gmail.com
  📋 Supabase ID: 18412523-e70f-452c-a822-0bb60893ecb0
  ✅ Clerk user created: user_35W7ONQHwEMz58SUYyiMhRyYwrT
  💾 Synced to Prisma database
  ⚠️  Email send failed: You have reached your daily email sending quota.
  ❌ Error [Email Send]: You have reached your daily email sending quota.
  ✅ Migration complete!

[620/692] Migrating: bere.mumbru@gmail.com
  📋 Supabase ID: a9799d4c-0b12-4320-b951-7fd3a369e637
  ✅ Clerk user created: user_35W7P04JQFzVxJ3FtvjXoVKB1gt
  💾 Synced to Prisma database
  ⚠️  Email send failed: You have reached your daily email sending quota.
  ❌ Error [Email Send]: You have reached your daily email sending quota.
  ✅ Migration complete!

[621/692] Migrating: rodrigopuentesmunoz@gmail.com
  📋 Supabase ID: 4965afaa-ed50-4f58-89e3-4df6324b60eb
  ✅ Clerk user created: user_35W7Pb8o6uD8DZLkzK41StAkd8w
  💾 Synced to Prisma database
  ⚠️  Email send failed: You have reached your daily email sending quota.
  ❌ Error [Email Send]: You have reached your daily email sending quota.
  ✅ Migration complete!

[622/692] Migrating: fatimaabdallahomar15@gmail.com
  📋 Supabase ID: 39d06b84-bafb-47c7-8209-26b91403e3f3
  ✅ Clerk user created: user_35W7QEMzu5XhtSQwgjZlaZk2mm8
  💾 Synced to Prisma database
  ⚠️  Email send failed: You have reached your daily email sending quota.
  ❌ Error [Email Send]: You have reached your daily email sending quota.
  ✅ Migration complete!

[623/692] Migrating: dan.chepkwony@pamoja-health.com
  📋 Supabase ID: 448d86c9-cd67-4546-87a1-ef1db281f2cf
  ✅ Clerk user created: user_35W7Qv4KIunPEgvCxzva3r8SrVb
  💾 Synced to Prisma database
  ⚠️  Email send failed: You have reached your daily email sending quota.
  ❌ Error [Email Send]: You have reached your daily email sending quota.
  ✅ Migration complete!

[624/692] Migrating: nicole.dubus@gmail.com
  📋 Supabase ID: b8046977-a24c-471e-b3f0-60f4c609e656
  ✅ Clerk user created: user_35W7RRhcnVnuRHB9QXkOjSvGIz9
  💾 Synced to Prisma database
  ⚠️  Email send failed: You have reached your daily email sending quota.
  ❌ Error [Email Send]: You have reached your daily email sending quota.
  ✅ Migration complete!

[625/692] Migrating: luise.nottmeyer@gmail.com
  📋 Supabase ID: c426cd65-7b92-4a3c-bd54-e9178efcd175
  ✅ Clerk user created: user_35W7S7vWpIXuJ6s7PkoRP5oTGjk
  💾 Synced to Prisma database
  ⚠️  Email send failed: You have reached your daily email sending quota.
  ❌ Error [Email Send]: You have reached your daily email sending quota.
  ✅ Migration complete!

[626/692] Migrating: mansonathalia@gmail.com
  📋 Supabase ID: 0bb39615-dd08-48ee-aaf5-d531e3a510ac
  ✅ Clerk user created: user_35W7SmvSkr3QyANIviAmlpMq4FH
  💾 Synced to Prisma database
  ⚠️  Email send failed: You have reached your daily email sending quota.
  ❌ Error [Email Send]: You have reached your daily email sending quota.
  ✅ Migration complete!

[627/692] Migrating: aliabdomail@gmail.com
  📋 Supabase ID: 00f9e629-0381-400a-a5d4-50f83dc0f4d4
  ✅ Clerk user created: user_35W7TRZm1FutxKxTmorV44j8yyp
  💾 Synced to Prisma database
  ⚠️  Email send failed: You have reached your daily email sending quota.
  ❌ Error [Email Send]: You have reached your daily email sending quota.
  ✅ Migration complete!

[628/692] Migrating: jinadusamuel07@gmail.com
  📋 Supabase ID: b0c1be70-85d9-433b-9e7c-f9689cfe69db
  ✅ Clerk user created: user_35W7U43tLEcDMolN6bHEbgfVCYX
  💾 Synced to Prisma database
  ⚠️  Email send failed: You have reached your daily email sending quota.
  ❌ Error [Email Send]: You have reached your daily email sending quota.
  ✅ Migration complete!

[629/692] Migrating: lana.whittaker@lstmed.ac.uk
  📋 Supabase ID: 6de088fe-075d-404c-9e47-075d72af5a15
  ✅ Clerk user created: user_35W7Uei5tpL2LH2XrfsSf9rHFO2
  💾 Synced to Prisma database
  ⚠️  Email send failed: You have reached your daily email sending quota.
  ❌ Error [Email Send]: You have reached your daily email sending quota.
  ✅ Migration complete!

[630/692] Migrating: claire.niedzwiedz@glasgow.ac.uk
  📋 Supabase ID: f6b396ef-4408-4fb8-b37a-3a0dbc095bd5
  ✅ Clerk user created: user_35W7VJe5a3vgyUfJ2uWWiXK5AIE
  💾 Synced to Prisma database
  ⚠️  Email send failed: You have reached your daily email sending quota.
  ❌ Error [Email Send]: You have reached your daily email sending quota.
  ✅ Migration complete!

[631/692] Migrating: phsjlkw@nus.edu.sg
  📋 Supabase ID: 4b28dcad-06c8-44e8-af8c-ebf1be947da1
  ✅ Clerk user created: user_35W7VwLDEXX4OOtO5coQnBvWNHP
  💾 Synced to Prisma database
  ⚠️  Email send failed: You have reached your daily email sending quota.
  ❌ Error [Email Send]: You have reached your daily email sending quota.
  ✅ Migration complete!

[632/692] Migrating: yaserazeddine@gmail.com
  📋 Supabase ID: e82d4b91-253b-4706-8e97-2133c100107b
  ✅ Clerk user created: user_35W7WT8bI7IYSHZb2BcdZjBi21D
  💾 Synced to Prisma database
  ⚠️  Email send failed: You have reached your daily email sending quota.
  ❌ Error [Email Send]: You have reached your daily email sending quota.
  ✅ Migration complete!

[633/692] Migrating: trishalim.11@gmail.com
  📋 Supabase ID: d04bf329-43a3-458d-a724-c85ebfbbd257
  ✅ Clerk user created: user_35W7XBQTrQpHXwMvjtehUDcVQ8D
  💾 Synced to Prisma database
  ⚠️  Email send failed: You have reached your daily email sending quota.
  ❌ Error [Email Send]: You have reached your daily email sending quota.
  ✅ Migration complete!

[634/692] Migrating: arvind.iitm16@gmail.com
  📋 Supabase ID: 13e3d665-d508-439e-8b2c-72f24974acbf
  ✅ Clerk user created: user_35W7Xm783ujqyLziSY8WtZmXvSq
  💾 Synced to Prisma database
  ⚠️  Email send failed: You have reached your daily email sending quota.
  ❌ Error [Email Send]: You have reached your daily email sending quota.
  ✅ Migration complete!

[635/692] Migrating: chelsea.simo@sunlife.com
  📋 Supabase ID: 1a2da5e5-ff6e-4f47-8276-54031c083f38
  ✅ Clerk user created: user_35W7YPFlB5Xc5s5d75EGqJnnPFL
  💾 Synced to Prisma database
  ⚠️  Email send failed: You have reached your daily email sending quota.
  ❌ Error [Email Send]: You have reached your daily email sending quota.
  ✅ Migration complete!

[636/692] Migrating: rebecca.hock@dukekunshan.edu.cn
  📋 Supabase ID: 148ba61e-8a99-4e10-b06e-03f8bdc503ab
  ✅ Clerk user created: user_35W7Z104j7LliwCRtQVbOI9Mab1
  💾 Synced to Prisma database
  ⚠️  Email send failed: You have reached your daily email sending quota.
  ❌ Error [Email Send]: You have reached your daily email sending quota.
  ✅ Migration complete!

[637/692] Migrating: barbaraeasterlin@climatepsychology.us
  📋 Supabase ID: 12b12daf-48f0-437e-88d8-b12601e39366
  ✅ Clerk user created: user_35W7ZopkgXH9EzsdtwJlBeou7SA
  💾 Synced to Prisma database
  ⚠️  Email send failed: You have reached your daily email sending quota.
  ❌ Error [Email Send]: You have reached your daily email sending quota.
  ✅ Migration complete!

[638/692] Migrating: szapu508@gmail.com
  📋 Supabase ID: 7890d365-d854-4958-aa74-7a2bb1d4d944
  ✅ Clerk user created: user_35W7aLk14sDGIudkTYMBmBRwSgf
  💾 Synced to Prisma database
  ⚠️  Email send failed: You have reached your daily email sending quota.
  ❌ Error [Email Send]: You have reached your daily email sending quota.
  ✅ Migration complete!

[639/692] Migrating: wedamesmond@gmail.com
  📋 Supabase ID: b65c73ad-a327-4731-b5c1-bb94a0460f6d
  ✅ Clerk user created: user_35W7arlhFJfDQPE3ZFlAZ7anRHk
  💾 Synced to Prisma database
  ⚠️  Email send failed: You have reached your daily email sending quota.
  ❌ Error [Email Send]: You have reached your daily email sending quota.
  ✅ Migration complete!

[640/692] Migrating: astein@ufcspa.edu.br
  📋 Supabase ID: 1d6e0bd7-df20-4b8f-8ece-57411ce310e5
  ✅ Clerk user created: user_35W7ban1nmZSsURqiXCVVGpeZXc
  💾 Synced to Prisma database
  ⚠️  Email send failed: You have reached your daily email sending quota.
  ❌ Error [Email Send]: You have reached your daily email sending quota.
  ✅ Migration complete!

[641/692] Migrating: allisu21@gmail.com
  📋 Supabase ID: b13ef499-4582-48ce-8779-39ce5794fddd
  ✅ Clerk user created: user_35W7cE7T8muTZyYMy2wWeRoHHA4
  💾 Synced to Prisma database
  ⚠️  Email send failed: You have reached your daily email sending quota.
  ❌ Error [Email Send]: You have reached your daily email sending quota.
  ✅ Migration complete!

[642/692] Migrating: shawned102006@gmail.com
  📋 Supabase ID: 22338d5a-f0b3-48d6-9bda-f086913d8aaf
  ✅ Clerk user created: user_35W7cnwWcumUJs5JHBwXotiqNYA
  💾 Synced to Prisma database
  ⚠️  Email send failed: You have reached your daily email sending quota.
  ❌ Error [Email Send]: You have reached your daily email sending quota.
  ✅ Migration complete!

[643/692] Migrating: vbollett@hsph.harvard.edu
  📋 Supabase ID: 77aa9a69-fa5e-4818-80de-6480ac3bfae0
  ✅ Clerk user created: user_35W7dRRrvLZyYDieirmM8o2jZye
  💾 Synced to Prisma database
  ⚠️  Email send failed: You have reached your daily email sending quota.
  ❌ Error [Email Send]: You have reached your daily email sending quota.
  ✅ Migration complete!

[644/692] Migrating: rsr2103@gmail.com
  📋 Supabase ID: 47ed2e11-c808-4799-be08-c0f6ff63cb63
  ✅ Clerk user created: user_35W7e5xyB5xNy8TEqfM0mLpeEOh
  💾 Synced to Prisma database
  ⚠️  Email send failed: You have reached your daily email sending quota.
  ❌ Error [Email Send]: You have reached your daily email sending quota.
  ✅ Migration complete!

[645/692] Migrating: mayacosentino@gmail.com
  📋 Supabase ID: d08e6ef8-5c4e-44ce-8055-53aa26d502ad
  ✅ Clerk user created: user_35W7eeHJrFZD2oyKP2rpOrzYbCR
  💾 Synced to Prisma database
  ⚠️  Email send failed: You have reached your daily email sending quota.
  ❌ Error [Email Send]: You have reached your daily email sending quota.
  ✅ Migration complete!

[646/692] Migrating: patience.manhanga@sunlife.com
  📋 Supabase ID: a44fa05b-0884-4c74-a1bb-ccb261d31e0b
  ✅ Clerk user created: user_35W7fIeZoKeWOHOcxQPeWnCYa5y
  💾 Synced to Prisma database
  ⚠️  Email send failed: You have reached your daily email sending quota.
  ❌ Error [Email Send]: You have reached your daily email sending quota.
  ✅ Migration complete!

[647/692] Migrating: as.saba.hossain@gmail.com
  📋 Supabase ID: 0954a894-fe9d-4a06-ac90-7d2e328abcbd
  ✅ Clerk user created: user_35W7g5gXv2Xx4Be6PWYyDWfUZM9
  💾 Synced to Prisma database
  ⚠️  Email send failed: You have reached your daily email sending quota.
  ❌ Error [Email Send]: You have reached your daily email sending quota.
  ✅ Migration complete!

[648/692] Migrating: rebeccaweston@climatepsychology.us
  📋 Supabase ID: d09b2632-572d-40ef-917a-4987babcecaa
  ✅ Clerk user created: user_35W7gf16kJTcIF24xVVNcGdCghB
  💾 Synced to Prisma database
  ⚠️  Email send failed: You have reached your daily email sending quota.
  ❌ Error [Email Send]: You have reached your daily email sending quota.
  ✅ Migration complete!

[649/692] Migrating: vpereira@alumni.unav.es
  📋 Supabase ID: 7704cf23-0896-4a34-a3a0-e2b93b4aa63e
  ✅ Clerk user created: user_35W7hM3dmmcyo8AFKV3N4a7cWOR
  💾 Synced to Prisma database
  ⚠️  Email send failed: You have reached your daily email sending quota.
  ❌ Error [Email Send]: You have reached your daily email sending quota.
  ✅ Migration complete!

[650/692] Migrating: usoko28@gmail.com
  📋 Supabase ID: b8c3fc3e-3acf-4b4d-adff-df5b0ce965e0
  ✅ Clerk user created: user_35W7hywXkUuZdxHaBf4Ev1JiMrq
  💾 Synced to Prisma database
  ⚠️  Email send failed: You have reached your daily email sending quota.
  ❌ Error [Email Send]: You have reached your daily email sending quota.
  ✅ Migration complete!

[651/692] Migrating: f-jahan@phd-bd.com
  📋 Supabase ID: 95ce4552-dde7-4ea4-851c-d5ce40c1feaf
  ✅ Clerk user created: user_35W7idSL8WBImmHrSlILrbd7IjP
  💾 Synced to Prisma database
  ⚠️  Email send failed: You have reached your daily email sending quota.
  ❌ Error [Email Send]: You have reached your daily email sending quota.
  ✅ Migration complete!

[652/692] Migrating: mabdalgahni@nfdhr.org
  📋 Supabase ID: 0cf45aba-0077-40f9-b4dc-85c0478e16fa
  ✅ Clerk user created: user_35W7jAgceNlsb7DaCtw7VRi8BD5
  💾 Synced to Prisma database
  ⚠️  Email send failed: You have reached your daily email sending quota.
  ❌ Error [Email Send]: You have reached your daily email sending quota.
  ✅ Migration complete!

[653/692] Migrating: e.sagar@uot.edu.ly
  📋 Supabase ID: 827be408-bfcb-4972-95cc-725d26d0a8c4
  ✅ Clerk user created: user_35W7joQJXOBGGxNzb9Pgin8B01Q
  💾 Synced to Prisma database
  ⚠️  Email send failed: You have reached your daily email sending quota.
  ❌ Error [Email Send]: You have reached your daily email sending quota.
  ✅ Migration complete!

[654/692] Migrating: aass2099@gmail.com
  📋 Supabase ID: 040a19ec-74a9-4523-acd6-30dd183c120d
  ✅ Clerk user created: user_35W7kUqJvHSfDfVjY0bltOmEWBK
  💾 Synced to Prisma database
  ⚠️  Email send failed: You have reached your daily email sending quota.
  ❌ Error [Email Send]: You have reached your daily email sending quota.
  ✅ Migration complete!

[655/692] Migrating: ishtiyakahmed321@gmail.com
  📋 Supabase ID: 2a7b9dd3-e243-49f4-96fb-34ac35ed214b
  ✅ Clerk user created: user_35W7l6zmkec6TWDe4KpaqvGQeyG
  💾 Synced to Prisma database
  ⚠️  Email send failed: You have reached your daily email sending quota.
  ❌ Error [Email Send]: You have reached your daily email sending quota.
  ✅ Migration complete!

[656/692] Migrating: milagroselia@gmail.com
  📋 Supabase ID: 2c192f57-b865-4624-96a1-9e279fbcdd97
  ✅ Clerk user created: user_35W7lklZqxq2z7yB8875hm8KChF
  💾 Synced to Prisma database
  ⚠️  Email send failed: You have reached your daily email sending quota.
  ❌ Error [Email Send]: You have reached your daily email sending quota.
  ✅ Migration complete!

[657/692] Migrating: zahidul.quayyum@bracu.ac.bd
  📋 Supabase ID: 7672d3bf-d648-4e5c-9f49-a2d59acfcb8d
  ✅ Clerk user created: user_35W7mOSDNqJeU0rO25ffer1sAFX
  💾 Synced to Prisma database
  ⚠️  Email send failed: You have reached your daily email sending quota.
  ❌ Error [Email Send]: You have reached your daily email sending quota.
  ✅ Migration complete!

[658/692] Migrating: malvikhamanoj28@gmail.com
  📋 Supabase ID: 353716a1-5886-4f30-a460-3f50fcf3a94f
  ✅ Clerk user created: user_35W7mxxEDVoAlvYtAHlNNRK2prD
  💾 Synced to Prisma database
  ⚠️  Email send failed: You have reached your daily email sending quota.
  ❌ Error [Email Send]: You have reached your daily email sending quota.
  ✅ Migration complete!

[659/692] Migrating: drjennifergordon@aol.com
  📋 Supabase ID: e55314e5-57d0-420b-b857-695c7b1541cb
  ✅ Clerk user created: user_35W7nbGCm1CjPirJoUa6Eu5QX8y
  💾 Synced to Prisma database
  ⚠️  Email send failed: You have reached your daily email sending quota.
  ❌ Error [Email Send]: You have reached your daily email sending quota.
  ✅ Migration complete!

[660/692] Migrating: lene.sovold@gmail.com
  📋 Supabase ID: ad8b8cd5-b395-41a6-9f30-c36a1f7d59b9
  ✅ Clerk user created: user_35W7oIMO1kpCToaet4EFC1SBNYi
  💾 Synced to Prisma database
  ⚠️  Email send failed: You have reached your daily email sending quota.
  ❌ Error [Email Send]: You have reached your daily email sending quota.
  ✅ Migration complete!

[661/692] Migrating: abaydarwerke@gmail.com
  📋 Supabase ID: 8e857740-967d-4585-a8ba-ed76e689c65c
  ✅ Clerk user created: user_35W7oudPPYL95RvUMPkKLnAfss2
  💾 Synced to Prisma database
  ⚠️  Email send failed: You have reached your daily email sending quota.
  ❌ Error [Email Send]: You have reached your daily email sending quota.
  ✅ Migration complete!

[662/692] Migrating: adinohenry@gmail.com
  📋 Supabase ID: 3d6c1ba6-9586-46c3-be2f-2eb74f359578
  ✅ Clerk user created: user_35W7pVzijwLnbtbP9T97WFdE2VR
  💾 Synced to Prisma database
  ⚠️  Email send failed: You have reached your daily email sending quota.
  ❌ Error [Email Send]: You have reached your daily email sending quota.
  ✅ Migration complete!

[663/692] Migrating: z.spassova@ncpha.government.bg
  📋 Supabase ID: 04e06411-aa77-4a99-abce-945ee6ceaf48
  ✅ Clerk user created: user_35W7q7ZV5woelZLI9Y92xcXkEXI
  💾 Synced to Prisma database
  ⚠️  Email send failed: You have reached your daily email sending quota.
  ❌ Error [Email Send]: You have reached your daily email sending quota.
  ✅ Migration complete!

[664/692] Migrating: fatmanur.dolu@gmail.com
  📋 Supabase ID: db90b803-323f-4b19-9960-9d3f5b9066ee
  ✅ Clerk user created: user_35W7qlx9mKrUavarYJcGfZv6W1n
  💾 Synced to Prisma database
  ⚠️  Email send failed: You have reached your daily email sending quota.
  ❌ Error [Email Send]: You have reached your daily email sending quota.
  ✅ Migration complete!

[665/692] Migrating: rgasior@nas.edu
  📋 Supabase ID: 851629c0-9a14-4ca1-90b2-e82490ff3d8b
  ✅ Clerk user created: user_35W7rPhPiFEusVXo3eum8Sjk5bZ
  💾 Synced to Prisma database
  ⚠️  Email send failed: You have reached your daily email sending quota.
  ❌ Error [Email Send]: You have reached your daily email sending quota.
  ✅ Migration complete!

[666/692] Migrating: draoyekan@gmail.com
  📋 Supabase ID: 04515a11-be56-4315-9d41-a08362ec72aa
  ✅ Clerk user created: user_35W7rym2sH8bst2udQ89LHVMIzn
  💾 Synced to Prisma database
  ⚠️  Email send failed: You have reached your daily email sending quota.
  ❌ Error [Email Send]: You have reached your daily email sending quota.
  ✅ Migration complete!

[667/692] Migrating: a.oguntola@mentallyaware.org
  📋 Supabase ID: 945b1df6-8aa3-40c4-aacd-d2dcd540542f
  ✅ Clerk user created: user_35W7sgxcughb6DQ1B7QXqBr6Zqb
  💾 Synced to Prisma database
  ⚠️  Email send failed: You have reached your daily email sending quota.
  ❌ Error [Email Send]: You have reached your daily email sending quota.
  ✅ Migration complete!

[668/692] Migrating: mazruia@hotmail.com
  📋 Supabase ID: 498c6de7-7c02-424d-9b50-848c8e932b1e
  ✅ Clerk user created: user_35W7tQ0FfCK3eVfvxCTOzVBVZx7
  💾 Synced to Prisma database
  ⚠️  Email send failed: You have reached your daily email sending quota.
  ❌ Error [Email Send]: You have reached your daily email sending quota.
  ✅ Migration complete!

[669/692] Migrating: info@michelelapini.net
  📋 Supabase ID: aefa2202-38ef-4836-bca5-df726cdd21dd
  🔍 Clerk API Error Details:
     Status: 422
     Message: Unprocessable Entity
     Errors: [
  {
    "code": "form_identifier_exists",
    "message": "That username is taken. Please try another.",
    "longMessage": "That username is taken. Please try another.",
    "meta": {
      "paramName": "username"
    }
  }
]
     Clerk Error: true
  ❌ Error [User Migration]: Unprocessable Entity
  ❌ Migration failed: Unprocessable Entity

[670/692] Migrating: kdazongo@gmail.com
  📋 Supabase ID: 9137b94d-8647-4656-8da2-79d6832f1209
  ✅ Clerk user created: user_35W7uJ8zxYyoZC1vfU467RsEfeI
  💾 Synced to Prisma database
  ⚠️  Email send failed: You have reached your daily email sending quota.
  ❌ Error [Email Send]: You have reached your daily email sending quota.
  ✅ Migration complete!

[671/692] Migrating: marlee.bower@sydney.edu.au
  📋 Supabase ID: 8a0a1945-ced6-42b5-87fa-239e0089991f
  ✅ Clerk user created: user_35W7uwRtZGKQAXSyTZ7dLaiJPdZ
  💾 Synced to Prisma database
  ⚠️  Email send failed: You have reached your daily email sending quota.
  ❌ Error [Email Send]: You have reached your daily email sending quota.
  ✅ Migration complete!

[672/692] Migrating: a.oraiopoulos@ucl.ac.uk
  📋 Supabase ID: 9af0fbe3-7f34-4b8a-9097-560b488ac5f8
  ✅ Clerk user created: user_35W7vUfPZvCfrI77LhAYh3axBeb
  💾 Synced to Prisma database
  ⚠️  Email send failed: You have reached your daily email sending quota.
  ❌ Error [Email Send]: You have reached your daily email sending quota.
  ✅ Migration complete!

[673/692] Migrating: depa@redbarnet.dk
  📋 Supabase ID: b85814d5-c51c-4ee9-80c6-31cd53eb4ead
  ✅ Clerk user created: user_35W7wCuGO1pFfdlAbnLSm5zJbvW
  💾 Synced to Prisma database
  ⚠️  Email send failed: You have reached your daily email sending quota.
  ❌ Error [Email Send]: You have reached your daily email sending quota.
  ✅ Migration complete!

[674/692] Migrating: mgitauw@csricentre.org
  📋 Supabase ID: ad2e9392-9332-4136-b663-8071416707b8
  ✅ Clerk user created: user_35W7wlo4Iz7htjZ4EFoJEp3SxAR
  💾 Synced to Prisma database
  ⚠️  Email send failed: You have reached your daily email sending quota.
  ❌ Error [Email Send]: You have reached your daily email sending quota.
  ✅ Migration complete!

[675/692] Migrating: khaoula.adeli@gmail.com
  📋 Supabase ID: 4135d823-1912-43c6-b200-d5598e3c9a06
  ✅ Clerk user created: user_35W7xO9qeBoLMv8P4sA6Ubcb42a
  💾 Synced to Prisma database
  ⚠️  Email send failed: You have reached your daily email sending quota.
  ❌ Error [Email Send]: You have reached your daily email sending quota.
  ✅ Migration complete!

[676/692] Migrating: aaditac@gmail.com
  📋 Supabase ID: d2acf829-3b7f-49f4-b1f9-2418300b07f3
  ✅ Clerk user created: user_35W7y4WJ8LxZQT75aEdFdAOfIaX
  💾 Synced to Prisma database
  ⚠️  Email send failed: You have reached your daily email sending quota.
  ❌ Error [Email Send]: You have reached your daily email sending quota.
  ✅ Migration complete!

[677/692] Migrating: frankiemacpherson@gmail.com
  📋 Supabase ID: 21f13360-f609-48ee-b86f-9c299765135d
  ✅ Clerk user created: user_35W7yi7q3dxTZj8ixGhSjBNUcfL
  💾 Synced to Prisma database
  ⚠️  Email send failed: You have reached your daily email sending quota.
  ❌ Error [Email Send]: You have reached your daily email sending quota.
  ✅ Migration complete!

[678/692] Migrating: bob@trig-cli.org
  📋 Supabase ID: 491af997-3f6b-41fa-b7d9-3aedc77455f7
  🔍 Clerk API Error Details:
     Status: 422
     Message: Unprocessable Entity
     Errors: [
  {
    "code": "form_username_invalid_length",
    "message": "Username must be between 4 and 64 characters long.",
    "longMessage": "Username must be between 4 and 64 characters long.",
    "meta": {
      "paramName": "username"
    }
  }
]
     Clerk Error: true
  ❌ Error [User Migration]: Unprocessable Entity
  ❌ Migration failed: Unprocessable Entity

[679/692] Migrating: mckenna.parnes@gmail.com
  📋 Supabase ID: f7401599-93fb-4926-bdd1-dfdfee20c6a5
  ✅ Clerk user created: user_35W7zQ2VjmUsci7v0IxhzFpNOQv
  💾 Synced to Prisma database
  ⚠️  Email send failed: You have reached your daily email sending quota.
  ❌ Error [Email Send]: You have reached your daily email sending quota.
  ✅ Migration complete!

[680/692] Migrating: mollyogbodum@gmail.com
  📋 Supabase ID: c40e3682-df04-47ea-bb3c-1769b03e6ad6
  ✅ Clerk user created: user_35W80BYZx1ITDrQAX4k5VzLVsiW
  💾 Synced to Prisma database
  ⚠️  Email send failed: You have reached your daily email sending quota.
  ❌ Error [Email Send]: You have reached your daily email sending quota.
  ✅ Migration complete!

[681/692] Migrating: naycoeyap@gmail.com
  📋 Supabase ID: d26e721f-2a38-4819-b103-d4f784ca426c
  ✅ Clerk user created: user_35W80rJ7tCpBjp7K5Raxh1MdmyC
  💾 Synced to Prisma database
  ⚠️  Email send failed: You have reached your daily email sending quota.
  ❌ Error [Email Send]: You have reached your daily email sending quota.
  ✅ Migration complete!

[682/692] Migrating: gris.hesereg@gmail.com
  📋 Supabase ID: a822f86b-97bd-4e2f-a854-131449c57720
  ✅ Clerk user created: user_35W81V3SrXwihEwsfxq6R6TxTYH
  💾 Synced to Prisma database
  ⚠️  Email send failed: You have reached your daily email sending quota.
  ❌ Error [Email Send]: You have reached your daily email sending quota.
  ✅ Migration complete!

[683/692] Migrating: shubhda21@gmail.com
  📋 Supabase ID: 3d59febe-8b13-4d88-afb1-e2d54577605a
  ✅ Clerk user created: user_35W822qYZxgfZvyFht9yK2vPSHY
  💾 Synced to Prisma database
  ⚠️  Email send failed: You have reached your daily email sending quota.
  ❌ Error [Email Send]: You have reached your daily email sending quota.
  ✅ Migration complete!

[684/692] Migrating: linaabdulsamad1@gmail.com
  📋 Supabase ID: 469b71e8-d87a-4f32-871b-3e943ab515bb
  ✅ Clerk user created: user_35W82jutt1lW9TV8ssmeDhiycnN
  💾 Synced to Prisma database
  ⚠️  Email send failed: You have reached your daily email sending quota.
  ❌ Error [Email Send]: You have reached your daily email sending quota.
  ✅ Migration complete!

[685/692] Migrating: rhonda.moore@nih.gov
  📋 Supabase ID: ec8f831b-5991-4567-b68c-693654837279
  ✅ Clerk user created: user_35W83KL1cDQbADVhGV4ncWKR0vj
  💾 Synced to Prisma database
  ⚠️  Email send failed: You have reached your daily email sending quota.
  ❌ Error [Email Send]: You have reached your daily email sending quota.
  ✅ Migration complete!

[686/692] Migrating: lindokuhlelindokuhlesibiya@gmail.com
  📋 Supabase ID: 17c44e28-84a0-4be6-90e4-3b3a2ce8dd03
  ✅ Clerk user created: user_35W83zBJNOGILstuoLEQRfjFCE4
  💾 Synced to Prisma database
  ⚠️  Email send failed: You have reached your daily email sending quota.
  ❌ Error [Email Send]: You have reached your daily email sending quota.
  ✅ Migration complete!

[687/692] Migrating: alessandro.massazza@gmail.com
  📋 Supabase ID: 06dd485c-3f5f-4a14-bf5b-295c93a6dde3
  ✅ Clerk user created: user_35W84a8zt4T3IQ7st6UvsARlHx0
  💾 Synced to Prisma database
  ⚠️  Email send failed: You have reached your daily email sending quota.
  ❌ Error [Email Send]: You have reached your daily email sending quota.
  ✅ Migration complete!

[688/692] Migrating: naomi.makin@nhs.net
  📋 Supabase ID: 1d7af051-9a44-47ea-b82d-ed16d64a1fee
  ✅ Clerk user created: user_35W85GbSGm24OgO7Tkyl6LfdWhJ
  💾 Synced to Prisma database
  ⚠️  Email send failed: You have reached your daily email sending quota.
  ❌ Error [Email Send]: You have reached your daily email sending quota.
  ✅ Migration complete!

[689/692] Migrating: neil.jennings@imperial.ac.uk
  📋 Supabase ID: ab51ae73-52ce-42cd-9b27-4c8534c81854
  ✅ Clerk user created: user_35W85pw65lZU83d1S3uBwo36HGq
  💾 Synced to Prisma database
  ⚠️  Email send failed: You have reached your daily email sending quota.
  ❌ Error [Email Send]: You have reached your daily email sending quota.
  ✅ Migration complete!

[690/692] Migrating: v.murphy@imperial.ac.uk
  📋 Supabase ID: 37954c4f-2c0b-4d6b-8d21-c0946a0e4a28
  ✅ Clerk user created: user_35W86TMuo5TAz8Irujbmp3EaK1Q
  💾 Synced to Prisma database
  ⚠️  Email send failed: You have reached your daily email sending quota.
  ❌ Error [Email Send]: You have reached your daily email sending quota.
  ✅ Migration complete!

[691/692] Migrating: n.meinsma@imperial.ac.uk
  📋 Supabase ID: c9ab1ff5-8535-4c4a-9052-ad28100b34ab
  ✅ Clerk user created: user_35W879CR7kU12BXyTahbHh9eT7D
  💾 Synced to Prisma database
  ⚠️  Email send failed: You have reached your daily email sending quota.
  ❌ Error [Email Send]: You have reached your daily email sending quota.
  ✅ Migration complete!

[692/692] Migrating: daniella.watson@imperial.ac.uk
  📋 Supabase ID: 5bc916bd-7896-45ea-bcf3-3194291f10e5
  ✅ Clerk user created: user_35W87gY37wq8oJecXnXEpZZ5Djp
  💾 Synced to Prisma database
  ⚠️  Email send failed: You have reached your daily email sending quota.
  ❌ Error [Email Send]: You have reached your daily email sending quota.
  ✅ Migration complete!

============================================================
📊 MIGRATION SUMMARY
============================================================
Total users:          692
✅ Successful:        321
❌ Failed:            371
⏭️  Skipped:           0
📧 Emails sent:       197
📧 Emails failed:     124
🖼️  Images uploaded:   0
🖼️  Images failed:     0
⏱️  Duration:          26m 49s
============================================================

📝 Error log saved to: migration-log-2025-11-15T13-18-15.434Z.json
📄 Migration results saved to: migration-results-2025-11-15T13-45-05.191Z.json

✨ Migration complete!

