[     226ms] [LOG] [Fast Refresh] rebuilding @ http://localhost:3001/_next/static/chunks/f12ff_next_dist_95687940._.js:2302
[     387ms] [LOG] [Fast Refresh] done in 262ms @ http://localhost:3001/_next/static/chunks/f12ff_next_dist_95687940._.js:2302
[     488ms] [LOG] [Fast Refresh] rebuilding @ http://localhost:3001/_next/static/chunks/f12ff_next_dist_95687940._.js:2302
[    1088ms] [LOG] [Fast Refresh] done in 700ms @ http://localhost:3001/_next/static/chunks/f12ff_next_dist_95687940._.js:2302
[    1794ms] [INFO] %cDownload the React DevTools for a better development experience: https://react.dev/link/react-devtools font-weight:bold @ http://localhost:3001/_next/static/chunks/f12ff_next_dist_95687940._.js:2302
[    1938ms] [LOG] [HMR] connected @ http://localhost:3001/_next/static/chunks/f12ff_next_dist_95687940._.js:2302
[    2068ms] [WARNING] Missing Algolia environment variables: ALGOLIA_API_KEY @ http://localhost:3001/_next/static/chunks/f12ff_next_dist_95687940._.js:2302
[    2068ms] [WARNING] Algolia admin client not available - missing credentials @ http://localhost:3001/_next/static/chunks/f12ff_next_dist_95687940._.js:2302
[    2068ms] [LOG] ✅ Algolia search client initialized successfully @ http://localhost:3001/_next/static/chunks/f12ff_next_dist_95687940._.js:2302
[    2095ms] [LOG] [Fast Refresh] rebuilding @ http://localhost:3001/_next/static/chunks/f12ff_next_dist_95687940._.js:2302
[    2099ms] [WARNING] Image with src "/connecting-climate-minds-logo-white.png" was detected as the Largest Contentful Paint (LCP). Please add the `loading="eager"` property if this image is above the fold.
Read more: https://nextjs.org/docs/app/api-reference/components/image#loading @ http://localhost:3001/_next/static/chunks/f12ff_next_dist_95687940._.js:2302
[    2313ms] [WARNING] Ignoring Event: localhost @ http://localhost:3001/_next/static/chunks/f12ff_next_dist_95687940._.js:2302
[    2373ms] [ERROR] Access to resource at 'https://gm67v7rk.api.sanity.io/v2024-04-24/data/live/events/production_2?tag=next-loader.live' from origin 'http://localhost:3001' has been blocked by CORS policy: No 'Access-Control-Allow-Origin' header is present on the requested resource. @ http://localhost:3001/en/messages:0
[    2422ms] [ERROR] Failed to load resource: net::ERR_FAILED @ https://gm67v7rk.api.sanity.io/v2024-04-24/data/live/events/production_2?tag=next-loader.live:0
[    2496ms] [WARNING] Clerk: Clerk has been loaded with development keys. Development instances have strict usage limits and should not be used when deploying your application to production. Learn more: https://clerk.com/docs/deployments/overview @ http://localhost:3001/_next/static/chunks/f12ff_next_dist_95687940._.js:2302
[    2546ms] [ERROR] Access to fetch at 'https://gm67v7rk.api.sanity.io/v2024-04-24/data/live/events/production_2?tag=next-loader.live' from origin 'http://localhost:3001' has been blocked by CORS policy: Response to preflight request doesn't pass access control check: No 'Access-Control-Allow-Origin' header is present on the requested resource. @ http://localhost:3001/en/messages:0
[    2546ms] [ERROR] Failed to load resource: net::ERR_FAILED @ https://gm67v7rk.api.sanity.io/v2024-04-24/data/live/events/production_2?tag=next-loader.live:0
[    2578ms] [ERROR] Access to fetch at 'https://gm67v7rk.api.sanity.io/v2024-04-24/data/live/events/production_2?tag=next-loader.live' from origin 'http://localhost:3001' has been blocked by CORS policy: Response to preflight request doesn't pass access control check: No 'Access-Control-Allow-Origin' header is present on the requested resource. @ http://localhost:3001/en/messages:0
[    2578ms] [ERROR] Failed to load resource: net::ERR_FAILED @ https://gm67v7rk.api.sanity.io/v2024-04-24/data/live/events/production_2?tag=next-loader.live:0
[    2579ms] [WARNING] Sanity Live is unable to connect to the Sanity API as the current origin - http://localhost:3001 - is not in the list of allowed CORS origins for this Sanity Project. Add it here: https://sanity.io/manage/project/gm67v7rk/api?cors=add&origin=http%3A%2F%2Flocalhost%3A3001 @ http://localhost:3001/_next/static/chunks/f12ff_next_dist_95687940._.js:2302
[    3089ms] [LOG] [Fast Refresh] done in 1117ms @ http://localhost:3001/_next/static/chunks/f12ff_next_dist_95687940._.js:2302
[   98180ms] [LOG] [Fast Refresh] rebuilding @ http://localhost:3001/_next/static/chunks/f12ff_next_dist_95687940._.js:2302
[   98586ms] [LOG] [Fast Refresh] done in 509ms @ http://localhost:3001/_next/static/chunks/f12ff_next_dist_95687940._.js:2302
[  153759ms] [LOG] [Fast Refresh] rebuilding @ http://localhost:3001/_next/static/chunks/f12ff_next_dist_95687940._.js:2302
[  153796ms] [LOG] [Fast Refresh] done in 144ms @ http://localhost:3001/_next/static/chunks/f12ff_next_dist_95687940._.js:2302
[  184562ms] [LOG] [Fast Refresh] rebuilding @ http://localhost:3001/_next/static/chunks/f12ff_next_dist_95687940._.js:2302
[  184611ms] [LOG] [Fast Refresh] done in 172ms @ http://localhost:3001/_next/static/chunks/f12ff_next_dist_95687940._.js:2302
[  217733ms] [LOG] [Fast Refresh] rebuilding @ http://localhost:3001/_next/static/chunks/f12ff_next_dist_95687940._.js:2302
[  218333ms] [LOG] [Fast Refresh] done in 701ms @ http://localhost:3001/_next/static/chunks/f12ff_next_dist_95687940._.js:2302
[  786955ms] [LOG] [Fast Refresh] rebuilding @ http://localhost:3001/_next/static/chunks/f12ff_next_dist_95687940._.js:2302
[  787183ms] [LOG] [Fast Refresh] done in 327ms @ http://localhost:3001/_next/static/chunks/f12ff_next_dist_95687940._.js:2302
[ 1615898ms] [LOG] [Fast Refresh] rebuilding @ http://localhost:3001/_next/static/chunks/f12ff_next_dist_95687940._.js:2302
[ 1616993ms] [LOG] [Fast Refresh] done in 1198ms @ http://localhost:3001/_next/static/chunks/f12ff_next_dist_95687940._.js:2302
[ 1687825ms] [LOG] [Fast Refresh] rebuilding @ http://localhost:3001/_next/static/chunks/f12ff_next_dist_95687940._.js:2302
[ 1688342ms] [LOG] [Fast Refresh] done in 632ms @ http://localhost:3001/_next/static/chunks/f12ff_next_dist_95687940._.js:2302
[ 1706038ms] [LOG] [Fast Refresh] rebuilding @ http://localhost:3001/_next/static/chunks/f12ff_next_dist_95687940._.js:2302
[ 1706077ms] [LOG] [Fast Refresh] done in 139ms @ http://localhost:3001/_next/static/chunks/f12ff_next_dist_95687940._.js:2302
[ 1718459ms] [LOG] [Fast Refresh] rebuilding @ http://localhost:3001/_next/static/chunks/f12ff_next_dist_95687940._.js:2302
[ 1718592ms] [LOG] [Fast Refresh] done in 235ms @ http://localhost:3001/_next/static/chunks/f12ff_next_dist_95687940._.js:2302
[ 1732348ms] [LOG] [Fast Refresh] rebuilding @ http://localhost:3001/_next/static/chunks/f12ff_next_dist_95687940._.js:2302
[ 1732578ms] [LOG] [Fast Refresh] done in 332ms @ http://localhost:3001/_next/static/chunks/f12ff_next_dist_95687940._.js:2302
[ 1763191ms] [LOG] [Fast Refresh] rebuilding @ http://localhost:3001/_next/static/chunks/f12ff_next_dist_95687940._.js:2302
[ 1763563ms] [LOG] [Fast Refresh] done in 477ms @ http://localhost:3001/_next/static/chunks/f12ff_next_dist_95687940._.js:2302
[ 1776084ms] [LOG] [Fast Refresh] rebuilding @ http://localhost:3001/_next/static/chunks/f12ff_next_dist_95687940._.js:2302
[ 1776642ms] [LOG] [Fast Refresh] done in 668ms @ http://localhost:3001/_next/static/chunks/f12ff_next_dist_95687940._.js:2302
[ 1789071ms] [LOG] [Fast Refresh] rebuilding @ http://localhost:3001/_next/static/chunks/f12ff_next_dist_95687940._.js:2302
[ 1789253ms] [LOG] [Fast Refresh] done in 287ms @ http://localhost:3001/_next/static/chunks/f12ff_next_dist_95687940._.js:2302
[ 1797170ms] [LOG] [Fast Refresh] rebuilding @ http://localhost:3001/_next/static/chunks/f12ff_next_dist_95687940._.js:2302
[ 1797447ms] [LOG] [Fast Refresh] done in 380ms @ http://localhost:3001/_next/static/chunks/f12ff_next_dist_95687940._.js:2302
[ 1807986ms] [LOG] [Fast Refresh] rebuilding @ http://localhost:3001/_next/static/chunks/f12ff_next_dist_95687940._.js:2302
[ 1812719ms] [LOG] [Fast Refresh] done in 1325ms @ http://localhost:3001/_next/static/chunks/f12ff_next_dist_95687940._.js:2302
[ 1814730ms] [LOG] [Fast Refresh] rebuilding @ http://localhost:3001/_next/static/chunks/f12ff_next_dist_95687940._.js:2302
[ 1822429ms] [LOG] [Fast Refresh] done in 8174ms @ http://localhost:3001/_next/static/chunks/f12ff_next_dist_95687940._.js:2302
[ 1847384ms] [LOG] [Fast Refresh] rebuilding @ http://localhost:3001/_next/static/chunks/f12ff_next_dist_95687940._.js:2302
[ 1848692ms] [LOG] [Fast Refresh] done in 1412ms @ http://localhost:3001/_next/static/chunks/f12ff_next_dist_95687940._.js:2302
[ 1860031ms] [LOG] [Fast Refresh] rebuilding @ http://localhost:3001/_next/static/chunks/f12ff_next_dist_95687940._.js:2302
[ 1867394ms] [LOG] [Fast Refresh] done in 5556ms @ http://localhost:3001/_next/static/chunks/f12ff_next_dist_95687940._.js:2302
[ 1868637ms] [LOG] [Fast Refresh] rebuilding @ http://localhost:3001/_next/static/chunks/f12ff_next_dist_95687940._.js:2302
[ 1868883ms] [LOG] [Fast Refresh] done in 348ms @ http://localhost:3001/_next/static/chunks/f12ff_next_dist_95687940._.js:2302
[ 1869425ms] [LOG] [Fast Refresh] rebuilding @ http://localhost:3001/_next/static/chunks/f12ff_next_dist_95687940._.js:2302
[ 1869459ms] [LOG] [Fast Refresh] done in 134ms @ http://localhost:3001/_next/static/chunks/f12ff_next_dist_95687940._.js:2302
[ 1869581ms] [LOG] [Fast Refresh] rebuilding @ http://localhost:3001/_next/static/chunks/f12ff_next_dist_95687940._.js:2302
[ 1869595ms] [LOG] [Fast Refresh] done in 115ms @ http://localhost:3001/_next/static/chunks/f12ff_next_dist_95687940._.js:2302
[ 1875626ms] [LOG] [Fast Refresh] rebuilding @ http://localhost:3001/_next/static/chunks/f12ff_next_dist_95687940._.js:2302
[ 1875697ms] [LOG] [Fast Refresh] done in 174ms @ http://localhost:3001/_next/static/chunks/f12ff_next_dist_95687940._.js:2302
[ 1876745ms] [LOG] [Fast Refresh] rebuilding @ http://localhost:3001/_next/static/chunks/f12ff_next_dist_95687940._.js:2302
[ 1876791ms] [LOG] [Fast Refresh] done in 153ms @ http://localhost:3001/_next/static/chunks/f12ff_next_dist_95687940._.js:2302
[ 1878050ms] [LOG] [Fast Refresh] rebuilding @ http://localhost:3001/_next/static/chunks/f12ff_next_dist_95687940._.js:2302
[ 1878104ms] [LOG] [Fast Refresh] done in 155ms @ http://localhost:3001/_next/static/chunks/f12ff_next_dist_95687940._.js:2302
[ 1881661ms] [LOG] [Fast Refresh] rebuilding @ http://localhost:3001/_next/static/chunks/f12ff_next_dist_95687940._.js:2302
[ 1881789ms] [LOG] [Fast Refresh] done in 229ms @ http://localhost:3001/_next/static/chunks/f12ff_next_dist_95687940._.js:2302
[ 1888402ms] [LOG] [Fast Refresh] rebuilding @ http://localhost:3001/_next/static/chunks/f12ff_next_dist_95687940._.js:2302
[ 1888428ms] [LOG] [Fast Refresh] done in 127ms @ http://localhost:3001/_next/static/chunks/f12ff_next_dist_95687940._.js:2302
[ 1891421ms] [LOG] [Fast Refresh] rebuilding @ http://localhost:3001/_next/static/chunks/f12ff_next_dist_95687940._.js:2302
[ 1892330ms] [LOG] [Fast Refresh] done in 1011ms @ http://localhost:3001/_next/static/chunks/f12ff_next_dist_95687940._.js:2302
[ 1935765ms] [LOG] [Fast Refresh] rebuilding @ http://localhost:3001/_next/static/chunks/f12ff_next_dist_95687940._.js:2302
[ 1935894ms] [LOG] [Fast Refresh] done in 231ms @ http://localhost:3001/_next/static/chunks/f12ff_next_dist_95687940._.js:2302
[ 2053118ms] [LOG] [Fast Refresh] rebuilding @ http://localhost:3001/_next/static/chunks/f12ff_next_dist_95687940._.js:2302
[ 2053405ms] [LOG] [Fast Refresh] done in 400ms @ http://localhost:3001/_next/static/chunks/f12ff_next_dist_95687940._.js:2302
[ 2081825ms] [ERROR] Failed to load resource: net::ERR_NETWORK_IO_SUSPENDED @ http://localhost:3001/api/notifications:0
[ 2103064ms] [LOG] [HMR] connected @ http://localhost:3001/_next/static/chunks/f12ff_next_dist_95687940._.js:2302
[ 2105229ms] [LOG] [Fast Refresh] rebuilding @ http://localhost:3001/_next/static/chunks/f12ff_next_dist_95687940._.js:2302
[ 2109826ms] [LOG] [Fast Refresh] done in 4611ms @ http://localhost:3001/_next/static/chunks/f12ff_next_dist_95687940._.js:2302
[ 2118032ms] [LOG] [Fast Refresh] rebuilding @ http://localhost:3001/_next/static/chunks/f12ff_next_dist_95687940._.js:2302
[ 2119453ms] [LOG] [Fast Refresh] done in 1543ms @ http://localhost:3001/_next/static/chunks/f12ff_next_dist_95687940._.js:2302
[ 2386065ms] [ERROR] Failed to load resource: net::ERR_INTERNET_DISCONNECTED @ https://generous-hagfish-7.clerk.accounts.dev/v1/client/sessions/sess_3FSEmikACldU79KaY5E4E3BYOC9/tokens?__clerk_api_version=2025-11-10&_clerk_js_version=5.126.0&__clerk_db_jwt=dvb_3FOOUfoQT9T6UmXtJa7tc2zjqQq:0
[ 2391137ms] [ERROR] Failed to load resource: net::ERR_INTERNET_DISCONNECTED @ https://generous-hagfish-7.clerk.accounts.dev/v1/client/sessions/sess_3FSEmikACldU79KaY5E4E3BYOC9/tokens?__clerk_api_version=2025-11-10&_clerk_js_version=5.126.0&__clerk_db_jwt=dvb_3FOOUfoQT9T6UmXtJa7tc2zjqQq:0
[ 2396175ms] [ERROR] Failed to load resource: net::ERR_INTERNET_DISCONNECTED @ https://generous-hagfish-7.clerk.accounts.dev/v1/client/sessions/sess_3FSEmikACldU79KaY5E4E3BYOC9/tokens?__clerk_api_version=2025-11-10&_clerk_js_version=5.126.0&__clerk_db_jwt=dvb_3FOOUfoQT9T6UmXtJa7tc2zjqQq:0
[ 2401206ms] [ERROR] Failed to load resource: net::ERR_INTERNET_DISCONNECTED @ https://generous-hagfish-7.clerk.accounts.dev/v1/client/sessions/sess_3FSEmikACldU79KaY5E4E3BYOC9/tokens?__clerk_api_version=2025-11-10&_clerk_js_version=5.126.0&__clerk_db_jwt=dvb_3FOOUfoQT9T6UmXtJa7tc2zjqQq:0
[ 2406240ms] [ERROR] Failed to load resource: net::ERR_INTERNET_DISCONNECTED @ https://generous-hagfish-7.clerk.accounts.dev/v1/client/sessions/sess_3FSEmikACldU79KaY5E4E3BYOC9/tokens?__clerk_api_version=2025-11-10&_clerk_js_version=5.126.0&__clerk_db_jwt=dvb_3FOOUfoQT9T6UmXtJa7tc2zjqQq:0
[ 2411274ms] [ERROR] Failed to load resource: net::ERR_INTERNET_DISCONNECTED @ https://generous-hagfish-7.clerk.accounts.dev/v1/client/sessions/sess_3FSEmikACldU79KaY5E4E3BYOC9/tokens?__clerk_api_version=2025-11-10&_clerk_js_version=5.126.0&__clerk_db_jwt=dvb_3FOOUfoQT9T6UmXtJa7tc2zjqQq:0
[ 2416295ms] [ERROR] Failed to load resource: net::ERR_INTERNET_DISCONNECTED @ https://generous-hagfish-7.clerk.accounts.dev/v1/client/sessions/sess_3FSEmikACldU79KaY5E4E3BYOC9/tokens?__clerk_api_version=2025-11-10&_clerk_js_version=5.126.0&__clerk_db_jwt=dvb_3FOOUfoQT9T6UmXtJa7tc2zjqQq:0
[ 2421343ms] [ERROR] Failed to load resource: net::ERR_INTERNET_DISCONNECTED @ https://generous-hagfish-7.clerk.accounts.dev/v1/client/sessions/sess_3FSEmikACldU79KaY5E4E3BYOC9/tokens?__clerk_api_version=2025-11-10&_clerk_js_version=5.126.0&__clerk_db_jwt=dvb_3FOOUfoQT9T6UmXtJa7tc2zjqQq:0
[ 2426394ms] [ERROR] Failed to load resource: net::ERR_INTERNET_DISCONNECTED @ https://generous-hagfish-7.clerk.accounts.dev/v1/client/sessions/sess_3FSEmikACldU79KaY5E4E3BYOC9/tokens?__clerk_api_version=2025-11-10&_clerk_js_version=5.126.0&__clerk_db_jwt=dvb_3FOOUfoQT9T6UmXtJa7tc2zjqQq:0
[ 2746895ms] [ERROR] Failed to load resource: net::ERR_INTERNET_DISCONNECTED @ https://generous-hagfish-7.clerk.accounts.dev/v1/client/sessions/sess_3FSEmikACldU79KaY5E4E3BYOC9/tokens?__clerk_api_version=2025-11-10&_clerk_js_version=5.126.0&__clerk_db_jwt=dvb_3FOOUfoQT9T6UmXtJa7tc2zjqQq:0
[ 2756656ms] [LOG] [Fast Refresh] rebuilding @ http://localhost:3001/_next/static/chunks/f12ff_next_dist_95687940._.js:2302
[ 2756862ms] [ERROR] Failed to load resource: the server responded with a status of 401 (Unauthorized) @ http://localhost:3001/api/messages:0
[ 2769677ms] [LOG] [Fast Refresh] done in 13127ms @ http://localhost:3001/_next/static/chunks/f12ff_next_dist_95687940._.js:2302
[ 2770992ms] [LOG] [Fast Refresh] rebuilding @ http://localhost:3001/_next/static/chunks/f12ff_next_dist_95687940._.js:2302
[ 2773587ms] [LOG] [Fast Refresh] done in 2696ms @ http://localhost:3001/_next/static/chunks/f12ff_next_dist_95687940._.js:2302
[ 2775953ms] [ERROR] Connecting to 'https://clerk-telemetry.com/v1/event' violates the following Content Security Policy directive: "connect-src 'self' https://*.clerk.com https://clerk.connectingclimateminds.org https://*.clerk.accounts.dev https://*.algolia.net https://*.algolianet.com https://plausible.io https://*.sanity.io https://*.r2.cloudflarestorage.com https://*.upstash.io https://*.ingest.sentry.io https://*.ingest.us.sentry.io https://*.ingest.de.sentry.io". The action has been blocked. @ https://generous-hagfish-7.clerk.accounts.dev/npm/@clerk/clerk-js@5/dist/clerk.browser.js:18
[ 2775957ms] [ERROR] Fetch API cannot load https://clerk-telemetry.com/v1/event. Refused to connect because it violates the document's Content Security Policy. @ https://generous-hagfish-7.clerk.accounts.dev/npm/@clerk/clerk-js@5/dist/clerk.browser.js:18
[ 2776047ms] [LOG] [Fast Refresh] rebuilding @ http://localhost:3001/_next/static/chunks/f12ff_next_dist_95687940._.js:2302
[ 2776054ms] [LOG] [Fast Refresh] done in 106ms @ http://localhost:3001/_next/static/chunks/f12ff_next_dist_95687940._.js:2302
[ 2776376ms] [INFO] 🔒 Clerk:
The <SignIn/> component cannot render when a user is already signed in, unless the application allows multiple sessions. Since a user is signed in and this application only allows a single session, Clerk is redirecting to the `afterSignIn` URL instead.
(This notice only appears in development) @ http://localhost:3001/_next/static/chunks/f12ff_next_dist_95687940._.js:2302
[ 2777217ms] [LOG] [Fast Refresh] rebuilding @ http://localhost:3001/_next/static/chunks/f12ff_next_dist_95687940._.js:2302
[ 2779928ms] [WARNING] The resource http://localhost:3001/_next/static/media/345c85a432359eed-s.p.eead68dd.woff2 was preloaded using link preload but not used within a few seconds from the window's load event. Please make sure it has an appropriate `as` value and it is preloaded intentionally. @ http://localhost:3001/en/sign-in:0
[ 2779928ms] [WARNING] The resource http://localhost:3001/_next/static/media/7ca057cce9853046-s.p.6a702554.woff2 was preloaded using link preload but not used within a few seconds from the window's load event. Please make sure it has an appropriate `as` value and it is preloaded intentionally. @ http://localhost:3001/en/sign-in:0
[ 2779928ms] [WARNING] The resource http://localhost:3001/_next/static/media/8e451580e5e95631-s.p.0e564e6e.woff2 was preloaded using link preload but not used within a few seconds from the window's load event. Please make sure it has an appropriate `as` value and it is preloaded intentionally. @ http://localhost:3001/en/sign-in:0
[ 2779930ms] [WARNING] The resource http://localhost:3001/_next/static/media/4b676bcffc00356a-s.p.c22aaca1.woff2 was preloaded using link preload but not used within a few seconds from the window's load event. Please make sure it has an appropriate `as` value and it is preloaded intentionally. @ http://localhost:3001/en/sign-in:0
[ 2779930ms] [WARNING] The resource http://localhost:3001/_next/static/media/47fe1b7cd6e6ed85-s.p.855a563b.woff2 was preloaded using link preload but not used within a few seconds from the window's load event. Please make sure it has an appropriate `as` value and it is preloaded intentionally. @ http://localhost:3001/en/sign-in:0
[ 2779930ms] [WARNING] The resource http://localhost:3001/_next/static/media/d54db18e8cd5f74f-s.p.0e8eb956.woff2 was preloaded using link preload but not used within a few seconds from the window's load event. Please make sure it has an appropriate `as` value and it is preloaded intentionally. @ http://localhost:3001/en/sign-in:0
[ 2779930ms] [WARNING] The resource http://localhost:3001/_next/static/media/48e6fa8a5baca31f-s.p.33d01b36.woff2 was preloaded using link preload but not used within a few seconds from the window's load event. Please make sure it has an appropriate `as` value and it is preloaded intentionally. @ http://localhost:3001/en/sign-in:0
[ 2779930ms] [WARNING] The resource http://localhost:3001/_next/static/media/8e6fa89aa22d24ec-s.p.3aec397d.woff2 was preloaded using link preload but not used within a few seconds from the window's load event. Please make sure it has an appropriate `as` value and it is preloaded intentionally. @ http://localhost:3001/en/sign-in:0
[ 2779930ms] [WARNING] The resource http://localhost:3001/_next/static/media/e2334d715941921e-s.p.d82a9aff.woff2 was preloaded using link preload but not used within a few seconds from the window's load event. Please make sure it has an appropriate `as` value and it is preloaded intentionally. @ http://localhost:3001/en/sign-in:0
[ 2779930ms] [WARNING] The resource http://localhost:3001/_next/static/media/8c701f89af1c2d08-s.p.8e889423.woff2 was preloaded using link preload but not used within a few seconds from the window's load event. Please make sure it has an appropriate `as` value and it is preloaded intentionally. @ http://localhost:3001/en/sign-in:0
[ 2779930ms] [WARNING] The resource http://localhost:3001/_next/static/media/f30fd2e485acf1bc-s.p.3d1b066d.woff2 was preloaded using link preload but not used within a few seconds from the window's load event. Please make sure it has an appropriate `as` value and it is preloaded intentionally. @ http://localhost:3001/en/sign-in:0
[ 2779930ms] [WARNING] The resource http://localhost:3001/_next/static/media/a218039a3287bcfd-s.p.4a23d71b.woff2 was preloaded using link preload but not used within a few seconds from the window's load event. Please make sure it has an appropriate `as` value and it is preloaded intentionally. @ http://localhost:3001/en/sign-in:0
[ 2785837ms] [LOG] [Fast Refresh] done in 8721ms @ http://localhost:3001/_next/static/chunks/f12ff_next_dist_95687940._.js:2302
[ 2785995ms] [LOG] [Fast Refresh] rebuilding @ http://localhost:3001/_next/static/chunks/f12ff_next_dist_95687940._.js:2302
[ 2787520ms] [WARNING] The resource http://localhost:3001/_next/static/media/345c85a432359eed-s.p.eead68dd.woff2 was preloaded using link preload but not used within a few seconds from the window's load event. Please make sure it has an appropriate `as` value and it is preloaded intentionally. @ http://localhost:3001/en/sign-in:0
[ 2787524ms] [WARNING] The resource http://localhost:3001/_next/static/media/7ca057cce9853046-s.p.6a702554.woff2 was preloaded using link preload but not used within a few seconds from the window's load event. Please make sure it has an appropriate `as` value and it is preloaded intentionally. @ http://localhost:3001/en/sign-in:0
[ 2787524ms] [WARNING] The resource http://localhost:3001/_next/static/media/8e451580e5e95631-s.p.0e564e6e.woff2 was preloaded using link preload but not used within a few seconds from the window's load event. Please make sure it has an appropriate `as` value and it is preloaded intentionally. @ http://localhost:3001/en/sign-in:0
[ 2787524ms] [WARNING] The resource http://localhost:3001/_next/static/media/4b676bcffc00356a-s.p.c22aaca1.woff2 was preloaded using link preload but not used within a few seconds from the window's load event. Please make sure it has an appropriate `as` value and it is preloaded intentionally. @ http://localhost:3001/en/sign-in:0
[ 2787524ms] [WARNING] The resource http://localhost:3001/_next/static/media/47fe1b7cd6e6ed85-s.p.855a563b.woff2 was preloaded using link preload but not used within a few seconds from the window's load event. Please make sure it has an appropriate `as` value and it is preloaded intentionally. @ http://localhost:3001/en/sign-in:0
[ 2787524ms] [WARNING] The resource http://localhost:3001/_next/static/media/d54db18e8cd5f74f-s.p.0e8eb956.woff2 was preloaded using link preload but not used within a few seconds from the window's load event. Please make sure it has an appropriate `as` value and it is preloaded intentionally. @ http://localhost:3001/en/sign-in:0
[ 2787524ms] [WARNING] The resource http://localhost:3001/_next/static/media/48e6fa8a5baca31f-s.p.33d01b36.woff2 was preloaded using link preload but not used within a few seconds from the window's load event. Please make sure it has an appropriate `as` value and it is preloaded intentionally. @ http://localhost:3001/en/sign-in:0
[ 2787524ms] [WARNING] The resource http://localhost:3001/_next/static/media/8e6fa89aa22d24ec-s.p.3aec397d.woff2 was preloaded using link preload but not used within a few seconds from the window's load event. Please make sure it has an appropriate `as` value and it is preloaded intentionally. @ http://localhost:3001/en/sign-in:0
[ 2787524ms] [WARNING] The resource http://localhost:3001/_next/static/media/e2334d715941921e-s.p.d82a9aff.woff2 was preloaded using link preload but not used within a few seconds from the window's load event. Please make sure it has an appropriate `as` value and it is preloaded intentionally. @ http://localhost:3001/en/sign-in:0
[ 2787524ms] [WARNING] The resource http://localhost:3001/_next/static/media/8c701f89af1c2d08-s.p.8e889423.woff2 was preloaded using link preload but not used within a few seconds from the window's load event. Please make sure it has an appropriate `as` value and it is preloaded intentionally. @ http://localhost:3001/en/sign-in:0
[ 2787524ms] [WARNING] The resource http://localhost:3001/_next/static/media/f30fd2e485acf1bc-s.p.3d1b066d.woff2 was preloaded using link preload but not used within a few seconds from the window's load event. Please make sure it has an appropriate `as` value and it is preloaded intentionally. @ http://localhost:3001/en/sign-in:0
[ 2787524ms] [WARNING] The resource http://localhost:3001/_next/static/media/a218039a3287bcfd-s.p.4a23d71b.woff2 was preloaded using link preload but not used within a few seconds from the window's load event. Please make sure it has an appropriate `as` value and it is preloaded intentionally. @ http://localhost:3001/en/sign-in:0
[ 2787860ms] [LOG] [Fast Refresh] done in 1969ms @ http://localhost:3001/_next/static/chunks/f12ff_next_dist_95687940._.js:2302
[ 2790919ms] [WARNING] The resource http://localhost:3001/_next/static/media/345c85a432359eed-s.p.eead68dd.woff2 was preloaded using link preload but not used within a few seconds from the window's load event. Please make sure it has an appropriate `as` value and it is preloaded intentionally. @ http://localhost:3001/en/sign-in:0
[ 2790919ms] [WARNING] The resource http://localhost:3001/_next/static/media/7ca057cce9853046-s.p.6a702554.woff2 was preloaded using link preload but not used within a few seconds from the window's load event. Please make sure it has an appropriate `as` value and it is preloaded intentionally. @ http://localhost:3001/en/sign-in:0
[ 2790919ms] [WARNING] The resource http://localhost:3001/_next/static/media/8e451580e5e95631-s.p.0e564e6e.woff2 was preloaded using link preload but not used within a few seconds from the window's load event. Please make sure it has an appropriate `as` value and it is preloaded intentionally. @ http://localhost:3001/en/sign-in:0
[ 2790919ms] [WARNING] The resource http://localhost:3001/_next/static/media/4b676bcffc00356a-s.p.c22aaca1.woff2 was preloaded using link preload but not used within a few seconds from the window's load event. Please make sure it has an appropriate `as` value and it is preloaded intentionally. @ http://localhost:3001/en/sign-in:0
[ 2790919ms] [WARNING] The resource http://localhost:3001/_next/static/media/47fe1b7cd6e6ed85-s.p.855a563b.woff2 was preloaded using link preload but not used within a few seconds from the window's load event. Please make sure it has an appropriate `as` value and it is preloaded intentionally. @ http://localhost:3001/en/sign-in:0
[ 2790919ms] [WARNING] The resource http://localhost:3001/_next/static/media/d54db18e8cd5f74f-s.p.0e8eb956.woff2 was preloaded using link preload but not used within a few seconds from the window's load event. Please make sure it has an appropriate `as` value and it is preloaded intentionally. @ http://localhost:3001/en/sign-in:0
[ 2790919ms] [WARNING] The resource http://localhost:3001/_next/static/media/48e6fa8a5baca31f-s.p.33d01b36.woff2 was preloaded using link preload but not used within a few seconds from the window's load event. Please make sure it has an appropriate `as` value and it is preloaded intentionally. @ http://localhost:3001/en/sign-in:0
[ 2790919ms] [WARNING] The resource http://localhost:3001/_next/static/media/8e6fa89aa22d24ec-s.p.3aec397d.woff2 was preloaded using link preload but not used within a few seconds from the window's load event. Please make sure it has an appropriate `as` value and it is preloaded intentionally. @ http://localhost:3001/en/sign-in:0
[ 2790919ms] [WARNING] The resource http://localhost:3001/_next/static/media/e2334d715941921e-s.p.d82a9aff.woff2 was preloaded using link preload but not used within a few seconds from the window's load event. Please make sure it has an appropriate `as` value and it is preloaded intentionally. @ http://localhost:3001/en/sign-in:0
[ 2790919ms] [WARNING] The resource http://localhost:3001/_next/static/media/8c701f89af1c2d08-s.p.8e889423.woff2 was preloaded using link preload but not used within a few seconds from the window's load event. Please make sure it has an appropriate `as` value and it is preloaded intentionally. @ http://localhost:3001/en/sign-in:0
[ 2790920ms] [WARNING] The resource http://localhost:3001/_next/static/media/f30fd2e485acf1bc-s.p.3d1b066d.woff2 was preloaded using link preload but not used within a few seconds from the window's load event. Please make sure it has an appropriate `as` value and it is preloaded intentionally. @ http://localhost:3001/en/sign-in:0
[ 2790920ms] [WARNING] The resource http://localhost:3001/_next/static/media/a218039a3287bcfd-s.p.4a23d71b.woff2 was preloaded using link preload but not used within a few seconds from the window's load event. Please make sure it has an appropriate `as` value and it is preloaded intentionally. @ http://localhost:3001/en/sign-in:0
[ 2791330ms] [WARNING] Ignoring Event: localhost @ http://localhost:3001/_next/static/chunks/f12ff_next_dist_95687940._.js:2302
[ 2791781ms] [ERROR] Access to resource at 'https://gm67v7rk.api.sanity.io/v2024-04-24/data/live/events/production_2?tag=next-loader.live' from origin 'http://localhost:3001' has been blocked by CORS policy: No 'Access-Control-Allow-Origin' header is present on the requested resource. @ http://localhost:3001/en/dashboard:0
[ 2791790ms] [ERROR] Failed to load resource: net::ERR_FAILED @ https://gm67v7rk.api.sanity.io/v2024-04-24/data/live/events/production_2?tag=next-loader.live:0
[ 2791824ms] [ERROR] Access to fetch at 'https://gm67v7rk.api.sanity.io/v2024-04-24/data/live/events/production_2?tag=next-loader.live' from origin 'http://localhost:3001' has been blocked by CORS policy: Response to preflight request doesn't pass access control check: No 'Access-Control-Allow-Origin' header is present on the requested resource. @ http://localhost:3001/en/dashboard:0
[ 2791824ms] [ERROR] Failed to load resource: net::ERR_FAILED @ https://gm67v7rk.api.sanity.io/v2024-04-24/data/live/events/production_2?tag=next-loader.live:0
[ 2791848ms] [ERROR] Access to fetch at 'https://gm67v7rk.api.sanity.io/v2024-04-24/data/live/events/production_2?tag=next-loader.live' from origin 'http://localhost:3001' has been blocked by CORS policy: Response to preflight request doesn't pass access control check: No 'Access-Control-Allow-Origin' header is present on the requested resource. @ http://localhost:3001/en/dashboard:0
[ 2791848ms] [ERROR] Failed to load resource: net::ERR_FAILED @ https://gm67v7rk.api.sanity.io/v2024-04-24/data/live/events/production_2?tag=next-loader.live:0
[ 2791852ms] [WARNING] Sanity Live is unable to connect to the Sanity API as the current origin - http://localhost:3001 - is not in the list of allowed CORS origins for this Sanity Project. Add it here: https://sanity.io/manage/project/gm67v7rk/api?cors=add&origin=http%3A%2F%2Flocalhost%3A3001 @ http://localhost:3001/_next/static/chunks/f12ff_next_dist_95687940._.js:2302
[ 2795134ms] [WARNING] The resource http://localhost:3001/_next/static/media/345c85a432359eed-s.p.eead68dd.woff2 was preloaded using link preload but not used within a few seconds from the window's load event. Please make sure it has an appropriate `as` value and it is preloaded intentionally. @ http://localhost:3001/en/dashboard:0
[ 2795134ms] [WARNING] The resource http://localhost:3001/_next/static/media/7ca057cce9853046-s.p.6a702554.woff2 was preloaded using link preload but not used within a few seconds from the window's load event. Please make sure it has an appropriate `as` value and it is preloaded intentionally. @ http://localhost:3001/en/dashboard:0
[ 2795134ms] [WARNING] The resource http://localhost:3001/_next/static/media/8e451580e5e95631-s.p.0e564e6e.woff2 was preloaded using link preload but not used within a few seconds from the window's load event. Please make sure it has an appropriate `as` value and it is preloaded intentionally. @ http://localhost:3001/en/dashboard:0
[ 2795134ms] [WARNING] The resource http://localhost:3001/_next/static/media/4b676bcffc00356a-s.p.c22aaca1.woff2 was preloaded using link preload but not used within a few seconds from the window's load event. Please make sure it has an appropriate `as` value and it is preloaded intentionally. @ http://localhost:3001/en/dashboard:0
[ 2795134ms] [WARNING] The resource http://localhost:3001/_next/static/media/47fe1b7cd6e6ed85-s.p.855a563b.woff2 was preloaded using link preload but not used within a few seconds from the window's load event. Please make sure it has an appropriate `as` value and it is preloaded intentionally. @ http://localhost:3001/en/dashboard:0
[ 2795134ms] [WARNING] The resource http://localhost:3001/_next/static/media/d54db18e8cd5f74f-s.p.0e8eb956.woff2 was preloaded using link preload but not used within a few seconds from the window's load event. Please make sure it has an appropriate `as` value and it is preloaded intentionally. @ http://localhost:3001/en/dashboard:0
[ 2795134ms] [WARNING] The resource http://localhost:3001/_next/static/media/48e6fa8a5baca31f-s.p.33d01b36.woff2 was preloaded using link preload but not used within a few seconds from the window's load event. Please make sure it has an appropriate `as` value and it is preloaded intentionally. @ http://localhost:3001/en/dashboard:0
[ 2795134ms] [WARNING] The resource http://localhost:3001/_next/static/media/8e6fa89aa22d24ec-s.p.3aec397d.woff2 was preloaded using link preload but not used within a few seconds from the window's load event. Please make sure it has an appropriate `as` value and it is preloaded intentionally. @ http://localhost:3001/en/dashboard:0
[ 2795134ms] [WARNING] The resource http://localhost:3001/_next/static/media/e2334d715941921e-s.p.d82a9aff.woff2 was preloaded using link preload but not used within a few seconds from the window's load event. Please make sure it has an appropriate `as` value and it is preloaded intentionally. @ http://localhost:3001/en/dashboard:0
[ 2795134ms] [WARNING] The resource http://localhost:3001/_next/static/media/8c701f89af1c2d08-s.p.8e889423.woff2 was preloaded using link preload but not used within a few seconds from the window's load event. Please make sure it has an appropriate `as` value and it is preloaded intentionally. @ http://localhost:3001/en/dashboard:0
[ 2795134ms] [WARNING] The resource http://localhost:3001/_next/static/media/f30fd2e485acf1bc-s.p.3d1b066d.woff2 was preloaded using link preload but not used within a few seconds from the window's load event. Please make sure it has an appropriate `as` value and it is preloaded intentionally. @ http://localhost:3001/en/dashboard:0
[ 2795134ms] [WARNING] The resource http://localhost:3001/_next/static/media/a218039a3287bcfd-s.p.4a23d71b.woff2 was preloaded using link preload but not used within a few seconds from the window's load event. Please make sure it has an appropriate `as` value and it is preloaded intentionally. @ http://localhost:3001/en/dashboard:0
[ 2798167ms] [LOG] %c%s%c prisma:error background: #e6e6e6;background: light-dark(rgba(0,0,0,0.1), rgba(255,255,255,0.25));color: #000000;color: light-dark(#000000, #ffffff);border-radius: 2px  Server   
Invalid `prisma.user.findUnique()` invocation:


Timed out fetching a new connection from the connection pool. More info: http://pris.ly/d/connection-pool (Current connection pool timeout: 10, connection limit: 17) @ http://localhost:3001/_next/static/chunks/f12ff_next_dist_95687940._.js:2302
[ 2798210ms] [ERROR] %o

%s PrismaClientKnownRequestError: 
Invalid `prisma.user.findUnique()` invocation:


Timed out fetching a new connection from the connection pool. More info: http://pris.ly/d/connection-pool (Current connection pool timeout: 10, connection limit: 17)
    at ei.handleRequestError (about://React/Server/file:///Users/amitlockshinski/WebstormProjects/turbo2/.next/dev/server/chunks/ssr/%5Broot-of-the-server%5D__aa3a7c47._.js?157:7320:19)
    at ei.handleAndLogRequestError (about://React/Server/file:///Users/amitlockshinski/WebstormProjects/turbo2/.next/dev/server/chunks/ssr/%5Broot-of-the-server%5D__aa3a7c47._.js?158:7283:18)
    at ei.request (about://React/Server/file:///Users/amitlockshinski/WebstormProjects/turbo2/.next/dev/server/chunks/ssr/%5Broot-of-the-server%5D__aa3a7c47._.js?151:7264:18)
    at a (about://React/Server/file:///Users/amitlockshinski/WebstormProjects/turbo2/.next/dev/server/chunks/ssr/%5Broot-of-the-server%5D__aa3a7c47._.js?152:7931:25)
    at DashboardPage (about://React/Server/file:///Users/amitlockshinski/WebstormProjects/turbo2/.next/dev/server/chunks/ssr/%5Broot-of-the-server%5D__a2d2057a._.js?153:901:16)
    at resolveErrorDev (http://localhost:3001/_next/static/chunks/f12ff_next_dist_compiled_react-server-dom-turbopack_6272b205._.js:1881:148)
    at processFullStringRow (http://localhost:3001/_next/static/chunks/f12ff_next_dist_compiled_react-server-dom-turbopack_6272b205._.js:2389:29)
    at processFullBinaryRow (http://localhost:3001/_next/static/chunks/f12ff_next_dist_compiled_react-server-dom-turbopack_6272b205._.js:2348:9)
    at processBinaryChunk (http://localhost:3001/_next/static/chunks/f12ff_next_dist_compiled_react-server-dom-turbopack_6272b205._.js:2457:221)
    at progress (http://localhost:3001/_next/static/chunks/f12ff_next_dist_compiled_react-server-dom-turbopack_6272b205._.js:2625:13) The above error occurred in the <DashboardPage> component. It was handled by the <ErrorBoundaryHandler> error boundary. @ http://localhost:3001/_next/static/chunks/f12ff_next_dist_client_d93c57ad._.js:1342
[ 2798252ms] [ERROR] PrismaClientKnownRequestError: 
Invalid `prisma.user.findUnique()` invocation:


Timed out fetching a new connection from the connection pool. More info: http://pris.ly/d/connection-pool (Current connection pool timeout: 10, connection limit: 17)
    at ei.handleRequestError (about://React/Server/file:///Users/amitlockshinski/WebstormProjects/turbo2/.next/dev/server/chunks/ssr/%5Broot-of-the-server%5D__aa3a7c47._.js?157:7320:19)
    at ei.handleAndLogRequestError (about://React/Server/file:///Users/amitlockshinski/WebstormProjects/turbo2/.next/dev/server/chunks/ssr/%5Broot-of-the-server%5D__aa3a7c47._.js?158:7283:18)
    at ei.request (about://React/Server/file:///Users/amitlockshinski/WebstormProjects/turbo2/.next/dev/server/chunks/ssr/%5Broot-of-the-server%5D__aa3a7c47._.js?151:7264:18)
    at a (about://React/Server/file:///Users/amitlockshinski/WebstormProjects/turbo2/.next/dev/server/chunks/ssr/%5Broot-of-the-server%5D__aa3a7c47._.js?152:7931:25)
    at DashboardPage (about://React/Server/file:///Users/amitlockshinski/WebstormProjects/turbo2/.next/dev/server/chunks/ssr/%5Broot-of-the-server%5D__a2d2057a._.js?153:901:16)
    at resolveErrorDev (http://localhost:3001/_next/static/chunks/f12ff_next_dist_compiled_react-server-dom-turbopack_6272b205._.js:1881:148)
    at processFullStringRow (http://localhost:3001/_next/static/chunks/f12ff_next_dist_compiled_react-server-dom-turbopack_6272b205._.js:2389:29)
    at processFullBinaryRow (http://localhost:3001/_next/static/chunks/f12ff_next_dist_compiled_react-server-dom-turbopack_6272b205._.js:2348:9)
    at processBinaryChunk (http://localhost:3001/_next/static/chunks/f12ff_next_dist_compiled_react-server-dom-turbopack_6272b205._.js:2457:221)
    at progress (http://localhost:3001/_next/static/chunks/f12ff_next_dist_compiled_react-server-dom-turbopack_6272b205._.js:2625:13) @ http://localhost:3001/_next/static/chunks/f12ff_next_dist_95687940._.js:3132
[ 2798253ms] [ERROR] PrismaClientKnownRequestError: 
Invalid `prisma.user.findUnique()` invocation:


Timed out fetching a new connection from the connection pool. More info: http://pris.ly/d/connection-pool (Current connection pool timeout: 10, connection limit: 17)
    at ei.handleRequestError (about://React/Server/file:///Users/amitlockshinski/WebstormProjects/turbo2/.next/dev/server/chunks/ssr/%5Broot-of-the-server%5D__aa3a7c47._.js?157:7320:19)
    at ei.handleAndLogRequestError (about://React/Server/file:///Users/amitlockshinski/WebstormProjects/turbo2/.next/dev/server/chunks/ssr/%5Broot-of-the-server%5D__aa3a7c47._.js?158:7283:18)
    at ei.request (about://React/Server/file:///Users/amitlockshinski/WebstormProjects/turbo2/.next/dev/server/chunks/ssr/%5Broot-of-the-server%5D__aa3a7c47._.js?151:7264:18)
    at a (about://React/Server/file:///Users/amitlockshinski/WebstormProjects/turbo2/.next/dev/server/chunks/ssr/%5Broot-of-the-server%5D__aa3a7c47._.js?152:7931:25)
    at DashboardPage (about://React/Server/file:///Users/amitlockshinski/WebstormProjects/turbo2/.next/dev/server/chunks/ssr/%5Broot-of-the-server%5D__a2d2057a._.js?153:901:16)
    at resolveErrorDev (http://localhost:3001/_next/static/chunks/f12ff_next_dist_compiled_react-server-dom-turbopack_6272b205._.js:1881:148)
    at processFullStringRow (http://localhost:3001/_next/static/chunks/f12ff_next_dist_compiled_react-server-dom-turbopack_6272b205._.js:2389:29)
    at processFullBinaryRow (http://localhost:3001/_next/static/chunks/f12ff_next_dist_compiled_react-server-dom-turbopack_6272b205._.js:2348:9)
    at processBinaryChunk (http://localhost:3001/_next/static/chunks/f12ff_next_dist_compiled_react-server-dom-turbopack_6272b205._.js:2457:221)
    at progress (http://localhost:3001/_next/static/chunks/f12ff_next_dist_compiled_react-server-dom-turbopack_6272b205._.js:2625:13) @ http://localhost:3001/_next/static/chunks/f12ff_next_dist_95687940._.js:3132
[ 2798418ms] [LOG] [Fast Refresh] rebuilding @ http://localhost:3001/_next/static/chunks/f12ff_next_dist_95687940._.js:2302
[ 2799371ms] [LOG] [Fast Refresh] done in 1055ms @ http://localhost:3001/_next/static/chunks/f12ff_next_dist_95687940._.js:2302
[ 2802722ms] [WARNING] The resource http://localhost:3001/_next/static/media/345c85a432359eed-s.p.eead68dd.woff2 was preloaded using link preload but not used within a few seconds from the window's load event. Please make sure it has an appropriate `as` value and it is preloaded intentionally. @ http://localhost:3001/en/dashboard:0
[ 2802722ms] [WARNING] The resource http://localhost:3001/_next/static/media/7ca057cce9853046-s.p.6a702554.woff2 was preloaded using link preload but not used within a few seconds from the window's load event. Please make sure it has an appropriate `as` value and it is preloaded intentionally. @ http://localhost:3001/en/dashboard:0
[ 2802722ms] [WARNING] The resource http://localhost:3001/_next/static/media/8e451580e5e95631-s.p.0e564e6e.woff2 was preloaded using link preload but not used within a few seconds from the window's load event. Please make sure it has an appropriate `as` value and it is preloaded intentionally. @ http://localhost:3001/en/dashboard:0
[ 2802722ms] [WARNING] The resource http://localhost:3001/_next/static/media/4b676bcffc00356a-s.p.c22aaca1.woff2 was preloaded using link preload but not used within a few seconds from the window's load event. Please make sure it has an appropriate `as` value and it is preloaded intentionally. @ http://localhost:3001/en/dashboard:0
[ 2802723ms] [WARNING] The resource http://localhost:3001/_next/static/media/47fe1b7cd6e6ed85-s.p.855a563b.woff2 was preloaded using link preload but not used within a few seconds from the window's load event. Please make sure it has an appropriate `as` value and it is preloaded intentionally. @ http://localhost:3001/en/dashboard:0
[ 2802723ms] [WARNING] The resource http://localhost:3001/_next/static/media/d54db18e8cd5f74f-s.p.0e8eb956.woff2 was preloaded using link preload but not used within a few seconds from the window's load event. Please make sure it has an appropriate `as` value and it is preloaded intentionally. @ http://localhost:3001/en/dashboard:0
[ 2802723ms] [WARNING] The resource http://localhost:3001/_next/static/media/48e6fa8a5baca31f-s.p.33d01b36.woff2 was preloaded using link preload but not used within a few seconds from the window's load event. Please make sure it has an appropriate `as` value and it is preloaded intentionally. @ http://localhost:3001/en/dashboard:0
[ 2802723ms] [WARNING] The resource http://localhost:3001/_next/static/media/8e6fa89aa22d24ec-s.p.3aec397d.woff2 was preloaded using link preload but not used within a few seconds from the window's load event. Please make sure it has an appropriate `as` value and it is preloaded intentionally. @ http://localhost:3001/en/dashboard:0
[ 2802723ms] [WARNING] The resource http://localhost:3001/_next/static/media/e2334d715941921e-s.p.d82a9aff.woff2 was preloaded using link preload but not used within a few seconds from the window's load event. Please make sure it has an appropriate `as` value and it is preloaded intentionally. @ http://localhost:3001/en/dashboard:0
[ 2802723ms] [WARNING] The resource http://localhost:3001/_next/static/media/8c701f89af1c2d08-s.p.8e889423.woff2 was preloaded using link preload but not used within a few seconds from the window's load event. Please make sure it has an appropriate `as` value and it is preloaded intentionally. @ http://localhost:3001/en/dashboard:0
[ 2802723ms] [WARNING] The resource http://localhost:3001/_next/static/media/f30fd2e485acf1bc-s.p.3d1b066d.woff2 was preloaded using link preload but not used within a few seconds from the window's load event. Please make sure it has an appropriate `as` value and it is preloaded intentionally. @ http://localhost:3001/en/dashboard:0
[ 2802723ms] [WARNING] The resource http://localhost:3001/_next/static/media/a218039a3287bcfd-s.p.4a23d71b.woff2 was preloaded using link preload but not used within a few seconds from the window's load event. Please make sure it has an appropriate `as` value and it is preloaded intentionally. @ http://localhost:3001/en/dashboard:0
[ 3028129ms] [ERROR] Failed to load resource: net::ERR_NETWORK_CHANGED @ https://generous-hagfish-7.clerk.accounts.dev/v1/client/sessions/sess_3FSEmikACldU79KaY5E4E3BYOC9/tokens?__clerk_api_version=2025-11-10&_clerk_js_version=5.126.0&__clerk_db_jwt=dvb_3FOOUfoQT9T6UmXtJa7tc2zjqQq:0
[ 3031144ms] [WARNING] The resource http://localhost:3001/_next/static/media/345c85a432359eed-s.p.eead68dd.woff2 was preloaded using link preload but not used within a few seconds from the window's load event. Please make sure it has an appropriate `as` value and it is preloaded intentionally. @ http://localhost:3001/en/dashboard:0
[ 3031155ms] [WARNING] The resource http://localhost:3001/_next/static/media/7ca057cce9853046-s.p.6a702554.woff2 was preloaded using link preload but not used within a few seconds from the window's load event. Please make sure it has an appropriate `as` value and it is preloaded intentionally. @ http://localhost:3001/en/dashboard:0
[ 3031156ms] [WARNING] The resource http://localhost:3001/_next/static/media/8e451580e5e95631-s.p.0e564e6e.woff2 was preloaded using link preload but not used within a few seconds from the window's load event. Please make sure it has an appropriate `as` value and it is preloaded intentionally. @ http://localhost:3001/en/dashboard:0
[ 3031156ms] [WARNING] The resource http://localhost:3001/_next/static/media/4b676bcffc00356a-s.p.c22aaca1.woff2 was preloaded using link preload but not used within a few seconds from the window's load event. Please make sure it has an appropriate `as` value and it is preloaded intentionally. @ http://localhost:3001/en/dashboard:0
[ 3031156ms] [WARNING] The resource http://localhost:3001/_next/static/media/47fe1b7cd6e6ed85-s.p.855a563b.woff2 was preloaded using link preload but not used within a few seconds from the window's load event. Please make sure it has an appropriate `as` value and it is preloaded intentionally. @ http://localhost:3001/en/dashboard:0
[ 3031156ms] [WARNING] The resource http://localhost:3001/_next/static/media/d54db18e8cd5f74f-s.p.0e8eb956.woff2 was preloaded using link preload but not used within a few seconds from the window's load event. Please make sure it has an appropriate `as` value and it is preloaded intentionally. @ http://localhost:3001/en/dashboard:0
[ 3031156ms] [WARNING] The resource http://localhost:3001/_next/static/media/48e6fa8a5baca31f-s.p.33d01b36.woff2 was preloaded using link preload but not used within a few seconds from the window's load event. Please make sure it has an appropriate `as` value and it is preloaded intentionally. @ http://localhost:3001/en/dashboard:0
[ 3031159ms] [WARNING] The resource http://localhost:3001/_next/static/media/8e6fa89aa22d24ec-s.p.3aec397d.woff2 was preloaded using link preload but not used within a few seconds from the window's load event. Please make sure it has an appropriate `as` value and it is preloaded intentionally. @ http://localhost:3001/en/dashboard:0
[ 3031160ms] [WARNING] The resource http://localhost:3001/_next/static/media/e2334d715941921e-s.p.d82a9aff.woff2 was preloaded using link preload but not used within a few seconds from the window's load event. Please make sure it has an appropriate `as` value and it is preloaded intentionally. @ http://localhost:3001/en/dashboard:0
[ 3031160ms] [WARNING] The resource http://localhost:3001/_next/static/media/8c701f89af1c2d08-s.p.8e889423.woff2 was preloaded using link preload but not used within a few seconds from the window's load event. Please make sure it has an appropriate `as` value and it is preloaded intentionally. @ http://localhost:3001/en/dashboard:0
[ 3031161ms] [WARNING] The resource http://localhost:3001/_next/static/media/f30fd2e485acf1bc-s.p.3d1b066d.woff2 was preloaded using link preload but not used within a few seconds from the window's load event. Please make sure it has an appropriate `as` value and it is preloaded intentionally. @ http://localhost:3001/en/dashboard:0
[ 3031161ms] [WARNING] The resource http://localhost:3001/_next/static/media/a218039a3287bcfd-s.p.4a23d71b.woff2 was preloaded using link preload but not used within a few seconds from the window's load event. Please make sure it has an appropriate `as` value and it is preloaded intentionally. @ http://localhost:3001/en/dashboard:0
[ 3036309ms] [WARNING] The resource http://localhost:3001/_next/static/media/345c85a432359eed-s.p.eead68dd.woff2 was preloaded using link preload but not used within a few seconds from the window's load event. Please make sure it has an appropriate `as` value and it is preloaded intentionally. @ http://localhost:3001/en/dashboard:0
[ 3036315ms] [WARNING] The resource http://localhost:3001/_next/static/media/7ca057cce9853046-s.p.6a702554.woff2 was preloaded using link preload but not used within a few seconds from the window's load event. Please make sure it has an appropriate `as` value and it is preloaded intentionally. @ http://localhost:3001/en/dashboard:0
[ 3036316ms] [WARNING] The resource http://localhost:3001/_next/static/media/8e451580e5e95631-s.p.0e564e6e.woff2 was preloaded using link preload but not used within a few seconds from the window's load event. Please make sure it has an appropriate `as` value and it is preloaded intentionally. @ http://localhost:3001/en/dashboard:0
[ 3036316ms] [WARNING] The resource http://localhost:3001/_next/static/media/4b676bcffc00356a-s.p.c22aaca1.woff2 was preloaded using link preload but not used within a few seconds from the window's load event. Please make sure it has an appropriate `as` value and it is preloaded intentionally. @ http://localhost:3001/en/dashboard:0
[ 3036316ms] [WARNING] The resource http://localhost:3001/_next/static/media/47fe1b7cd6e6ed85-s.p.855a563b.woff2 was preloaded using link preload but not used within a few seconds from the window's load event. Please make sure it has an appropriate `as` value and it is preloaded intentionally. @ http://localhost:3001/en/dashboard:0
[ 3036316ms] [WARNING] The resource http://localhost:3001/_next/static/media/d54db18e8cd5f74f-s.p.0e8eb956.woff2 was preloaded using link preload but not used within a few seconds from the window's load event. Please make sure it has an appropriate `as` value and it is preloaded intentionally. @ http://localhost:3001/en/dashboard:0
[ 3036316ms] [WARNING] The resource http://localhost:3001/_next/static/media/48e6fa8a5baca31f-s.p.33d01b36.woff2 was preloaded using link preload but not used within a few seconds from the window's load event. Please make sure it has an appropriate `as` value and it is preloaded intentionally. @ http://localhost:3001/en/dashboard:0
[ 3036316ms] [WARNING] The resource http://localhost:3001/_next/static/media/8e6fa89aa22d24ec-s.p.3aec397d.woff2 was preloaded using link preload but not used within a few seconds from the window's load event. Please make sure it has an appropriate `as` value and it is preloaded intentionally. @ http://localhost:3001/en/dashboard:0
[ 3036316ms] [WARNING] The resource http://localhost:3001/_next/static/media/e2334d715941921e-s.p.d82a9aff.woff2 was preloaded using link preload but not used within a few seconds from the window's load event. Please make sure it has an appropriate `as` value and it is preloaded intentionally. @ http://localhost:3001/en/dashboard:0
[ 3036316ms] [WARNING] The resource http://localhost:3001/_next/static/media/8c701f89af1c2d08-s.p.8e889423.woff2 was preloaded using link preload but not used within a few seconds from the window's load event. Please make sure it has an appropriate `as` value and it is preloaded intentionally. @ http://localhost:3001/en/dashboard:0
[ 3036316ms] [WARNING] The resource http://localhost:3001/_next/static/media/f30fd2e485acf1bc-s.p.3d1b066d.woff2 was preloaded using link preload but not used within a few seconds from the window's load event. Please make sure it has an appropriate `as` value and it is preloaded intentionally. @ http://localhost:3001/en/dashboard:0
[ 3036316ms] [WARNING] The resource http://localhost:3001/_next/static/media/a218039a3287bcfd-s.p.4a23d71b.woff2 was preloaded using link preload but not used within a few seconds from the window's load event. Please make sure it has an appropriate `as` value and it is preloaded intentionally. @ http://localhost:3001/en/dashboard:0
[ 3048089ms] [WARNING] The resource http://localhost:3001/_next/static/media/345c85a432359eed-s.p.eead68dd.woff2 was preloaded using link preload but not used within a few seconds from the window's load event. Please make sure it has an appropriate `as` value and it is preloaded intentionally. @ http://localhost:3001/en/dashboard:0
[ 3048092ms] [WARNING] The resource http://localhost:3001/_next/static/media/7ca057cce9853046-s.p.6a702554.woff2 was preloaded using link preload but not used within a few seconds from the window's load event. Please make sure it has an appropriate `as` value and it is preloaded intentionally. @ http://localhost:3001/en/dashboard:0
[ 3048093ms] [WARNING] The resource http://localhost:3001/_next/static/media/8e451580e5e95631-s.p.0e564e6e.woff2 was preloaded using link preload but not used within a few seconds from the window's load event. Please make sure it has an appropriate `as` value and it is preloaded intentionally. @ http://localhost:3001/en/dashboard:0
[ 3048093ms] [WARNING] The resource http://localhost:3001/_next/static/media/4b676bcffc00356a-s.p.c22aaca1.woff2 was preloaded using link preload but not used within a few seconds from the window's load event. Please make sure it has an appropriate `as` value and it is preloaded intentionally. @ http://localhost:3001/en/dashboard:0
[ 3048093ms] [WARNING] The resource http://localhost:3001/_next/static/media/47fe1b7cd6e6ed85-s.p.855a563b.woff2 was preloaded using link preload but not used within a few seconds from the window's load event. Please make sure it has an appropriate `as` value and it is preloaded intentionally. @ http://localhost:3001/en/dashboard:0
[ 3048093ms] [WARNING] The resource http://localhost:3001/_next/static/media/d54db18e8cd5f74f-s.p.0e8eb956.woff2 was preloaded using link preload but not used within a few seconds from the window's load event. Please make sure it has an appropriate `as` value and it is preloaded intentionally. @ http://localhost:3001/en/dashboard:0
[ 3048093ms] [WARNING] The resource http://localhost:3001/_next/static/media/48e6fa8a5baca31f-s.p.33d01b36.woff2 was preloaded using link preload but not used within a few seconds from the window's load event. Please make sure it has an appropriate `as` value and it is preloaded intentionally. @ http://localhost:3001/en/dashboard:0
[ 3048093ms] [WARNING] The resource http://localhost:3001/_next/static/media/8e6fa89aa22d24ec-s.p.3aec397d.woff2 was preloaded using link preload but not used within a few seconds from the window's load event. Please make sure it has an appropriate `as` value and it is preloaded intentionally. @ http://localhost:3001/en/dashboard:0
[ 3048093ms] [WARNING] The resource http://localhost:3001/_next/static/media/e2334d715941921e-s.p.d82a9aff.woff2 was preloaded using link preload but not used within a few seconds from the window's load event. Please make sure it has an appropriate `as` value and it is preloaded intentionally. @ http://localhost:3001/en/dashboard:0
[ 3048094ms] [WARNING] The resource http://localhost:3001/_next/static/media/8c701f89af1c2d08-s.p.8e889423.woff2 was preloaded using link preload but not used within a few seconds from the window's load event. Please make sure it has an appropriate `as` value and it is preloaded intentionally. @ http://localhost:3001/en/dashboard:0
[ 3048094ms] [WARNING] The resource http://localhost:3001/_next/static/media/f30fd2e485acf1bc-s.p.3d1b066d.woff2 was preloaded using link preload but not used within a few seconds from the window's load event. Please make sure it has an appropriate `as` value and it is preloaded intentionally. @ http://localhost:3001/en/dashboard:0
[ 3048094ms] [WARNING] The resource http://localhost:3001/_next/static/media/a218039a3287bcfd-s.p.4a23d71b.woff2 was preloaded using link preload but not used within a few seconds from the window's load event. Please make sure it has an appropriate `as` value and it is preloaded intentionally. @ http://localhost:3001/en/dashboard:0
[ 3084038ms] [WARNING] The resource http://localhost:3001/_next/static/media/345c85a432359eed-s.p.eead68dd.woff2 was preloaded using link preload but not used within a few seconds from the window's load event. Please make sure it has an appropriate `as` value and it is preloaded intentionally. @ http://localhost:3001/en/dashboard:0
[ 3084042ms] [WARNING] The resource http://localhost:3001/_next/static/media/7ca057cce9853046-s.p.6a702554.woff2 was preloaded using link preload but not used within a few seconds from the window's load event. Please make sure it has an appropriate `as` value and it is preloaded intentionally. @ http://localhost:3001/en/dashboard:0
[ 3084042ms] [WARNING] The resource http://localhost:3001/_next/static/media/8e451580e5e95631-s.p.0e564e6e.woff2 was preloaded using link preload but not used within a few seconds from the window's load event. Please make sure it has an appropriate `as` value and it is preloaded intentionally. @ http://localhost:3001/en/dashboard:0
[ 3084042ms] [WARNING] The resource http://localhost:3001/_next/static/media/4b676bcffc00356a-s.p.c22aaca1.woff2 was preloaded using link preload but not used within a few seconds from the window's load event. Please make sure it has an appropriate `as` value and it is preloaded intentionally. @ http://localhost:3001/en/dashboard:0
[ 3084042ms] [WARNING] The resource http://localhost:3001/_next/static/media/47fe1b7cd6e6ed85-s.p.855a563b.woff2 was preloaded using link preload but not used within a few seconds from the window's load event. Please make sure it has an appropriate `as` value and it is preloaded intentionally. @ http://localhost:3001/en/dashboard:0
[ 3084042ms] [WARNING] The resource http://localhost:3001/_next/static/media/d54db18e8cd5f74f-s.p.0e8eb956.woff2 was preloaded using link preload but not used within a few seconds from the window's load event. Please make sure it has an appropriate `as` value and it is preloaded intentionally. @ http://localhost:3001/en/dashboard:0
[ 3084042ms] [WARNING] The resource http://localhost:3001/_next/static/media/48e6fa8a5baca31f-s.p.33d01b36.woff2 was preloaded using link preload but not used within a few seconds from the window's load event. Please make sure it has an appropriate `as` value and it is preloaded intentionally. @ http://localhost:3001/en/dashboard:0
[ 3084042ms] [WARNING] The resource http://localhost:3001/_next/static/media/8e6fa89aa22d24ec-s.p.3aec397d.woff2 was preloaded using link preload but not used within a few seconds from the window's load event. Please make sure it has an appropriate `as` value and it is preloaded intentionally. @ http://localhost:3001/en/dashboard:0
[ 3084042ms] [WARNING] The resource http://localhost:3001/_next/static/media/e2334d715941921e-s.p.d82a9aff.woff2 was preloaded using link preload but not used within a few seconds from the window's load event. Please make sure it has an appropriate `as` value and it is preloaded intentionally. @ http://localhost:3001/en/dashboard:0
[ 3084043ms] [WARNING] The resource http://localhost:3001/_next/static/media/8c701f89af1c2d08-s.p.8e889423.woff2 was preloaded using link preload but not used within a few seconds from the window's load event. Please make sure it has an appropriate `as` value and it is preloaded intentionally. @ http://localhost:3001/en/dashboard:0
[ 3084043ms] [WARNING] The resource http://localhost:3001/_next/static/media/f30fd2e485acf1bc-s.p.3d1b066d.woff2 was preloaded using link preload but not used within a few seconds from the window's load event. Please make sure it has an appropriate `as` value and it is preloaded intentionally. @ http://localhost:3001/en/dashboard:0
[ 3084043ms] [WARNING] The resource http://localhost:3001/_next/static/media/a218039a3287bcfd-s.p.4a23d71b.woff2 was preloaded using link preload but not used within a few seconds from the window's load event. Please make sure it has an appropriate `as` value and it is preloaded intentionally. @ http://localhost:3001/en/dashboard:0
[ 3106759ms] [LOG] [Fast Refresh] rebuilding @ http://localhost:3001/_next/static/chunks/f12ff_next_dist_95687940._.js:2302
[ 3106870ms] [LOG] [Fast Refresh] done in 217ms @ http://localhost:3001/_next/static/chunks/f12ff_next_dist_95687940._.js:2302
[ 3110092ms] [WARNING] The resource http://localhost:3001/_next/static/media/345c85a432359eed-s.p.eead68dd.woff2 was preloaded using link preload but not used within a few seconds from the window's load event. Please make sure it has an appropriate `as` value and it is preloaded intentionally. @ http://localhost:3001/en/dashboard:0
[ 3110093ms] [WARNING] The resource http://localhost:3001/_next/static/media/7ca057cce9853046-s.p.6a702554.woff2 was preloaded using link preload but not used within a few seconds from the window's load event. Please make sure it has an appropriate `as` value and it is preloaded intentionally. @ http://localhost:3001/en/dashboard:0
[ 3110093ms] [WARNING] The resource http://localhost:3001/_next/static/media/8e451580e5e95631-s.p.0e564e6e.woff2 was preloaded using link preload but not used within a few seconds from the window's load event. Please make sure it has an appropriate `as` value and it is preloaded intentionally. @ http://localhost:3001/en/dashboard:0
[ 3110093ms] [WARNING] The resource http://localhost:3001/_next/static/media/4b676bcffc00356a-s.p.c22aaca1.woff2 was preloaded using link preload but not used within a few seconds from the window's load event. Please make sure it has an appropriate `as` value and it is preloaded intentionally. @ http://localhost:3001/en/dashboard:0
[ 3110093ms] [WARNING] The resource http://localhost:3001/_next/static/media/47fe1b7cd6e6ed85-s.p.855a563b.woff2 was preloaded using link preload but not used within a few seconds from the window's load event. Please make sure it has an appropriate `as` value and it is preloaded intentionally. @ http://localhost:3001/en/dashboard:0
[ 3110093ms] [WARNING] The resource http://localhost:3001/_next/static/media/d54db18e8cd5f74f-s.p.0e8eb956.woff2 was preloaded using link preload but not used within a few seconds from the window's load event. Please make sure it has an appropriate `as` value and it is preloaded intentionally. @ http://localhost:3001/en/dashboard:0
[ 3110093ms] [WARNING] The resource http://localhost:3001/_next/static/media/48e6fa8a5baca31f-s.p.33d01b36.woff2 was preloaded using link preload but not used within a few seconds from the window's load event. Please make sure it has an appropriate `as` value and it is preloaded intentionally. @ http://localhost:3001/en/dashboard:0
[ 3110102ms] [WARNING] The resource http://localhost:3001/_next/static/media/8e6fa89aa22d24ec-s.p.3aec397d.woff2 was preloaded using link preload but not used within a few seconds from the window's load event. Please make sure it has an appropriate `as` value and it is preloaded intentionally. @ http://localhost:3001/en/dashboard:0
[ 3110102ms] [WARNING] The resource http://localhost:3001/_next/static/media/e2334d715941921e-s.p.d82a9aff.woff2 was preloaded using link preload but not used within a few seconds from the window's load event. Please make sure it has an appropriate `as` value and it is preloaded intentionally. @ http://localhost:3001/en/dashboard:0
[ 3110102ms] [WARNING] The resource http://localhost:3001/_next/static/media/8c701f89af1c2d08-s.p.8e889423.woff2 was preloaded using link preload but not used within a few seconds from the window's load event. Please make sure it has an appropriate `as` value and it is preloaded intentionally. @ http://localhost:3001/en/dashboard:0
[ 3110102ms] [WARNING] The resource http://localhost:3001/_next/static/media/f30fd2e485acf1bc-s.p.3d1b066d.woff2 was preloaded using link preload but not used within a few seconds from the window's load event. Please make sure it has an appropriate `as` value and it is preloaded intentionally. @ http://localhost:3001/en/dashboard:0
[ 3110103ms] [WARNING] The resource http://localhost:3001/_next/static/media/a218039a3287bcfd-s.p.4a23d71b.woff2 was preloaded using link preload but not used within a few seconds from the window's load event. Please make sure it has an appropriate `as` value and it is preloaded intentionally. @ http://localhost:3001/en/dashboard:0
[ 3130272ms] [WARNING] The resource http://localhost:3001/_next/static/media/345c85a432359eed-s.p.eead68dd.woff2 was preloaded using link preload but not used within a few seconds from the window's load event. Please make sure it has an appropriate `as` value and it is preloaded intentionally. @ http://localhost:3001/en/dashboard:0
[ 3130275ms] [WARNING] The resource http://localhost:3001/_next/static/media/7ca057cce9853046-s.p.6a702554.woff2 was preloaded using link preload but not used within a few seconds from the window's load event. Please make sure it has an appropriate `as` value and it is preloaded intentionally. @ http://localhost:3001/en/dashboard:0
[ 3130275ms] [WARNING] The resource http://localhost:3001/_next/static/media/8e451580e5e95631-s.p.0e564e6e.woff2 was preloaded using link preload but not used within a few seconds from the window's load event. Please make sure it has an appropriate `as` value and it is preloaded intentionally. @ http://localhost:3001/en/dashboard:0
[ 3130275ms] [WARNING] The resource http://localhost:3001/_next/static/media/4b676bcffc00356a-s.p.c22aaca1.woff2 was preloaded using link preload but not used within a few seconds from the window's load event. Please make sure it has an appropriate `as` value and it is preloaded intentionally. @ http://localhost:3001/en/dashboard:0
[ 3130276ms] [WARNING] The resource http://localhost:3001/_next/static/media/47fe1b7cd6e6ed85-s.p.855a563b.woff2 was preloaded using link preload but not used within a few seconds from the window's load event. Please make sure it has an appropriate `as` value and it is preloaded intentionally. @ http://localhost:3001/en/dashboard:0
[ 3130277ms] [WARNING] The resource http://localhost:3001/_next/static/media/d54db18e8cd5f74f-s.p.0e8eb956.woff2 was preloaded using link preload but not used within a few seconds from the window's load event. Please make sure it has an appropriate `as` value and it is preloaded intentionally. @ http://localhost:3001/en/dashboard:0
[ 3130277ms] [WARNING] The resource http://localhost:3001/_next/static/media/48e6fa8a5baca31f-s.p.33d01b36.woff2 was preloaded using link preload but not used within a few seconds from the window's load event. Please make sure it has an appropriate `as` value and it is preloaded intentionally. @ http://localhost:3001/en/dashboard:0
[ 3130277ms] [WARNING] The resource http://localhost:3001/_next/static/media/8e6fa89aa22d24ec-s.p.3aec397d.woff2 was preloaded using link preload but not used within a few seconds from the window's load event. Please make sure it has an appropriate `as` value and it is preloaded intentionally. @ http://localhost:3001/en/dashboard:0
[ 3130277ms] [WARNING] The resource http://localhost:3001/_next/static/media/e2334d715941921e-s.p.d82a9aff.woff2 was preloaded using link preload but not used within a few seconds from the window's load event. Please make sure it has an appropriate `as` value and it is preloaded intentionally. @ http://localhost:3001/en/dashboard:0
[ 3130277ms] [WARNING] The resource http://localhost:3001/_next/static/media/8c701f89af1c2d08-s.p.8e889423.woff2 was preloaded using link preload but not used within a few seconds from the window's load event. Please make sure it has an appropriate `as` value and it is preloaded intentionally. @ http://localhost:3001/en/dashboard:0
[ 3130277ms] [WARNING] The resource http://localhost:3001/_next/static/media/f30fd2e485acf1bc-s.p.3d1b066d.woff2 was preloaded using link preload but not used within a few seconds from the window's load event. Please make sure it has an appropriate `as` value and it is preloaded intentionally. @ http://localhost:3001/en/dashboard:0
[ 3130277ms] [WARNING] The resource http://localhost:3001/_next/static/media/a218039a3287bcfd-s.p.4a23d71b.woff2 was preloaded using link preload but not used within a few seconds from the window's load event. Please make sure it has an appropriate `as` value and it is preloaded intentionally. @ http://localhost:3001/en/dashboard:0
[ 3167427ms] [LOG] [Fast Refresh] rebuilding @ http://localhost:3001/_next/static/chunks/f12ff_next_dist_95687940._.js:2302
[ 3167467ms] [LOG] [Fast Refresh] done in 143ms @ http://localhost:3001/_next/static/chunks/f12ff_next_dist_95687940._.js:2302
[ 3170596ms] [WARNING] The resource http://localhost:3001/_next/static/media/345c85a432359eed-s.p.eead68dd.woff2 was preloaded using link preload but not used within a few seconds from the window's load event. Please make sure it has an appropriate `as` value and it is preloaded intentionally. @ http://localhost:3001/en/dashboard:0
[ 3170597ms] [WARNING] The resource http://localhost:3001/_next/static/media/7ca057cce9853046-s.p.6a702554.woff2 was preloaded using link preload but not used within a few seconds from the window's load event. Please make sure it has an appropriate `as` value and it is preloaded intentionally. @ http://localhost:3001/en/dashboard:0
[ 3170597ms] [WARNING] The resource http://localhost:3001/_next/static/media/8e451580e5e95631-s.p.0e564e6e.woff2 was preloaded using link preload but not used within a few seconds from the window's load event. Please make sure it has an appropriate `as` value and it is preloaded intentionally. @ http://localhost:3001/en/dashboard:0
[ 3170597ms] [WARNING] The resource http://localhost:3001/_next/static/media/4b676bcffc00356a-s.p.c22aaca1.woff2 was preloaded using link preload but not used within a few seconds from the window's load event. Please make sure it has an appropriate `as` value and it is preloaded intentionally. @ http://localhost:3001/en/dashboard:0
[ 3170597ms] [WARNING] The resource http://localhost:3001/_next/static/media/47fe1b7cd6e6ed85-s.p.855a563b.woff2 was preloaded using link preload but not used within a few seconds from the window's load event. Please make sure it has an appropriate `as` value and it is preloaded intentionally. @ http://localhost:3001/en/dashboard:0
[ 3170597ms] [WARNING] The resource http://localhost:3001/_next/static/media/d54db18e8cd5f74f-s.p.0e8eb956.woff2 was preloaded using link preload but not used within a few seconds from the window's load event. Please make sure it has an appropriate `as` value and it is preloaded intentionally. @ http://localhost:3001/en/dashboard:0
[ 3170597ms] [WARNING] The resource http://localhost:3001/_next/static/media/48e6fa8a5baca31f-s.p.33d01b36.woff2 was preloaded using link preload but not used within a few seconds from the window's load event. Please make sure it has an appropriate `as` value and it is preloaded intentionally. @ http://localhost:3001/en/dashboard:0
[ 3170597ms] [WARNING] The resource http://localhost:3001/_next/static/media/8e6fa89aa22d24ec-s.p.3aec397d.woff2 was preloaded using link preload but not used within a few seconds from the window's load event. Please make sure it has an appropriate `as` value and it is preloaded intentionally. @ http://localhost:3001/en/dashboard:0
[ 3170597ms] [WARNING] The resource http://localhost:3001/_next/static/media/e2334d715941921e-s.p.d82a9aff.woff2 was preloaded using link preload but not used within a few seconds from the window's load event. Please make sure it has an appropriate `as` value and it is preloaded intentionally. @ http://localhost:3001/en/dashboard:0
[ 3170597ms] [WARNING] The resource http://localhost:3001/_next/static/media/8c701f89af1c2d08-s.p.8e889423.woff2 was preloaded using link preload but not used within a few seconds from the window's load event. Please make sure it has an appropriate `as` value and it is preloaded intentionally. @ http://localhost:3001/en/dashboard:0
[ 3170597ms] [WARNING] The resource http://localhost:3001/_next/static/media/f30fd2e485acf1bc-s.p.3d1b066d.woff2 was preloaded using link preload but not used within a few seconds from the window's load event. Please make sure it has an appropriate `as` value and it is preloaded intentionally. @ http://localhost:3001/en/dashboard:0
[ 3170597ms] [WARNING] The resource http://localhost:3001/_next/static/media/a218039a3287bcfd-s.p.4a23d71b.woff2 was preloaded using link preload but not used within a few seconds from the window's load event. Please make sure it has an appropriate `as` value and it is preloaded intentionally. @ http://localhost:3001/en/dashboard:0
[ 3175989ms] [WARNING] The resource http://localhost:3001/_next/static/media/345c85a432359eed-s.p.eead68dd.woff2 was preloaded using link preload but not used within a few seconds from the window's load event. Please make sure it has an appropriate `as` value and it is preloaded intentionally. @ http://localhost:3001/en/dashboard:0
[ 3175990ms] [WARNING] The resource http://localhost:3001/_next/static/media/7ca057cce9853046-s.p.6a702554.woff2 was preloaded using link preload but not used within a few seconds from the window's load event. Please make sure it has an appropriate `as` value and it is preloaded intentionally. @ http://localhost:3001/en/dashboard:0
[ 3175990ms] [WARNING] The resource http://localhost:3001/_next/static/media/8e451580e5e95631-s.p.0e564e6e.woff2 was preloaded using link preload but not used within a few seconds from the window's load event. Please make sure it has an appropriate `as` value and it is preloaded intentionally. @ http://localhost:3001/en/dashboard:0
[ 3175990ms] [WARNING] The resource http://localhost:3001/_next/static/media/4b676bcffc00356a-s.p.c22aaca1.woff2 was preloaded using link preload but not used within a few seconds from the window's load event. Please make sure it has an appropriate `as` value and it is preloaded intentionally. @ http://localhost:3001/en/dashboard:0
[ 3175990ms] [WARNING] The resource http://localhost:3001/_next/static/media/47fe1b7cd6e6ed85-s.p.855a563b.woff2 was preloaded using link preload but not used within a few seconds from the window's load event. Please make sure it has an appropriate `as` value and it is preloaded intentionally. @ http://localhost:3001/en/dashboard:0
[ 3175990ms] [WARNING] The resource http://localhost:3001/_next/static/media/d54db18e8cd5f74f-s.p.0e8eb956.woff2 was preloaded using link preload but not used within a few seconds from the window's load event. Please make sure it has an appropriate `as` value and it is preloaded intentionally. @ http://localhost:3001/en/dashboard:0
[ 3175991ms] [WARNING] The resource http://localhost:3001/_next/static/media/48e6fa8a5baca31f-s.p.33d01b36.woff2 was preloaded using link preload but not used within a few seconds from the window's load event. Please make sure it has an appropriate `as` value and it is preloaded intentionally. @ http://localhost:3001/en/dashboard:0
[ 3175991ms] [WARNING] The resource http://localhost:3001/_next/static/media/8e6fa89aa22d24ec-s.p.3aec397d.woff2 was preloaded using link preload but not used within a few seconds from the window's load event. Please make sure it has an appropriate `as` value and it is preloaded intentionally. @ http://localhost:3001/en/dashboard:0
[ 3175991ms] [WARNING] The resource http://localhost:3001/_next/static/media/e2334d715941921e-s.p.d82a9aff.woff2 was preloaded using link preload but not used within a few seconds from the window's load event. Please make sure it has an appropriate `as` value and it is preloaded intentionally. @ http://localhost:3001/en/dashboard:0
[ 3175991ms] [WARNING] The resource http://localhost:3001/_next/static/media/8c701f89af1c2d08-s.p.8e889423.woff2 was preloaded using link preload but not used within a few seconds from the window's load event. Please make sure it has an appropriate `as` value and it is preloaded intentionally. @ http://localhost:3001/en/dashboard:0
[ 3175991ms] [WARNING] The resource http://localhost:3001/_next/static/media/f30fd2e485acf1bc-s.p.3d1b066d.woff2 was preloaded using link preload but not used within a few seconds from the window's load event. Please make sure it has an appropriate `as` value and it is preloaded intentionally. @ http://localhost:3001/en/dashboard:0
[ 3175991ms] [WARNING] The resource http://localhost:3001/_next/static/media/a218039a3287bcfd-s.p.4a23d71b.woff2 was preloaded using link preload but not used within a few seconds from the window's load event. Please make sure it has an appropriate `as` value and it is preloaded intentionally. @ http://localhost:3001/en/dashboard:0
[ 3221857ms] [WARNING] The resource http://localhost:3001/_next/static/media/345c85a432359eed-s.p.eead68dd.woff2 was preloaded using link preload but not used within a few seconds from the window's load event. Please make sure it has an appropriate `as` value and it is preloaded intentionally. @ http://localhost:3001/en/dashboard:0
[ 3221857ms] [WARNING] The resource http://localhost:3001/_next/static/media/7ca057cce9853046-s.p.6a702554.woff2 was preloaded using link preload but not used within a few seconds from the window's load event. Please make sure it has an appropriate `as` value and it is preloaded intentionally. @ http://localhost:3001/en/dashboard:0
[ 3221857ms] [WARNING] The resource http://localhost:3001/_next/static/media/8e451580e5e95631-s.p.0e564e6e.woff2 was preloaded using link preload but not used within a few seconds from the window's load event. Please make sure it has an appropriate `as` value and it is preloaded intentionally. @ http://localhost:3001/en/dashboard:0
[ 3221857ms] [WARNING] The resource http://localhost:3001/_next/static/media/4b676bcffc00356a-s.p.c22aaca1.woff2 was preloaded using link preload but not used within a few seconds from the window's load event. Please make sure it has an appropriate `as` value and it is preloaded intentionally. @ http://localhost:3001/en/dashboard:0
[ 3221858ms] [WARNING] The resource http://localhost:3001/_next/static/media/47fe1b7cd6e6ed85-s.p.855a563b.woff2 was preloaded using link preload but not used within a few seconds from the window's load event. Please make sure it has an appropriate `as` value and it is preloaded intentionally. @ http://localhost:3001/en/dashboard:0
[ 3221858ms] [WARNING] The resource http://localhost:3001/_next/static/media/d54db18e8cd5f74f-s.p.0e8eb956.woff2 was preloaded using link preload but not used within a few seconds from the window's load event. Please make sure it has an appropriate `as` value and it is preloaded intentionally. @ http://localhost:3001/en/dashboard:0
[ 3221858ms] [WARNING] The resource http://localhost:3001/_next/static/media/48e6fa8a5baca31f-s.p.33d01b36.woff2 was preloaded using link preload but not used within a few seconds from the window's load event. Please make sure it has an appropriate `as` value and it is preloaded intentionally. @ http://localhost:3001/en/dashboard:0
[ 3221858ms] [WARNING] The resource http://localhost:3001/_next/static/media/8e6fa89aa22d24ec-s.p.3aec397d.woff2 was preloaded using link preload but not used within a few seconds from the window's load event. Please make sure it has an appropriate `as` value and it is preloaded intentionally. @ http://localhost:3001/en/dashboard:0
[ 3221858ms] [WARNING] The resource http://localhost:3001/_next/static/media/e2334d715941921e-s.p.d82a9aff.woff2 was preloaded using link preload but not used within a few seconds from the window's load event. Please make sure it has an appropriate `as` value and it is preloaded intentionally. @ http://localhost:3001/en/dashboard:0
[ 3221858ms] [WARNING] The resource http://localhost:3001/_next/static/media/8c701f89af1c2d08-s.p.8e889423.woff2 was preloaded using link preload but not used within a few seconds from the window's load event. Please make sure it has an appropriate `as` value and it is preloaded intentionally. @ http://localhost:3001/en/dashboard:0
[ 3221858ms] [WARNING] The resource http://localhost:3001/_next/static/media/f30fd2e485acf1bc-s.p.3d1b066d.woff2 was preloaded using link preload but not used within a few seconds from the window's load event. Please make sure it has an appropriate `as` value and it is preloaded intentionally. @ http://localhost:3001/en/dashboard:0
[ 3221858ms] [WARNING] The resource http://localhost:3001/_next/static/media/a218039a3287bcfd-s.p.4a23d71b.woff2 was preloaded using link preload but not used within a few seconds from the window's load event. Please make sure it has an appropriate `as` value and it is preloaded intentionally. @ http://localhost:3001/en/dashboard:0
[ 3231586ms] [WARNING] The resource http://localhost:3001/_next/static/media/345c85a432359eed-s.p.eead68dd.woff2 was preloaded using link preload but not used within a few seconds from the window's load event. Please make sure it has an appropriate `as` value and it is preloaded intentionally. @ http://localhost:3001/en/dashboard:0
[ 3231587ms] [WARNING] The resource http://localhost:3001/_next/static/media/7ca057cce9853046-s.p.6a702554.woff2 was preloaded using link preload but not used within a few seconds from the window's load event. Please make sure it has an appropriate `as` value and it is preloaded intentionally. @ http://localhost:3001/en/dashboard:0
[ 3231587ms] [WARNING] The resource http://localhost:3001/_next/static/media/8e451580e5e95631-s.p.0e564e6e.woff2 was preloaded using link preload but not used within a few seconds from the window's load event. Please make sure it has an appropriate `as` value and it is preloaded intentionally. @ http://localhost:3001/en/dashboard:0
[ 3231587ms] [WARNING] The resource http://localhost:3001/_next/static/media/4b676bcffc00356a-s.p.c22aaca1.woff2 was preloaded using link preload but not used within a few seconds from the window's load event. Please make sure it has an appropriate `as` value and it is preloaded intentionally. @ http://localhost:3001/en/dashboard:0
[ 3231588ms] [WARNING] The resource http://localhost:3001/_next/static/media/47fe1b7cd6e6ed85-s.p.855a563b.woff2 was preloaded using link preload but not used within a few seconds from the window's load event. Please make sure it has an appropriate `as` value and it is preloaded intentionally. @ http://localhost:3001/en/dashboard:0
[ 3231588ms] [WARNING] The resource http://localhost:3001/_next/static/media/d54db18e8cd5f74f-s.p.0e8eb956.woff2 was preloaded using link preload but not used within a few seconds from the window's load event. Please make sure it has an appropriate `as` value and it is preloaded intentionally. @ http://localhost:3001/en/dashboard:0
[ 3231588ms] [WARNING] The resource http://localhost:3001/_next/static/media/48e6fa8a5baca31f-s.p.33d01b36.woff2 was preloaded using link preload but not used within a few seconds from the window's load event. Please make sure it has an appropriate `as` value and it is preloaded intentionally. @ http://localhost:3001/en/dashboard:0
[ 3231588ms] [WARNING] The resource http://localhost:3001/_next/static/media/8e6fa89aa22d24ec-s.p.3aec397d.woff2 was preloaded using link preload but not used within a few seconds from the window's load event. Please make sure it has an appropriate `as` value and it is preloaded intentionally. @ http://localhost:3001/en/dashboard:0
[ 3231588ms] [WARNING] The resource http://localhost:3001/_next/static/media/e2334d715941921e-s.p.d82a9aff.woff2 was preloaded using link preload but not used within a few seconds from the window's load event. Please make sure it has an appropriate `as` value and it is preloaded intentionally. @ http://localhost:3001/en/dashboard:0
[ 3231588ms] [WARNING] The resource http://localhost:3001/_next/static/media/8c701f89af1c2d08-s.p.8e889423.woff2 was preloaded using link preload but not used within a few seconds from the window's load event. Please make sure it has an appropriate `as` value and it is preloaded intentionally. @ http://localhost:3001/en/dashboard:0
[ 3231588ms] [WARNING] The resource http://localhost:3001/_next/static/media/f30fd2e485acf1bc-s.p.3d1b066d.woff2 was preloaded using link preload but not used within a few seconds from the window's load event. Please make sure it has an appropriate `as` value and it is preloaded intentionally. @ http://localhost:3001/en/dashboard:0
[ 3231588ms] [WARNING] The resource http://localhost:3001/_next/static/media/a218039a3287bcfd-s.p.4a23d71b.woff2 was preloaded using link preload but not used within a few seconds from the window's load event. Please make sure it has an appropriate `as` value and it is preloaded intentionally. @ http://localhost:3001/en/dashboard:0
[ 3273630ms] [WARNING] The resource http://localhost:3001/_next/static/media/345c85a432359eed-s.p.eead68dd.woff2 was preloaded using link preload but not used within a few seconds from the window's load event. Please make sure it has an appropriate `as` value and it is preloaded intentionally. @ http://localhost:3001/en/dashboard:0
[ 3273630ms] [WARNING] The resource http://localhost:3001/_next/static/media/7ca057cce9853046-s.p.6a702554.woff2 was preloaded using link preload but not used within a few seconds from the window's load event. Please make sure it has an appropriate `as` value and it is preloaded intentionally. @ http://localhost:3001/en/dashboard:0
[ 3273630ms] [WARNING] The resource http://localhost:3001/_next/static/media/8e451580e5e95631-s.p.0e564e6e.woff2 was preloaded using link preload but not used within a few seconds from the window's load event. Please make sure it has an appropriate `as` value and it is preloaded intentionally. @ http://localhost:3001/en/dashboard:0
[ 3273630ms] [WARNING] The resource http://localhost:3001/_next/static/media/4b676bcffc00356a-s.p.c22aaca1.woff2 was preloaded using link preload but not used within a few seconds from the window's load event. Please make sure it has an appropriate `as` value and it is preloaded intentionally. @ http://localhost:3001/en/dashboard:0
[ 3273630ms] [WARNING] The resource http://localhost:3001/_next/static/media/47fe1b7cd6e6ed85-s.p.855a563b.woff2 was preloaded using link preload but not used within a few seconds from the window's load event. Please make sure it has an appropriate `as` value and it is preloaded intentionally. @ http://localhost:3001/en/dashboard:0
[ 3273630ms] [WARNING] The resource http://localhost:3001/_next/static/media/d54db18e8cd5f74f-s.p.0e8eb956.woff2 was preloaded using link preload but not used within a few seconds from the window's load event. Please make sure it has an appropriate `as` value and it is preloaded intentionally. @ http://localhost:3001/en/dashboard:0
[ 3273630ms] [WARNING] The resource http://localhost:3001/_next/static/media/48e6fa8a5baca31f-s.p.33d01b36.woff2 was preloaded using link preload but not used within a few seconds from the window's load event. Please make sure it has an appropriate `as` value and it is preloaded intentionally. @ http://localhost:3001/en/dashboard:0
[ 3273630ms] [WARNING] The resource http://localhost:3001/_next/static/media/8e6fa89aa22d24ec-s.p.3aec397d.woff2 was preloaded using link preload but not used within a few seconds from the window's load event. Please make sure it has an appropriate `as` value and it is preloaded intentionally. @ http://localhost:3001/en/dashboard:0
[ 3273630ms] [WARNING] The resource http://localhost:3001/_next/static/media/e2334d715941921e-s.p.d82a9aff.woff2 was preloaded using link preload but not used within a few seconds from the window's load event. Please make sure it has an appropriate `as` value and it is preloaded intentionally. @ http://localhost:3001/en/dashboard:0
[ 3273630ms] [WARNING] The resource http://localhost:3001/_next/static/media/8c701f89af1c2d08-s.p.8e889423.woff2 was preloaded using link preload but not used within a few seconds from the window's load event. Please make sure it has an appropriate `as` value and it is preloaded intentionally. @ http://localhost:3001/en/dashboard:0
[ 3273630ms] [WARNING] The resource http://localhost:3001/_next/static/media/f30fd2e485acf1bc-s.p.3d1b066d.woff2 was preloaded using link preload but not used within a few seconds from the window's load event. Please make sure it has an appropriate `as` value and it is preloaded intentionally. @ http://localhost:3001/en/dashboard:0
[ 3273631ms] [WARNING] The resource http://localhost:3001/_next/static/media/a218039a3287bcfd-s.p.4a23d71b.woff2 was preloaded using link preload but not used within a few seconds from the window's load event. Please make sure it has an appropriate `as` value and it is preloaded intentionally. @ http://localhost:3001/en/dashboard:0
[ 3289028ms] [LOG] [Fast Refresh] rebuilding @ http://localhost:3001/_next/static/chunks/f12ff_next_dist_95687940._.js:2302
[ 3289369ms] [LOG] [Fast Refresh] done in 443ms @ http://localhost:3001/_next/static/chunks/f12ff_next_dist_95687940._.js:2302
[ 3292448ms] [WARNING] The resource http://localhost:3001/_next/static/media/345c85a432359eed-s.p.eead68dd.woff2 was preloaded using link preload but not used within a few seconds from the window's load event. Please make sure it has an appropriate `as` value and it is preloaded intentionally. @ http://localhost:3001/en/dashboard:0
[ 3292448ms] [WARNING] The resource http://localhost:3001/_next/static/media/7ca057cce9853046-s.p.6a702554.woff2 was preloaded using link preload but not used within a few seconds from the window's load event. Please make sure it has an appropriate `as` value and it is preloaded intentionally. @ http://localhost:3001/en/dashboard:0
[ 3292448ms] [WARNING] The resource http://localhost:3001/_next/static/media/8e451580e5e95631-s.p.0e564e6e.woff2 was preloaded using link preload but not used within a few seconds from the window's load event. Please make sure it has an appropriate `as` value and it is preloaded intentionally. @ http://localhost:3001/en/dashboard:0
[ 3292448ms] [WARNING] The resource http://localhost:3001/_next/static/media/4b676bcffc00356a-s.p.c22aaca1.woff2 was preloaded using link preload but not used within a few seconds from the window's load event. Please make sure it has an appropriate `as` value and it is preloaded intentionally. @ http://localhost:3001/en/dashboard:0
[ 3292449ms] [WARNING] The resource http://localhost:3001/_next/static/media/47fe1b7cd6e6ed85-s.p.855a563b.woff2 was preloaded using link preload but not used within a few seconds from the window's load event. Please make sure it has an appropriate `as` value and it is preloaded intentionally. @ http://localhost:3001/en/dashboard:0
[ 3292449ms] [WARNING] The resource http://localhost:3001/_next/static/media/d54db18e8cd5f74f-s.p.0e8eb956.woff2 was preloaded using link preload but not used within a few seconds from the window's load event. Please make sure it has an appropriate `as` value and it is preloaded intentionally. @ http://localhost:3001/en/dashboard:0
[ 3292449ms] [WARNING] The resource http://localhost:3001/_next/static/media/48e6fa8a5baca31f-s.p.33d01b36.woff2 was preloaded using link preload but not used within a few seconds from the window's load event. Please make sure it has an appropriate `as` value and it is preloaded intentionally. @ http://localhost:3001/en/dashboard:0
[ 3292449ms] [WARNING] The resource http://localhost:3001/_next/static/media/8e6fa89aa22d24ec-s.p.3aec397d.woff2 was preloaded using link preload but not used within a few seconds from the window's load event. Please make sure it has an appropriate `as` value and it is preloaded intentionally. @ http://localhost:3001/en/dashboard:0
[ 3292449ms] [WARNING] The resource http://localhost:3001/_next/static/media/e2334d715941921e-s.p.d82a9aff.woff2 was preloaded using link preload but not used within a few seconds from the window's load event. Please make sure it has an appropriate `as` value and it is preloaded intentionally. @ http://localhost:3001/en/dashboard:0
[ 3292449ms] [WARNING] The resource http://localhost:3001/_next/static/media/8c701f89af1c2d08-s.p.8e889423.woff2 was preloaded using link preload but not used within a few seconds from the window's load event. Please make sure it has an appropriate `as` value and it is preloaded intentionally. @ http://localhost:3001/en/dashboard:0
[ 3292449ms] [WARNING] The resource http://localhost:3001/_next/static/media/f30fd2e485acf1bc-s.p.3d1b066d.woff2 was preloaded using link preload but not used within a few seconds from the window's load event. Please make sure it has an appropriate `as` value and it is preloaded intentionally. @ http://localhost:3001/en/dashboard:0
[ 3292449ms] [WARNING] The resource http://localhost:3001/_next/static/media/a218039a3287bcfd-s.p.4a23d71b.woff2 was preloaded using link preload but not used within a few seconds from the window's load event. Please make sure it has an appropriate `as` value and it is preloaded intentionally. @ http://localhost:3001/en/dashboard:0
[ 3319172ms] [WARNING] The resource http://localhost:3001/_next/static/media/345c85a432359eed-s.p.eead68dd.woff2 was preloaded using link preload but not used within a few seconds from the window's load event. Please make sure it has an appropriate `as` value and it is preloaded intentionally. @ http://localhost:3001/en/dashboard:0
[ 3319172ms] [WARNING] The resource http://localhost:3001/_next/static/media/7ca057cce9853046-s.p.6a702554.woff2 was preloaded using link preload but not used within a few seconds from the window's load event. Please make sure it has an appropriate `as` value and it is preloaded intentionally. @ http://localhost:3001/en/dashboard:0
[ 3319172ms] [WARNING] The resource http://localhost:3001/_next/static/media/8e451580e5e95631-s.p.0e564e6e.woff2 was preloaded using link preload but not used within a few seconds from the window's load event. Please make sure it has an appropriate `as` value and it is preloaded intentionally. @ http://localhost:3001/en/dashboard:0
[ 3319173ms] [WARNING] The resource http://localhost:3001/_next/static/media/4b676bcffc00356a-s.p.c22aaca1.woff2 was preloaded using link preload but not used within a few seconds from the window's load event. Please make sure it has an appropriate `as` value and it is preloaded intentionally. @ http://localhost:3001/en/dashboard:0
[ 3319173ms] [WARNING] The resource http://localhost:3001/_next/static/media/47fe1b7cd6e6ed85-s.p.855a563b.woff2 was preloaded using link preload but not used within a few seconds from the window's load event. Please make sure it has an appropriate `as` value and it is preloaded intentionally. @ http://localhost:3001/en/dashboard:0
[ 3319173ms] [WARNING] The resource http://localhost:3001/_next/static/media/d54db18e8cd5f74f-s.p.0e8eb956.woff2 was preloaded using link preload but not used within a few seconds from the window's load event. Please make sure it has an appropriate `as` value and it is preloaded intentionally. @ http://localhost:3001/en/dashboard:0
[ 3319173ms] [WARNING] The resource http://localhost:3001/_next/static/media/48e6fa8a5baca31f-s.p.33d01b36.woff2 was preloaded using link preload but not used within a few seconds from the window's load event. Please make sure it has an appropriate `as` value and it is preloaded intentionally. @ http://localhost:3001/en/dashboard:0
[ 3319173ms] [WARNING] The resource http://localhost:3001/_next/static/media/8e6fa89aa22d24ec-s.p.3aec397d.woff2 was preloaded using link preload but not used within a few seconds from the window's load event. Please make sure it has an appropriate `as` value and it is preloaded intentionally. @ http://localhost:3001/en/dashboard:0
[ 3319173ms] [WARNING] The resource http://localhost:3001/_next/static/media/e2334d715941921e-s.p.d82a9aff.woff2 was preloaded using link preload but not used within a few seconds from the window's load event. Please make sure it has an appropriate `as` value and it is preloaded intentionally. @ http://localhost:3001/en/dashboard:0
[ 3319173ms] [WARNING] The resource http://localhost:3001/_next/static/media/8c701f89af1c2d08-s.p.8e889423.woff2 was preloaded using link preload but not used within a few seconds from the window's load event. Please make sure it has an appropriate `as` value and it is preloaded intentionally. @ http://localhost:3001/en/dashboard:0
[ 3319173ms] [WARNING] The resource http://localhost:3001/_next/static/media/f30fd2e485acf1bc-s.p.3d1b066d.woff2 was preloaded using link preload but not used within a few seconds from the window's load event. Please make sure it has an appropriate `as` value and it is preloaded intentionally. @ http://localhost:3001/en/dashboard:0
[ 3319173ms] [WARNING] The resource http://localhost:3001/_next/static/media/a218039a3287bcfd-s.p.4a23d71b.woff2 was preloaded using link preload but not used within a few seconds from the window's load event. Please make sure it has an appropriate `as` value and it is preloaded intentionally. @ http://localhost:3001/en/dashboard:0
[ 3353103ms] [WARNING] The resource http://localhost:3001/_next/static/media/345c85a432359eed-s.p.eead68dd.woff2 was preloaded using link preload but not used within a few seconds from the window's load event. Please make sure it has an appropriate `as` value and it is preloaded intentionally. @ http://localhost:3001/en/dashboard:0
[ 3353103ms] [WARNING] The resource http://localhost:3001/_next/static/media/7ca057cce9853046-s.p.6a702554.woff2 was preloaded using link preload but not used within a few seconds from the window's load event. Please make sure it has an appropriate `as` value and it is preloaded intentionally. @ http://localhost:3001/en/dashboard:0
[ 3353103ms] [WARNING] The resource http://localhost:3001/_next/static/media/8e451580e5e95631-s.p.0e564e6e.woff2 was preloaded using link preload but not used within a few seconds from the window's load event. Please make sure it has an appropriate `as` value and it is preloaded intentionally. @ http://localhost:3001/en/dashboard:0
[ 3353103ms] [WARNING] The resource http://localhost:3001/_next/static/media/4b676bcffc00356a-s.p.c22aaca1.woff2 was preloaded using link preload but not used within a few seconds from the window's load event. Please make sure it has an appropriate `as` value and it is preloaded intentionally. @ http://localhost:3001/en/dashboard:0
[ 3353103ms] [WARNING] The resource http://localhost:3001/_next/static/media/47fe1b7cd6e6ed85-s.p.855a563b.woff2 was preloaded using link preload but not used within a few seconds from the window's load event. Please make sure it has an appropriate `as` value and it is preloaded intentionally. @ http://localhost:3001/en/dashboard:0
[ 3353103ms] [WARNING] The resource http://localhost:3001/_next/static/media/d54db18e8cd5f74f-s.p.0e8eb956.woff2 was preloaded using link preload but not used within a few seconds from the window's load event. Please make sure it has an appropriate `as` value and it is preloaded intentionally. @ http://localhost:3001/en/dashboard:0
[ 3353103ms] [WARNING] The resource http://localhost:3001/_next/static/media/48e6fa8a5baca31f-s.p.33d01b36.woff2 was preloaded using link preload but not used within a few seconds from the window's load event. Please make sure it has an appropriate `as` value and it is preloaded intentionally. @ http://localhost:3001/en/dashboard:0
[ 3353103ms] [WARNING] The resource http://localhost:3001/_next/static/media/8e6fa89aa22d24ec-s.p.3aec397d.woff2 was preloaded using link preload but not used within a few seconds from the window's load event. Please make sure it has an appropriate `as` value and it is preloaded intentionally. @ http://localhost:3001/en/dashboard:0
[ 3353103ms] [WARNING] The resource http://localhost:3001/_next/static/media/e2334d715941921e-s.p.d82a9aff.woff2 was preloaded using link preload but not used within a few seconds from the window's load event. Please make sure it has an appropriate `as` value and it is preloaded intentionally. @ http://localhost:3001/en/dashboard:0
[ 3353103ms] [WARNING] The resource http://localhost:3001/_next/static/media/8c701f89af1c2d08-s.p.8e889423.woff2 was preloaded using link preload but not used within a few seconds from the window's load event. Please make sure it has an appropriate `as` value and it is preloaded intentionally. @ http://localhost:3001/en/dashboard:0
[ 3353103ms] [WARNING] The resource http://localhost:3001/_next/static/media/f30fd2e485acf1bc-s.p.3d1b066d.woff2 was preloaded using link preload but not used within a few seconds from the window's load event. Please make sure it has an appropriate `as` value and it is preloaded intentionally. @ http://localhost:3001/en/dashboard:0
[ 3353103ms] [WARNING] The resource http://localhost:3001/_next/static/media/a218039a3287bcfd-s.p.4a23d71b.woff2 was preloaded using link preload but not used within a few seconds from the window's load event. Please make sure it has an appropriate `as` value and it is preloaded intentionally. @ http://localhost:3001/en/dashboard:0
[ 3364970ms] [WARNING] The resource http://localhost:3001/_next/static/media/345c85a432359eed-s.p.eead68dd.woff2 was preloaded using link preload but not used within a few seconds from the window's load event. Please make sure it has an appropriate `as` value and it is preloaded intentionally. @ http://localhost:3001/en/dashboard:0
[ 3364970ms] [WARNING] The resource http://localhost:3001/_next/static/media/7ca057cce9853046-s.p.6a702554.woff2 was preloaded using link preload but not used within a few seconds from the window's load event. Please make sure it has an appropriate `as` value and it is preloaded intentionally. @ http://localhost:3001/en/dashboard:0
[ 3364970ms] [WARNING] The resource http://localhost:3001/_next/static/media/8e451580e5e95631-s.p.0e564e6e.woff2 was preloaded using link preload but not used within a few seconds from the window's load event. Please make sure it has an appropriate `as` value and it is preloaded intentionally. @ http://localhost:3001/en/dashboard:0
[ 3364970ms] [WARNING] The resource http://localhost:3001/_next/static/media/4b676bcffc00356a-s.p.c22aaca1.woff2 was preloaded using link preload but not used within a few seconds from the window's load event. Please make sure it has an appropriate `as` value and it is preloaded intentionally. @ http://localhost:3001/en/dashboard:0
[ 3364970ms] [WARNING] The resource http://localhost:3001/_next/static/media/47fe1b7cd6e6ed85-s.p.855a563b.woff2 was preloaded using link preload but not used within a few seconds from the window's load event. Please make sure it has an appropriate `as` value and it is preloaded intentionally. @ http://localhost:3001/en/dashboard:0
[ 3364970ms] [WARNING] The resource http://localhost:3001/_next/static/media/d54db18e8cd5f74f-s.p.0e8eb956.woff2 was preloaded using link preload but not used within a few seconds from the window's load event. Please make sure it has an appropriate `as` value and it is preloaded intentionally. @ http://localhost:3001/en/dashboard:0
[ 3364970ms] [WARNING] The resource http://localhost:3001/_next/static/media/48e6fa8a5baca31f-s.p.33d01b36.woff2 was preloaded using link preload but not used within a few seconds from the window's load event. Please make sure it has an appropriate `as` value and it is preloaded intentionally. @ http://localhost:3001/en/dashboard:0
[ 3364970ms] [WARNING] The resource http://localhost:3001/_next/static/media/8e6fa89aa22d24ec-s.p.3aec397d.woff2 was preloaded using link preload but not used within a few seconds from the window's load event. Please make sure it has an appropriate `as` value and it is preloaded intentionally. @ http://localhost:3001/en/dashboard:0
[ 3364970ms] [WARNING] The resource http://localhost:3001/_next/static/media/e2334d715941921e-s.p.d82a9aff.woff2 was preloaded using link preload but not used within a few seconds from the window's load event. Please make sure it has an appropriate `as` value and it is preloaded intentionally. @ http://localhost:3001/en/dashboard:0
[ 3364970ms] [WARNING] The resource http://localhost:3001/_next/static/media/8c701f89af1c2d08-s.p.8e889423.woff2 was preloaded using link preload but not used within a few seconds from the window's load event. Please make sure it has an appropriate `as` value and it is preloaded intentionally. @ http://localhost:3001/en/dashboard:0
[ 3364970ms] [WARNING] The resource http://localhost:3001/_next/static/media/f30fd2e485acf1bc-s.p.3d1b066d.woff2 was preloaded using link preload but not used within a few seconds from the window's load event. Please make sure it has an appropriate `as` value and it is preloaded intentionally. @ http://localhost:3001/en/dashboard:0
[ 3364970ms] [WARNING] The resource http://localhost:3001/_next/static/media/a218039a3287bcfd-s.p.4a23d71b.woff2 was preloaded using link preload but not used within a few seconds from the window's load event. Please make sure it has an appropriate `as` value and it is preloaded intentionally. @ http://localhost:3001/en/dashboard:0
[ 3414069ms] [WARNING] The resource http://localhost:3001/_next/static/media/345c85a432359eed-s.p.eead68dd.woff2 was preloaded using link preload but not used within a few seconds from the window's load event. Please make sure it has an appropriate `as` value and it is preloaded intentionally. @ http://localhost:3001/en/dashboard:0
[ 3414069ms] [WARNING] The resource http://localhost:3001/_next/static/media/7ca057cce9853046-s.p.6a702554.woff2 was preloaded using link preload but not used within a few seconds from the window's load event. Please make sure it has an appropriate `as` value and it is preloaded intentionally. @ http://localhost:3001/en/dashboard:0
[ 3414069ms] [WARNING] The resource http://localhost:3001/_next/static/media/8e451580e5e95631-s.p.0e564e6e.woff2 was preloaded using link preload but not used within a few seconds from the window's load event. Please make sure it has an appropriate `as` value and it is preloaded intentionally. @ http://localhost:3001/en/dashboard:0
[ 3414069ms] [WARNING] The resource http://localhost:3001/_next/static/media/4b676bcffc00356a-s.p.c22aaca1.woff2 was preloaded using link preload but not used within a few seconds from the window's load event. Please make sure it has an appropriate `as` value and it is preloaded intentionally. @ http://localhost:3001/en/dashboard:0
[ 3414069ms] [WARNING] The resource http://localhost:3001/_next/static/media/47fe1b7cd6e6ed85-s.p.855a563b.woff2 was preloaded using link preload but not used within a few seconds from the window's load event. Please make sure it has an appropriate `as` value and it is preloaded intentionally. @ http://localhost:3001/en/dashboard:0
[ 3414069ms] [WARNING] The resource http://localhost:3001/_next/static/media/d54db18e8cd5f74f-s.p.0e8eb956.woff2 was preloaded using link preload but not used within a few seconds from the window's load event. Please make sure it has an appropriate `as` value and it is preloaded intentionally. @ http://localhost:3001/en/dashboard:0
[ 3414070ms] [WARNING] The resource http://localhost:3001/_next/static/media/48e6fa8a5baca31f-s.p.33d01b36.woff2 was preloaded using link preload but not used within a few seconds from the window's load event. Please make sure it has an appropriate `as` value and it is preloaded intentionally. @ http://localhost:3001/en/dashboard:0
[ 3414070ms] [WARNING] The resource http://localhost:3001/_next/static/media/8e6fa89aa22d24ec-s.p.3aec397d.woff2 was preloaded using link preload but not used within a few seconds from the window's load event. Please make sure it has an appropriate `as` value and it is preloaded intentionally. @ http://localhost:3001/en/dashboard:0
[ 3414070ms] [WARNING] The resource http://localhost:3001/_next/static/media/e2334d715941921e-s.p.d82a9aff.woff2 was preloaded using link preload but not used within a few seconds from the window's load event. Please make sure it has an appropriate `as` value and it is preloaded intentionally. @ http://localhost:3001/en/dashboard:0
[ 3414070ms] [WARNING] The resource http://localhost:3001/_next/static/media/8c701f89af1c2d08-s.p.8e889423.woff2 was preloaded using link preload but not used within a few seconds from the window's load event. Please make sure it has an appropriate `as` value and it is preloaded intentionally. @ http://localhost:3001/en/dashboard:0
[ 3414070ms] [WARNING] The resource http://localhost:3001/_next/static/media/f30fd2e485acf1bc-s.p.3d1b066d.woff2 was preloaded using link preload but not used within a few seconds from the window's load event. Please make sure it has an appropriate `as` value and it is preloaded intentionally. @ http://localhost:3001/en/dashboard:0
[ 3414070ms] [WARNING] The resource http://localhost:3001/_next/static/media/a218039a3287bcfd-s.p.4a23d71b.woff2 was preloaded using link preload but not used within a few seconds from the window's load event. Please make sure it has an appropriate `as` value and it is preloaded intentionally. @ http://localhost:3001/en/dashboard:0
[ 3457316ms] [WARNING] The resource http://localhost:3001/_next/static/media/345c85a432359eed-s.p.eead68dd.woff2 was preloaded using link preload but not used within a few seconds from the window's load event. Please make sure it has an appropriate `as` value and it is preloaded intentionally. @ http://localhost:3001/en/dashboard:0
[ 3457316ms] [WARNING] The resource http://localhost:3001/_next/static/media/7ca057cce9853046-s.p.6a702554.woff2 was preloaded using link preload but not used within a few seconds from the window's load event. Please make sure it has an appropriate `as` value and it is preloaded intentionally. @ http://localhost:3001/en/dashboard:0
[ 3457316ms] [WARNING] The resource http://localhost:3001/_next/static/media/8e451580e5e95631-s.p.0e564e6e.woff2 was preloaded using link preload but not used within a few seconds from the window's load event. Please make sure it has an appropriate `as` value and it is preloaded intentionally. @ http://localhost:3001/en/dashboard:0
[ 3457317ms] [WARNING] The resource http://localhost:3001/_next/static/media/4b676bcffc00356a-s.p.c22aaca1.woff2 was preloaded using link preload but not used within a few seconds from the window's load event. Please make sure it has an appropriate `as` value and it is preloaded intentionally. @ http://localhost:3001/en/dashboard:0
[ 3457317ms] [WARNING] The resource http://localhost:3001/_next/static/media/47fe1b7cd6e6ed85-s.p.855a563b.woff2 was preloaded using link preload but not used within a few seconds from the window's load event. Please make sure it has an appropriate `as` value and it is preloaded intentionally. @ http://localhost:3001/en/dashboard:0
[ 3457317ms] [WARNING] The resource http://localhost:3001/_next/static/media/d54db18e8cd5f74f-s.p.0e8eb956.woff2 was preloaded using link preload but not used within a few seconds from the window's load event. Please make sure it has an appropriate `as` value and it is preloaded intentionally. @ http://localhost:3001/en/dashboard:0
[ 3457317ms] [WARNING] The resource http://localhost:3001/_next/static/media/48e6fa8a5baca31f-s.p.33d01b36.woff2 was preloaded using link preload but not used within a few seconds from the window's load event. Please make sure it has an appropriate `as` value and it is preloaded intentionally. @ http://localhost:3001/en/dashboard:0
[ 3457317ms] [WARNING] The resource http://localhost:3001/_next/static/media/8e6fa89aa22d24ec-s.p.3aec397d.woff2 was preloaded using link preload but not used within a few seconds from the window's load event. Please make sure it has an appropriate `as` value and it is preloaded intentionally. @ http://localhost:3001/en/dashboard:0
[ 3457317ms] [WARNING] The resource http://localhost:3001/_next/static/media/e2334d715941921e-s.p.d82a9aff.woff2 was preloaded using link preload but not used within a few seconds from the window's load event. Please make sure it has an appropriate `as` value and it is preloaded intentionally. @ http://localhost:3001/en/dashboard:0
[ 3457317ms] [WARNING] The resource http://localhost:3001/_next/static/media/8c701f89af1c2d08-s.p.8e889423.woff2 was preloaded using link preload but not used within a few seconds from the window's load event. Please make sure it has an appropriate `as` value and it is preloaded intentionally. @ http://localhost:3001/en/dashboard:0
[ 3457317ms] [WARNING] The resource http://localhost:3001/_next/static/media/f30fd2e485acf1bc-s.p.3d1b066d.woff2 was preloaded using link preload but not used within a few seconds from the window's load event. Please make sure it has an appropriate `as` value and it is preloaded intentionally. @ http://localhost:3001/en/dashboard:0
[ 3457317ms] [WARNING] The resource http://localhost:3001/_next/static/media/a218039a3287bcfd-s.p.4a23d71b.woff2 was preloaded using link preload but not used within a few seconds from the window's load event. Please make sure it has an appropriate `as` value and it is preloaded intentionally. @ http://localhost:3001/en/dashboard:0
[ 3475594ms] [WARNING] The resource http://localhost:3001/_next/static/media/345c85a432359eed-s.p.eead68dd.woff2 was preloaded using link preload but not used within a few seconds from the window's load event. Please make sure it has an appropriate `as` value and it is preloaded intentionally. @ http://localhost:3001/en/dashboard:0
[ 3475596ms] [WARNING] The resource http://localhost:3001/_next/static/media/7ca057cce9853046-s.p.6a702554.woff2 was preloaded using link preload but not used within a few seconds from the window's load event. Please make sure it has an appropriate `as` value and it is preloaded intentionally. @ http://localhost:3001/en/dashboard:0
[ 3475596ms] [WARNING] The resource http://localhost:3001/_next/static/media/8e451580e5e95631-s.p.0e564e6e.woff2 was preloaded using link preload but not used within a few seconds from the window's load event. Please make sure it has an appropriate `as` value and it is preloaded intentionally. @ http://localhost:3001/en/dashboard:0
[ 3475596ms] [WARNING] The resource http://localhost:3001/_next/static/media/4b676bcffc00356a-s.p.c22aaca1.woff2 was preloaded using link preload but not used within a few seconds from the window's load event. Please make sure it has an appropriate `as` value and it is preloaded intentionally. @ http://localhost:3001/en/dashboard:0
[ 3475597ms] [WARNING] The resource http://localhost:3001/_next/static/media/47fe1b7cd6e6ed85-s.p.855a563b.woff2 was preloaded using link preload but not used within a few seconds from the window's load event. Please make sure it has an appropriate `as` value and it is preloaded intentionally. @ http://localhost:3001/en/dashboard:0
[ 3475599ms] [WARNING] The resource http://localhost:3001/_next/static/media/d54db18e8cd5f74f-s.p.0e8eb956.woff2 was preloaded using link preload but not used within a few seconds from the window's load event. Please make sure it has an appropriate `as` value and it is preloaded intentionally. @ http://localhost:3001/en/dashboard:0
[ 3475600ms] [WARNING] The resource http://localhost:3001/_next/static/media/48e6fa8a5baca31f-s.p.33d01b36.woff2 was preloaded using link preload but not used within a few seconds from the window's load event. Please make sure it has an appropriate `as` value and it is preloaded intentionally. @ http://localhost:3001/en/dashboard:0
[ 3475600ms] [WARNING] The resource http://localhost:3001/_next/static/media/8e6fa89aa22d24ec-s.p.3aec397d.woff2 was preloaded using link preload but not used within a few seconds from the window's load event. Please make sure it has an appropriate `as` value and it is preloaded intentionally. @ http://localhost:3001/en/dashboard:0
[ 3475600ms] [WARNING] The resource http://localhost:3001/_next/static/media/e2334d715941921e-s.p.d82a9aff.woff2 was preloaded using link preload but not used within a few seconds from the window's load event. Please make sure it has an appropriate `as` value and it is preloaded intentionally. @ http://localhost:3001/en/dashboard:0
[ 3475602ms] [WARNING] The resource http://localhost:3001/_next/static/media/8c701f89af1c2d08-s.p.8e889423.woff2 was preloaded using link preload but not used within a few seconds from the window's load event. Please make sure it has an appropriate `as` value and it is preloaded intentionally. @ http://localhost:3001/en/dashboard:0
[ 3475602ms] [WARNING] The resource http://localhost:3001/_next/static/media/f30fd2e485acf1bc-s.p.3d1b066d.woff2 was preloaded using link preload but not used within a few seconds from the window's load event. Please make sure it has an appropriate `as` value and it is preloaded intentionally. @ http://localhost:3001/en/dashboard:0
[ 3475602ms] [WARNING] The resource http://localhost:3001/_next/static/media/a218039a3287bcfd-s.p.4a23d71b.woff2 was preloaded using link preload but not used within a few seconds from the window's load event. Please make sure it has an appropriate `as` value and it is preloaded intentionally. @ http://localhost:3001/en/dashboard:0
[ 3503924ms] [WARNING] The resource http://localhost:3001/_next/static/media/345c85a432359eed-s.p.eead68dd.woff2 was preloaded using link preload but not used within a few seconds from the window's load event. Please make sure it has an appropriate `as` value and it is preloaded intentionally. @ http://localhost:3001/en/dashboard:0
[ 3503925ms] [WARNING] The resource http://localhost:3001/_next/static/media/7ca057cce9853046-s.p.6a702554.woff2 was preloaded using link preload but not used within a few seconds from the window's load event. Please make sure it has an appropriate `as` value and it is preloaded intentionally. @ http://localhost:3001/en/dashboard:0
[ 3503925ms] [WARNING] The resource http://localhost:3001/_next/static/media/8e451580e5e95631-s.p.0e564e6e.woff2 was preloaded using link preload but not used within a few seconds from the window's load event. Please make sure it has an appropriate `as` value and it is preloaded intentionally. @ http://localhost:3001/en/dashboard:0
[ 3503925ms] [WARNING] The resource http://localhost:3001/_next/static/media/4b676bcffc00356a-s.p.c22aaca1.woff2 was preloaded using link preload but not used within a few seconds from the window's load event. Please make sure it has an appropriate `as` value and it is preloaded intentionally. @ http://localhost:3001/en/dashboard:0
[ 3503928ms] [WARNING] The resource http://localhost:3001/_next/static/media/47fe1b7cd6e6ed85-s.p.855a563b.woff2 was preloaded using link preload but not used within a few seconds from the window's load event. Please make sure it has an appropriate `as` value and it is preloaded intentionally. @ http://localhost:3001/en/dashboard:0
[ 3503928ms] [WARNING] The resource http://localhost:3001/_next/static/media/d54db18e8cd5f74f-s.p.0e8eb956.woff2 was preloaded using link preload but not used within a few seconds from the window's load event. Please make sure it has an appropriate `as` value and it is preloaded intentionally. @ http://localhost:3001/en/dashboard:0
[ 3503929ms] [WARNING] The resource http://localhost:3001/_next/static/media/48e6fa8a5baca31f-s.p.33d01b36.woff2 was preloaded using link preload but not used within a few seconds from the window's load event. Please make sure it has an appropriate `as` value and it is preloaded intentionally. @ http://localhost:3001/en/dashboard:0
[ 3503929ms] [WARNING] The resource http://localhost:3001/_next/static/media/8e6fa89aa22d24ec-s.p.3aec397d.woff2 was preloaded using link preload but not used within a few seconds from the window's load event. Please make sure it has an appropriate `as` value and it is preloaded intentionally. @ http://localhost:3001/en/dashboard:0
[ 3503929ms] [WARNING] The resource http://localhost:3001/_next/static/media/e2334d715941921e-s.p.d82a9aff.woff2 was preloaded using link preload but not used within a few seconds from the window's load event. Please make sure it has an appropriate `as` value and it is preloaded intentionally. @ http://localhost:3001/en/dashboard:0
[ 3503932ms] [WARNING] The resource http://localhost:3001/_next/static/media/8c701f89af1c2d08-s.p.8e889423.woff2 was preloaded using link preload but not used within a few seconds from the window's load event. Please make sure it has an appropriate `as` value and it is preloaded intentionally. @ http://localhost:3001/en/dashboard:0
[ 3503932ms] [WARNING] The resource http://localhost:3001/_next/static/media/f30fd2e485acf1bc-s.p.3d1b066d.woff2 was preloaded using link preload but not used within a few seconds from the window's load event. Please make sure it has an appropriate `as` value and it is preloaded intentionally. @ http://localhost:3001/en/dashboard:0
[ 3503932ms] [WARNING] The resource http://localhost:3001/_next/static/media/a218039a3287bcfd-s.p.4a23d71b.woff2 was preloaded using link preload but not used within a few seconds from the window's load event. Please make sure it has an appropriate `as` value and it is preloaded intentionally. @ http://localhost:3001/en/dashboard:0
[ 3538222ms] [WARNING] The resource http://localhost:3001/_next/static/media/345c85a432359eed-s.p.eead68dd.woff2 was preloaded using link preload but not used within a few seconds from the window's load event. Please make sure it has an appropriate `as` value and it is preloaded intentionally. @ http://localhost:3001/en/dashboard:0
[ 3538222ms] [WARNING] The resource http://localhost:3001/_next/static/media/7ca057cce9853046-s.p.6a702554.woff2 was preloaded using link preload but not used within a few seconds from the window's load event. Please make sure it has an appropriate `as` value and it is preloaded intentionally. @ http://localhost:3001/en/dashboard:0
[ 3538222ms] [WARNING] The resource http://localhost:3001/_next/static/media/8e451580e5e95631-s.p.0e564e6e.woff2 was preloaded using link preload but not used within a few seconds from the window's load event. Please make sure it has an appropriate `as` value and it is preloaded intentionally. @ http://localhost:3001/en/dashboard:0
[ 3538222ms] [WARNING] The resource http://localhost:3001/_next/static/media/4b676bcffc00356a-s.p.c22aaca1.woff2 was preloaded using link preload but not used within a few seconds from the window's load event. Please make sure it has an appropriate `as` value and it is preloaded intentionally. @ http://localhost:3001/en/dashboard:0
[ 3538223ms] [WARNING] The resource http://localhost:3001/_next/static/media/47fe1b7cd6e6ed85-s.p.855a563b.woff2 was preloaded using link preload but not used within a few seconds from the window's load event. Please make sure it has an appropriate `as` value and it is preloaded intentionally. @ http://localhost:3001/en/dashboard:0
[ 3538223ms] [WARNING] The resource http://localhost:3001/_next/static/media/d54db18e8cd5f74f-s.p.0e8eb956.woff2 was preloaded using link preload but not used within a few seconds from the window's load event. Please make sure it has an appropriate `as` value and it is preloaded intentionally. @ http://localhost:3001/en/dashboard:0
[ 3538224ms] [WARNING] The resource http://localhost:3001/_next/static/media/48e6fa8a5baca31f-s.p.33d01b36.woff2 was preloaded using link preload but not used within a few seconds from the window's load event. Please make sure it has an appropriate `as` value and it is preloaded intentionally. @ http://localhost:3001/en/dashboard:0
[ 3538224ms] [WARNING] The resource http://localhost:3001/_next/static/media/8e6fa89aa22d24ec-s.p.3aec397d.woff2 was preloaded using link preload but not used within a few seconds from the window's load event. Please make sure it has an appropriate `as` value and it is preloaded intentionally. @ http://localhost:3001/en/dashboard:0
[ 3538224ms] [WARNING] The resource http://localhost:3001/_next/static/media/e2334d715941921e-s.p.d82a9aff.woff2 was preloaded using link preload but not used within a few seconds from the window's load event. Please make sure it has an appropriate `as` value and it is preloaded intentionally. @ http://localhost:3001/en/dashboard:0
[ 3538224ms] [WARNING] The resource http://localhost:3001/_next/static/media/8c701f89af1c2d08-s.p.8e889423.woff2 was preloaded using link preload but not used within a few seconds from the window's load event. Please make sure it has an appropriate `as` value and it is preloaded intentionally. @ http://localhost:3001/en/dashboard:0
[ 3538224ms] [WARNING] The resource http://localhost:3001/_next/static/media/f30fd2e485acf1bc-s.p.3d1b066d.woff2 was preloaded using link preload but not used within a few seconds from the window's load event. Please make sure it has an appropriate `as` value and it is preloaded intentionally. @ http://localhost:3001/en/dashboard:0
[ 3538224ms] [WARNING] The resource http://localhost:3001/_next/static/media/a218039a3287bcfd-s.p.4a23d71b.woff2 was preloaded using link preload but not used within a few seconds from the window's load event. Please make sure it has an appropriate `as` value and it is preloaded intentionally. @ http://localhost:3001/en/dashboard:0
[ 3550865ms] [WARNING] The resource http://localhost:3001/_next/static/media/345c85a432359eed-s.p.eead68dd.woff2 was preloaded using link preload but not used within a few seconds from the window's load event. Please make sure it has an appropriate `as` value and it is preloaded intentionally. @ http://localhost:3001/en/dashboard:0
[ 3550866ms] [WARNING] The resource http://localhost:3001/_next/static/media/7ca057cce9853046-s.p.6a702554.woff2 was preloaded using link preload but not used within a few seconds from the window's load event. Please make sure it has an appropriate `as` value and it is preloaded intentionally. @ http://localhost:3001/en/dashboard:0
[ 3550866ms] [WARNING] The resource http://localhost:3001/_next/static/media/8e451580e5e95631-s.p.0e564e6e.woff2 was preloaded using link preload but not used within a few seconds from the window's load event. Please make sure it has an appropriate `as` value and it is preloaded intentionally. @ http://localhost:3001/en/dashboard:0
[ 3550866ms] [WARNING] The resource http://localhost:3001/_next/static/media/4b676bcffc00356a-s.p.c22aaca1.woff2 was preloaded using link preload but not used within a few seconds from the window's load event. Please make sure it has an appropriate `as` value and it is preloaded intentionally. @ http://localhost:3001/en/dashboard:0
[ 3550867ms] [WARNING] The resource http://localhost:3001/_next/static/media/47fe1b7cd6e6ed85-s.p.855a563b.woff2 was preloaded using link preload but not used within a few seconds from the window's load event. Please make sure it has an appropriate `as` value and it is preloaded intentionally. @ http://localhost:3001/en/dashboard:0
[ 3550867ms] [WARNING] The resource http://localhost:3001/_next/static/media/d54db18e8cd5f74f-s.p.0e8eb956.woff2 was preloaded using link preload but not used within a few seconds from the window's load event. Please make sure it has an appropriate `as` value and it is preloaded intentionally. @ http://localhost:3001/en/dashboard:0
[ 3550867ms] [WARNING] The resource http://localhost:3001/_next/static/media/48e6fa8a5baca31f-s.p.33d01b36.woff2 was preloaded using link preload but not used within a few seconds from the window's load event. Please make sure it has an appropriate `as` value and it is preloaded intentionally. @ http://localhost:3001/en/dashboard:0
[ 3550867ms] [WARNING] The resource http://localhost:3001/_next/static/media/8e6fa89aa22d24ec-s.p.3aec397d.woff2 was preloaded using link preload but not used within a few seconds from the window's load event. Please make sure it has an appropriate `as` value and it is preloaded intentionally. @ http://localhost:3001/en/dashboard:0
[ 3550867ms] [WARNING] The resource http://localhost:3001/_next/static/media/e2334d715941921e-s.p.d82a9aff.woff2 was preloaded using link preload but not used within a few seconds from the window's load event. Please make sure it has an appropriate `as` value and it is preloaded intentionally. @ http://localhost:3001/en/dashboard:0
[ 3550867ms] [WARNING] The resource http://localhost:3001/_next/static/media/8c701f89af1c2d08-s.p.8e889423.woff2 was preloaded using link preload but not used within a few seconds from the window's load event. Please make sure it has an appropriate `as` value and it is preloaded intentionally. @ http://localhost:3001/en/dashboard:0
[ 3550867ms] [WARNING] The resource http://localhost:3001/_next/static/media/f30fd2e485acf1bc-s.p.3d1b066d.woff2 was preloaded using link preload but not used within a few seconds from the window's load event. Please make sure it has an appropriate `as` value and it is preloaded intentionally. @ http://localhost:3001/en/dashboard:0
[ 3550867ms] [WARNING] The resource http://localhost:3001/_next/static/media/a218039a3287bcfd-s.p.4a23d71b.woff2 was preloaded using link preload but not used within a few seconds from the window's load event. Please make sure it has an appropriate `as` value and it is preloaded intentionally. @ http://localhost:3001/en/dashboard:0
[ 3599685ms] [WARNING] The resource http://localhost:3001/_next/static/media/345c85a432359eed-s.p.eead68dd.woff2 was preloaded using link preload but not used within a few seconds from the window's load event. Please make sure it has an appropriate `as` value and it is preloaded intentionally. @ http://localhost:3001/en/dashboard:0
[ 3599685ms] [WARNING] The resource http://localhost:3001/_next/static/media/7ca057cce9853046-s.p.6a702554.woff2 was preloaded using link preload but not used within a few seconds from the window's load event. Please make sure it has an appropriate `as` value and it is preloaded intentionally. @ http://localhost:3001/en/dashboard:0
[ 3599685ms] [WARNING] The resource http://localhost:3001/_next/static/media/8e451580e5e95631-s.p.0e564e6e.woff2 was preloaded using link preload but not used within a few seconds from the window's load event. Please make sure it has an appropriate `as` value and it is preloaded intentionally. @ http://localhost:3001/en/dashboard:0
[ 3599685ms] [WARNING] The resource http://localhost:3001/_next/static/media/4b676bcffc00356a-s.p.c22aaca1.woff2 was preloaded using link preload but not used within a few seconds from the window's load event. Please make sure it has an appropriate `as` value and it is preloaded intentionally. @ http://localhost:3001/en/dashboard:0
[ 3599685ms] [WARNING] The resource http://localhost:3001/_next/static/media/47fe1b7cd6e6ed85-s.p.855a563b.woff2 was preloaded using link preload but not used within a few seconds from the window's load event. Please make sure it has an appropriate `as` value and it is preloaded intentionally. @ http://localhost:3001/en/dashboard:0
[ 3599685ms] [WARNING] The resource http://localhost:3001/_next/static/media/d54db18e8cd5f74f-s.p.0e8eb956.woff2 was preloaded using link preload but not used within a few seconds from the window's load event. Please make sure it has an appropriate `as` value and it is preloaded intentionally. @ http://localhost:3001/en/dashboard:0
[ 3599685ms] [WARNING] The resource http://localhost:3001/_next/static/media/48e6fa8a5baca31f-s.p.33d01b36.woff2 was preloaded using link preload but not used within a few seconds from the window's load event. Please make sure it has an appropriate `as` value and it is preloaded intentionally. @ http://localhost:3001/en/dashboard:0
[ 3599685ms] [WARNING] The resource http://localhost:3001/_next/static/media/8e6fa89aa22d24ec-s.p.3aec397d.woff2 was preloaded using link preload but not used within a few seconds from the window's load event. Please make sure it has an appropriate `as` value and it is preloaded intentionally. @ http://localhost:3001/en/dashboard:0
[ 3599685ms] [WARNING] The resource http://localhost:3001/_next/static/media/e2334d715941921e-s.p.d82a9aff.woff2 was preloaded using link preload but not used within a few seconds from the window's load event. Please make sure it has an appropriate `as` value and it is preloaded intentionally. @ http://localhost:3001/en/dashboard:0
[ 3599685ms] [WARNING] The resource http://localhost:3001/_next/static/media/8c701f89af1c2d08-s.p.8e889423.woff2 was preloaded using link preload but not used within a few seconds from the window's load event. Please make sure it has an appropriate `as` value and it is preloaded intentionally. @ http://localhost:3001/en/dashboard:0
[ 3599685ms] [WARNING] The resource http://localhost:3001/_next/static/media/f30fd2e485acf1bc-s.p.3d1b066d.woff2 was preloaded using link preload but not used within a few seconds from the window's load event. Please make sure it has an appropriate `as` value and it is preloaded intentionally. @ http://localhost:3001/en/dashboard:0
[ 3599685ms] [WARNING] The resource http://localhost:3001/_next/static/media/a218039a3287bcfd-s.p.4a23d71b.woff2 was preloaded using link preload but not used within a few seconds from the window's load event. Please make sure it has an appropriate `as` value and it is preloaded intentionally. @ http://localhost:3001/en/dashboard:0
[ 3643380ms] [WARNING] The resource http://localhost:3001/_next/static/media/345c85a432359eed-s.p.eead68dd.woff2 was preloaded using link preload but not used within a few seconds from the window's load event. Please make sure it has an appropriate `as` value and it is preloaded intentionally. @ http://localhost:3001/en/dashboard:0
[ 3643380ms] [WARNING] The resource http://localhost:3001/_next/static/media/7ca057cce9853046-s.p.6a702554.woff2 was preloaded using link preload but not used within a few seconds from the window's load event. Please make sure it has an appropriate `as` value and it is preloaded intentionally. @ http://localhost:3001/en/dashboard:0
[ 3643380ms] [WARNING] The resource http://localhost:3001/_next/static/media/8e451580e5e95631-s.p.0e564e6e.woff2 was preloaded using link preload but not used within a few seconds from the window's load event. Please make sure it has an appropriate `as` value and it is preloaded intentionally. @ http://localhost:3001/en/dashboard:0
[ 3643380ms] [WARNING] The resource http://localhost:3001/_next/static/media/4b676bcffc00356a-s.p.c22aaca1.woff2 was preloaded using link preload but not used within a few seconds from the window's load event. Please make sure it has an appropriate `as` value and it is preloaded intentionally. @ http://localhost:3001/en/dashboard:0
[ 3643380ms] [WARNING] The resource http://localhost:3001/_next/static/media/47fe1b7cd6e6ed85-s.p.855a563b.woff2 was preloaded using link preload but not used within a few seconds from the window's load event. Please make sure it has an appropriate `as` value and it is preloaded intentionally. @ http://localhost:3001/en/dashboard:0
[ 3643380ms] [WARNING] The resource http://localhost:3001/_next/static/media/d54db18e8cd5f74f-s.p.0e8eb956.woff2 was preloaded using link preload but not used within a few seconds from the window's load event. Please make sure it has an appropriate `as` value and it is preloaded intentionally. @ http://localhost:3001/en/dashboard:0
[ 3643381ms] [WARNING] The resource http://localhost:3001/_next/static/media/48e6fa8a5baca31f-s.p.33d01b36.woff2 was preloaded using link preload but not used within a few seconds from the window's load event. Please make sure it has an appropriate `as` value and it is preloaded intentionally. @ http://localhost:3001/en/dashboard:0
[ 3643381ms] [WARNING] The resource http://localhost:3001/_next/static/media/8e6fa89aa22d24ec-s.p.3aec397d.woff2 was preloaded using link preload but not used within a few seconds from the window's load event. Please make sure it has an appropriate `as` value and it is preloaded intentionally. @ http://localhost:3001/en/dashboard:0
[ 3643381ms] [WARNING] The resource http://localhost:3001/_next/static/media/e2334d715941921e-s.p.d82a9aff.woff2 was preloaded using link preload but not used within a few seconds from the window's load event. Please make sure it has an appropriate `as` value and it is preloaded intentionally. @ http://localhost:3001/en/dashboard:0
[ 3643381ms] [WARNING] The resource http://localhost:3001/_next/static/media/8c701f89af1c2d08-s.p.8e889423.woff2 was preloaded using link preload but not used within a few seconds from the window's load event. Please make sure it has an appropriate `as` value and it is preloaded intentionally. @ http://localhost:3001/en/dashboard:0
[ 3643381ms] [WARNING] The resource http://localhost:3001/_next/static/media/f30fd2e485acf1bc-s.p.3d1b066d.woff2 was preloaded using link preload but not used within a few seconds from the window's load event. Please make sure it has an appropriate `as` value and it is preloaded intentionally. @ http://localhost:3001/en/dashboard:0
[ 3643381ms] [WARNING] The resource http://localhost:3001/_next/static/media/a218039a3287bcfd-s.p.4a23d71b.woff2 was preloaded using link preload but not used within a few seconds from the window's load event. Please make sure it has an appropriate `as` value and it is preloaded intentionally. @ http://localhost:3001/en/dashboard:0
[ 3660128ms] [WARNING] The resource http://localhost:3001/_next/static/media/345c85a432359eed-s.p.eead68dd.woff2 was preloaded using link preload but not used within a few seconds from the window's load event. Please make sure it has an appropriate `as` value and it is preloaded intentionally. @ http://localhost:3001/en/dashboard:0
[ 3660129ms] [WARNING] The resource http://localhost:3001/_next/static/media/7ca057cce9853046-s.p.6a702554.woff2 was preloaded using link preload but not used within a few seconds from the window's load event. Please make sure it has an appropriate `as` value and it is preloaded intentionally. @ http://localhost:3001/en/dashboard:0
[ 3660129ms] [WARNING] The resource http://localhost:3001/_next/static/media/8e451580e5e95631-s.p.0e564e6e.woff2 was preloaded using link preload but not used within a few seconds from the window's load event. Please make sure it has an appropriate `as` value and it is preloaded intentionally. @ http://localhost:3001/en/dashboard:0
[ 3660129ms] [WARNING] The resource http://localhost:3001/_next/static/media/4b676bcffc00356a-s.p.c22aaca1.woff2 was preloaded using link preload but not used within a few seconds from the window's load event. Please make sure it has an appropriate `as` value and it is preloaded intentionally. @ http://localhost:3001/en/dashboard:0
[ 3660129ms] [WARNING] The resource http://localhost:3001/_next/static/media/47fe1b7cd6e6ed85-s.p.855a563b.woff2 was preloaded using link preload but not used within a few seconds from the window's load event. Please make sure it has an appropriate `as` value and it is preloaded intentionally. @ http://localhost:3001/en/dashboard:0
[ 3660129ms] [WARNING] The resource http://localhost:3001/_next/static/media/d54db18e8cd5f74f-s.p.0e8eb956.woff2 was preloaded using link preload but not used within a few seconds from the window's load event. Please make sure it has an appropriate `as` value and it is preloaded intentionally. @ http://localhost:3001/en/dashboard:0
[ 3660129ms] [WARNING] The resource http://localhost:3001/_next/static/media/48e6fa8a5baca31f-s.p.33d01b36.woff2 was preloaded using link preload but not used within a few seconds from the window's load event. Please make sure it has an appropriate `as` value and it is preloaded intentionally. @ http://localhost:3001/en/dashboard:0
[ 3660129ms] [WARNING] The resource http://localhost:3001/_next/static/media/8e6fa89aa22d24ec-s.p.3aec397d.woff2 was preloaded using link preload but not used within a few seconds from the window's load event. Please make sure it has an appropriate `as` value and it is preloaded intentionally. @ http://localhost:3001/en/dashboard:0
[ 3660129ms] [WARNING] The resource http://localhost:3001/_next/static/media/e2334d715941921e-s.p.d82a9aff.woff2 was preloaded using link preload but not used within a few seconds from the window's load event. Please make sure it has an appropriate `as` value and it is preloaded intentionally. @ http://localhost:3001/en/dashboard:0
[ 3660129ms] [WARNING] The resource http://localhost:3001/_next/static/media/8c701f89af1c2d08-s.p.8e889423.woff2 was preloaded using link preload but not used within a few seconds from the window's load event. Please make sure it has an appropriate `as` value and it is preloaded intentionally. @ http://localhost:3001/en/dashboard:0
[ 3660129ms] [WARNING] The resource http://localhost:3001/_next/static/media/f30fd2e485acf1bc-s.p.3d1b066d.woff2 was preloaded using link preload but not used within a few seconds from the window's load event. Please make sure it has an appropriate `as` value and it is preloaded intentionally. @ http://localhost:3001/en/dashboard:0
[ 3660129ms] [WARNING] The resource http://localhost:3001/_next/static/media/a218039a3287bcfd-s.p.4a23d71b.woff2 was preloaded using link preload but not used within a few seconds from the window's load event. Please make sure it has an appropriate `as` value and it is preloaded intentionally. @ http://localhost:3001/en/dashboard:0
[ 3689159ms] [WARNING] The resource http://localhost:3001/_next/static/media/345c85a432359eed-s.p.eead68dd.woff2 was preloaded using link preload but not used within a few seconds from the window's load event. Please make sure it has an appropriate `as` value and it is preloaded intentionally. @ http://localhost:3001/en/dashboard:0
[ 3689162ms] [WARNING] The resource http://localhost:3001/_next/static/media/7ca057cce9853046-s.p.6a702554.woff2 was preloaded using link preload but not used within a few seconds from the window's load event. Please make sure it has an appropriate `as` value and it is preloaded intentionally. @ http://localhost:3001/en/dashboard:0
[ 3689162ms] [WARNING] The resource http://localhost:3001/_next/static/media/8e451580e5e95631-s.p.0e564e6e.woff2 was preloaded using link preload but not used within a few seconds from the window's load event. Please make sure it has an appropriate `as` value and it is preloaded intentionally. @ http://localhost:3001/en/dashboard:0
[ 3689163ms] [WARNING] The resource http://localhost:3001/_next/static/media/4b676bcffc00356a-s.p.c22aaca1.woff2 was preloaded using link preload but not used within a few seconds from the window's load event. Please make sure it has an appropriate `as` value and it is preloaded intentionally. @ http://localhost:3001/en/dashboard:0
[ 3689164ms] [WARNING] The resource http://localhost:3001/_next/static/media/47fe1b7cd6e6ed85-s.p.855a563b.woff2 was preloaded using link preload but not used within a few seconds from the window's load event. Please make sure it has an appropriate `as` value and it is preloaded intentionally. @ http://localhost:3001/en/dashboard:0
[ 3689164ms] [WARNING] The resource http://localhost:3001/_next/static/media/d54db18e8cd5f74f-s.p.0e8eb956.woff2 was preloaded using link preload but not used within a few seconds from the window's load event. Please make sure it has an appropriate `as` value and it is preloaded intentionally. @ http://localhost:3001/en/dashboard:0
[ 3689164ms] [WARNING] The resource http://localhost:3001/_next/static/media/48e6fa8a5baca31f-s.p.33d01b36.woff2 was preloaded using link preload but not used within a few seconds from the window's load event. Please make sure it has an appropriate `as` value and it is preloaded intentionally. @ http://localhost:3001/en/dashboard:0
[ 3689164ms] [WARNING] The resource http://localhost:3001/_next/static/media/8e6fa89aa22d24ec-s.p.3aec397d.woff2 was preloaded using link preload but not used within a few seconds from the window's load event. Please make sure it has an appropriate `as` value and it is preloaded intentionally. @ http://localhost:3001/en/dashboard:0
[ 3689165ms] [WARNING] The resource http://localhost:3001/_next/static/media/e2334d715941921e-s.p.d82a9aff.woff2 was preloaded using link preload but not used within a few seconds from the window's load event. Please make sure it has an appropriate `as` value and it is preloaded intentionally. @ http://localhost:3001/en/dashboard:0
[ 3689165ms] [WARNING] The resource http://localhost:3001/_next/static/media/8c701f89af1c2d08-s.p.8e889423.woff2 was preloaded using link preload but not used within a few seconds from the window's load event. Please make sure it has an appropriate `as` value and it is preloaded intentionally. @ http://localhost:3001/en/dashboard:0
[ 3689165ms] [WARNING] The resource http://localhost:3001/_next/static/media/f30fd2e485acf1bc-s.p.3d1b066d.woff2 was preloaded using link preload but not used within a few seconds from the window's load event. Please make sure it has an appropriate `as` value and it is preloaded intentionally. @ http://localhost:3001/en/dashboard:0
[ 3689165ms] [WARNING] The resource http://localhost:3001/_next/static/media/a218039a3287bcfd-s.p.4a23d71b.woff2 was preloaded using link preload but not used within a few seconds from the window's load event. Please make sure it has an appropriate `as` value and it is preloaded intentionally. @ http://localhost:3001/en/dashboard:0
[ 3711724ms] [LOG] [HMR] connected @ http://localhost:3001/_next/static/chunks/f12ff_next_dist_95687940._.js:2302
[ 3712074ms] [LOG] [Fast Refresh] rebuilding @ http://localhost:3001/_next/static/chunks/f12ff_next_dist_95687940._.js:2302
[ 3712598ms] [LOG] [Fast Refresh] done in 628ms @ http://localhost:3001/_next/static/chunks/f12ff_next_dist_95687940._.js:2302
[ 3881391ms] [ERROR] Failed to load resource: net::ERR_INTERNET_DISCONNECTED @ https://generous-hagfish-7.clerk.accounts.dev/v1/client/sessions/sess_3FSEmikACldU79KaY5E4E3BYOC9/tokens?__clerk_api_version=2025-11-10&_clerk_js_version=5.126.0&__clerk_db_jwt=dvb_3FOOUfoQT9T6UmXtJa7tc2zjqQq:0
[ 3882201ms] [LOG] [Fast Refresh] rebuilding @ http://localhost:3001/_next/static/chunks/f12ff_next_dist_95687940._.js:2302
[ 3882220ms] [LOG] [Fast Refresh] done in 134ms @ http://localhost:3001/_next/static/chunks/f12ff_next_dist_95687940._.js:2302
[ 3885270ms] [WARNING] The resource http://localhost:3001/_next/static/media/345c85a432359eed-s.p.eead68dd.woff2 was preloaded using link preload but not used within a few seconds from the window's load event. Please make sure it has an appropriate `as` value and it is preloaded intentionally. @ http://localhost:3001/en/dashboard:0
[ 3885271ms] [WARNING] The resource http://localhost:3001/_next/static/media/7ca057cce9853046-s.p.6a702554.woff2 was preloaded using link preload but not used within a few seconds from the window's load event. Please make sure it has an appropriate `as` value and it is preloaded intentionally. @ http://localhost:3001/en/dashboard:0
[ 3885271ms] [WARNING] The resource http://localhost:3001/_next/static/media/8e451580e5e95631-s.p.0e564e6e.woff2 was preloaded using link preload but not used within a few seconds from the window's load event. Please make sure it has an appropriate `as` value and it is preloaded intentionally. @ http://localhost:3001/en/dashboard:0
[ 3885271ms] [WARNING] The resource http://localhost:3001/_next/static/media/4b676bcffc00356a-s.p.c22aaca1.woff2 was preloaded using link preload but not used within a few seconds from the window's load event. Please make sure it has an appropriate `as` value and it is preloaded intentionally. @ http://localhost:3001/en/dashboard:0
[ 3885272ms] [WARNING] The resource http://localhost:3001/_next/static/media/47fe1b7cd6e6ed85-s.p.855a563b.woff2 was preloaded using link preload but not used within a few seconds from the window's load event. Please make sure it has an appropriate `as` value and it is preloaded intentionally. @ http://localhost:3001/en/dashboard:0
[ 3885272ms] [WARNING] The resource http://localhost:3001/_next/static/media/d54db18e8cd5f74f-s.p.0e8eb956.woff2 was preloaded using link preload but not used within a few seconds from the window's load event. Please make sure it has an appropriate `as` value and it is preloaded intentionally. @ http://localhost:3001/en/dashboard:0
[ 3885272ms] [WARNING] The resource http://localhost:3001/_next/static/media/48e6fa8a5baca31f-s.p.33d01b36.woff2 was preloaded using link preload but not used within a few seconds from the window's load event. Please make sure it has an appropriate `as` value and it is preloaded intentionally. @ http://localhost:3001/en/dashboard:0
[ 3885272ms] [WARNING] The resource http://localhost:3001/_next/static/media/8e6fa89aa22d24ec-s.p.3aec397d.woff2 was preloaded using link preload but not used within a few seconds from the window's load event. Please make sure it has an appropriate `as` value and it is preloaded intentionally. @ http://localhost:3001/en/dashboard:0
[ 3885272ms] [WARNING] The resource http://localhost:3001/_next/static/media/e2334d715941921e-s.p.d82a9aff.woff2 was preloaded using link preload but not used within a few seconds from the window's load event. Please make sure it has an appropriate `as` value and it is preloaded intentionally. @ http://localhost:3001/en/dashboard:0
[ 3885272ms] [WARNING] The resource http://localhost:3001/_next/static/media/8c701f89af1c2d08-s.p.8e889423.woff2 was preloaded using link preload but not used within a few seconds from the window's load event. Please make sure it has an appropriate `as` value and it is preloaded intentionally. @ http://localhost:3001/en/dashboard:0
[ 3885272ms] [WARNING] The resource http://localhost:3001/_next/static/media/f30fd2e485acf1bc-s.p.3d1b066d.woff2 was preloaded using link preload but not used within a few seconds from the window's load event. Please make sure it has an appropriate `as` value and it is preloaded intentionally. @ http://localhost:3001/en/dashboard:0
[ 3885272ms] [WARNING] The resource http://localhost:3001/_next/static/media/a218039a3287bcfd-s.p.4a23d71b.woff2 was preloaded using link preload but not used within a few seconds from the window's load event. Please make sure it has an appropriate `as` value and it is preloaded intentionally. @ http://localhost:3001/en/dashboard:0
[ 3886430ms] [ERROR] Failed to load resource: net::ERR_INTERNET_DISCONNECTED @ https://generous-hagfish-7.clerk.accounts.dev/v1/client/sessions/sess_3FSEmikACldU79KaY5E4E3BYOC9/tokens?__clerk_api_version=2025-11-10&_clerk_js_version=5.126.0&__clerk_db_jwt=dvb_3FOOUfoQT9T6UmXtJa7tc2zjqQq:0
[ 3888816ms] [LOG] [Fast Refresh] rebuilding @ http://localhost:3001/_next/static/chunks/f12ff_next_dist_95687940._.js:2302
[ 3888964ms] [LOG] [Fast Refresh] done in 250ms @ http://localhost:3001/_next/static/chunks/f12ff_next_dist_95687940._.js:2302
[ 3889140ms] [LOG] [Fast Refresh] rebuilding @ http://localhost:3001/_next/static/chunks/f12ff_next_dist_95687940._.js:2302
[ 3890778ms] [LOG] [Fast Refresh] done in 1739ms @ http://localhost:3001/_next/static/chunks/f12ff_next_dist_95687940._.js:2302
[ 3894389ms] [WARNING] The resource http://localhost:3001/_next/static/media/345c85a432359eed-s.p.eead68dd.woff2 was preloaded using link preload but not used within a few seconds from the window's load event. Please make sure it has an appropriate `as` value and it is preloaded intentionally. @ http://localhost:3001/en/dashboard:0
[ 3894390ms] [WARNING] The resource http://localhost:3001/_next/static/media/7ca057cce9853046-s.p.6a702554.woff2 was preloaded using link preload but not used within a few seconds from the window's load event. Please make sure it has an appropriate `as` value and it is preloaded intentionally. @ http://localhost:3001/en/dashboard:0
[ 3894390ms] [WARNING] The resource http://localhost:3001/_next/static/media/8e451580e5e95631-s.p.0e564e6e.woff2 was preloaded using link preload but not used within a few seconds from the window's load event. Please make sure it has an appropriate `as` value and it is preloaded intentionally. @ http://localhost:3001/en/dashboard:0
[ 3894390ms] [WARNING] The resource http://localhost:3001/_next/static/media/4b676bcffc00356a-s.p.c22aaca1.woff2 was preloaded using link preload but not used within a few seconds from the window's load event. Please make sure it has an appropriate `as` value and it is preloaded intentionally. @ http://localhost:3001/en/dashboard:0
[ 3894390ms] [WARNING] The resource http://localhost:3001/_next/static/media/47fe1b7cd6e6ed85-s.p.855a563b.woff2 was preloaded using link preload but not used within a few seconds from the window's load event. Please make sure it has an appropriate `as` value and it is preloaded intentionally. @ http://localhost:3001/en/dashboard:0
[ 3894390ms] [WARNING] The resource http://localhost:3001/_next/static/media/d54db18e8cd5f74f-s.p.0e8eb956.woff2 was preloaded using link preload but not used within a few seconds from the window's load event. Please make sure it has an appropriate `as` value and it is preloaded intentionally. @ http://localhost:3001/en/dashboard:0
[ 3894390ms] [WARNING] The resource http://localhost:3001/_next/static/media/48e6fa8a5baca31f-s.p.33d01b36.woff2 was preloaded using link preload but not used within a few seconds from the window's load event. Please make sure it has an appropriate `as` value and it is preloaded intentionally. @ http://localhost:3001/en/dashboard:0
[ 3894390ms] [WARNING] The resource http://localhost:3001/_next/static/media/8e6fa89aa22d24ec-s.p.3aec397d.woff2 was preloaded using link preload but not used within a few seconds from the window's load event. Please make sure it has an appropriate `as` value and it is preloaded intentionally. @ http://localhost:3001/en/dashboard:0
[ 3894390ms] [WARNING] The resource http://localhost:3001/_next/static/media/e2334d715941921e-s.p.d82a9aff.woff2 was preloaded using link preload but not used within a few seconds from the window's load event. Please make sure it has an appropriate `as` value and it is preloaded intentionally. @ http://localhost:3001/en/dashboard:0
[ 3894390ms] [WARNING] The resource http://localhost:3001/_next/static/media/8c701f89af1c2d08-s.p.8e889423.woff2 was preloaded using link preload but not used within a few seconds from the window's load event. Please make sure it has an appropriate `as` value and it is preloaded intentionally. @ http://localhost:3001/en/dashboard:0
[ 3894390ms] [WARNING] The resource http://localhost:3001/_next/static/media/f30fd2e485acf1bc-s.p.3d1b066d.woff2 was preloaded using link preload but not used within a few seconds from the window's load event. Please make sure it has an appropriate `as` value and it is preloaded intentionally. @ http://localhost:3001/en/dashboard:0
[ 3894390ms] [WARNING] The resource http://localhost:3001/_next/static/media/a218039a3287bcfd-s.p.4a23d71b.woff2 was preloaded using link preload but not used within a few seconds from the window's load event. Please make sure it has an appropriate `as` value and it is preloaded intentionally. @ http://localhost:3001/en/dashboard:0
[ 3896724ms] [ERROR] Failed to load resource: net::ERR_NETWORK_CHANGED @ https://generous-hagfish-7.clerk.accounts.dev/v1/client/sessions/sess_3FSEmikACldU79KaY5E4E3BYOC9/tokens?__clerk_api_version=2025-11-10&_clerk_js_version=5.126.0&__clerk_db_jwt=dvb_3FOOUfoQT9T6UmXtJa7tc2zjqQq:0
[ 3899725ms] [WARNING] The resource http://localhost:3001/_next/static/media/345c85a432359eed-s.p.eead68dd.woff2 was preloaded using link preload but not used within a few seconds from the window's load event. Please make sure it has an appropriate `as` value and it is preloaded intentionally. @ http://localhost:3001/en/dashboard:0
[ 3899726ms] [WARNING] The resource http://localhost:3001/_next/static/media/7ca057cce9853046-s.p.6a702554.woff2 was preloaded using link preload but not used within a few seconds from the window's load event. Please make sure it has an appropriate `as` value and it is preloaded intentionally. @ http://localhost:3001/en/dashboard:0
[ 3899726ms] [WARNING] The resource http://localhost:3001/_next/static/media/8e451580e5e95631-s.p.0e564e6e.woff2 was preloaded using link preload but not used within a few seconds from the window's load event. Please make sure it has an appropriate `as` value and it is preloaded intentionally. @ http://localhost:3001/en/dashboard:0
[ 3899727ms] [WARNING] The resource http://localhost:3001/_next/static/media/4b676bcffc00356a-s.p.c22aaca1.woff2 was preloaded using link preload but not used within a few seconds from the window's load event. Please make sure it has an appropriate `as` value and it is preloaded intentionally. @ http://localhost:3001/en/dashboard:0
[ 3899727ms] [WARNING] The resource http://localhost:3001/_next/static/media/47fe1b7cd6e6ed85-s.p.855a563b.woff2 was preloaded using link preload but not used within a few seconds from the window's load event. Please make sure it has an appropriate `as` value and it is preloaded intentionally. @ http://localhost:3001/en/dashboard:0
[ 3899727ms] [WARNING] The resource http://localhost:3001/_next/static/media/d54db18e8cd5f74f-s.p.0e8eb956.woff2 was preloaded using link preload but not used within a few seconds from the window's load event. Please make sure it has an appropriate `as` value and it is preloaded intentionally. @ http://localhost:3001/en/dashboard:0
[ 3899727ms] [WARNING] The resource http://localhost:3001/_next/static/media/48e6fa8a5baca31f-s.p.33d01b36.woff2 was preloaded using link preload but not used within a few seconds from the window's load event. Please make sure it has an appropriate `as` value and it is preloaded intentionally. @ http://localhost:3001/en/dashboard:0
[ 3899727ms] [WARNING] The resource http://localhost:3001/_next/static/media/8e6fa89aa22d24ec-s.p.3aec397d.woff2 was preloaded using link preload but not used within a few seconds from the window's load event. Please make sure it has an appropriate `as` value and it is preloaded intentionally. @ http://localhost:3001/en/dashboard:0
[ 3899727ms] [WARNING] The resource http://localhost:3001/_next/static/media/e2334d715941921e-s.p.d82a9aff.woff2 was preloaded using link preload but not used within a few seconds from the window's load event. Please make sure it has an appropriate `as` value and it is preloaded intentionally. @ http://localhost:3001/en/dashboard:0
[ 3899727ms] [WARNING] The resource http://localhost:3001/_next/static/media/8c701f89af1c2d08-s.p.8e889423.woff2 was preloaded using link preload but not used within a few seconds from the window's load event. Please make sure it has an appropriate `as` value and it is preloaded intentionally. @ http://localhost:3001/en/dashboard:0
[ 3899727ms] [WARNING] The resource http://localhost:3001/_next/static/media/f30fd2e485acf1bc-s.p.3d1b066d.woff2 was preloaded using link preload but not used within a few seconds from the window's load event. Please make sure it has an appropriate `as` value and it is preloaded intentionally. @ http://localhost:3001/en/dashboard:0
[ 3899727ms] [WARNING] The resource http://localhost:3001/_next/static/media/a218039a3287bcfd-s.p.4a23d71b.woff2 was preloaded using link preload but not used within a few seconds from the window's load event. Please make sure it has an appropriate `as` value and it is preloaded intentionally. @ http://localhost:3001/en/dashboard:0
[ 3899783ms] [ERROR] Failed to load resource: net::ERR_INTERNET_DISCONNECTED @ https://generous-hagfish-7.clerk.accounts.dev/v1/client/sessions/sess_3FSEmikACldU79KaY5E4E3BYOC9/tokens?__clerk_api_version=2025-11-10&_clerk_js_version=5.126.0&__clerk_db_jwt=dvb_3FOOUfoQT9T6UmXtJa7tc2zjqQq:0
[ 3902786ms] [WARNING] The resource http://localhost:3001/_next/static/media/345c85a432359eed-s.p.eead68dd.woff2 was preloaded using link preload but not used within a few seconds from the window's load event. Please make sure it has an appropriate `as` value and it is preloaded intentionally. @ http://localhost:3001/en/dashboard:0
[ 3902787ms] [WARNING] The resource http://localhost:3001/_next/static/media/7ca057cce9853046-s.p.6a702554.woff2 was preloaded using link preload but not used within a few seconds from the window's load event. Please make sure it has an appropriate `as` value and it is preloaded intentionally. @ http://localhost:3001/en/dashboard:0
[ 3902787ms] [WARNING] The resource http://localhost:3001/_next/static/media/8e451580e5e95631-s.p.0e564e6e.woff2 was preloaded using link preload but not used within a few seconds from the window's load event. Please make sure it has an appropriate `as` value and it is preloaded intentionally. @ http://localhost:3001/en/dashboard:0
[ 3902787ms] [WARNING] The resource http://localhost:3001/_next/static/media/4b676bcffc00356a-s.p.c22aaca1.woff2 was preloaded using link preload but not used within a few seconds from the window's load event. Please make sure it has an appropriate `as` value and it is preloaded intentionally. @ http://localhost:3001/en/dashboard:0
[ 3902787ms] [WARNING] The resource http://localhost:3001/_next/static/media/47fe1b7cd6e6ed85-s.p.855a563b.woff2 was preloaded using link preload but not used within a few seconds from the window's load event. Please make sure it has an appropriate `as` value and it is preloaded intentionally. @ http://localhost:3001/en/dashboard:0
[ 3902787ms] [WARNING] The resource http://localhost:3001/_next/static/media/d54db18e8cd5f74f-s.p.0e8eb956.woff2 was preloaded using link preload but not used within a few seconds from the window's load event. Please make sure it has an appropriate `as` value and it is preloaded intentionally. @ http://localhost:3001/en/dashboard:0
[ 3902787ms] [WARNING] The resource http://localhost:3001/_next/static/media/48e6fa8a5baca31f-s.p.33d01b36.woff2 was preloaded using link preload but not used within a few seconds from the window's load event. Please make sure it has an appropriate `as` value and it is preloaded intentionally. @ http://localhost:3001/en/dashboard:0
[ 3902787ms] [WARNING] The resource http://localhost:3001/_next/static/media/8e6fa89aa22d24ec-s.p.3aec397d.woff2 was preloaded using link preload but not used within a few seconds from the window's load event. Please make sure it has an appropriate `as` value and it is preloaded intentionally. @ http://localhost:3001/en/dashboard:0
[ 3902787ms] [WARNING] The resource http://localhost:3001/_next/static/media/e2334d715941921e-s.p.d82a9aff.woff2 was preloaded using link preload but not used within a few seconds from the window's load event. Please make sure it has an appropriate `as` value and it is preloaded intentionally. @ http://localhost:3001/en/dashboard:0
[ 3902787ms] [WARNING] The resource http://localhost:3001/_next/static/media/8c701f89af1c2d08-s.p.8e889423.woff2 was preloaded using link preload but not used within a few seconds from the window's load event. Please make sure it has an appropriate `as` value and it is preloaded intentionally. @ http://localhost:3001/en/dashboard:0
[ 3902788ms] [WARNING] The resource http://localhost:3001/_next/static/media/f30fd2e485acf1bc-s.p.3d1b066d.woff2 was preloaded using link preload but not used within a few seconds from the window's load event. Please make sure it has an appropriate `as` value and it is preloaded intentionally. @ http://localhost:3001/en/dashboard:0
[ 3902788ms] [WARNING] The resource http://localhost:3001/_next/static/media/a218039a3287bcfd-s.p.4a23d71b.woff2 was preloaded using link preload but not used within a few seconds from the window's load event. Please make sure it has an appropriate `as` value and it is preloaded intentionally. @ http://localhost:3001/en/dashboard:0
[ 3904837ms] [ERROR] Failed to load resource: net::ERR_INTERNET_DISCONNECTED @ https://generous-hagfish-7.clerk.accounts.dev/v1/client/sessions/sess_3FSEmikACldU79KaY5E4E3BYOC9/tokens?__clerk_api_version=2025-11-10&_clerk_js_version=5.126.0&__clerk_db_jwt=dvb_3FOOUfoQT9T6UmXtJa7tc2zjqQq:0
[ 3907839ms] [WARNING] The resource http://localhost:3001/_next/static/media/345c85a432359eed-s.p.eead68dd.woff2 was preloaded using link preload but not used within a few seconds from the window's load event. Please make sure it has an appropriate `as` value and it is preloaded intentionally. @ http://localhost:3001/en/dashboard:0
[ 3907840ms] [WARNING] The resource http://localhost:3001/_next/static/media/7ca057cce9853046-s.p.6a702554.woff2 was preloaded using link preload but not used within a few seconds from the window's load event. Please make sure it has an appropriate `as` value and it is preloaded intentionally. @ http://localhost:3001/en/dashboard:0
[ 3907840ms] [WARNING] The resource http://localhost:3001/_next/static/media/8e451580e5e95631-s.p.0e564e6e.woff2 was preloaded using link preload but not used within a few seconds from the window's load event. Please make sure it has an appropriate `as` value and it is preloaded intentionally. @ http://localhost:3001/en/dashboard:0
[ 3907841ms] [WARNING] The resource http://localhost:3001/_next/static/media/4b676bcffc00356a-s.p.c22aaca1.woff2 was preloaded using link preload but not used within a few seconds from the window's load event. Please make sure it has an appropriate `as` value and it is preloaded intentionally. @ http://localhost:3001/en/dashboard:0
[ 3907841ms] [WARNING] The resource http://localhost:3001/_next/static/media/47fe1b7cd6e6ed85-s.p.855a563b.woff2 was preloaded using link preload but not used within a few seconds from the window's load event. Please make sure it has an appropriate `as` value and it is preloaded intentionally. @ http://localhost:3001/en/dashboard:0
[ 3907842ms] [WARNING] The resource http://localhost:3001/_next/static/media/d54db18e8cd5f74f-s.p.0e8eb956.woff2 was preloaded using link preload but not used within a few seconds from the window's load event. Please make sure it has an appropriate `as` value and it is preloaded intentionally. @ http://localhost:3001/en/dashboard:0
[ 3907842ms] [WARNING] The resource http://localhost:3001/_next/static/media/48e6fa8a5baca31f-s.p.33d01b36.woff2 was preloaded using link preload but not used within a few seconds from the window's load event. Please make sure it has an appropriate `as` value and it is preloaded intentionally. @ http://localhost:3001/en/dashboard:0
[ 3907842ms] [WARNING] The resource http://localhost:3001/_next/static/media/8e6fa89aa22d24ec-s.p.3aec397d.woff2 was preloaded using link preload but not used within a few seconds from the window's load event. Please make sure it has an appropriate `as` value and it is preloaded intentionally. @ http://localhost:3001/en/dashboard:0
[ 3907842ms] [WARNING] The resource http://localhost:3001/_next/static/media/e2334d715941921e-s.p.d82a9aff.woff2 was preloaded using link preload but not used within a few seconds from the window's load event. Please make sure it has an appropriate `as` value and it is preloaded intentionally. @ http://localhost:3001/en/dashboard:0
[ 3907842ms] [WARNING] The resource http://localhost:3001/_next/static/media/8c701f89af1c2d08-s.p.8e889423.woff2 was preloaded using link preload but not used within a few seconds from the window's load event. Please make sure it has an appropriate `as` value and it is preloaded intentionally. @ http://localhost:3001/en/dashboard:0
[ 3907842ms] [WARNING] The resource http://localhost:3001/_next/static/media/f30fd2e485acf1bc-s.p.3d1b066d.woff2 was preloaded using link preload but not used within a few seconds from the window's load event. Please make sure it has an appropriate `as` value and it is preloaded intentionally. @ http://localhost:3001/en/dashboard:0
[ 3907842ms] [WARNING] The resource http://localhost:3001/_next/static/media/a218039a3287bcfd-s.p.4a23d71b.woff2 was preloaded using link preload but not used within a few seconds from the window's load event. Please make sure it has an appropriate `as` value and it is preloaded intentionally. @ http://localhost:3001/en/dashboard:0
[ 3909874ms] [ERROR] Failed to load resource: net::ERR_INTERNET_DISCONNECTED @ https://generous-hagfish-7.clerk.accounts.dev/v1/client/sessions/sess_3FSEmikACldU79KaY5E4E3BYOC9/tokens?__clerk_api_version=2025-11-10&_clerk_js_version=5.126.0&__clerk_db_jwt=dvb_3FOOUfoQT9T6UmXtJa7tc2zjqQq:0
[ 3912876ms] [WARNING] The resource http://localhost:3001/_next/static/media/345c85a432359eed-s.p.eead68dd.woff2 was preloaded using link preload but not used within a few seconds from the window's load event. Please make sure it has an appropriate `as` value and it is preloaded intentionally. @ http://localhost:3001/en/dashboard:0
[ 3912877ms] [WARNING] The resource http://localhost:3001/_next/static/media/7ca057cce9853046-s.p.6a702554.woff2 was preloaded using link preload but not used within a few seconds from the window's load event. Please make sure it has an appropriate `as` value and it is preloaded intentionally. @ http://localhost:3001/en/dashboard:0
[ 3912877ms] [WARNING] The resource http://localhost:3001/_next/static/media/8e451580e5e95631-s.p.0e564e6e.woff2 was preloaded using link preload but not used within a few seconds from the window's load event. Please make sure it has an appropriate `as` value and it is preloaded intentionally. @ http://localhost:3001/en/dashboard:0
[ 3912877ms] [WARNING] The resource http://localhost:3001/_next/static/media/4b676bcffc00356a-s.p.c22aaca1.woff2 was preloaded using link preload but not used within a few seconds from the window's load event. Please make sure it has an appropriate `as` value and it is preloaded intentionally. @ http://localhost:3001/en/dashboard:0
[ 3912877ms] [WARNING] The resource http://localhost:3001/_next/static/media/47fe1b7cd6e6ed85-s.p.855a563b.woff2 was preloaded using link preload but not used within a few seconds from the window's load event. Please make sure it has an appropriate `as` value and it is preloaded intentionally. @ http://localhost:3001/en/dashboard:0
[ 3912877ms] [WARNING] The resource http://localhost:3001/_next/static/media/d54db18e8cd5f74f-s.p.0e8eb956.woff2 was preloaded using link preload but not used within a few seconds from the window's load event. Please make sure it has an appropriate `as` value and it is preloaded intentionally. @ http://localhost:3001/en/dashboard:0
[ 3912877ms] [WARNING] The resource http://localhost:3001/_next/static/media/48e6fa8a5baca31f-s.p.33d01b36.woff2 was preloaded using link preload but not used within a few seconds from the window's load event. Please make sure it has an appropriate `as` value and it is preloaded intentionally. @ http://localhost:3001/en/dashboard:0
[ 3912877ms] [WARNING] The resource http://localhost:3001/_next/static/media/8e6fa89aa22d24ec-s.p.3aec397d.woff2 was preloaded using link preload but not used within a few seconds from the window's load event. Please make sure it has an appropriate `as` value and it is preloaded intentionally. @ http://localhost:3001/en/dashboard:0
[ 3912877ms] [WARNING] The resource http://localhost:3001/_next/static/media/e2334d715941921e-s.p.d82a9aff.woff2 was preloaded using link preload but not used within a few seconds from the window's load event. Please make sure it has an appropriate `as` value and it is preloaded intentionally. @ http://localhost:3001/en/dashboard:0
[ 3912877ms] [WARNING] The resource http://localhost:3001/_next/static/media/8c701f89af1c2d08-s.p.8e889423.woff2 was preloaded using link preload but not used within a few seconds from the window's load event. Please make sure it has an appropriate `as` value and it is preloaded intentionally. @ http://localhost:3001/en/dashboard:0
[ 3912878ms] [WARNING] The resource http://localhost:3001/_next/static/media/f30fd2e485acf1bc-s.p.3d1b066d.woff2 was preloaded using link preload but not used within a few seconds from the window's load event. Please make sure it has an appropriate `as` value and it is preloaded intentionally. @ http://localhost:3001/en/dashboard:0
[ 3912878ms] [WARNING] The resource http://localhost:3001/_next/static/media/a218039a3287bcfd-s.p.4a23d71b.woff2 was preloaded using link preload but not used within a few seconds from the window's load event. Please make sure it has an appropriate `as` value and it is preloaded intentionally. @ http://localhost:3001/en/dashboard:0
[ 3914904ms] [ERROR] Failed to load resource: net::ERR_INTERNET_DISCONNECTED @ https://generous-hagfish-7.clerk.accounts.dev/v1/client/sessions/sess_3FSEmikACldU79KaY5E4E3BYOC9/tokens?__clerk_api_version=2025-11-10&_clerk_js_version=5.126.0&__clerk_db_jwt=dvb_3FOOUfoQT9T6UmXtJa7tc2zjqQq:0
[ 3917906ms] [WARNING] The resource http://localhost:3001/_next/static/media/345c85a432359eed-s.p.eead68dd.woff2 was preloaded using link preload but not used within a few seconds from the window's load event. Please make sure it has an appropriate `as` value and it is preloaded intentionally. @ http://localhost:3001/en/dashboard:0
[ 3917907ms] [WARNING] The resource http://localhost:3001/_next/static/media/7ca057cce9853046-s.p.6a702554.woff2 was preloaded using link preload but not used within a few seconds from the window's load event. Please make sure it has an appropriate `as` value and it is preloaded intentionally. @ http://localhost:3001/en/dashboard:0
[ 3917907ms] [WARNING] The resource http://localhost:3001/_next/static/media/8e451580e5e95631-s.p.0e564e6e.woff2 was preloaded using link preload but not used within a few seconds from the window's load event. Please make sure it has an appropriate `as` value and it is preloaded intentionally. @ http://localhost:3001/en/dashboard:0
[ 3917908ms] [WARNING] The resource http://localhost:3001/_next/static/media/4b676bcffc00356a-s.p.c22aaca1.woff2 was preloaded using link preload but not used within a few seconds from the window's load event. Please make sure it has an appropriate `as` value and it is preloaded intentionally. @ http://localhost:3001/en/dashboard:0
[ 3917908ms] [WARNING] The resource http://localhost:3001/_next/static/media/47fe1b7cd6e6ed85-s.p.855a563b.woff2 was preloaded using link preload but not used within a few seconds from the window's load event. Please make sure it has an appropriate `as` value and it is preloaded intentionally. @ http://localhost:3001/en/dashboard:0
[ 3917909ms] [WARNING] The resource http://localhost:3001/_next/static/media/d54db18e8cd5f74f-s.p.0e8eb956.woff2 was preloaded using link preload but not used within a few seconds from the window's load event. Please make sure it has an appropriate `as` value and it is preloaded intentionally. @ http://localhost:3001/en/dashboard:0
[ 3917909ms] [WARNING] The resource http://localhost:3001/_next/static/media/48e6fa8a5baca31f-s.p.33d01b36.woff2 was preloaded using link preload but not used within a few seconds from the window's load event. Please make sure it has an appropriate `as` value and it is preloaded intentionally. @ http://localhost:3001/en/dashboard:0
[ 3917909ms] [WARNING] The resource http://localhost:3001/_next/static/media/8e6fa89aa22d24ec-s.p.3aec397d.woff2 was preloaded using link preload but not used within a few seconds from the window's load event. Please make sure it has an appropriate `as` value and it is preloaded intentionally. @ http://localhost:3001/en/dashboard:0
[ 3917909ms] [WARNING] The resource http://localhost:3001/_next/static/media/e2334d715941921e-s.p.d82a9aff.woff2 was preloaded using link preload but not used within a few seconds from the window's load event. Please make sure it has an appropriate `as` value and it is preloaded intentionally. @ http://localhost:3001/en/dashboard:0
[ 3917910ms] [WARNING] The resource http://localhost:3001/_next/static/media/8c701f89af1c2d08-s.p.8e889423.woff2 was preloaded using link preload but not used within a few seconds from the window's load event. Please make sure it has an appropriate `as` value and it is preloaded intentionally. @ http://localhost:3001/en/dashboard:0
[ 3917910ms] [WARNING] The resource http://localhost:3001/_next/static/media/f30fd2e485acf1bc-s.p.3d1b066d.woff2 was preloaded using link preload but not used within a few seconds from the window's load event. Please make sure it has an appropriate `as` value and it is preloaded intentionally. @ http://localhost:3001/en/dashboard:0
[ 3917910ms] [WARNING] The resource http://localhost:3001/_next/static/media/a218039a3287bcfd-s.p.4a23d71b.woff2 was preloaded using link preload but not used within a few seconds from the window's load event. Please make sure it has an appropriate `as` value and it is preloaded intentionally. @ http://localhost:3001/en/dashboard:0
[ 3919936ms] [ERROR] Failed to load resource: net::ERR_INTERNET_DISCONNECTED @ https://generous-hagfish-7.clerk.accounts.dev/v1/client/sessions/sess_3FSEmikACldU79KaY5E4E3BYOC9/tokens?__clerk_api_version=2025-11-10&_clerk_js_version=5.126.0&__clerk_db_jwt=dvb_3FOOUfoQT9T6UmXtJa7tc2zjqQq:0
[ 3922939ms] [WARNING] The resource http://localhost:3001/_next/static/media/345c85a432359eed-s.p.eead68dd.woff2 was preloaded using link preload but not used within a few seconds from the window's load event. Please make sure it has an appropriate `as` value and it is preloaded intentionally. @ http://localhost:3001/en/dashboard:0
[ 3922939ms] [WARNING] The resource http://localhost:3001/_next/static/media/7ca057cce9853046-s.p.6a702554.woff2 was preloaded using link preload but not used within a few seconds from the window's load event. Please make sure it has an appropriate `as` value and it is preloaded intentionally. @ http://localhost:3001/en/dashboard:0
[ 3922939ms] [WARNING] The resource http://localhost:3001/_next/static/media/8e451580e5e95631-s.p.0e564e6e.woff2 was preloaded using link preload but not used within a few seconds from the window's load event. Please make sure it has an appropriate `as` value and it is preloaded intentionally. @ http://localhost:3001/en/dashboard:0
[ 3922939ms] [WARNING] The resource http://localhost:3001/_next/static/media/4b676bcffc00356a-s.p.c22aaca1.woff2 was preloaded using link preload but not used within a few seconds from the window's load event. Please make sure it has an appropriate `as` value and it is preloaded intentionally. @ http://localhost:3001/en/dashboard:0
[ 3922939ms] [WARNING] The resource http://localhost:3001/_next/static/media/47fe1b7cd6e6ed85-s.p.855a563b.woff2 was preloaded using link preload but not used within a few seconds from the window's load event. Please make sure it has an appropriate `as` value and it is preloaded intentionally. @ http://localhost:3001/en/dashboard:0
[ 3922940ms] [WARNING] The resource http://localhost:3001/_next/static/media/d54db18e8cd5f74f-s.p.0e8eb956.woff2 was preloaded using link preload but not used within a few seconds from the window's load event. Please make sure it has an appropriate `as` value and it is preloaded intentionally. @ http://localhost:3001/en/dashboard:0
[ 3922940ms] [WARNING] The resource http://localhost:3001/_next/static/media/48e6fa8a5baca31f-s.p.33d01b36.woff2 was preloaded using link preload but not used within a few seconds from the window's load event. Please make sure it has an appropriate `as` value and it is preloaded intentionally. @ http://localhost:3001/en/dashboard:0
[ 3922940ms] [WARNING] The resource http://localhost:3001/_next/static/media/8e6fa89aa22d24ec-s.p.3aec397d.woff2 was preloaded using link preload but not used within a few seconds from the window's load event. Please make sure it has an appropriate `as` value and it is preloaded intentionally. @ http://localhost:3001/en/dashboard:0
[ 3922940ms] [WARNING] The resource http://localhost:3001/_next/static/media/e2334d715941921e-s.p.d82a9aff.woff2 was preloaded using link preload but not used within a few seconds from the window's load event. Please make sure it has an appropriate `as` value and it is preloaded intentionally. @ http://localhost:3001/en/dashboard:0
[ 3922940ms] [WARNING] The resource http://localhost:3001/_next/static/media/8c701f89af1c2d08-s.p.8e889423.woff2 was preloaded using link preload but not used within a few seconds from the window's load event. Please make sure it has an appropriate `as` value and it is preloaded intentionally. @ http://localhost:3001/en/dashboard:0
[ 3922940ms] [WARNING] The resource http://localhost:3001/_next/static/media/f30fd2e485acf1bc-s.p.3d1b066d.woff2 was preloaded using link preload but not used within a few seconds from the window's load event. Please make sure it has an appropriate `as` value and it is preloaded intentionally. @ http://localhost:3001/en/dashboard:0
[ 3922940ms] [WARNING] The resource http://localhost:3001/_next/static/media/a218039a3287bcfd-s.p.4a23d71b.woff2 was preloaded using link preload but not used within a few seconds from the window's load event. Please make sure it has an appropriate `as` value and it is preloaded intentionally. @ http://localhost:3001/en/dashboard:0
[ 4223237ms] [ERROR] Failed to load resource: net::ERR_INTERNET_DISCONNECTED @ https://generous-hagfish-7.clerk.accounts.dev/v1/client/sessions/sess_3FSEmikACldU79KaY5E4E3BYOC9/tokens?__clerk_api_version=2025-11-10&_clerk_js_version=5.126.0&__clerk_db_jwt=dvb_3FOOUfoQT9T6UmXtJa7tc2zjqQq:0
[ 4226240ms] [WARNING] The resource http://localhost:3001/_next/static/media/345c85a432359eed-s.p.eead68dd.woff2 was preloaded using link preload but not used within a few seconds from the window's load event. Please make sure it has an appropriate `as` value and it is preloaded intentionally. @ http://localhost:3001/en/dashboard:0
[ 4226240ms] [WARNING] The resource http://localhost:3001/_next/static/media/7ca057cce9853046-s.p.6a702554.woff2 was preloaded using link preload but not used within a few seconds from the window's load event. Please make sure it has an appropriate `as` value and it is preloaded intentionally. @ http://localhost:3001/en/dashboard:0
[ 4226240ms] [WARNING] The resource http://localhost:3001/_next/static/media/8e451580e5e95631-s.p.0e564e6e.woff2 was preloaded using link preload but not used within a few seconds from the window's load event. Please make sure it has an appropriate `as` value and it is preloaded intentionally. @ http://localhost:3001/en/dashboard:0
[ 4226241ms] [WARNING] The resource http://localhost:3001/_next/static/media/4b676bcffc00356a-s.p.c22aaca1.woff2 was preloaded using link preload but not used within a few seconds from the window's load event. Please make sure it has an appropriate `as` value and it is preloaded intentionally. @ http://localhost:3001/en/dashboard:0
[ 4226241ms] [WARNING] The resource http://localhost:3001/_next/static/media/47fe1b7cd6e6ed85-s.p.855a563b.woff2 was preloaded using link preload but not used within a few seconds from the window's load event. Please make sure it has an appropriate `as` value and it is preloaded intentionally. @ http://localhost:3001/en/dashboard:0
[ 4226241ms] [WARNING] The resource http://localhost:3001/_next/static/media/d54db18e8cd5f74f-s.p.0e8eb956.woff2 was preloaded using link preload but not used within a few seconds from the window's load event. Please make sure it has an appropriate `as` value and it is preloaded intentionally. @ http://localhost:3001/en/dashboard:0
[ 4226241ms] [WARNING] The resource http://localhost:3001/_next/static/media/48e6fa8a5baca31f-s.p.33d01b36.woff2 was preloaded using link preload but not used within a few seconds from the window's load event. Please make sure it has an appropriate `as` value and it is preloaded intentionally. @ http://localhost:3001/en/dashboard:0
[ 4226241ms] [WARNING] The resource http://localhost:3001/_next/static/media/8e6fa89aa22d24ec-s.p.3aec397d.woff2 was preloaded using link preload but not used within a few seconds from the window's load event. Please make sure it has an appropriate `as` value and it is preloaded intentionally. @ http://localhost:3001/en/dashboard:0
[ 4226241ms] [WARNING] The resource http://localhost:3001/_next/static/media/e2334d715941921e-s.p.d82a9aff.woff2 was preloaded using link preload but not used within a few seconds from the window's load event. Please make sure it has an appropriate `as` value and it is preloaded intentionally. @ http://localhost:3001/en/dashboard:0
[ 4226241ms] [WARNING] The resource http://localhost:3001/_next/static/media/8c701f89af1c2d08-s.p.8e889423.woff2 was preloaded using link preload but not used within a few seconds from the window's load event. Please make sure it has an appropriate `as` value and it is preloaded intentionally. @ http://localhost:3001/en/dashboard:0
[ 4226241ms] [WARNING] The resource http://localhost:3001/_next/static/media/f30fd2e485acf1bc-s.p.3d1b066d.woff2 was preloaded using link preload but not used within a few seconds from the window's load event. Please make sure it has an appropriate `as` value and it is preloaded intentionally. @ http://localhost:3001/en/dashboard:0
[ 4226241ms] [WARNING] The resource http://localhost:3001/_next/static/media/a218039a3287bcfd-s.p.4a23d71b.woff2 was preloaded using link preload but not used within a few seconds from the window's load event. Please make sure it has an appropriate `as` value and it is preloaded intentionally. @ http://localhost:3001/en/dashboard:0
[ 4228270ms] [ERROR] Failed to load resource: net::ERR_INTERNET_DISCONNECTED @ https://generous-hagfish-7.clerk.accounts.dev/v1/client/sessions/sess_3FSEmikACldU79KaY5E4E3BYOC9/tokens?__clerk_api_version=2025-11-10&_clerk_js_version=5.126.0&__clerk_db_jwt=dvb_3FOOUfoQT9T6UmXtJa7tc2zjqQq:0
[ 4231273ms] [WARNING] The resource http://localhost:3001/_next/static/media/345c85a432359eed-s.p.eead68dd.woff2 was preloaded using link preload but not used within a few seconds from the window's load event. Please make sure it has an appropriate `as` value and it is preloaded intentionally. @ http://localhost:3001/en/dashboard:0
[ 4231273ms] [WARNING] The resource http://localhost:3001/_next/static/media/7ca057cce9853046-s.p.6a702554.woff2 was preloaded using link preload but not used within a few seconds from the window's load event. Please make sure it has an appropriate `as` value and it is preloaded intentionally. @ http://localhost:3001/en/dashboard:0
[ 4231273ms] [WARNING] The resource http://localhost:3001/_next/static/media/8e451580e5e95631-s.p.0e564e6e.woff2 was preloaded using link preload but not used within a few seconds from the window's load event. Please make sure it has an appropriate `as` value and it is preloaded intentionally. @ http://localhost:3001/en/dashboard:0
[ 4231274ms] [WARNING] The resource http://localhost:3001/_next/static/media/4b676bcffc00356a-s.p.c22aaca1.woff2 was preloaded using link preload but not used within a few seconds from the window's load event. Please make sure it has an appropriate `as` value and it is preloaded intentionally. @ http://localhost:3001/en/dashboard:0
[ 4231274ms] [WARNING] The resource http://localhost:3001/_next/static/media/47fe1b7cd6e6ed85-s.p.855a563b.woff2 was preloaded using link preload but not used within a few seconds from the window's load event. Please make sure it has an appropriate `as` value and it is preloaded intentionally. @ http://localhost:3001/en/dashboard:0
[ 4231274ms] [WARNING] The resource http://localhost:3001/_next/static/media/d54db18e8cd5f74f-s.p.0e8eb956.woff2 was preloaded using link preload but not used within a few seconds from the window's load event. Please make sure it has an appropriate `as` value and it is preloaded intentionally. @ http://localhost:3001/en/dashboard:0
[ 4231274ms] [WARNING] The resource http://localhost:3001/_next/static/media/48e6fa8a5baca31f-s.p.33d01b36.woff2 was preloaded using link preload but not used within a few seconds from the window's load event. Please make sure it has an appropriate `as` value and it is preloaded intentionally. @ http://localhost:3001/en/dashboard:0
[ 4231274ms] [WARNING] The resource http://localhost:3001/_next/static/media/8e6fa89aa22d24ec-s.p.3aec397d.woff2 was preloaded using link preload but not used within a few seconds from the window's load event. Please make sure it has an appropriate `as` value and it is preloaded intentionally. @ http://localhost:3001/en/dashboard:0
[ 4231274ms] [WARNING] The resource http://localhost:3001/_next/static/media/e2334d715941921e-s.p.d82a9aff.woff2 was preloaded using link preload but not used within a few seconds from the window's load event. Please make sure it has an appropriate `as` value and it is preloaded intentionally. @ http://localhost:3001/en/dashboard:0
[ 4231274ms] [WARNING] The resource http://localhost:3001/_next/static/media/8c701f89af1c2d08-s.p.8e889423.woff2 was preloaded using link preload but not used within a few seconds from the window's load event. Please make sure it has an appropriate `as` value and it is preloaded intentionally. @ http://localhost:3001/en/dashboard:0
[ 4231274ms] [WARNING] The resource http://localhost:3001/_next/static/media/f30fd2e485acf1bc-s.p.3d1b066d.woff2 was preloaded using link preload but not used within a few seconds from the window's load event. Please make sure it has an appropriate `as` value and it is preloaded intentionally. @ http://localhost:3001/en/dashboard:0
[ 4231274ms] [WARNING] The resource http://localhost:3001/_next/static/media/a218039a3287bcfd-s.p.4a23d71b.woff2 was preloaded using link preload but not used within a few seconds from the window's load event. Please make sure it has an appropriate `as` value and it is preloaded intentionally. @ http://localhost:3001/en/dashboard:0
[ 4233303ms] [ERROR] Failed to load resource: net::ERR_INTERNET_DISCONNECTED @ https://generous-hagfish-7.clerk.accounts.dev/v1/client/sessions/sess_3FSEmikACldU79KaY5E4E3BYOC9/tokens?__clerk_api_version=2025-11-10&_clerk_js_version=5.126.0&__clerk_db_jwt=dvb_3FOOUfoQT9T6UmXtJa7tc2zjqQq:0
[ 4236304ms] [WARNING] The resource http://localhost:3001/_next/static/media/345c85a432359eed-s.p.eead68dd.woff2 was preloaded using link preload but not used within a few seconds from the window's load event. Please make sure it has an appropriate `as` value and it is preloaded intentionally. @ http://localhost:3001/en/dashboard:0
[ 4236304ms] [WARNING] The resource http://localhost:3001/_next/static/media/7ca057cce9853046-s.p.6a702554.woff2 was preloaded using link preload but not used within a few seconds from the window's load event. Please make sure it has an appropriate `as` value and it is preloaded intentionally. @ http://localhost:3001/en/dashboard:0
[ 4236305ms] [WARNING] The resource http://localhost:3001/_next/static/media/8e451580e5e95631-s.p.0e564e6e.woff2 was preloaded using link preload but not used within a few seconds from the window's load event. Please make sure it has an appropriate `as` value and it is preloaded intentionally. @ http://localhost:3001/en/dashboard:0
[ 4236305ms] [WARNING] The resource http://localhost:3001/_next/static/media/4b676bcffc00356a-s.p.c22aaca1.woff2 was preloaded using link preload but not used within a few seconds from the window's load event. Please make sure it has an appropriate `as` value and it is preloaded intentionally. @ http://localhost:3001/en/dashboard:0
[ 4236305ms] [WARNING] The resource http://localhost:3001/_next/static/media/47fe1b7cd6e6ed85-s.p.855a563b.woff2 was preloaded using link preload but not used within a few seconds from the window's load event. Please make sure it has an appropriate `as` value and it is preloaded intentionally. @ http://localhost:3001/en/dashboard:0
[ 4236305ms] [WARNING] The resource http://localhost:3001/_next/static/media/d54db18e8cd5f74f-s.p.0e8eb956.woff2 was preloaded using link preload but not used within a few seconds from the window's load event. Please make sure it has an appropriate `as` value and it is preloaded intentionally. @ http://localhost:3001/en/dashboard:0
[ 4236305ms] [WARNING] The resource http://localhost:3001/_next/static/media/48e6fa8a5baca31f-s.p.33d01b36.woff2 was preloaded using link preload but not used within a few seconds from the window's load event. Please make sure it has an appropriate `as` value and it is preloaded intentionally. @ http://localhost:3001/en/dashboard:0
[ 4236305ms] [WARNING] The resource http://localhost:3001/_next/static/media/8e6fa89aa22d24ec-s.p.3aec397d.woff2 was preloaded using link preload but not used within a few seconds from the window's load event. Please make sure it has an appropriate `as` value and it is preloaded intentionally. @ http://localhost:3001/en/dashboard:0
[ 4236305ms] [WARNING] The resource http://localhost:3001/_next/static/media/e2334d715941921e-s.p.d82a9aff.woff2 was preloaded using link preload but not used within a few seconds from the window's load event. Please make sure it has an appropriate `as` value and it is preloaded intentionally. @ http://localhost:3001/en/dashboard:0
[ 4236305ms] [WARNING] The resource http://localhost:3001/_next/static/media/8c701f89af1c2d08-s.p.8e889423.woff2 was preloaded using link preload but not used within a few seconds from the window's load event. Please make sure it has an appropriate `as` value and it is preloaded intentionally. @ http://localhost:3001/en/dashboard:0
[ 4236305ms] [WARNING] The resource http://localhost:3001/_next/static/media/f30fd2e485acf1bc-s.p.3d1b066d.woff2 was preloaded using link preload but not used within a few seconds from the window's load event. Please make sure it has an appropriate `as` value and it is preloaded intentionally. @ http://localhost:3001/en/dashboard:0
[ 4236305ms] [WARNING] The resource http://localhost:3001/_next/static/media/a218039a3287bcfd-s.p.4a23d71b.woff2 was preloaded using link preload but not used within a few seconds from the window's load event. Please make sure it has an appropriate `as` value and it is preloaded intentionally. @ http://localhost:3001/en/dashboard:0
[ 4238343ms] [ERROR] Failed to load resource: net::ERR_INTERNET_DISCONNECTED @ https://generous-hagfish-7.clerk.accounts.dev/v1/client/sessions/sess_3FSEmikACldU79KaY5E4E3BYOC9/tokens?__clerk_api_version=2025-11-10&_clerk_js_version=5.126.0&__clerk_db_jwt=dvb_3FOOUfoQT9T6UmXtJa7tc2zjqQq:0
[ 4241345ms] [WARNING] The resource http://localhost:3001/_next/static/media/345c85a432359eed-s.p.eead68dd.woff2 was preloaded using link preload but not used within a few seconds from the window's load event. Please make sure it has an appropriate `as` value and it is preloaded intentionally. @ http://localhost:3001/en/dashboard:0
[ 4241346ms] [WARNING] The resource http://localhost:3001/_next/static/media/7ca057cce9853046-s.p.6a702554.woff2 was preloaded using link preload but not used within a few seconds from the window's load event. Please make sure it has an appropriate `as` value and it is preloaded intentionally. @ http://localhost:3001/en/dashboard:0
[ 4241346ms] [WARNING] The resource http://localhost:3001/_next/static/media/8e451580e5e95631-s.p.0e564e6e.woff2 was preloaded using link preload but not used within a few seconds from the window's load event. Please make sure it has an appropriate `as` value and it is preloaded intentionally. @ http://localhost:3001/en/dashboard:0
[ 4241346ms] [WARNING] The resource http://localhost:3001/_next/static/media/4b676bcffc00356a-s.p.c22aaca1.woff2 was preloaded using link preload but not used within a few seconds from the window's load event. Please make sure it has an appropriate `as` value and it is preloaded intentionally. @ http://localhost:3001/en/dashboard:0
[ 4241346ms] [WARNING] The resource http://localhost:3001/_next/static/media/47fe1b7cd6e6ed85-s.p.855a563b.woff2 was preloaded using link preload but not used within a few seconds from the window's load event. Please make sure it has an appropriate `as` value and it is preloaded intentionally. @ http://localhost:3001/en/dashboard:0
[ 4241346ms] [WARNING] The resource http://localhost:3001/_next/static/media/d54db18e8cd5f74f-s.p.0e8eb956.woff2 was preloaded using link preload but not used within a few seconds from the window's load event. Please make sure it has an appropriate `as` value and it is preloaded intentionally. @ http://localhost:3001/en/dashboard:0
[ 4241346ms] [WARNING] The resource http://localhost:3001/_next/static/media/48e6fa8a5baca31f-s.p.33d01b36.woff2 was preloaded using link preload but not used within a few seconds from the window's load event. Please make sure it has an appropriate `as` value and it is preloaded intentionally. @ http://localhost:3001/en/dashboard:0
[ 4241346ms] [WARNING] The resource http://localhost:3001/_next/static/media/8e6fa89aa22d24ec-s.p.3aec397d.woff2 was preloaded using link preload but not used within a few seconds from the window's load event. Please make sure it has an appropriate `as` value and it is preloaded intentionally. @ http://localhost:3001/en/dashboard:0
[ 4241346ms] [WARNING] The resource http://localhost:3001/_next/static/media/e2334d715941921e-s.p.d82a9aff.woff2 was preloaded using link preload but not used within a few seconds from the window's load event. Please make sure it has an appropriate `as` value and it is preloaded intentionally. @ http://localhost:3001/en/dashboard:0
[ 4241346ms] [WARNING] The resource http://localhost:3001/_next/static/media/8c701f89af1c2d08-s.p.8e889423.woff2 was preloaded using link preload but not used within a few seconds from the window's load event. Please make sure it has an appropriate `as` value and it is preloaded intentionally. @ http://localhost:3001/en/dashboard:0
[ 4241346ms] [WARNING] The resource http://localhost:3001/_next/static/media/f30fd2e485acf1bc-s.p.3d1b066d.woff2 was preloaded using link preload but not used within a few seconds from the window's load event. Please make sure it has an appropriate `as` value and it is preloaded intentionally. @ http://localhost:3001/en/dashboard:0
[ 4241346ms] [WARNING] The resource http://localhost:3001/_next/static/media/a218039a3287bcfd-s.p.4a23d71b.woff2 was preloaded using link preload but not used within a few seconds from the window's load event. Please make sure it has an appropriate `as` value and it is preloaded intentionally. @ http://localhost:3001/en/dashboard:0
[ 4243373ms] [ERROR] Failed to load resource: net::ERR_INTERNET_DISCONNECTED @ https://generous-hagfish-7.clerk.accounts.dev/v1/client/sessions/sess_3FSEmikACldU79KaY5E4E3BYOC9/tokens?__clerk_api_version=2025-11-10&_clerk_js_version=5.126.0&__clerk_db_jwt=dvb_3FOOUfoQT9T6UmXtJa7tc2zjqQq:0
[ 4246376ms] [WARNING] The resource http://localhost:3001/_next/static/media/345c85a432359eed-s.p.eead68dd.woff2 was preloaded using link preload but not used within a few seconds from the window's load event. Please make sure it has an appropriate `as` value and it is preloaded intentionally. @ http://localhost:3001/en/dashboard:0
[ 4246377ms] [WARNING] The resource http://localhost:3001/_next/static/media/7ca057cce9853046-s.p.6a702554.woff2 was preloaded using link preload but not used within a few seconds from the window's load event. Please make sure it has an appropriate `as` value and it is preloaded intentionally. @ http://localhost:3001/en/dashboard:0
[ 4246377ms] [WARNING] The resource http://localhost:3001/_next/static/media/8e451580e5e95631-s.p.0e564e6e.woff2 was preloaded using link preload but not used within a few seconds from the window's load event. Please make sure it has an appropriate `as` value and it is preloaded intentionally. @ http://localhost:3001/en/dashboard:0
[ 4246377ms] [WARNING] The resource http://localhost:3001/_next/static/media/4b676bcffc00356a-s.p.c22aaca1.woff2 was preloaded using link preload but not used within a few seconds from the window's load event. Please make sure it has an appropriate `as` value and it is preloaded intentionally. @ http://localhost:3001/en/dashboard:0
[ 4246377ms] [WARNING] The resource http://localhost:3001/_next/static/media/47fe1b7cd6e6ed85-s.p.855a563b.woff2 was preloaded using link preload but not used within a few seconds from the window's load event. Please make sure it has an appropriate `as` value and it is preloaded intentionally. @ http://localhost:3001/en/dashboard:0
[ 4246377ms] [WARNING] The resource http://localhost:3001/_next/static/media/d54db18e8cd5f74f-s.p.0e8eb956.woff2 was preloaded using link preload but not used within a few seconds from the window's load event. Please make sure it has an appropriate `as` value and it is preloaded intentionally. @ http://localhost:3001/en/dashboard:0
[ 4246377ms] [WARNING] The resource http://localhost:3001/_next/static/media/48e6fa8a5baca31f-s.p.33d01b36.woff2 was preloaded using link preload but not used within a few seconds from the window's load event. Please make sure it has an appropriate `as` value and it is preloaded intentionally. @ http://localhost:3001/en/dashboard:0
[ 4246377ms] [WARNING] The resource http://localhost:3001/_next/static/media/8e6fa89aa22d24ec-s.p.3aec397d.woff2 was preloaded using link preload but not used within a few seconds from the window's load event. Please make sure it has an appropriate `as` value and it is preloaded intentionally. @ http://localhost:3001/en/dashboard:0
[ 4246377ms] [WARNING] The resource http://localhost:3001/_next/static/media/e2334d715941921e-s.p.d82a9aff.woff2 was preloaded using link preload but not used within a few seconds from the window's load event. Please make sure it has an appropriate `as` value and it is preloaded intentionally. @ http://localhost:3001/en/dashboard:0
[ 4246377ms] [WARNING] The resource http://localhost:3001/_next/static/media/8c701f89af1c2d08-s.p.8e889423.woff2 was preloaded using link preload but not used within a few seconds from the window's load event. Please make sure it has an appropriate `as` value and it is preloaded intentionally. @ http://localhost:3001/en/dashboard:0
[ 4246377ms] [WARNING] The resource http://localhost:3001/_next/static/media/f30fd2e485acf1bc-s.p.3d1b066d.woff2 was preloaded using link preload but not used within a few seconds from the window's load event. Please make sure it has an appropriate `as` value and it is preloaded intentionally. @ http://localhost:3001/en/dashboard:0
[ 4246377ms] [WARNING] The resource http://localhost:3001/_next/static/media/a218039a3287bcfd-s.p.4a23d71b.woff2 was preloaded using link preload but not used within a few seconds from the window's load event. Please make sure it has an appropriate `as` value and it is preloaded intentionally. @ http://localhost:3001/en/dashboard:0
[ 4248397ms] [ERROR] Failed to load resource: net::ERR_INTERNET_DISCONNECTED @ https://generous-hagfish-7.clerk.accounts.dev/v1/client/sessions/sess_3FSEmikACldU79KaY5E4E3BYOC9/tokens?__clerk_api_version=2025-11-10&_clerk_js_version=5.126.0&__clerk_db_jwt=dvb_3FOOUfoQT9T6UmXtJa7tc2zjqQq:0
[ 4251400ms] [WARNING] The resource http://localhost:3001/_next/static/media/345c85a432359eed-s.p.eead68dd.woff2 was preloaded using link preload but not used within a few seconds from the window's load event. Please make sure it has an appropriate `as` value and it is preloaded intentionally. @ http://localhost:3001/en/dashboard:0
[ 4251400ms] [WARNING] The resource http://localhost:3001/_next/static/media/7ca057cce9853046-s.p.6a702554.woff2 was preloaded using link preload but not used within a few seconds from the window's load event. Please make sure it has an appropriate `as` value and it is preloaded intentionally. @ http://localhost:3001/en/dashboard:0
[ 4251400ms] [WARNING] The resource http://localhost:3001/_next/static/media/8e451580e5e95631-s.p.0e564e6e.woff2 was preloaded using link preload but not used within a few seconds from the window's load event. Please make sure it has an appropriate `as` value and it is preloaded intentionally. @ http://localhost:3001/en/dashboard:0
[ 4251400ms] [WARNING] The resource http://localhost:3001/_next/static/media/4b676bcffc00356a-s.p.c22aaca1.woff2 was preloaded using link preload but not used within a few seconds from the window's load event. Please make sure it has an appropriate `as` value and it is preloaded intentionally. @ http://localhost:3001/en/dashboard:0
[ 4251400ms] [WARNING] The resource http://localhost:3001/_next/static/media/47fe1b7cd6e6ed85-s.p.855a563b.woff2 was preloaded using link preload but not used within a few seconds from the window's load event. Please make sure it has an appropriate `as` value and it is preloaded intentionally. @ http://localhost:3001/en/dashboard:0
[ 4251400ms] [WARNING] The resource http://localhost:3001/_next/static/media/d54db18e8cd5f74f-s.p.0e8eb956.woff2 was preloaded using link preload but not used within a few seconds from the window's load event. Please make sure it has an appropriate `as` value and it is preloaded intentionally. @ http://localhost:3001/en/dashboard:0
[ 4251401ms] [WARNING] The resource http://localhost:3001/_next/static/media/48e6fa8a5baca31f-s.p.33d01b36.woff2 was preloaded using link preload but not used within a few seconds from the window's load event. Please make sure it has an appropriate `as` value and it is preloaded intentionally. @ http://localhost:3001/en/dashboard:0
[ 4251401ms] [WARNING] The resource http://localhost:3001/_next/static/media/8e6fa89aa22d24ec-s.p.3aec397d.woff2 was preloaded using link preload but not used within a few seconds from the window's load event. Please make sure it has an appropriate `as` value and it is preloaded intentionally. @ http://localhost:3001/en/dashboard:0
[ 4251401ms] [WARNING] The resource http://localhost:3001/_next/static/media/e2334d715941921e-s.p.d82a9aff.woff2 was preloaded using link preload but not used within a few seconds from the window's load event. Please make sure it has an appropriate `as` value and it is preloaded intentionally. @ http://localhost:3001/en/dashboard:0
[ 4251401ms] [WARNING] The resource http://localhost:3001/_next/static/media/8c701f89af1c2d08-s.p.8e889423.woff2 was preloaded using link preload but not used within a few seconds from the window's load event. Please make sure it has an appropriate `as` value and it is preloaded intentionally. @ http://localhost:3001/en/dashboard:0
[ 4251401ms] [WARNING] The resource http://localhost:3001/_next/static/media/f30fd2e485acf1bc-s.p.3d1b066d.woff2 was preloaded using link preload but not used within a few seconds from the window's load event. Please make sure it has an appropriate `as` value and it is preloaded intentionally. @ http://localhost:3001/en/dashboard:0
[ 4251401ms] [WARNING] The resource http://localhost:3001/_next/static/media/a218039a3287bcfd-s.p.4a23d71b.woff2 was preloaded using link preload but not used within a few seconds from the window's load event. Please make sure it has an appropriate `as` value and it is preloaded intentionally. @ http://localhost:3001/en/dashboard:0
[ 4258871ms] [WARNING] The resource http://localhost:3001/_next/static/media/345c85a432359eed-s.p.eead68dd.woff2 was preloaded using link preload but not used within a few seconds from the window's load event. Please make sure it has an appropriate `as` value and it is preloaded intentionally. @ http://localhost:3001/en/dashboard:0
[ 4258872ms] [WARNING] The resource http://localhost:3001/_next/static/media/7ca057cce9853046-s.p.6a702554.woff2 was preloaded using link preload but not used within a few seconds from the window's load event. Please make sure it has an appropriate `as` value and it is preloaded intentionally. @ http://localhost:3001/en/dashboard:0
[ 4258872ms] [WARNING] The resource http://localhost:3001/_next/static/media/8e451580e5e95631-s.p.0e564e6e.woff2 was preloaded using link preload but not used within a few seconds from the window's load event. Please make sure it has an appropriate `as` value and it is preloaded intentionally. @ http://localhost:3001/en/dashboard:0
[ 4258872ms] [WARNING] The resource http://localhost:3001/_next/static/media/4b676bcffc00356a-s.p.c22aaca1.woff2 was preloaded using link preload but not used within a few seconds from the window's load event. Please make sure it has an appropriate `as` value and it is preloaded intentionally. @ http://localhost:3001/en/dashboard:0
[ 4258872ms] [WARNING] The resource http://localhost:3001/_next/static/media/47fe1b7cd6e6ed85-s.p.855a563b.woff2 was preloaded using link preload but not used within a few seconds from the window's load event. Please make sure it has an appropriate `as` value and it is preloaded intentionally. @ http://localhost:3001/en/dashboard:0
[ 4258872ms] [WARNING] The resource http://localhost:3001/_next/static/media/d54db18e8cd5f74f-s.p.0e8eb956.woff2 was preloaded using link preload but not used within a few seconds from the window's load event. Please make sure it has an appropriate `as` value and it is preloaded intentionally. @ http://localhost:3001/en/dashboard:0
[ 4258872ms] [WARNING] The resource http://localhost:3001/_next/static/media/48e6fa8a5baca31f-s.p.33d01b36.woff2 was preloaded using link preload but not used within a few seconds from the window's load event. Please make sure it has an appropriate `as` value and it is preloaded intentionally. @ http://localhost:3001/en/dashboard:0
[ 4258872ms] [WARNING] The resource http://localhost:3001/_next/static/media/8e6fa89aa22d24ec-s.p.3aec397d.woff2 was preloaded using link preload but not used within a few seconds from the window's load event. Please make sure it has an appropriate `as` value and it is preloaded intentionally. @ http://localhost:3001/en/dashboard:0
[ 4258872ms] [WARNING] The resource http://localhost:3001/_next/static/media/e2334d715941921e-s.p.d82a9aff.woff2 was preloaded using link preload but not used within a few seconds from the window's load event. Please make sure it has an appropriate `as` value and it is preloaded intentionally. @ http://localhost:3001/en/dashboard:0
[ 4258872ms] [WARNING] The resource http://localhost:3001/_next/static/media/8c701f89af1c2d08-s.p.8e889423.woff2 was preloaded using link preload but not used within a few seconds from the window's load event. Please make sure it has an appropriate `as` value and it is preloaded intentionally. @ http://localhost:3001/en/dashboard:0
[ 4258872ms] [WARNING] The resource http://localhost:3001/_next/static/media/f30fd2e485acf1bc-s.p.3d1b066d.woff2 was preloaded using link preload but not used within a few seconds from the window's load event. Please make sure it has an appropriate `as` value and it is preloaded intentionally. @ http://localhost:3001/en/dashboard:0
[ 4258872ms] [WARNING] The resource http://localhost:3001/_next/static/media/a218039a3287bcfd-s.p.4a23d71b.woff2 was preloaded using link preload but not used within a few seconds from the window's load event. Please make sure it has an appropriate `as` value and it is preloaded intentionally. @ http://localhost:3001/en/dashboard:0
[ 4299151ms] [ERROR] Failed to load resource: net::ERR_INTERNET_DISCONNECTED @ https://generous-hagfish-7.clerk.accounts.dev/v1/client/sessions/sess_3FSEmikACldU79KaY5E4E3BYOC9/tokens?__clerk_api_version=2025-11-10&_clerk_js_version=5.126.0&__clerk_db_jwt=dvb_3FOOUfoQT9T6UmXtJa7tc2zjqQq:0
[ 4302154ms] [WARNING] The resource http://localhost:3001/_next/static/media/345c85a432359eed-s.p.eead68dd.woff2 was preloaded using link preload but not used within a few seconds from the window's load event. Please make sure it has an appropriate `as` value and it is preloaded intentionally. @ http://localhost:3001/en/dashboard:0
[ 4302154ms] [WARNING] The resource http://localhost:3001/_next/static/media/7ca057cce9853046-s.p.6a702554.woff2 was preloaded using link preload but not used within a few seconds from the window's load event. Please make sure it has an appropriate `as` value and it is preloaded intentionally. @ http://localhost:3001/en/dashboard:0
[ 4302154ms] [WARNING] The resource http://localhost:3001/_next/static/media/8e451580e5e95631-s.p.0e564e6e.woff2 was preloaded using link preload but not used within a few seconds from the window's load event. Please make sure it has an appropriate `as` value and it is preloaded intentionally. @ http://localhost:3001/en/dashboard:0
[ 4302154ms] [WARNING] The resource http://localhost:3001/_next/static/media/4b676bcffc00356a-s.p.c22aaca1.woff2 was preloaded using link preload but not used within a few seconds from the window's load event. Please make sure it has an appropriate `as` value and it is preloaded intentionally. @ http://localhost:3001/en/dashboard:0
[ 4302155ms] [WARNING] The resource http://localhost:3001/_next/static/media/47fe1b7cd6e6ed85-s.p.855a563b.woff2 was preloaded using link preload but not used within a few seconds from the window's load event. Please make sure it has an appropriate `as` value and it is preloaded intentionally. @ http://localhost:3001/en/dashboard:0
[ 4302155ms] [WARNING] The resource http://localhost:3001/_next/static/media/d54db18e8cd5f74f-s.p.0e8eb956.woff2 was preloaded using link preload but not used within a few seconds from the window's load event. Please make sure it has an appropriate `as` value and it is preloaded intentionally. @ http://localhost:3001/en/dashboard:0
[ 4302155ms] [WARNING] The resource http://localhost:3001/_next/static/media/48e6fa8a5baca31f-s.p.33d01b36.woff2 was preloaded using link preload but not used within a few seconds from the window's load event. Please make sure it has an appropriate `as` value and it is preloaded intentionally. @ http://localhost:3001/en/dashboard:0
[ 4302155ms] [WARNING] The resource http://localhost:3001/_next/static/media/8e6fa89aa22d24ec-s.p.3aec397d.woff2 was preloaded using link preload but not used within a few seconds from the window's load event. Please make sure it has an appropriate `as` value and it is preloaded intentionally. @ http://localhost:3001/en/dashboard:0
[ 4302155ms] [WARNING] The resource http://localhost:3001/_next/static/media/e2334d715941921e-s.p.d82a9aff.woff2 was preloaded using link preload but not used within a few seconds from the window's load event. Please make sure it has an appropriate `as` value and it is preloaded intentionally. @ http://localhost:3001/en/dashboard:0
[ 4302155ms] [WARNING] The resource http://localhost:3001/_next/static/media/8c701f89af1c2d08-s.p.8e889423.woff2 was preloaded using link preload but not used within a few seconds from the window's load event. Please make sure it has an appropriate `as` value and it is preloaded intentionally. @ http://localhost:3001/en/dashboard:0
[ 4302155ms] [WARNING] The resource http://localhost:3001/_next/static/media/f30fd2e485acf1bc-s.p.3d1b066d.woff2 was preloaded using link preload but not used within a few seconds from the window's load event. Please make sure it has an appropriate `as` value and it is preloaded intentionally. @ http://localhost:3001/en/dashboard:0
[ 4302155ms] [WARNING] The resource http://localhost:3001/_next/static/media/a218039a3287bcfd-s.p.4a23d71b.woff2 was preloaded using link preload but not used within a few seconds from the window's load event. Please make sure it has an appropriate `as` value and it is preloaded intentionally. @ http://localhost:3001/en/dashboard:0
[ 4304174ms] [ERROR] Failed to load resource: net::ERR_INTERNET_DISCONNECTED @ https://generous-hagfish-7.clerk.accounts.dev/v1/client/sessions/sess_3FSEmikACldU79KaY5E4E3BYOC9/tokens?__clerk_api_version=2025-11-10&_clerk_js_version=5.126.0&__clerk_db_jwt=dvb_3FOOUfoQT9T6UmXtJa7tc2zjqQq:0
[ 4306074ms] [LOG] [Fast Refresh] rebuilding @ http://localhost:3001/_next/static/chunks/f12ff_next_dist_95687940._.js:2302
[ 4306184ms] [LOG] [Fast Refresh] done in 210ms @ http://localhost:3001/_next/static/chunks/f12ff_next_dist_95687940._.js:2302
[ 4313010ms] [WARNING] The resource http://localhost:3001/_next/static/media/345c85a432359eed-s.p.eead68dd.woff2 was preloaded using link preload but not used within a few seconds from the window's load event. Please make sure it has an appropriate `as` value and it is preloaded intentionally. @ http://localhost:3001/en/dashboard:0
[ 4313011ms] [WARNING] The resource http://localhost:3001/_next/static/media/7ca057cce9853046-s.p.6a702554.woff2 was preloaded using link preload but not used within a few seconds from the window's load event. Please make sure it has an appropriate `as` value and it is preloaded intentionally. @ http://localhost:3001/en/dashboard:0
[ 4313011ms] [WARNING] The resource http://localhost:3001/_next/static/media/8e451580e5e95631-s.p.0e564e6e.woff2 was preloaded using link preload but not used within a few seconds from the window's load event. Please make sure it has an appropriate `as` value and it is preloaded intentionally. @ http://localhost:3001/en/dashboard:0
[ 4313011ms] [WARNING] The resource http://localhost:3001/_next/static/media/4b676bcffc00356a-s.p.c22aaca1.woff2 was preloaded using link preload but not used within a few seconds from the window's load event. Please make sure it has an appropriate `as` value and it is preloaded intentionally. @ http://localhost:3001/en/dashboard:0
[ 4313011ms] [WARNING] The resource http://localhost:3001/_next/static/media/47fe1b7cd6e6ed85-s.p.855a563b.woff2 was preloaded using link preload but not used within a few seconds from the window's load event. Please make sure it has an appropriate `as` value and it is preloaded intentionally. @ http://localhost:3001/en/dashboard:0
[ 4313011ms] [WARNING] The resource http://localhost:3001/_next/static/media/d54db18e8cd5f74f-s.p.0e8eb956.woff2 was preloaded using link preload but not used within a few seconds from the window's load event. Please make sure it has an appropriate `as` value and it is preloaded intentionally. @ http://localhost:3001/en/dashboard:0
[ 4313012ms] [WARNING] The resource http://localhost:3001/_next/static/media/48e6fa8a5baca31f-s.p.33d01b36.woff2 was preloaded using link preload but not used within a few seconds from the window's load event. Please make sure it has an appropriate `as` value and it is preloaded intentionally. @ http://localhost:3001/en/dashboard:0
[ 4313012ms] [WARNING] The resource http://localhost:3001/_next/static/media/8e6fa89aa22d24ec-s.p.3aec397d.woff2 was preloaded using link preload but not used within a few seconds from the window's load event. Please make sure it has an appropriate `as` value and it is preloaded intentionally. @ http://localhost:3001/en/dashboard:0
[ 4313012ms] [WARNING] The resource http://localhost:3001/_next/static/media/e2334d715941921e-s.p.d82a9aff.woff2 was preloaded using link preload but not used within a few seconds from the window's load event. Please make sure it has an appropriate `as` value and it is preloaded intentionally. @ http://localhost:3001/en/dashboard:0
[ 4313012ms] [WARNING] The resource http://localhost:3001/_next/static/media/8c701f89af1c2d08-s.p.8e889423.woff2 was preloaded using link preload but not used within a few seconds from the window's load event. Please make sure it has an appropriate `as` value and it is preloaded intentionally. @ http://localhost:3001/en/dashboard:0
[ 4313012ms] [WARNING] The resource http://localhost:3001/_next/static/media/f30fd2e485acf1bc-s.p.3d1b066d.woff2 was preloaded using link preload but not used within a few seconds from the window's load event. Please make sure it has an appropriate `as` value and it is preloaded intentionally. @ http://localhost:3001/en/dashboard:0
[ 4313012ms] [WARNING] The resource http://localhost:3001/_next/static/media/a218039a3287bcfd-s.p.4a23d71b.woff2 was preloaded using link preload but not used within a few seconds from the window's load event. Please make sure it has an appropriate `as` value and it is preloaded intentionally. @ http://localhost:3001/en/dashboard:0
[ 4340957ms] [WARNING] The resource http://localhost:3001/_next/static/media/345c85a432359eed-s.p.eead68dd.woff2 was preloaded using link preload but not used within a few seconds from the window's load event. Please make sure it has an appropriate `as` value and it is preloaded intentionally. @ http://localhost:3001/en/dashboard:0
[ 4340957ms] [WARNING] The resource http://localhost:3001/_next/static/media/7ca057cce9853046-s.p.6a702554.woff2 was preloaded using link preload but not used within a few seconds from the window's load event. Please make sure it has an appropriate `as` value and it is preloaded intentionally. @ http://localhost:3001/en/dashboard:0
[ 4340957ms] [WARNING] The resource http://localhost:3001/_next/static/media/8e451580e5e95631-s.p.0e564e6e.woff2 was preloaded using link preload but not used within a few seconds from the window's load event. Please make sure it has an appropriate `as` value and it is preloaded intentionally. @ http://localhost:3001/en/dashboard:0
[ 4340957ms] [WARNING] The resource http://localhost:3001/_next/static/media/4b676bcffc00356a-s.p.c22aaca1.woff2 was preloaded using link preload but not used within a few seconds from the window's load event. Please make sure it has an appropriate `as` value and it is preloaded intentionally. @ http://localhost:3001/en/dashboard:0
[ 4340957ms] [WARNING] The resource http://localhost:3001/_next/static/media/47fe1b7cd6e6ed85-s.p.855a563b.woff2 was preloaded using link preload but not used within a few seconds from the window's load event. Please make sure it has an appropriate `as` value and it is preloaded intentionally. @ http://localhost:3001/en/dashboard:0
[ 4340957ms] [WARNING] The resource http://localhost:3001/_next/static/media/d54db18e8cd5f74f-s.p.0e8eb956.woff2 was preloaded using link preload but not used within a few seconds from the window's load event. Please make sure it has an appropriate `as` value and it is preloaded intentionally. @ http://localhost:3001/en/dashboard:0
[ 4340957ms] [WARNING] The resource http://localhost:3001/_next/static/media/48e6fa8a5baca31f-s.p.33d01b36.woff2 was preloaded using link preload but not used within a few seconds from the window's load event. Please make sure it has an appropriate `as` value and it is preloaded intentionally. @ http://localhost:3001/en/dashboard:0
[ 4340958ms] [WARNING] The resource http://localhost:3001/_next/static/media/8e6fa89aa22d24ec-s.p.3aec397d.woff2 was preloaded using link preload but not used within a few seconds from the window's load event. Please make sure it has an appropriate `as` value and it is preloaded intentionally. @ http://localhost:3001/en/dashboard:0
[ 4340958ms] [WARNING] The resource http://localhost:3001/_next/static/media/e2334d715941921e-s.p.d82a9aff.woff2 was preloaded using link preload but not used within a few seconds from the window's load event. Please make sure it has an appropriate `as` value and it is preloaded intentionally. @ http://localhost:3001/en/dashboard:0
[ 4340958ms] [WARNING] The resource http://localhost:3001/_next/static/media/8c701f89af1c2d08-s.p.8e889423.woff2 was preloaded using link preload but not used within a few seconds from the window's load event. Please make sure it has an appropriate `as` value and it is preloaded intentionally. @ http://localhost:3001/en/dashboard:0
[ 4340958ms] [WARNING] The resource http://localhost:3001/_next/static/media/f30fd2e485acf1bc-s.p.3d1b066d.woff2 was preloaded using link preload but not used within a few seconds from the window's load event. Please make sure it has an appropriate `as` value and it is preloaded intentionally. @ http://localhost:3001/en/dashboard:0
[ 4340958ms] [WARNING] The resource http://localhost:3001/_next/static/media/a218039a3287bcfd-s.p.4a23d71b.woff2 was preloaded using link preload but not used within a few seconds from the window's load event. Please make sure it has an appropriate `as` value and it is preloaded intentionally. @ http://localhost:3001/en/dashboard:0
[ 6184034ms] [WARNING] The resource http://localhost:3001/_next/static/media/345c85a432359eed-s.p.eead68dd.woff2 was preloaded using link preload but not used within a few seconds from the window's load event. Please make sure it has an appropriate `as` value and it is preloaded intentionally. @ http://localhost:3001/en/dashboard:0
[ 6184035ms] [WARNING] The resource http://localhost:3001/_next/static/media/7ca057cce9853046-s.p.6a702554.woff2 was preloaded using link preload but not used within a few seconds from the window's load event. Please make sure it has an appropriate `as` value and it is preloaded intentionally. @ http://localhost:3001/en/dashboard:0
[ 6184036ms] [WARNING] The resource http://localhost:3001/_next/static/media/8e451580e5e95631-s.p.0e564e6e.woff2 was preloaded using link preload but not used within a few seconds from the window's load event. Please make sure it has an appropriate `as` value and it is preloaded intentionally. @ http://localhost:3001/en/dashboard:0
[ 6184036ms] [WARNING] The resource http://localhost:3001/_next/static/media/4b676bcffc00356a-s.p.c22aaca1.woff2 was preloaded using link preload but not used within a few seconds from the window's load event. Please make sure it has an appropriate `as` value and it is preloaded intentionally. @ http://localhost:3001/en/dashboard:0
[ 6184036ms] [WARNING] The resource http://localhost:3001/_next/static/media/47fe1b7cd6e6ed85-s.p.855a563b.woff2 was preloaded using link preload but not used within a few seconds from the window's load event. Please make sure it has an appropriate `as` value and it is preloaded intentionally. @ http://localhost:3001/en/dashboard:0
[ 6184036ms] [WARNING] The resource http://localhost:3001/_next/static/media/d54db18e8cd5f74f-s.p.0e8eb956.woff2 was preloaded using link preload but not used within a few seconds from the window's load event. Please make sure it has an appropriate `as` value and it is preloaded intentionally. @ http://localhost:3001/en/dashboard:0
[ 6184036ms] [WARNING] The resource http://localhost:3001/_next/static/media/48e6fa8a5baca31f-s.p.33d01b36.woff2 was preloaded using link preload but not used within a few seconds from the window's load event. Please make sure it has an appropriate `as` value and it is preloaded intentionally. @ http://localhost:3001/en/dashboard:0
[ 6184037ms] [WARNING] The resource http://localhost:3001/_next/static/media/8e6fa89aa22d24ec-s.p.3aec397d.woff2 was preloaded using link preload but not used within a few seconds from the window's load event. Please make sure it has an appropriate `as` value and it is preloaded intentionally. @ http://localhost:3001/en/dashboard:0
[ 6184037ms] [WARNING] The resource http://localhost:3001/_next/static/media/e2334d715941921e-s.p.d82a9aff.woff2 was preloaded using link preload but not used within a few seconds from the window's load event. Please make sure it has an appropriate `as` value and it is preloaded intentionally. @ http://localhost:3001/en/dashboard:0
[ 6184037ms] [WARNING] The resource http://localhost:3001/_next/static/media/8c701f89af1c2d08-s.p.8e889423.woff2 was preloaded using link preload but not used within a few seconds from the window's load event. Please make sure it has an appropriate `as` value and it is preloaded intentionally. @ http://localhost:3001/en/dashboard:0
[ 6184037ms] [WARNING] The resource http://localhost:3001/_next/static/media/f30fd2e485acf1bc-s.p.3d1b066d.woff2 was preloaded using link preload but not used within a few seconds from the window's load event. Please make sure it has an appropriate `as` value and it is preloaded intentionally. @ http://localhost:3001/en/dashboard:0
[ 6184037ms] [WARNING] The resource http://localhost:3001/_next/static/media/a218039a3287bcfd-s.p.4a23d71b.woff2 was preloaded using link preload but not used within a few seconds from the window's load event. Please make sure it has an appropriate `as` value and it is preloaded intentionally. @ http://localhost:3001/en/dashboard:0
[ 6414749ms] [WARNING] The resource http://localhost:3001/_next/static/media/345c85a432359eed-s.p.eead68dd.woff2 was preloaded using link preload but not used within a few seconds from the window's load event. Please make sure it has an appropriate `as` value and it is preloaded intentionally. @ http://localhost:3001/en/dashboard:0
[ 6414752ms] [WARNING] The resource http://localhost:3001/_next/static/media/7ca057cce9853046-s.p.6a702554.woff2 was preloaded using link preload but not used within a few seconds from the window's load event. Please make sure it has an appropriate `as` value and it is preloaded intentionally. @ http://localhost:3001/en/dashboard:0
[ 6414752ms] [WARNING] The resource http://localhost:3001/_next/static/media/8e451580e5e95631-s.p.0e564e6e.woff2 was preloaded using link preload but not used within a few seconds from the window's load event. Please make sure it has an appropriate `as` value and it is preloaded intentionally. @ http://localhost:3001/en/dashboard:0
[ 6414752ms] [WARNING] The resource http://localhost:3001/_next/static/media/4b676bcffc00356a-s.p.c22aaca1.woff2 was preloaded using link preload but not used within a few seconds from the window's load event. Please make sure it has an appropriate `as` value and it is preloaded intentionally. @ http://localhost:3001/en/dashboard:0
[ 6414752ms] [WARNING] The resource http://localhost:3001/_next/static/media/47fe1b7cd6e6ed85-s.p.855a563b.woff2 was preloaded using link preload but not used within a few seconds from the window's load event. Please make sure it has an appropriate `as` value and it is preloaded intentionally. @ http://localhost:3001/en/dashboard:0
[ 6414752ms] [WARNING] The resource http://localhost:3001/_next/static/media/d54db18e8cd5f74f-s.p.0e8eb956.woff2 was preloaded using link preload but not used within a few seconds from the window's load event. Please make sure it has an appropriate `as` value and it is preloaded intentionally. @ http://localhost:3001/en/dashboard:0
[ 6414752ms] [WARNING] The resource http://localhost:3001/_next/static/media/48e6fa8a5baca31f-s.p.33d01b36.woff2 was preloaded using link preload but not used within a few seconds from the window's load event. Please make sure it has an appropriate `as` value and it is preloaded intentionally. @ http://localhost:3001/en/dashboard:0
[ 6414752ms] [WARNING] The resource http://localhost:3001/_next/static/media/8e6fa89aa22d24ec-s.p.3aec397d.woff2 was preloaded using link preload but not used within a few seconds from the window's load event. Please make sure it has an appropriate `as` value and it is preloaded intentionally. @ http://localhost:3001/en/dashboard:0
[ 6414752ms] [WARNING] The resource http://localhost:3001/_next/static/media/e2334d715941921e-s.p.d82a9aff.woff2 was preloaded using link preload but not used within a few seconds from the window's load event. Please make sure it has an appropriate `as` value and it is preloaded intentionally. @ http://localhost:3001/en/dashboard:0
[ 6414752ms] [WARNING] The resource http://localhost:3001/_next/static/media/8c701f89af1c2d08-s.p.8e889423.woff2 was preloaded using link preload but not used within a few seconds from the window's load event. Please make sure it has an appropriate `as` value and it is preloaded intentionally. @ http://localhost:3001/en/dashboard:0
[ 6414752ms] [WARNING] The resource http://localhost:3001/_next/static/media/f30fd2e485acf1bc-s.p.3d1b066d.woff2 was preloaded using link preload but not used within a few seconds from the window's load event. Please make sure it has an appropriate `as` value and it is preloaded intentionally. @ http://localhost:3001/en/dashboard:0
[ 6414752ms] [WARNING] The resource http://localhost:3001/_next/static/media/a218039a3287bcfd-s.p.4a23d71b.woff2 was preloaded using link preload but not used within a few seconds from the window's load event. Please make sure it has an appropriate `as` value and it is preloaded intentionally. @ http://localhost:3001/en/dashboard:0
[ 6424217ms] [WARNING] The resource http://localhost:3001/_next/static/media/345c85a432359eed-s.p.eead68dd.woff2 was preloaded using link preload but not used within a few seconds from the window's load event. Please make sure it has an appropriate `as` value and it is preloaded intentionally. @ http://localhost:3001/en/dashboard:0
[ 6424217ms] [WARNING] The resource http://localhost:3001/_next/static/media/7ca057cce9853046-s.p.6a702554.woff2 was preloaded using link preload but not used within a few seconds from the window's load event. Please make sure it has an appropriate `as` value and it is preloaded intentionally. @ http://localhost:3001/en/dashboard:0
[ 6424217ms] [WARNING] The resource http://localhost:3001/_next/static/media/8e451580e5e95631-s.p.0e564e6e.woff2 was preloaded using link preload but not used within a few seconds from the window's load event. Please make sure it has an appropriate `as` value and it is preloaded intentionally. @ http://localhost:3001/en/dashboard:0
[ 6424217ms] [WARNING] The resource http://localhost:3001/_next/static/media/4b676bcffc00356a-s.p.c22aaca1.woff2 was preloaded using link preload but not used within a few seconds from the window's load event. Please make sure it has an appropriate `as` value and it is preloaded intentionally. @ http://localhost:3001/en/dashboard:0
[ 6424217ms] [WARNING] The resource http://localhost:3001/_next/static/media/47fe1b7cd6e6ed85-s.p.855a563b.woff2 was preloaded using link preload but not used within a few seconds from the window's load event. Please make sure it has an appropriate `as` value and it is preloaded intentionally. @ http://localhost:3001/en/dashboard:0
[ 6424217ms] [WARNING] The resource http://localhost:3001/_next/static/media/d54db18e8cd5f74f-s.p.0e8eb956.woff2 was preloaded using link preload but not used within a few seconds from the window's load event. Please make sure it has an appropriate `as` value and it is preloaded intentionally. @ http://localhost:3001/en/dashboard:0
[ 6424217ms] [WARNING] The resource http://localhost:3001/_next/static/media/48e6fa8a5baca31f-s.p.33d01b36.woff2 was preloaded using link preload but not used within a few seconds from the window's load event. Please make sure it has an appropriate `as` value and it is preloaded intentionally. @ http://localhost:3001/en/dashboard:0
[ 6424217ms] [WARNING] The resource http://localhost:3001/_next/static/media/8e6fa89aa22d24ec-s.p.3aec397d.woff2 was preloaded using link preload but not used within a few seconds from the window's load event. Please make sure it has an appropriate `as` value and it is preloaded intentionally. @ http://localhost:3001/en/dashboard:0
[ 6424217ms] [WARNING] The resource http://localhost:3001/_next/static/media/e2334d715941921e-s.p.d82a9aff.woff2 was preloaded using link preload but not used within a few seconds from the window's load event. Please make sure it has an appropriate `as` value and it is preloaded intentionally. @ http://localhost:3001/en/dashboard:0
[ 6424217ms] [WARNING] The resource http://localhost:3001/_next/static/media/8c701f89af1c2d08-s.p.8e889423.woff2 was preloaded using link preload but not used within a few seconds from the window's load event. Please make sure it has an appropriate `as` value and it is preloaded intentionally. @ http://localhost:3001/en/dashboard:0
[ 6424217ms] [WARNING] The resource http://localhost:3001/_next/static/media/f30fd2e485acf1bc-s.p.3d1b066d.woff2 was preloaded using link preload but not used within a few seconds from the window's load event. Please make sure it has an appropriate `as` value and it is preloaded intentionally. @ http://localhost:3001/en/dashboard:0
[ 6424217ms] [WARNING] The resource http://localhost:3001/_next/static/media/a218039a3287bcfd-s.p.4a23d71b.woff2 was preloaded using link preload but not used within a few seconds from the window's load event. Please make sure it has an appropriate `as` value and it is preloaded intentionally. @ http://localhost:3001/en/dashboard:0
[ 6460834ms] [WARNING] The resource http://localhost:3001/_next/static/media/345c85a432359eed-s.p.eead68dd.woff2 was preloaded using link preload but not used within a few seconds from the window's load event. Please make sure it has an appropriate `as` value and it is preloaded intentionally. @ http://localhost:3001/en/dashboard:0
[ 6460836ms] [WARNING] The resource http://localhost:3001/_next/static/media/7ca057cce9853046-s.p.6a702554.woff2 was preloaded using link preload but not used within a few seconds from the window's load event. Please make sure it has an appropriate `as` value and it is preloaded intentionally. @ http://localhost:3001/en/dashboard:0
[ 6460836ms] [WARNING] The resource http://localhost:3001/_next/static/media/8e451580e5e95631-s.p.0e564e6e.woff2 was preloaded using link preload but not used within a few seconds from the window's load event. Please make sure it has an appropriate `as` value and it is preloaded intentionally. @ http://localhost:3001/en/dashboard:0
[ 6460836ms] [WARNING] The resource http://localhost:3001/_next/static/media/4b676bcffc00356a-s.p.c22aaca1.woff2 was preloaded using link preload but not used within a few seconds from the window's load event. Please make sure it has an appropriate `as` value and it is preloaded intentionally. @ http://localhost:3001/en/dashboard:0
[ 6460836ms] [WARNING] The resource http://localhost:3001/_next/static/media/47fe1b7cd6e6ed85-s.p.855a563b.woff2 was preloaded using link preload but not used within a few seconds from the window's load event. Please make sure it has an appropriate `as` value and it is preloaded intentionally. @ http://localhost:3001/en/dashboard:0
[ 6460836ms] [WARNING] The resource http://localhost:3001/_next/static/media/d54db18e8cd5f74f-s.p.0e8eb956.woff2 was preloaded using link preload but not used within a few seconds from the window's load event. Please make sure it has an appropriate `as` value and it is preloaded intentionally. @ http://localhost:3001/en/dashboard:0
[ 6460836ms] [WARNING] The resource http://localhost:3001/_next/static/media/48e6fa8a5baca31f-s.p.33d01b36.woff2 was preloaded using link preload but not used within a few seconds from the window's load event. Please make sure it has an appropriate `as` value and it is preloaded intentionally. @ http://localhost:3001/en/dashboard:0
[ 6460836ms] [WARNING] The resource http://localhost:3001/_next/static/media/8e6fa89aa22d24ec-s.p.3aec397d.woff2 was preloaded using link preload but not used within a few seconds from the window's load event. Please make sure it has an appropriate `as` value and it is preloaded intentionally. @ http://localhost:3001/en/dashboard:0
[ 6460836ms] [WARNING] The resource http://localhost:3001/_next/static/media/e2334d715941921e-s.p.d82a9aff.woff2 was preloaded using link preload but not used within a few seconds from the window's load event. Please make sure it has an appropriate `as` value and it is preloaded intentionally. @ http://localhost:3001/en/dashboard:0
[ 6460836ms] [WARNING] The resource http://localhost:3001/_next/static/media/8c701f89af1c2d08-s.p.8e889423.woff2 was preloaded using link preload but not used within a few seconds from the window's load event. Please make sure it has an appropriate `as` value and it is preloaded intentionally. @ http://localhost:3001/en/dashboard:0
[ 6460836ms] [WARNING] The resource http://localhost:3001/_next/static/media/f30fd2e485acf1bc-s.p.3d1b066d.woff2 was preloaded using link preload but not used within a few seconds from the window's load event. Please make sure it has an appropriate `as` value and it is preloaded intentionally. @ http://localhost:3001/en/dashboard:0
[ 6460836ms] [WARNING] The resource http://localhost:3001/_next/static/media/a218039a3287bcfd-s.p.4a23d71b.woff2 was preloaded using link preload but not used within a few seconds from the window's load event. Please make sure it has an appropriate `as` value and it is preloaded intentionally. @ http://localhost:3001/en/dashboard:0
[ 6481586ms] [LOG] [Fast Refresh] rebuilding @ http://localhost:3001/_next/static/chunks/f12ff_next_dist_95687940._.js:2302
[ 6481634ms] [LOG] [Fast Refresh] done in 149ms @ http://localhost:3001/_next/static/chunks/f12ff_next_dist_95687940._.js:2302
[ 6484814ms] [WARNING] The resource http://localhost:3001/_next/static/media/345c85a432359eed-s.p.eead68dd.woff2 was preloaded using link preload but not used within a few seconds from the window's load event. Please make sure it has an appropriate `as` value and it is preloaded intentionally. @ http://localhost:3001/en/dashboard:0
[ 6484815ms] [WARNING] The resource http://localhost:3001/_next/static/media/7ca057cce9853046-s.p.6a702554.woff2 was preloaded using link preload but not used within a few seconds from the window's load event. Please make sure it has an appropriate `as` value and it is preloaded intentionally. @ http://localhost:3001/en/dashboard:0
[ 6484815ms] [WARNING] The resource http://localhost:3001/_next/static/media/8e451580e5e95631-s.p.0e564e6e.woff2 was preloaded using link preload but not used within a few seconds from the window's load event. Please make sure it has an appropriate `as` value and it is preloaded intentionally. @ http://localhost:3001/en/dashboard:0
[ 6484815ms] [WARNING] The resource http://localhost:3001/_next/static/media/4b676bcffc00356a-s.p.c22aaca1.woff2 was preloaded using link preload but not used within a few seconds from the window's load event. Please make sure it has an appropriate `as` value and it is preloaded intentionally. @ http://localhost:3001/en/dashboard:0
[ 6484815ms] [WARNING] The resource http://localhost:3001/_next/static/media/47fe1b7cd6e6ed85-s.p.855a563b.woff2 was preloaded using link preload but not used within a few seconds from the window's load event. Please make sure it has an appropriate `as` value and it is preloaded intentionally. @ http://localhost:3001/en/dashboard:0
[ 6484815ms] [WARNING] The resource http://localhost:3001/_next/static/media/d54db18e8cd5f74f-s.p.0e8eb956.woff2 was preloaded using link preload but not used within a few seconds from the window's load event. Please make sure it has an appropriate `as` value and it is preloaded intentionally. @ http://localhost:3001/en/dashboard:0
[ 6484816ms] [WARNING] The resource http://localhost:3001/_next/static/media/48e6fa8a5baca31f-s.p.33d01b36.woff2 was preloaded using link preload but not used within a few seconds from the window's load event. Please make sure it has an appropriate `as` value and it is preloaded intentionally. @ http://localhost:3001/en/dashboard:0
[ 6484816ms] [WARNING] The resource http://localhost:3001/_next/static/media/8e6fa89aa22d24ec-s.p.3aec397d.woff2 was preloaded using link preload but not used within a few seconds from the window's load event. Please make sure it has an appropriate `as` value and it is preloaded intentionally. @ http://localhost:3001/en/dashboard:0
[ 6484816ms] [WARNING] The resource http://localhost:3001/_next/static/media/e2334d715941921e-s.p.d82a9aff.woff2 was preloaded using link preload but not used within a few seconds from the window's load event. Please make sure it has an appropriate `as` value and it is preloaded intentionally. @ http://localhost:3001/en/dashboard:0
[ 6484816ms] [WARNING] The resource http://localhost:3001/_next/static/media/8c701f89af1c2d08-s.p.8e889423.woff2 was preloaded using link preload but not used within a few seconds from the window's load event. Please make sure it has an appropriate `as` value and it is preloaded intentionally. @ http://localhost:3001/en/dashboard:0
[ 6484816ms] [WARNING] The resource http://localhost:3001/_next/static/media/f30fd2e485acf1bc-s.p.3d1b066d.woff2 was preloaded using link preload but not used within a few seconds from the window's load event. Please make sure it has an appropriate `as` value and it is preloaded intentionally. @ http://localhost:3001/en/dashboard:0
[ 6484816ms] [WARNING] The resource http://localhost:3001/_next/static/media/a218039a3287bcfd-s.p.4a23d71b.woff2 was preloaded using link preload but not used within a few seconds from the window's load event. Please make sure it has an appropriate `as` value and it is preloaded intentionally. @ http://localhost:3001/en/dashboard:0
[ 6506719ms] [WARNING] The resource http://localhost:3001/_next/static/media/345c85a432359eed-s.p.eead68dd.woff2 was preloaded using link preload but not used within a few seconds from the window's load event. Please make sure it has an appropriate `as` value and it is preloaded intentionally. @ http://localhost:3001/en/dashboard:0
[ 6506719ms] [WARNING] The resource http://localhost:3001/_next/static/media/7ca057cce9853046-s.p.6a702554.woff2 was preloaded using link preload but not used within a few seconds from the window's load event. Please make sure it has an appropriate `as` value and it is preloaded intentionally. @ http://localhost:3001/en/dashboard:0
[ 6506719ms] [WARNING] The resource http://localhost:3001/_next/static/media/8e451580e5e95631-s.p.0e564e6e.woff2 was preloaded using link preload but not used within a few seconds from the window's load event. Please make sure it has an appropriate `as` value and it is preloaded intentionally. @ http://localhost:3001/en/dashboard:0
[ 6506719ms] [WARNING] The resource http://localhost:3001/_next/static/media/4b676bcffc00356a-s.p.c22aaca1.woff2 was preloaded using link preload but not used within a few seconds from the window's load event. Please make sure it has an appropriate `as` value and it is preloaded intentionally. @ http://localhost:3001/en/dashboard:0
[ 6506719ms] [WARNING] The resource http://localhost:3001/_next/static/media/47fe1b7cd6e6ed85-s.p.855a563b.woff2 was preloaded using link preload but not used within a few seconds from the window's load event. Please make sure it has an appropriate `as` value and it is preloaded intentionally. @ http://localhost:3001/en/dashboard:0
[ 6506719ms] [WARNING] The resource http://localhost:3001/_next/static/media/d54db18e8cd5f74f-s.p.0e8eb956.woff2 was preloaded using link preload but not used within a few seconds from the window's load event. Please make sure it has an appropriate `as` value and it is preloaded intentionally. @ http://localhost:3001/en/dashboard:0
[ 6506719ms] [WARNING] The resource http://localhost:3001/_next/static/media/48e6fa8a5baca31f-s.p.33d01b36.woff2 was preloaded using link preload but not used within a few seconds from the window's load event. Please make sure it has an appropriate `as` value and it is preloaded intentionally. @ http://localhost:3001/en/dashboard:0
[ 6506719ms] [WARNING] The resource http://localhost:3001/_next/static/media/8e6fa89aa22d24ec-s.p.3aec397d.woff2 was preloaded using link preload but not used within a few seconds from the window's load event. Please make sure it has an appropriate `as` value and it is preloaded intentionally. @ http://localhost:3001/en/dashboard:0
[ 6506719ms] [WARNING] The resource http://localhost:3001/_next/static/media/e2334d715941921e-s.p.d82a9aff.woff2 was preloaded using link preload but not used within a few seconds from the window's load event. Please make sure it has an appropriate `as` value and it is preloaded intentionally. @ http://localhost:3001/en/dashboard:0
[ 6506719ms] [WARNING] The resource http://localhost:3001/_next/static/media/8c701f89af1c2d08-s.p.8e889423.woff2 was preloaded using link preload but not used within a few seconds from the window's load event. Please make sure it has an appropriate `as` value and it is preloaded intentionally. @ http://localhost:3001/en/dashboard:0
[ 6506719ms] [WARNING] The resource http://localhost:3001/_next/static/media/f30fd2e485acf1bc-s.p.3d1b066d.woff2 was preloaded using link preload but not used within a few seconds from the window's load event. Please make sure it has an appropriate `as` value and it is preloaded intentionally. @ http://localhost:3001/en/dashboard:0
[ 6506719ms] [WARNING] The resource http://localhost:3001/_next/static/media/a218039a3287bcfd-s.p.4a23d71b.woff2 was preloaded using link preload but not used within a few seconds from the window's load event. Please make sure it has an appropriate `as` value and it is preloaded intentionally. @ http://localhost:3001/en/dashboard:0
[ 6545016ms] [WARNING] The resource http://localhost:3001/_next/static/media/345c85a432359eed-s.p.eead68dd.woff2 was preloaded using link preload but not used within a few seconds from the window's load event. Please make sure it has an appropriate `as` value and it is preloaded intentionally. @ http://localhost:3001/en/dashboard:0
[ 6545017ms] [WARNING] The resource http://localhost:3001/_next/static/media/7ca057cce9853046-s.p.6a702554.woff2 was preloaded using link preload but not used within a few seconds from the window's load event. Please make sure it has an appropriate `as` value and it is preloaded intentionally. @ http://localhost:3001/en/dashboard:0
[ 6545017ms] [WARNING] The resource http://localhost:3001/_next/static/media/8e451580e5e95631-s.p.0e564e6e.woff2 was preloaded using link preload but not used within a few seconds from the window's load event. Please make sure it has an appropriate `as` value and it is preloaded intentionally. @ http://localhost:3001/en/dashboard:0
[ 6545017ms] [WARNING] The resource http://localhost:3001/_next/static/media/4b676bcffc00356a-s.p.c22aaca1.woff2 was preloaded using link preload but not used within a few seconds from the window's load event. Please make sure it has an appropriate `as` value and it is preloaded intentionally. @ http://localhost:3001/en/dashboard:0
[ 6545017ms] [WARNING] The resource http://localhost:3001/_next/static/media/47fe1b7cd6e6ed85-s.p.855a563b.woff2 was preloaded using link preload but not used within a few seconds from the window's load event. Please make sure it has an appropriate `as` value and it is preloaded intentionally. @ http://localhost:3001/en/dashboard:0
[ 6545017ms] [WARNING] The resource http://localhost:3001/_next/static/media/d54db18e8cd5f74f-s.p.0e8eb956.woff2 was preloaded using link preload but not used within a few seconds from the window's load event. Please make sure it has an appropriate `as` value and it is preloaded intentionally. @ http://localhost:3001/en/dashboard:0
[ 6545017ms] [WARNING] The resource http://localhost:3001/_next/static/media/48e6fa8a5baca31f-s.p.33d01b36.woff2 was preloaded using link preload but not used within a few seconds from the window's load event. Please make sure it has an appropriate `as` value and it is preloaded intentionally. @ http://localhost:3001/en/dashboard:0
[ 6545017ms] [WARNING] The resource http://localhost:3001/_next/static/media/8e6fa89aa22d24ec-s.p.3aec397d.woff2 was preloaded using link preload but not used within a few seconds from the window's load event. Please make sure it has an appropriate `as` value and it is preloaded intentionally. @ http://localhost:3001/en/dashboard:0
[ 6545017ms] [WARNING] The resource http://localhost:3001/_next/static/media/e2334d715941921e-s.p.d82a9aff.woff2 was preloaded using link preload but not used within a few seconds from the window's load event. Please make sure it has an appropriate `as` value and it is preloaded intentionally. @ http://localhost:3001/en/dashboard:0
[ 6545017ms] [WARNING] The resource http://localhost:3001/_next/static/media/8c701f89af1c2d08-s.p.8e889423.woff2 was preloaded using link preload but not used within a few seconds from the window's load event. Please make sure it has an appropriate `as` value and it is preloaded intentionally. @ http://localhost:3001/en/dashboard:0
[ 6545017ms] [WARNING] The resource http://localhost:3001/_next/static/media/f30fd2e485acf1bc-s.p.3d1b066d.woff2 was preloaded using link preload but not used within a few seconds from the window's load event. Please make sure it has an appropriate `as` value and it is preloaded intentionally. @ http://localhost:3001/en/dashboard:0
[ 6545017ms] [WARNING] The resource http://localhost:3001/_next/static/media/a218039a3287bcfd-s.p.4a23d71b.woff2 was preloaded using link preload but not used within a few seconds from the window's load event. Please make sure it has an appropriate `as` value and it is preloaded intentionally. @ http://localhost:3001/en/dashboard:0
[ 6552428ms] [WARNING] The resource http://localhost:3001/_next/static/media/345c85a432359eed-s.p.eead68dd.woff2 was preloaded using link preload but not used within a few seconds from the window's load event. Please make sure it has an appropriate `as` value and it is preloaded intentionally. @ http://localhost:3001/en/dashboard:0
[ 6552428ms] [WARNING] The resource http://localhost:3001/_next/static/media/7ca057cce9853046-s.p.6a702554.woff2 was preloaded using link preload but not used within a few seconds from the window's load event. Please make sure it has an appropriate `as` value and it is preloaded intentionally. @ http://localhost:3001/en/dashboard:0
[ 6552428ms] [WARNING] The resource http://localhost:3001/_next/static/media/8e451580e5e95631-s.p.0e564e6e.woff2 was preloaded using link preload but not used within a few seconds from the window's load event. Please make sure it has an appropriate `as` value and it is preloaded intentionally. @ http://localhost:3001/en/dashboard:0
[ 6552428ms] [WARNING] The resource http://localhost:3001/_next/static/media/4b676bcffc00356a-s.p.c22aaca1.woff2 was preloaded using link preload but not used within a few seconds from the window's load event. Please make sure it has an appropriate `as` value and it is preloaded intentionally. @ http://localhost:3001/en/dashboard:0
[ 6552428ms] [WARNING] The resource http://localhost:3001/_next/static/media/47fe1b7cd6e6ed85-s.p.855a563b.woff2 was preloaded using link preload but not used within a few seconds from the window's load event. Please make sure it has an appropriate `as` value and it is preloaded intentionally. @ http://localhost:3001/en/dashboard:0
[ 6552428ms] [WARNING] The resource http://localhost:3001/_next/static/media/d54db18e8cd5f74f-s.p.0e8eb956.woff2 was preloaded using link preload but not used within a few seconds from the window's load event. Please make sure it has an appropriate `as` value and it is preloaded intentionally. @ http://localhost:3001/en/dashboard:0
[ 6552428ms] [WARNING] The resource http://localhost:3001/_next/static/media/48e6fa8a5baca31f-s.p.33d01b36.woff2 was preloaded using link preload but not used within a few seconds from the window's load event. Please make sure it has an appropriate `as` value and it is preloaded intentionally. @ http://localhost:3001/en/dashboard:0
[ 6552428ms] [WARNING] The resource http://localhost:3001/_next/static/media/8e6fa89aa22d24ec-s.p.3aec397d.woff2 was preloaded using link preload but not used within a few seconds from the window's load event. Please make sure it has an appropriate `as` value and it is preloaded intentionally. @ http://localhost:3001/en/dashboard:0
[ 6552428ms] [WARNING] The resource http://localhost:3001/_next/static/media/e2334d715941921e-s.p.d82a9aff.woff2 was preloaded using link preload but not used within a few seconds from the window's load event. Please make sure it has an appropriate `as` value and it is preloaded intentionally. @ http://localhost:3001/en/dashboard:0
[ 6552428ms] [WARNING] The resource http://localhost:3001/_next/static/media/8c701f89af1c2d08-s.p.8e889423.woff2 was preloaded using link preload but not used within a few seconds from the window's load event. Please make sure it has an appropriate `as` value and it is preloaded intentionally. @ http://localhost:3001/en/dashboard:0
[ 6552428ms] [WARNING] The resource http://localhost:3001/_next/static/media/f30fd2e485acf1bc-s.p.3d1b066d.woff2 was preloaded using link preload but not used within a few seconds from the window's load event. Please make sure it has an appropriate `as` value and it is preloaded intentionally. @ http://localhost:3001/en/dashboard:0
[ 6552428ms] [WARNING] The resource http://localhost:3001/_next/static/media/a218039a3287bcfd-s.p.4a23d71b.woff2 was preloaded using link preload but not used within a few seconds from the window's load event. Please make sure it has an appropriate `as` value and it is preloaded intentionally. @ http://localhost:3001/en/dashboard:0
[ 6598986ms] [WARNING] The resource http://localhost:3001/_next/static/media/345c85a432359eed-s.p.eead68dd.woff2 was preloaded using link preload but not used within a few seconds from the window's load event. Please make sure it has an appropriate `as` value and it is preloaded intentionally. @ http://localhost:3001/en/dashboard:0
[ 6598987ms] [WARNING] The resource http://localhost:3001/_next/static/media/7ca057cce9853046-s.p.6a702554.woff2 was preloaded using link preload but not used within a few seconds from the window's load event. Please make sure it has an appropriate `as` value and it is preloaded intentionally. @ http://localhost:3001/en/dashboard:0
[ 6598987ms] [WARNING] The resource http://localhost:3001/_next/static/media/8e451580e5e95631-s.p.0e564e6e.woff2 was preloaded using link preload but not used within a few seconds from the window's load event. Please make sure it has an appropriate `as` value and it is preloaded intentionally. @ http://localhost:3001/en/dashboard:0
[ 6598987ms] [WARNING] The resource http://localhost:3001/_next/static/media/4b676bcffc00356a-s.p.c22aaca1.woff2 was preloaded using link preload but not used within a few seconds from the window's load event. Please make sure it has an appropriate `as` value and it is preloaded intentionally. @ http://localhost:3001/en/dashboard:0
[ 6598987ms] [WARNING] The resource http://localhost:3001/_next/static/media/47fe1b7cd6e6ed85-s.p.855a563b.woff2 was preloaded using link preload but not used within a few seconds from the window's load event. Please make sure it has an appropriate `as` value and it is preloaded intentionally. @ http://localhost:3001/en/dashboard:0
[ 6598987ms] [WARNING] The resource http://localhost:3001/_next/static/media/d54db18e8cd5f74f-s.p.0e8eb956.woff2 was preloaded using link preload but not used within a few seconds from the window's load event. Please make sure it has an appropriate `as` value and it is preloaded intentionally. @ http://localhost:3001/en/dashboard:0
[ 6598987ms] [WARNING] The resource http://localhost:3001/_next/static/media/48e6fa8a5baca31f-s.p.33d01b36.woff2 was preloaded using link preload but not used within a few seconds from the window's load event. Please make sure it has an appropriate `as` value and it is preloaded intentionally. @ http://localhost:3001/en/dashboard:0
[ 6598987ms] [WARNING] The resource http://localhost:3001/_next/static/media/8e6fa89aa22d24ec-s.p.3aec397d.woff2 was preloaded using link preload but not used within a few seconds from the window's load event. Please make sure it has an appropriate `as` value and it is preloaded intentionally. @ http://localhost:3001/en/dashboard:0
[ 6598987ms] [WARNING] The resource http://localhost:3001/_next/static/media/e2334d715941921e-s.p.d82a9aff.woff2 was preloaded using link preload but not used within a few seconds from the window's load event. Please make sure it has an appropriate `as` value and it is preloaded intentionally. @ http://localhost:3001/en/dashboard:0
[ 6598988ms] [WARNING] The resource http://localhost:3001/_next/static/media/8c701f89af1c2d08-s.p.8e889423.woff2 was preloaded using link preload but not used within a few seconds from the window's load event. Please make sure it has an appropriate `as` value and it is preloaded intentionally. @ http://localhost:3001/en/dashboard:0
[ 6598988ms] [WARNING] The resource http://localhost:3001/_next/static/media/f30fd2e485acf1bc-s.p.3d1b066d.woff2 was preloaded using link preload but not used within a few seconds from the window's load event. Please make sure it has an appropriate `as` value and it is preloaded intentionally. @ http://localhost:3001/en/dashboard:0
[ 6598988ms] [WARNING] The resource http://localhost:3001/_next/static/media/a218039a3287bcfd-s.p.4a23d71b.woff2 was preloaded using link preload but not used within a few seconds from the window's load event. Please make sure it has an appropriate `as` value and it is preloaded intentionally. @ http://localhost:3001/en/dashboard:0
[ 6605289ms] [WARNING] The resource http://localhost:3001/_next/static/media/345c85a432359eed-s.p.eead68dd.woff2 was preloaded using link preload but not used within a few seconds from the window's load event. Please make sure it has an appropriate `as` value and it is preloaded intentionally. @ http://localhost:3001/en/dashboard:0
[ 6605290ms] [WARNING] The resource http://localhost:3001/_next/static/media/7ca057cce9853046-s.p.6a702554.woff2 was preloaded using link preload but not used within a few seconds from the window's load event. Please make sure it has an appropriate `as` value and it is preloaded intentionally. @ http://localhost:3001/en/dashboard:0
[ 6605291ms] [WARNING] The resource http://localhost:3001/_next/static/media/8e451580e5e95631-s.p.0e564e6e.woff2 was preloaded using link preload but not used within a few seconds from the window's load event. Please make sure it has an appropriate `as` value and it is preloaded intentionally. @ http://localhost:3001/en/dashboard:0
[ 6605291ms] [WARNING] The resource http://localhost:3001/_next/static/media/4b676bcffc00356a-s.p.c22aaca1.woff2 was preloaded using link preload but not used within a few seconds from the window's load event. Please make sure it has an appropriate `as` value and it is preloaded intentionally. @ http://localhost:3001/en/dashboard:0
[ 6605291ms] [WARNING] The resource http://localhost:3001/_next/static/media/47fe1b7cd6e6ed85-s.p.855a563b.woff2 was preloaded using link preload but not used within a few seconds from the window's load event. Please make sure it has an appropriate `as` value and it is preloaded intentionally. @ http://localhost:3001/en/dashboard:0
[ 6605291ms] [WARNING] The resource http://localhost:3001/_next/static/media/d54db18e8cd5f74f-s.p.0e8eb956.woff2 was preloaded using link preload but not used within a few seconds from the window's load event. Please make sure it has an appropriate `as` value and it is preloaded intentionally. @ http://localhost:3001/en/dashboard:0
[ 6605291ms] [WARNING] The resource http://localhost:3001/_next/static/media/48e6fa8a5baca31f-s.p.33d01b36.woff2 was preloaded using link preload but not used within a few seconds from the window's load event. Please make sure it has an appropriate `as` value and it is preloaded intentionally. @ http://localhost:3001/en/dashboard:0
[ 6605291ms] [WARNING] The resource http://localhost:3001/_next/static/media/8e6fa89aa22d24ec-s.p.3aec397d.woff2 was preloaded using link preload but not used within a few seconds from the window's load event. Please make sure it has an appropriate `as` value and it is preloaded intentionally. @ http://localhost:3001/en/dashboard:0
[ 6605291ms] [WARNING] The resource http://localhost:3001/_next/static/media/e2334d715941921e-s.p.d82a9aff.woff2 was preloaded using link preload but not used within a few seconds from the window's load event. Please make sure it has an appropriate `as` value and it is preloaded intentionally. @ http://localhost:3001/en/dashboard:0
[ 6605291ms] [WARNING] The resource http://localhost:3001/_next/static/media/8c701f89af1c2d08-s.p.8e889423.woff2 was preloaded using link preload but not used within a few seconds from the window's load event. Please make sure it has an appropriate `as` value and it is preloaded intentionally. @ http://localhost:3001/en/dashboard:0
[ 6605291ms] [WARNING] The resource http://localhost:3001/_next/static/media/f30fd2e485acf1bc-s.p.3d1b066d.woff2 was preloaded using link preload but not used within a few seconds from the window's load event. Please make sure it has an appropriate `as` value and it is preloaded intentionally. @ http://localhost:3001/en/dashboard:0
[ 6605291ms] [WARNING] The resource http://localhost:3001/_next/static/media/a218039a3287bcfd-s.p.4a23d71b.woff2 was preloaded using link preload but not used within a few seconds from the window's load event. Please make sure it has an appropriate `as` value and it is preloaded intentionally. @ http://localhost:3001/en/dashboard:0
[ 6644619ms] [WARNING] The resource http://localhost:3001/_next/static/media/345c85a432359eed-s.p.eead68dd.woff2 was preloaded using link preload but not used within a few seconds from the window's load event. Please make sure it has an appropriate `as` value and it is preloaded intentionally. @ http://localhost:3001/en/dashboard:0
[ 6644620ms] [WARNING] The resource http://localhost:3001/_next/static/media/7ca057cce9853046-s.p.6a702554.woff2 was preloaded using link preload but not used within a few seconds from the window's load event. Please make sure it has an appropriate `as` value and it is preloaded intentionally. @ http://localhost:3001/en/dashboard:0
[ 6644620ms] [WARNING] The resource http://localhost:3001/_next/static/media/8e451580e5e95631-s.p.0e564e6e.woff2 was preloaded using link preload but not used within a few seconds from the window's load event. Please make sure it has an appropriate `as` value and it is preloaded intentionally. @ http://localhost:3001/en/dashboard:0
[ 6644620ms] [WARNING] The resource http://localhost:3001/_next/static/media/4b676bcffc00356a-s.p.c22aaca1.woff2 was preloaded using link preload but not used within a few seconds from the window's load event. Please make sure it has an appropriate `as` value and it is preloaded intentionally. @ http://localhost:3001/en/dashboard:0
[ 6644620ms] [WARNING] The resource http://localhost:3001/_next/static/media/47fe1b7cd6e6ed85-s.p.855a563b.woff2 was preloaded using link preload but not used within a few seconds from the window's load event. Please make sure it has an appropriate `as` value and it is preloaded intentionally. @ http://localhost:3001/en/dashboard:0
[ 6644620ms] [WARNING] The resource http://localhost:3001/_next/static/media/d54db18e8cd5f74f-s.p.0e8eb956.woff2 was preloaded using link preload but not used within a few seconds from the window's load event. Please make sure it has an appropriate `as` value and it is preloaded intentionally. @ http://localhost:3001/en/dashboard:0
[ 6644620ms] [WARNING] The resource http://localhost:3001/_next/static/media/48e6fa8a5baca31f-s.p.33d01b36.woff2 was preloaded using link preload but not used within a few seconds from the window's load event. Please make sure it has an appropriate `as` value and it is preloaded intentionally. @ http://localhost:3001/en/dashboard:0
[ 6644620ms] [WARNING] The resource http://localhost:3001/_next/static/media/8e6fa89aa22d24ec-s.p.3aec397d.woff2 was preloaded using link preload but not used within a few seconds from the window's load event. Please make sure it has an appropriate `as` value and it is preloaded intentionally. @ http://localhost:3001/en/dashboard:0
[ 6644620ms] [WARNING] The resource http://localhost:3001/_next/static/media/e2334d715941921e-s.p.d82a9aff.woff2 was preloaded using link preload but not used within a few seconds from the window's load event. Please make sure it has an appropriate `as` value and it is preloaded intentionally. @ http://localhost:3001/en/dashboard:0
[ 6644622ms] [WARNING] The resource http://localhost:3001/_next/static/media/8c701f89af1c2d08-s.p.8e889423.woff2 was preloaded using link preload but not used within a few seconds from the window's load event. Please make sure it has an appropriate `as` value and it is preloaded intentionally. @ http://localhost:3001/en/dashboard:0
[ 6644622ms] [WARNING] The resource http://localhost:3001/_next/static/media/f30fd2e485acf1bc-s.p.3d1b066d.woff2 was preloaded using link preload but not used within a few seconds from the window's load event. Please make sure it has an appropriate `as` value and it is preloaded intentionally. @ http://localhost:3001/en/dashboard:0
[ 6644622ms] [WARNING] The resource http://localhost:3001/_next/static/media/a218039a3287bcfd-s.p.4a23d71b.woff2 was preloaded using link preload but not used within a few seconds from the window's load event. Please make sure it has an appropriate `as` value and it is preloaded intentionally. @ http://localhost:3001/en/dashboard:0
[ 6665547ms] [WARNING] The resource http://localhost:3001/_next/static/media/345c85a432359eed-s.p.eead68dd.woff2 was preloaded using link preload but not used within a few seconds from the window's load event. Please make sure it has an appropriate `as` value and it is preloaded intentionally. @ http://localhost:3001/en/dashboard:0
[ 6665547ms] [WARNING] The resource http://localhost:3001/_next/static/media/7ca057cce9853046-s.p.6a702554.woff2 was preloaded using link preload but not used within a few seconds from the window's load event. Please make sure it has an appropriate `as` value and it is preloaded intentionally. @ http://localhost:3001/en/dashboard:0
[ 6665547ms] [WARNING] The resource http://localhost:3001/_next/static/media/8e451580e5e95631-s.p.0e564e6e.woff2 was preloaded using link preload but not used within a few seconds from the window's load event. Please make sure it has an appropriate `as` value and it is preloaded intentionally. @ http://localhost:3001/en/dashboard:0
[ 6665547ms] [WARNING] The resource http://localhost:3001/_next/static/media/4b676bcffc00356a-s.p.c22aaca1.woff2 was preloaded using link preload but not used within a few seconds from the window's load event. Please make sure it has an appropriate `as` value and it is preloaded intentionally. @ http://localhost:3001/en/dashboard:0
[ 6665547ms] [WARNING] The resource http://localhost:3001/_next/static/media/47fe1b7cd6e6ed85-s.p.855a563b.woff2 was preloaded using link preload but not used within a few seconds from the window's load event. Please make sure it has an appropriate `as` value and it is preloaded intentionally. @ http://localhost:3001/en/dashboard:0
[ 6665548ms] [WARNING] The resource http://localhost:3001/_next/static/media/d54db18e8cd5f74f-s.p.0e8eb956.woff2 was preloaded using link preload but not used within a few seconds from the window's load event. Please make sure it has an appropriate `as` value and it is preloaded intentionally. @ http://localhost:3001/en/dashboard:0
[ 6665548ms] [WARNING] The resource http://localhost:3001/_next/static/media/48e6fa8a5baca31f-s.p.33d01b36.woff2 was preloaded using link preload but not used within a few seconds from the window's load event. Please make sure it has an appropriate `as` value and it is preloaded intentionally. @ http://localhost:3001/en/dashboard:0
[ 6665548ms] [WARNING] The resource http://localhost:3001/_next/static/media/8e6fa89aa22d24ec-s.p.3aec397d.woff2 was preloaded using link preload but not used within a few seconds from the window's load event. Please make sure it has an appropriate `as` value and it is preloaded intentionally. @ http://localhost:3001/en/dashboard:0
[ 6665548ms] [WARNING] The resource http://localhost:3001/_next/static/media/e2334d715941921e-s.p.d82a9aff.woff2 was preloaded using link preload but not used within a few seconds from the window's load event. Please make sure it has an appropriate `as` value and it is preloaded intentionally. @ http://localhost:3001/en/dashboard:0
[ 6665548ms] [WARNING] The resource http://localhost:3001/_next/static/media/8c701f89af1c2d08-s.p.8e889423.woff2 was preloaded using link preload but not used within a few seconds from the window's load event. Please make sure it has an appropriate `as` value and it is preloaded intentionally. @ http://localhost:3001/en/dashboard:0
[ 6665548ms] [WARNING] The resource http://localhost:3001/_next/static/media/f30fd2e485acf1bc-s.p.3d1b066d.woff2 was preloaded using link preload but not used within a few seconds from the window's load event. Please make sure it has an appropriate `as` value and it is preloaded intentionally. @ http://localhost:3001/en/dashboard:0
[ 6665548ms] [WARNING] The resource http://localhost:3001/_next/static/media/a218039a3287bcfd-s.p.4a23d71b.woff2 was preloaded using link preload but not used within a few seconds from the window's load event. Please make sure it has an appropriate `as` value and it is preloaded intentionally. @ http://localhost:3001/en/dashboard:0
[ 6695425ms] [WARNING] The resource http://localhost:3001/_next/static/media/345c85a432359eed-s.p.eead68dd.woff2 was preloaded using link preload but not used within a few seconds from the window's load event. Please make sure it has an appropriate `as` value and it is preloaded intentionally. @ http://localhost:3001/en/dashboard:0
[ 6695425ms] [WARNING] The resource http://localhost:3001/_next/static/media/7ca057cce9853046-s.p.6a702554.woff2 was preloaded using link preload but not used within a few seconds from the window's load event. Please make sure it has an appropriate `as` value and it is preloaded intentionally. @ http://localhost:3001/en/dashboard:0
[ 6695425ms] [WARNING] The resource http://localhost:3001/_next/static/media/8e451580e5e95631-s.p.0e564e6e.woff2 was preloaded using link preload but not used within a few seconds from the window's load event. Please make sure it has an appropriate `as` value and it is preloaded intentionally. @ http://localhost:3001/en/dashboard:0
[ 6695425ms] [WARNING] The resource http://localhost:3001/_next/static/media/4b676bcffc00356a-s.p.c22aaca1.woff2 was preloaded using link preload but not used within a few seconds from the window's load event. Please make sure it has an appropriate `as` value and it is preloaded intentionally. @ http://localhost:3001/en/dashboard:0
[ 6695425ms] [WARNING] The resource http://localhost:3001/_next/static/media/47fe1b7cd6e6ed85-s.p.855a563b.woff2 was preloaded using link preload but not used within a few seconds from the window's load event. Please make sure it has an appropriate `as` value and it is preloaded intentionally. @ http://localhost:3001/en/dashboard:0
[ 6695425ms] [WARNING] The resource http://localhost:3001/_next/static/media/d54db18e8cd5f74f-s.p.0e8eb956.woff2 was preloaded using link preload but not used within a few seconds from the window's load event. Please make sure it has an appropriate `as` value and it is preloaded intentionally. @ http://localhost:3001/en/dashboard:0
[ 6695425ms] [WARNING] The resource http://localhost:3001/_next/static/media/48e6fa8a5baca31f-s.p.33d01b36.woff2 was preloaded using link preload but not used within a few seconds from the window's load event. Please make sure it has an appropriate `as` value and it is preloaded intentionally. @ http://localhost:3001/en/dashboard:0
[ 6695425ms] [WARNING] The resource http://localhost:3001/_next/static/media/8e6fa89aa22d24ec-s.p.3aec397d.woff2 was preloaded using link preload but not used within a few seconds from the window's load event. Please make sure it has an appropriate `as` value and it is preloaded intentionally. @ http://localhost:3001/en/dashboard:0
[ 6695425ms] [WARNING] The resource http://localhost:3001/_next/static/media/e2334d715941921e-s.p.d82a9aff.woff2 was preloaded using link preload but not used within a few seconds from the window's load event. Please make sure it has an appropriate `as` value and it is preloaded intentionally. @ http://localhost:3001/en/dashboard:0
[ 6695426ms] [WARNING] The resource http://localhost:3001/_next/static/media/8c701f89af1c2d08-s.p.8e889423.woff2 was preloaded using link preload but not used within a few seconds from the window's load event. Please make sure it has an appropriate `as` value and it is preloaded intentionally. @ http://localhost:3001/en/dashboard:0
[ 6695426ms] [WARNING] The resource http://localhost:3001/_next/static/media/f30fd2e485acf1bc-s.p.3d1b066d.woff2 was preloaded using link preload but not used within a few seconds from the window's load event. Please make sure it has an appropriate `as` value and it is preloaded intentionally. @ http://localhost:3001/en/dashboard:0
[ 6695426ms] [WARNING] The resource http://localhost:3001/_next/static/media/a218039a3287bcfd-s.p.4a23d71b.woff2 was preloaded using link preload but not used within a few seconds from the window's load event. Please make sure it has an appropriate `as` value and it is preloaded intentionally. @ http://localhost:3001/en/dashboard:0
[ 6727039ms] [WARNING] The resource http://localhost:3001/_next/static/media/345c85a432359eed-s.p.eead68dd.woff2 was preloaded using link preload but not used within a few seconds from the window's load event. Please make sure it has an appropriate `as` value and it is preloaded intentionally. @ http://localhost:3001/en/dashboard:0
[ 6727039ms] [WARNING] The resource http://localhost:3001/_next/static/media/7ca057cce9853046-s.p.6a702554.woff2 was preloaded using link preload but not used within a few seconds from the window's load event. Please make sure it has an appropriate `as` value and it is preloaded intentionally. @ http://localhost:3001/en/dashboard:0
[ 6727039ms] [WARNING] The resource http://localhost:3001/_next/static/media/8e451580e5e95631-s.p.0e564e6e.woff2 was preloaded using link preload but not used within a few seconds from the window's load event. Please make sure it has an appropriate `as` value and it is preloaded intentionally. @ http://localhost:3001/en/dashboard:0
[ 6727040ms] [WARNING] The resource http://localhost:3001/_next/static/media/4b676bcffc00356a-s.p.c22aaca1.woff2 was preloaded using link preload but not used within a few seconds from the window's load event. Please make sure it has an appropriate `as` value and it is preloaded intentionally. @ http://localhost:3001/en/dashboard:0
[ 6727040ms] [WARNING] The resource http://localhost:3001/_next/static/media/47fe1b7cd6e6ed85-s.p.855a563b.woff2 was preloaded using link preload but not used within a few seconds from the window's load event. Please make sure it has an appropriate `as` value and it is preloaded intentionally. @ http://localhost:3001/en/dashboard:0
[ 6727040ms] [WARNING] The resource http://localhost:3001/_next/static/media/d54db18e8cd5f74f-s.p.0e8eb956.woff2 was preloaded using link preload but not used within a few seconds from the window's load event. Please make sure it has an appropriate `as` value and it is preloaded intentionally. @ http://localhost:3001/en/dashboard:0
[ 6727040ms] [WARNING] The resource http://localhost:3001/_next/static/media/48e6fa8a5baca31f-s.p.33d01b36.woff2 was preloaded using link preload but not used within a few seconds from the window's load event. Please make sure it has an appropriate `as` value and it is preloaded intentionally. @ http://localhost:3001/en/dashboard:0
[ 6727040ms] [WARNING] The resource http://localhost:3001/_next/static/media/8e6fa89aa22d24ec-s.p.3aec397d.woff2 was preloaded using link preload but not used within a few seconds from the window's load event. Please make sure it has an appropriate `as` value and it is preloaded intentionally. @ http://localhost:3001/en/dashboard:0
[ 6727040ms] [WARNING] The resource http://localhost:3001/_next/static/media/e2334d715941921e-s.p.d82a9aff.woff2 was preloaded using link preload but not used within a few seconds from the window's load event. Please make sure it has an appropriate `as` value and it is preloaded intentionally. @ http://localhost:3001/en/dashboard:0
[ 6727040ms] [WARNING] The resource http://localhost:3001/_next/static/media/8c701f89af1c2d08-s.p.8e889423.woff2 was preloaded using link preload but not used within a few seconds from the window's load event. Please make sure it has an appropriate `as` value and it is preloaded intentionally. @ http://localhost:3001/en/dashboard:0
[ 6727040ms] [WARNING] The resource http://localhost:3001/_next/static/media/f30fd2e485acf1bc-s.p.3d1b066d.woff2 was preloaded using link preload but not used within a few seconds from the window's load event. Please make sure it has an appropriate `as` value and it is preloaded intentionally. @ http://localhost:3001/en/dashboard:0
[ 6727040ms] [WARNING] The resource http://localhost:3001/_next/static/media/a218039a3287bcfd-s.p.4a23d71b.woff2 was preloaded using link preload but not used within a few seconds from the window's load event. Please make sure it has an appropriate `as` value and it is preloaded intentionally. @ http://localhost:3001/en/dashboard:0
[ 6740829ms] [WARNING] The resource http://localhost:3001/_next/static/media/345c85a432359eed-s.p.eead68dd.woff2 was preloaded using link preload but not used within a few seconds from the window's load event. Please make sure it has an appropriate `as` value and it is preloaded intentionally. @ http://localhost:3001/en/dashboard:0
[ 6740829ms] [WARNING] The resource http://localhost:3001/_next/static/media/7ca057cce9853046-s.p.6a702554.woff2 was preloaded using link preload but not used within a few seconds from the window's load event. Please make sure it has an appropriate `as` value and it is preloaded intentionally. @ http://localhost:3001/en/dashboard:0
[ 6740829ms] [WARNING] The resource http://localhost:3001/_next/static/media/8e451580e5e95631-s.p.0e564e6e.woff2 was preloaded using link preload but not used within a few seconds from the window's load event. Please make sure it has an appropriate `as` value and it is preloaded intentionally. @ http://localhost:3001/en/dashboard:0
[ 6740829ms] [WARNING] The resource http://localhost:3001/_next/static/media/4b676bcffc00356a-s.p.c22aaca1.woff2 was preloaded using link preload but not used within a few seconds from the window's load event. Please make sure it has an appropriate `as` value and it is preloaded intentionally. @ http://localhost:3001/en/dashboard:0
[ 6740829ms] [WARNING] The resource http://localhost:3001/_next/static/media/47fe1b7cd6e6ed85-s.p.855a563b.woff2 was preloaded using link preload but not used within a few seconds from the window's load event. Please make sure it has an appropriate `as` value and it is preloaded intentionally. @ http://localhost:3001/en/dashboard:0
[ 6740829ms] [WARNING] The resource http://localhost:3001/_next/static/media/d54db18e8cd5f74f-s.p.0e8eb956.woff2 was preloaded using link preload but not used within a few seconds from the window's load event. Please make sure it has an appropriate `as` value and it is preloaded intentionally. @ http://localhost:3001/en/dashboard:0
[ 6740829ms] [WARNING] The resource http://localhost:3001/_next/static/media/48e6fa8a5baca31f-s.p.33d01b36.woff2 was preloaded using link preload but not used within a few seconds from the window's load event. Please make sure it has an appropriate `as` value and it is preloaded intentionally. @ http://localhost:3001/en/dashboard:0
[ 6740829ms] [WARNING] The resource http://localhost:3001/_next/static/media/8e6fa89aa22d24ec-s.p.3aec397d.woff2 was preloaded using link preload but not used within a few seconds from the window's load event. Please make sure it has an appropriate `as` value and it is preloaded intentionally. @ http://localhost:3001/en/dashboard:0
[ 6740829ms] [WARNING] The resource http://localhost:3001/_next/static/media/e2334d715941921e-s.p.d82a9aff.woff2 was preloaded using link preload but not used within a few seconds from the window's load event. Please make sure it has an appropriate `as` value and it is preloaded intentionally. @ http://localhost:3001/en/dashboard:0
[ 6740829ms] [WARNING] The resource http://localhost:3001/_next/static/media/8c701f89af1c2d08-s.p.8e889423.woff2 was preloaded using link preload but not used within a few seconds from the window's load event. Please make sure it has an appropriate `as` value and it is preloaded intentionally. @ http://localhost:3001/en/dashboard:0
[ 6740830ms] [WARNING] The resource http://localhost:3001/_next/static/media/f30fd2e485acf1bc-s.p.3d1b066d.woff2 was preloaded using link preload but not used within a few seconds from the window's load event. Please make sure it has an appropriate `as` value and it is preloaded intentionally. @ http://localhost:3001/en/dashboard:0
[ 6740830ms] [WARNING] The resource http://localhost:3001/_next/static/media/a218039a3287bcfd-s.p.4a23d71b.woff2 was preloaded using link preload but not used within a few seconds from the window's load event. Please make sure it has an appropriate `as` value and it is preloaded intentionally. @ http://localhost:3001/en/dashboard:0
[ 6787337ms] [WARNING] The resource http://localhost:3001/_next/static/media/345c85a432359eed-s.p.eead68dd.woff2 was preloaded using link preload but not used within a few seconds from the window's load event. Please make sure it has an appropriate `as` value and it is preloaded intentionally. @ http://localhost:3001/en/dashboard:0
[ 6787339ms] [WARNING] The resource http://localhost:3001/_next/static/media/7ca057cce9853046-s.p.6a702554.woff2 was preloaded using link preload but not used within a few seconds from the window's load event. Please make sure it has an appropriate `as` value and it is preloaded intentionally. @ http://localhost:3001/en/dashboard:0
[ 6787339ms] [WARNING] The resource http://localhost:3001/_next/static/media/8e451580e5e95631-s.p.0e564e6e.woff2 was preloaded using link preload but not used within a few seconds from the window's load event. Please make sure it has an appropriate `as` value and it is preloaded intentionally. @ http://localhost:3001/en/dashboard:0
[ 6787339ms] [WARNING] The resource http://localhost:3001/_next/static/media/4b676bcffc00356a-s.p.c22aaca1.woff2 was preloaded using link preload but not used within a few seconds from the window's load event. Please make sure it has an appropriate `as` value and it is preloaded intentionally. @ http://localhost:3001/en/dashboard:0
[ 6787339ms] [WARNING] The resource http://localhost:3001/_next/static/media/47fe1b7cd6e6ed85-s.p.855a563b.woff2 was preloaded using link preload but not used within a few seconds from the window's load event. Please make sure it has an appropriate `as` value and it is preloaded intentionally. @ http://localhost:3001/en/dashboard:0
[ 6787339ms] [WARNING] The resource http://localhost:3001/_next/static/media/d54db18e8cd5f74f-s.p.0e8eb956.woff2 was preloaded using link preload but not used within a few seconds from the window's load event. Please make sure it has an appropriate `as` value and it is preloaded intentionally. @ http://localhost:3001/en/dashboard:0
[ 6787339ms] [WARNING] The resource http://localhost:3001/_next/static/media/48e6fa8a5baca31f-s.p.33d01b36.woff2 was preloaded using link preload but not used within a few seconds from the window's load event. Please make sure it has an appropriate `as` value and it is preloaded intentionally. @ http://localhost:3001/en/dashboard:0
[ 6787339ms] [WARNING] The resource http://localhost:3001/_next/static/media/8e6fa89aa22d24ec-s.p.3aec397d.woff2 was preloaded using link preload but not used within a few seconds from the window's load event. Please make sure it has an appropriate `as` value and it is preloaded intentionally. @ http://localhost:3001/en/dashboard:0
[ 6787339ms] [WARNING] The resource http://localhost:3001/_next/static/media/e2334d715941921e-s.p.d82a9aff.woff2 was preloaded using link preload but not used within a few seconds from the window's load event. Please make sure it has an appropriate `as` value and it is preloaded intentionally. @ http://localhost:3001/en/dashboard:0
[ 6787339ms] [WARNING] The resource http://localhost:3001/_next/static/media/8c701f89af1c2d08-s.p.8e889423.woff2 was preloaded using link preload but not used within a few seconds from the window's load event. Please make sure it has an appropriate `as` value and it is preloaded intentionally. @ http://localhost:3001/en/dashboard:0
[ 6787339ms] [WARNING] The resource http://localhost:3001/_next/static/media/f30fd2e485acf1bc-s.p.3d1b066d.woff2 was preloaded using link preload but not used within a few seconds from the window's load event. Please make sure it has an appropriate `as` value and it is preloaded intentionally. @ http://localhost:3001/en/dashboard:0
[ 6787339ms] [WARNING] The resource http://localhost:3001/_next/static/media/a218039a3287bcfd-s.p.4a23d71b.woff2 was preloaded using link preload but not used within a few seconds from the window's load event. Please make sure it has an appropriate `as` value and it is preloaded intentionally. @ http://localhost:3001/en/dashboard:0
[ 6791923ms] [WARNING] The resource http://localhost:3001/_next/static/media/345c85a432359eed-s.p.eead68dd.woff2 was preloaded using link preload but not used within a few seconds from the window's load event. Please make sure it has an appropriate `as` value and it is preloaded intentionally. @ http://localhost:3001/en/dashboard:0
[ 6791924ms] [WARNING] The resource http://localhost:3001/_next/static/media/7ca057cce9853046-s.p.6a702554.woff2 was preloaded using link preload but not used within a few seconds from the window's load event. Please make sure it has an appropriate `as` value and it is preloaded intentionally. @ http://localhost:3001/en/dashboard:0
[ 6791924ms] [WARNING] The resource http://localhost:3001/_next/static/media/8e451580e5e95631-s.p.0e564e6e.woff2 was preloaded using link preload but not used within a few seconds from the window's load event. Please make sure it has an appropriate `as` value and it is preloaded intentionally. @ http://localhost:3001/en/dashboard:0
[ 6791924ms] [WARNING] The resource http://localhost:3001/_next/static/media/4b676bcffc00356a-s.p.c22aaca1.woff2 was preloaded using link preload but not used within a few seconds from the window's load event. Please make sure it has an appropriate `as` value and it is preloaded intentionally. @ http://localhost:3001/en/dashboard:0
[ 6791924ms] [WARNING] The resource http://localhost:3001/_next/static/media/47fe1b7cd6e6ed85-s.p.855a563b.woff2 was preloaded using link preload but not used within a few seconds from the window's load event. Please make sure it has an appropriate `as` value and it is preloaded intentionally. @ http://localhost:3001/en/dashboard:0
[ 6791924ms] [WARNING] The resource http://localhost:3001/_next/static/media/d54db18e8cd5f74f-s.p.0e8eb956.woff2 was preloaded using link preload but not used within a few seconds from the window's load event. Please make sure it has an appropriate `as` value and it is preloaded intentionally. @ http://localhost:3001/en/dashboard:0
[ 6791924ms] [WARNING] The resource http://localhost:3001/_next/static/media/48e6fa8a5baca31f-s.p.33d01b36.woff2 was preloaded using link preload but not used within a few seconds from the window's load event. Please make sure it has an appropriate `as` value and it is preloaded intentionally. @ http://localhost:3001/en/dashboard:0
[ 6791924ms] [WARNING] The resource http://localhost:3001/_next/static/media/8e6fa89aa22d24ec-s.p.3aec397d.woff2 was preloaded using link preload but not used within a few seconds from the window's load event. Please make sure it has an appropriate `as` value and it is preloaded intentionally. @ http://localhost:3001/en/dashboard:0
[ 6791925ms] [WARNING] The resource http://localhost:3001/_next/static/media/e2334d715941921e-s.p.d82a9aff.woff2 was preloaded using link preload but not used within a few seconds from the window's load event. Please make sure it has an appropriate `as` value and it is preloaded intentionally. @ http://localhost:3001/en/dashboard:0
[ 6791925ms] [WARNING] The resource http://localhost:3001/_next/static/media/8c701f89af1c2d08-s.p.8e889423.woff2 was preloaded using link preload but not used within a few seconds from the window's load event. Please make sure it has an appropriate `as` value and it is preloaded intentionally. @ http://localhost:3001/en/dashboard:0
[ 6791925ms] [WARNING] The resource http://localhost:3001/_next/static/media/f30fd2e485acf1bc-s.p.3d1b066d.woff2 was preloaded using link preload but not used within a few seconds from the window's load event. Please make sure it has an appropriate `as` value and it is preloaded intentionally. @ http://localhost:3001/en/dashboard:0
[ 6791925ms] [WARNING] The resource http://localhost:3001/_next/static/media/a218039a3287bcfd-s.p.4a23d71b.woff2 was preloaded using link preload but not used within a few seconds from the window's load event. Please make sure it has an appropriate `as` value and it is preloaded intentionally. @ http://localhost:3001/en/dashboard:0
[ 6838316ms] [WARNING] The resource http://localhost:3001/_next/static/media/345c85a432359eed-s.p.eead68dd.woff2 was preloaded using link preload but not used within a few seconds from the window's load event. Please make sure it has an appropriate `as` value and it is preloaded intentionally. @ http://localhost:3001/en/dashboard:0
[ 6838317ms] [WARNING] The resource http://localhost:3001/_next/static/media/7ca057cce9853046-s.p.6a702554.woff2 was preloaded using link preload but not used within a few seconds from the window's load event. Please make sure it has an appropriate `as` value and it is preloaded intentionally. @ http://localhost:3001/en/dashboard:0
[ 6838317ms] [WARNING] The resource http://localhost:3001/_next/static/media/8e451580e5e95631-s.p.0e564e6e.woff2 was preloaded using link preload but not used within a few seconds from the window's load event. Please make sure it has an appropriate `as` value and it is preloaded intentionally. @ http://localhost:3001/en/dashboard:0
[ 6838317ms] [WARNING] The resource http://localhost:3001/_next/static/media/4b676bcffc00356a-s.p.c22aaca1.woff2 was preloaded using link preload but not used within a few seconds from the window's load event. Please make sure it has an appropriate `as` value and it is preloaded intentionally. @ http://localhost:3001/en/dashboard:0
[ 6838317ms] [WARNING] The resource http://localhost:3001/_next/static/media/47fe1b7cd6e6ed85-s.p.855a563b.woff2 was preloaded using link preload but not used within a few seconds from the window's load event. Please make sure it has an appropriate `as` value and it is preloaded intentionally. @ http://localhost:3001/en/dashboard:0
[ 6838317ms] [WARNING] The resource http://localhost:3001/_next/static/media/d54db18e8cd5f74f-s.p.0e8eb956.woff2 was preloaded using link preload but not used within a few seconds from the window's load event. Please make sure it has an appropriate `as` value and it is preloaded intentionally. @ http://localhost:3001/en/dashboard:0
[ 6838317ms] [WARNING] The resource http://localhost:3001/_next/static/media/48e6fa8a5baca31f-s.p.33d01b36.woff2 was preloaded using link preload but not used within a few seconds from the window's load event. Please make sure it has an appropriate `as` value and it is preloaded intentionally. @ http://localhost:3001/en/dashboard:0
[ 6838317ms] [WARNING] The resource http://localhost:3001/_next/static/media/8e6fa89aa22d24ec-s.p.3aec397d.woff2 was preloaded using link preload but not used within a few seconds from the window's load event. Please make sure it has an appropriate `as` value and it is preloaded intentionally. @ http://localhost:3001/en/dashboard:0
[ 6838317ms] [WARNING] The resource http://localhost:3001/_next/static/media/e2334d715941921e-s.p.d82a9aff.woff2 was preloaded using link preload but not used within a few seconds from the window's load event. Please make sure it has an appropriate `as` value and it is preloaded intentionally. @ http://localhost:3001/en/dashboard:0
[ 6838317ms] [WARNING] The resource http://localhost:3001/_next/static/media/8c701f89af1c2d08-s.p.8e889423.woff2 was preloaded using link preload but not used within a few seconds from the window's load event. Please make sure it has an appropriate `as` value and it is preloaded intentionally. @ http://localhost:3001/en/dashboard:0
[ 6838317ms] [WARNING] The resource http://localhost:3001/_next/static/media/f30fd2e485acf1bc-s.p.3d1b066d.woff2 was preloaded using link preload but not used within a few seconds from the window's load event. Please make sure it has an appropriate `as` value and it is preloaded intentionally. @ http://localhost:3001/en/dashboard:0
[ 6838317ms] [WARNING] The resource http://localhost:3001/_next/static/media/a218039a3287bcfd-s.p.4a23d71b.woff2 was preloaded using link preload but not used within a few seconds from the window's load event. Please make sure it has an appropriate `as` value and it is preloaded intentionally. @ http://localhost:3001/en/dashboard:0
[ 6847600ms] [WARNING] The resource http://localhost:3001/_next/static/media/345c85a432359eed-s.p.eead68dd.woff2 was preloaded using link preload but not used within a few seconds from the window's load event. Please make sure it has an appropriate `as` value and it is preloaded intentionally. @ http://localhost:3001/en/dashboard:0
[ 6847600ms] [WARNING] The resource http://localhost:3001/_next/static/media/7ca057cce9853046-s.p.6a702554.woff2 was preloaded using link preload but not used within a few seconds from the window's load event. Please make sure it has an appropriate `as` value and it is preloaded intentionally. @ http://localhost:3001/en/dashboard:0
[ 6847600ms] [WARNING] The resource http://localhost:3001/_next/static/media/8e451580e5e95631-s.p.0e564e6e.woff2 was preloaded using link preload but not used within a few seconds from the window's load event. Please make sure it has an appropriate `as` value and it is preloaded intentionally. @ http://localhost:3001/en/dashboard:0
[ 6847600ms] [WARNING] The resource http://localhost:3001/_next/static/media/4b676bcffc00356a-s.p.c22aaca1.woff2 was preloaded using link preload but not used within a few seconds from the window's load event. Please make sure it has an appropriate `as` value and it is preloaded intentionally. @ http://localhost:3001/en/dashboard:0
[ 6847600ms] [WARNING] The resource http://localhost:3001/_next/static/media/47fe1b7cd6e6ed85-s.p.855a563b.woff2 was preloaded using link preload but not used within a few seconds from the window's load event. Please make sure it has an appropriate `as` value and it is preloaded intentionally. @ http://localhost:3001/en/dashboard:0
[ 6847600ms] [WARNING] The resource http://localhost:3001/_next/static/media/d54db18e8cd5f74f-s.p.0e8eb956.woff2 was preloaded using link preload but not used within a few seconds from the window's load event. Please make sure it has an appropriate `as` value and it is preloaded intentionally. @ http://localhost:3001/en/dashboard:0
[ 6847600ms] [WARNING] The resource http://localhost:3001/_next/static/media/48e6fa8a5baca31f-s.p.33d01b36.woff2 was preloaded using link preload but not used within a few seconds from the window's load event. Please make sure it has an appropriate `as` value and it is preloaded intentionally. @ http://localhost:3001/en/dashboard:0
[ 6847600ms] [WARNING] The resource http://localhost:3001/_next/static/media/8e6fa89aa22d24ec-s.p.3aec397d.woff2 was preloaded using link preload but not used within a few seconds from the window's load event. Please make sure it has an appropriate `as` value and it is preloaded intentionally. @ http://localhost:3001/en/dashboard:0
[ 6847600ms] [WARNING] The resource http://localhost:3001/_next/static/media/e2334d715941921e-s.p.d82a9aff.woff2 was preloaded using link preload but not used within a few seconds from the window's load event. Please make sure it has an appropriate `as` value and it is preloaded intentionally. @ http://localhost:3001/en/dashboard:0
[ 6847600ms] [WARNING] The resource http://localhost:3001/_next/static/media/8c701f89af1c2d08-s.p.8e889423.woff2 was preloaded using link preload but not used within a few seconds from the window's load event. Please make sure it has an appropriate `as` value and it is preloaded intentionally. @ http://localhost:3001/en/dashboard:0
[ 6847600ms] [WARNING] The resource http://localhost:3001/_next/static/media/f30fd2e485acf1bc-s.p.3d1b066d.woff2 was preloaded using link preload but not used within a few seconds from the window's load event. Please make sure it has an appropriate `as` value and it is preloaded intentionally. @ http://localhost:3001/en/dashboard:0
[ 6847600ms] [WARNING] The resource http://localhost:3001/_next/static/media/a218039a3287bcfd-s.p.4a23d71b.woff2 was preloaded using link preload but not used within a few seconds from the window's load event. Please make sure it has an appropriate `as` value and it is preloaded intentionally. @ http://localhost:3001/en/dashboard:0
[ 6884376ms] [WARNING] The resource http://localhost:3001/_next/static/media/345c85a432359eed-s.p.eead68dd.woff2 was preloaded using link preload but not used within a few seconds from the window's load event. Please make sure it has an appropriate `as` value and it is preloaded intentionally. @ http://localhost:3001/en/dashboard:0
[ 6884376ms] [WARNING] The resource http://localhost:3001/_next/static/media/7ca057cce9853046-s.p.6a702554.woff2 was preloaded using link preload but not used within a few seconds from the window's load event. Please make sure it has an appropriate `as` value and it is preloaded intentionally. @ http://localhost:3001/en/dashboard:0
[ 6884376ms] [WARNING] The resource http://localhost:3001/_next/static/media/8e451580e5e95631-s.p.0e564e6e.woff2 was preloaded using link preload but not used within a few seconds from the window's load event. Please make sure it has an appropriate `as` value and it is preloaded intentionally. @ http://localhost:3001/en/dashboard:0
[ 6884376ms] [WARNING] The resource http://localhost:3001/_next/static/media/4b676bcffc00356a-s.p.c22aaca1.woff2 was preloaded using link preload but not used within a few seconds from the window's load event. Please make sure it has an appropriate `as` value and it is preloaded intentionally. @ http://localhost:3001/en/dashboard:0
[ 6884376ms] [WARNING] The resource http://localhost:3001/_next/static/media/47fe1b7cd6e6ed85-s.p.855a563b.woff2 was preloaded using link preload but not used within a few seconds from the window's load event. Please make sure it has an appropriate `as` value and it is preloaded intentionally. @ http://localhost:3001/en/dashboard:0
[ 6884376ms] [WARNING] The resource http://localhost:3001/_next/static/media/d54db18e8cd5f74f-s.p.0e8eb956.woff2 was preloaded using link preload but not used within a few seconds from the window's load event. Please make sure it has an appropriate `as` value and it is preloaded intentionally. @ http://localhost:3001/en/dashboard:0
[ 6884376ms] [WARNING] The resource http://localhost:3001/_next/static/media/48e6fa8a5baca31f-s.p.33d01b36.woff2 was preloaded using link preload but not used within a few seconds from the window's load event. Please make sure it has an appropriate `as` value and it is preloaded intentionally. @ http://localhost:3001/en/dashboard:0
[ 6884376ms] [WARNING] The resource http://localhost:3001/_next/static/media/8e6fa89aa22d24ec-s.p.3aec397d.woff2 was preloaded using link preload but not used within a few seconds from the window's load event. Please make sure it has an appropriate `as` value and it is preloaded intentionally. @ http://localhost:3001/en/dashboard:0
[ 6884377ms] [WARNING] The resource http://localhost:3001/_next/static/media/e2334d715941921e-s.p.d82a9aff.woff2 was preloaded using link preload but not used within a few seconds from the window's load event. Please make sure it has an appropriate `as` value and it is preloaded intentionally. @ http://localhost:3001/en/dashboard:0
[ 6884377ms] [WARNING] The resource http://localhost:3001/_next/static/media/8c701f89af1c2d08-s.p.8e889423.woff2 was preloaded using link preload but not used within a few seconds from the window's load event. Please make sure it has an appropriate `as` value and it is preloaded intentionally. @ http://localhost:3001/en/dashboard:0
[ 6884377ms] [WARNING] The resource http://localhost:3001/_next/static/media/f30fd2e485acf1bc-s.p.3d1b066d.woff2 was preloaded using link preload but not used within a few seconds from the window's load event. Please make sure it has an appropriate `as` value and it is preloaded intentionally. @ http://localhost:3001/en/dashboard:0
[ 6884377ms] [WARNING] The resource http://localhost:3001/_next/static/media/a218039a3287bcfd-s.p.4a23d71b.woff2 was preloaded using link preload but not used within a few seconds from the window's load event. Please make sure it has an appropriate `as` value and it is preloaded intentionally. @ http://localhost:3001/en/dashboard:0
[ 6907787ms] [WARNING] The resource http://localhost:3001/_next/static/media/345c85a432359eed-s.p.eead68dd.woff2 was preloaded using link preload but not used within a few seconds from the window's load event. Please make sure it has an appropriate `as` value and it is preloaded intentionally. @ http://localhost:3001/en/dashboard:0
[ 6907787ms] [WARNING] The resource http://localhost:3001/_next/static/media/7ca057cce9853046-s.p.6a702554.woff2 was preloaded using link preload but not used within a few seconds from the window's load event. Please make sure it has an appropriate `as` value and it is preloaded intentionally. @ http://localhost:3001/en/dashboard:0
[ 6907788ms] [WARNING] The resource http://localhost:3001/_next/static/media/8e451580e5e95631-s.p.0e564e6e.woff2 was preloaded using link preload but not used within a few seconds from the window's load event. Please make sure it has an appropriate `as` value and it is preloaded intentionally. @ http://localhost:3001/en/dashboard:0
[ 6907788ms] [WARNING] The resource http://localhost:3001/_next/static/media/4b676bcffc00356a-s.p.c22aaca1.woff2 was preloaded using link preload but not used within a few seconds from the window's load event. Please make sure it has an appropriate `as` value and it is preloaded intentionally. @ http://localhost:3001/en/dashboard:0
[ 6907788ms] [WARNING] The resource http://localhost:3001/_next/static/media/47fe1b7cd6e6ed85-s.p.855a563b.woff2 was preloaded using link preload but not used within a few seconds from the window's load event. Please make sure it has an appropriate `as` value and it is preloaded intentionally. @ http://localhost:3001/en/dashboard:0
[ 6907788ms] [WARNING] The resource http://localhost:3001/_next/static/media/d54db18e8cd5f74f-s.p.0e8eb956.woff2 was preloaded using link preload but not used within a few seconds from the window's load event. Please make sure it has an appropriate `as` value and it is preloaded intentionally. @ http://localhost:3001/en/dashboard:0
[ 6907788ms] [WARNING] The resource http://localhost:3001/_next/static/media/48e6fa8a5baca31f-s.p.33d01b36.woff2 was preloaded using link preload but not used within a few seconds from the window's load event. Please make sure it has an appropriate `as` value and it is preloaded intentionally. @ http://localhost:3001/en/dashboard:0
[ 6907788ms] [WARNING] The resource http://localhost:3001/_next/static/media/8e6fa89aa22d24ec-s.p.3aec397d.woff2 was preloaded using link preload but not used within a few seconds from the window's load event. Please make sure it has an appropriate `as` value and it is preloaded intentionally. @ http://localhost:3001/en/dashboard:0
[ 6907788ms] [WARNING] The resource http://localhost:3001/_next/static/media/e2334d715941921e-s.p.d82a9aff.woff2 was preloaded using link preload but not used within a few seconds from the window's load event. Please make sure it has an appropriate `as` value and it is preloaded intentionally. @ http://localhost:3001/en/dashboard:0
[ 6907788ms] [WARNING] The resource http://localhost:3001/_next/static/media/8c701f89af1c2d08-s.p.8e889423.woff2 was preloaded using link preload but not used within a few seconds from the window's load event. Please make sure it has an appropriate `as` value and it is preloaded intentionally. @ http://localhost:3001/en/dashboard:0
[ 6907788ms] [WARNING] The resource http://localhost:3001/_next/static/media/f30fd2e485acf1bc-s.p.3d1b066d.woff2 was preloaded using link preload but not used within a few seconds from the window's load event. Please make sure it has an appropriate `as` value and it is preloaded intentionally. @ http://localhost:3001/en/dashboard:0
[ 6907788ms] [WARNING] The resource http://localhost:3001/_next/static/media/a218039a3287bcfd-s.p.4a23d71b.woff2 was preloaded using link preload but not used within a few seconds from the window's load event. Please make sure it has an appropriate `as` value and it is preloaded intentionally. @ http://localhost:3001/en/dashboard:0
[ 6929808ms] [WARNING] The resource http://localhost:3001/_next/static/media/345c85a432359eed-s.p.eead68dd.woff2 was preloaded using link preload but not used within a few seconds from the window's load event. Please make sure it has an appropriate `as` value and it is preloaded intentionally. @ http://localhost:3001/en/dashboard:0
[ 6929808ms] [WARNING] The resource http://localhost:3001/_next/static/media/7ca057cce9853046-s.p.6a702554.woff2 was preloaded using link preload but not used within a few seconds from the window's load event. Please make sure it has an appropriate `as` value and it is preloaded intentionally. @ http://localhost:3001/en/dashboard:0
[ 6929808ms] [WARNING] The resource http://localhost:3001/_next/static/media/8e451580e5e95631-s.p.0e564e6e.woff2 was preloaded using link preload but not used within a few seconds from the window's load event. Please make sure it has an appropriate `as` value and it is preloaded intentionally. @ http://localhost:3001/en/dashboard:0
[ 6929809ms] [WARNING] The resource http://localhost:3001/_next/static/media/4b676bcffc00356a-s.p.c22aaca1.woff2 was preloaded using link preload but not used within a few seconds from the window's load event. Please make sure it has an appropriate `as` value and it is preloaded intentionally. @ http://localhost:3001/en/dashboard:0
[ 6929809ms] [WARNING] The resource http://localhost:3001/_next/static/media/47fe1b7cd6e6ed85-s.p.855a563b.woff2 was preloaded using link preload but not used within a few seconds from the window's load event. Please make sure it has an appropriate `as` value and it is preloaded intentionally. @ http://localhost:3001/en/dashboard:0
[ 6929809ms] [WARNING] The resource http://localhost:3001/_next/static/media/d54db18e8cd5f74f-s.p.0e8eb956.woff2 was preloaded using link preload but not used within a few seconds from the window's load event. Please make sure it has an appropriate `as` value and it is preloaded intentionally. @ http://localhost:3001/en/dashboard:0
[ 6929809ms] [WARNING] The resource http://localhost:3001/_next/static/media/48e6fa8a5baca31f-s.p.33d01b36.woff2 was preloaded using link preload but not used within a few seconds from the window's load event. Please make sure it has an appropriate `as` value and it is preloaded intentionally. @ http://localhost:3001/en/dashboard:0
[ 6929809ms] [WARNING] The resource http://localhost:3001/_next/static/media/8e6fa89aa22d24ec-s.p.3aec397d.woff2 was preloaded using link preload but not used within a few seconds from the window's load event. Please make sure it has an appropriate `as` value and it is preloaded intentionally. @ http://localhost:3001/en/dashboard:0
[ 6929809ms] [WARNING] The resource http://localhost:3001/_next/static/media/e2334d715941921e-s.p.d82a9aff.woff2 was preloaded using link preload but not used within a few seconds from the window's load event. Please make sure it has an appropriate `as` value and it is preloaded intentionally. @ http://localhost:3001/en/dashboard:0
[ 6929809ms] [WARNING] The resource http://localhost:3001/_next/static/media/8c701f89af1c2d08-s.p.8e889423.woff2 was preloaded using link preload but not used within a few seconds from the window's load event. Please make sure it has an appropriate `as` value and it is preloaded intentionally. @ http://localhost:3001/en/dashboard:0
[ 6929809ms] [WARNING] The resource http://localhost:3001/_next/static/media/f30fd2e485acf1bc-s.p.3d1b066d.woff2 was preloaded using link preload but not used within a few seconds from the window's load event. Please make sure it has an appropriate `as` value and it is preloaded intentionally. @ http://localhost:3001/en/dashboard:0
[ 6929809ms] [WARNING] The resource http://localhost:3001/_next/static/media/a218039a3287bcfd-s.p.4a23d71b.woff2 was preloaded using link preload but not used within a few seconds from the window's load event. Please make sure it has an appropriate `as` value and it is preloaded intentionally. @ http://localhost:3001/en/dashboard:0
[ 6968063ms] [WARNING] The resource http://localhost:3001/_next/static/media/345c85a432359eed-s.p.eead68dd.woff2 was preloaded using link preload but not used within a few seconds from the window's load event. Please make sure it has an appropriate `as` value and it is preloaded intentionally. @ http://localhost:3001/en/dashboard:0
[ 6968063ms] [WARNING] The resource http://localhost:3001/_next/static/media/7ca057cce9853046-s.p.6a702554.woff2 was preloaded using link preload but not used within a few seconds from the window's load event. Please make sure it has an appropriate `as` value and it is preloaded intentionally. @ http://localhost:3001/en/dashboard:0
[ 6968063ms] [WARNING] The resource http://localhost:3001/_next/static/media/8e451580e5e95631-s.p.0e564e6e.woff2 was preloaded using link preload but not used within a few seconds from the window's load event. Please make sure it has an appropriate `as` value and it is preloaded intentionally. @ http://localhost:3001/en/dashboard:0
[ 6968063ms] [WARNING] The resource http://localhost:3001/_next/static/media/4b676bcffc00356a-s.p.c22aaca1.woff2 was preloaded using link preload but not used within a few seconds from the window's load event. Please make sure it has an appropriate `as` value and it is preloaded intentionally. @ http://localhost:3001/en/dashboard:0
[ 6968063ms] [WARNING] The resource http://localhost:3001/_next/static/media/47fe1b7cd6e6ed85-s.p.855a563b.woff2 was preloaded using link preload but not used within a few seconds from the window's load event. Please make sure it has an appropriate `as` value and it is preloaded intentionally. @ http://localhost:3001/en/dashboard:0
[ 6968063ms] [WARNING] The resource http://localhost:3001/_next/static/media/d54db18e8cd5f74f-s.p.0e8eb956.woff2 was preloaded using link preload but not used within a few seconds from the window's load event. Please make sure it has an appropriate `as` value and it is preloaded intentionally. @ http://localhost:3001/en/dashboard:0
[ 6968063ms] [WARNING] The resource http://localhost:3001/_next/static/media/48e6fa8a5baca31f-s.p.33d01b36.woff2 was preloaded using link preload but not used within a few seconds from the window's load event. Please make sure it has an appropriate `as` value and it is preloaded intentionally. @ http://localhost:3001/en/dashboard:0
[ 6968063ms] [WARNING] The resource http://localhost:3001/_next/static/media/8e6fa89aa22d24ec-s.p.3aec397d.woff2 was preloaded using link preload but not used within a few seconds from the window's load event. Please make sure it has an appropriate `as` value and it is preloaded intentionally. @ http://localhost:3001/en/dashboard:0
[ 6968063ms] [WARNING] The resource http://localhost:3001/_next/static/media/e2334d715941921e-s.p.d82a9aff.woff2 was preloaded using link preload but not used within a few seconds from the window's load event. Please make sure it has an appropriate `as` value and it is preloaded intentionally. @ http://localhost:3001/en/dashboard:0
[ 6968063ms] [WARNING] The resource http://localhost:3001/_next/static/media/8c701f89af1c2d08-s.p.8e889423.woff2 was preloaded using link preload but not used within a few seconds from the window's load event. Please make sure it has an appropriate `as` value and it is preloaded intentionally. @ http://localhost:3001/en/dashboard:0
[ 6968063ms] [WARNING] The resource http://localhost:3001/_next/static/media/f30fd2e485acf1bc-s.p.3d1b066d.woff2 was preloaded using link preload but not used within a few seconds from the window's load event. Please make sure it has an appropriate `as` value and it is preloaded intentionally. @ http://localhost:3001/en/dashboard:0
[ 6968064ms] [WARNING] The resource http://localhost:3001/_next/static/media/a218039a3287bcfd-s.p.4a23d71b.woff2 was preloaded using link preload but not used within a few seconds from the window's load event. Please make sure it has an appropriate `as` value and it is preloaded intentionally. @ http://localhost:3001/en/dashboard:0
[ 6980901ms] [WARNING] The resource http://localhost:3001/_next/static/media/345c85a432359eed-s.p.eead68dd.woff2 was preloaded using link preload but not used within a few seconds from the window's load event. Please make sure it has an appropriate `as` value and it is preloaded intentionally. @ http://localhost:3001/en/dashboard:0
[ 6980901ms] [WARNING] The resource http://localhost:3001/_next/static/media/7ca057cce9853046-s.p.6a702554.woff2 was preloaded using link preload but not used within a few seconds from the window's load event. Please make sure it has an appropriate `as` value and it is preloaded intentionally. @ http://localhost:3001/en/dashboard:0
[ 6980901ms] [WARNING] The resource http://localhost:3001/_next/static/media/8e451580e5e95631-s.p.0e564e6e.woff2 was preloaded using link preload but not used within a few seconds from the window's load event. Please make sure it has an appropriate `as` value and it is preloaded intentionally. @ http://localhost:3001/en/dashboard:0
[ 6980901ms] [WARNING] The resource http://localhost:3001/_next/static/media/4b676bcffc00356a-s.p.c22aaca1.woff2 was preloaded using link preload but not used within a few seconds from the window's load event. Please make sure it has an appropriate `as` value and it is preloaded intentionally. @ http://localhost:3001/en/dashboard:0
[ 6980901ms] [WARNING] The resource http://localhost:3001/_next/static/media/47fe1b7cd6e6ed85-s.p.855a563b.woff2 was preloaded using link preload but not used within a few seconds from the window's load event. Please make sure it has an appropriate `as` value and it is preloaded intentionally. @ http://localhost:3001/en/dashboard:0
[ 6980901ms] [WARNING] The resource http://localhost:3001/_next/static/media/d54db18e8cd5f74f-s.p.0e8eb956.woff2 was preloaded using link preload but not used within a few seconds from the window's load event. Please make sure it has an appropriate `as` value and it is preloaded intentionally. @ http://localhost:3001/en/dashboard:0
[ 6980901ms] [WARNING] The resource http://localhost:3001/_next/static/media/48e6fa8a5baca31f-s.p.33d01b36.woff2 was preloaded using link preload but not used within a few seconds from the window's load event. Please make sure it has an appropriate `as` value and it is preloaded intentionally. @ http://localhost:3001/en/dashboard:0
[ 6980901ms] [WARNING] The resource http://localhost:3001/_next/static/media/8e6fa89aa22d24ec-s.p.3aec397d.woff2 was preloaded using link preload but not used within a few seconds from the window's load event. Please make sure it has an appropriate `as` value and it is preloaded intentionally. @ http://localhost:3001/en/dashboard:0
[ 6980901ms] [WARNING] The resource http://localhost:3001/_next/static/media/e2334d715941921e-s.p.d82a9aff.woff2 was preloaded using link preload but not used within a few seconds from the window's load event. Please make sure it has an appropriate `as` value and it is preloaded intentionally. @ http://localhost:3001/en/dashboard:0
[ 6980901ms] [WARNING] The resource http://localhost:3001/_next/static/media/8c701f89af1c2d08-s.p.8e889423.woff2 was preloaded using link preload but not used within a few seconds from the window's load event. Please make sure it has an appropriate `as` value and it is preloaded intentionally. @ http://localhost:3001/en/dashboard:0
[ 6980901ms] [WARNING] The resource http://localhost:3001/_next/static/media/f30fd2e485acf1bc-s.p.3d1b066d.woff2 was preloaded using link preload but not used within a few seconds from the window's load event. Please make sure it has an appropriate `as` value and it is preloaded intentionally. @ http://localhost:3001/en/dashboard:0
[ 6980902ms] [WARNING] The resource http://localhost:3001/_next/static/media/a218039a3287bcfd-s.p.4a23d71b.woff2 was preloaded using link preload but not used within a few seconds from the window's load event. Please make sure it has an appropriate `as` value and it is preloaded intentionally. @ http://localhost:3001/en/dashboard:0
[ 7029717ms] [WARNING] The resource http://localhost:3001/_next/static/media/345c85a432359eed-s.p.eead68dd.woff2 was preloaded using link preload but not used within a few seconds from the window's load event. Please make sure it has an appropriate `as` value and it is preloaded intentionally. @ http://localhost:3001/en/dashboard:0
[ 7029717ms] [WARNING] The resource http://localhost:3001/_next/static/media/7ca057cce9853046-s.p.6a702554.woff2 was preloaded using link preload but not used within a few seconds from the window's load event. Please make sure it has an appropriate `as` value and it is preloaded intentionally. @ http://localhost:3001/en/dashboard:0
[ 7029717ms] [WARNING] The resource http://localhost:3001/_next/static/media/8e451580e5e95631-s.p.0e564e6e.woff2 was preloaded using link preload but not used within a few seconds from the window's load event. Please make sure it has an appropriate `as` value and it is preloaded intentionally. @ http://localhost:3001/en/dashboard:0
[ 7029717ms] [WARNING] The resource http://localhost:3001/_next/static/media/4b676bcffc00356a-s.p.c22aaca1.woff2 was preloaded using link preload but not used within a few seconds from the window's load event. Please make sure it has an appropriate `as` value and it is preloaded intentionally. @ http://localhost:3001/en/dashboard:0
[ 7029718ms] [WARNING] The resource http://localhost:3001/_next/static/media/47fe1b7cd6e6ed85-s.p.855a563b.woff2 was preloaded using link preload but not used within a few seconds from the window's load event. Please make sure it has an appropriate `as` value and it is preloaded intentionally. @ http://localhost:3001/en/dashboard:0
[ 7029718ms] [WARNING] The resource http://localhost:3001/_next/static/media/d54db18e8cd5f74f-s.p.0e8eb956.woff2 was preloaded using link preload but not used within a few seconds from the window's load event. Please make sure it has an appropriate `as` value and it is preloaded intentionally. @ http://localhost:3001/en/dashboard:0
[ 7029718ms] [WARNING] The resource http://localhost:3001/_next/static/media/48e6fa8a5baca31f-s.p.33d01b36.woff2 was preloaded using link preload but not used within a few seconds from the window's load event. Please make sure it has an appropriate `as` value and it is preloaded intentionally. @ http://localhost:3001/en/dashboard:0
[ 7029718ms] [WARNING] The resource http://localhost:3001/_next/static/media/8e6fa89aa22d24ec-s.p.3aec397d.woff2 was preloaded using link preload but not used within a few seconds from the window's load event. Please make sure it has an appropriate `as` value and it is preloaded intentionally. @ http://localhost:3001/en/dashboard:0
[ 7029718ms] [WARNING] The resource http://localhost:3001/_next/static/media/e2334d715941921e-s.p.d82a9aff.woff2 was preloaded using link preload but not used within a few seconds from the window's load event. Please make sure it has an appropriate `as` value and it is preloaded intentionally. @ http://localhost:3001/en/dashboard:0
[ 7029718ms] [WARNING] The resource http://localhost:3001/_next/static/media/8c701f89af1c2d08-s.p.8e889423.woff2 was preloaded using link preload but not used within a few seconds from the window's load event. Please make sure it has an appropriate `as` value and it is preloaded intentionally. @ http://localhost:3001/en/dashboard:0
[ 7029718ms] [WARNING] The resource http://localhost:3001/_next/static/media/f30fd2e485acf1bc-s.p.3d1b066d.woff2 was preloaded using link preload but not used within a few seconds from the window's load event. Please make sure it has an appropriate `as` value and it is preloaded intentionally. @ http://localhost:3001/en/dashboard:0
[ 7029718ms] [WARNING] The resource http://localhost:3001/_next/static/media/a218039a3287bcfd-s.p.4a23d71b.woff2 was preloaded using link preload but not used within a few seconds from the window's load event. Please make sure it has an appropriate `as` value and it is preloaded intentionally. @ http://localhost:3001/en/dashboard:0
[ 7073520ms] [WARNING] The resource http://localhost:3001/_next/static/media/345c85a432359eed-s.p.eead68dd.woff2 was preloaded using link preload but not used within a few seconds from the window's load event. Please make sure it has an appropriate `as` value and it is preloaded intentionally. @ http://localhost:3001/en/dashboard:0
[ 7073520ms] [WARNING] The resource http://localhost:3001/_next/static/media/7ca057cce9853046-s.p.6a702554.woff2 was preloaded using link preload but not used within a few seconds from the window's load event. Please make sure it has an appropriate `as` value and it is preloaded intentionally. @ http://localhost:3001/en/dashboard:0
[ 7073520ms] [WARNING] The resource http://localhost:3001/_next/static/media/8e451580e5e95631-s.p.0e564e6e.woff2 was preloaded using link preload but not used within a few seconds from the window's load event. Please make sure it has an appropriate `as` value and it is preloaded intentionally. @ http://localhost:3001/en/dashboard:0
[ 7073520ms] [WARNING] The resource http://localhost:3001/_next/static/media/4b676bcffc00356a-s.p.c22aaca1.woff2 was preloaded using link preload but not used within a few seconds from the window's load event. Please make sure it has an appropriate `as` value and it is preloaded intentionally. @ http://localhost:3001/en/dashboard:0
[ 7073521ms] [WARNING] The resource http://localhost:3001/_next/static/media/47fe1b7cd6e6ed85-s.p.855a563b.woff2 was preloaded using link preload but not used within a few seconds from the window's load event. Please make sure it has an appropriate `as` value and it is preloaded intentionally. @ http://localhost:3001/en/dashboard:0
[ 7073521ms] [WARNING] The resource http://localhost:3001/_next/static/media/d54db18e8cd5f74f-s.p.0e8eb956.woff2 was preloaded using link preload but not used within a few seconds from the window's load event. Please make sure it has an appropriate `as` value and it is preloaded intentionally. @ http://localhost:3001/en/dashboard:0
[ 7073521ms] [WARNING] The resource http://localhost:3001/_next/static/media/48e6fa8a5baca31f-s.p.33d01b36.woff2 was preloaded using link preload but not used within a few seconds from the window's load event. Please make sure it has an appropriate `as` value and it is preloaded intentionally. @ http://localhost:3001/en/dashboard:0
[ 7073521ms] [WARNING] The resource http://localhost:3001/_next/static/media/8e6fa89aa22d24ec-s.p.3aec397d.woff2 was preloaded using link preload but not used within a few seconds from the window's load event. Please make sure it has an appropriate `as` value and it is preloaded intentionally. @ http://localhost:3001/en/dashboard:0
[ 7073521ms] [WARNING] The resource http://localhost:3001/_next/static/media/e2334d715941921e-s.p.d82a9aff.woff2 was preloaded using link preload but not used within a few seconds from the window's load event. Please make sure it has an appropriate `as` value and it is preloaded intentionally. @ http://localhost:3001/en/dashboard:0
[ 7073521ms] [WARNING] The resource http://localhost:3001/_next/static/media/8c701f89af1c2d08-s.p.8e889423.woff2 was preloaded using link preload but not used within a few seconds from the window's load event. Please make sure it has an appropriate `as` value and it is preloaded intentionally. @ http://localhost:3001/en/dashboard:0
[ 7073521ms] [WARNING] The resource http://localhost:3001/_next/static/media/f30fd2e485acf1bc-s.p.3d1b066d.woff2 was preloaded using link preload but not used within a few seconds from the window's load event. Please make sure it has an appropriate `as` value and it is preloaded intentionally. @ http://localhost:3001/en/dashboard:0
[ 7073521ms] [WARNING] The resource http://localhost:3001/_next/static/media/a218039a3287bcfd-s.p.4a23d71b.woff2 was preloaded using link preload but not used within a few seconds from the window's load event. Please make sure it has an appropriate `as` value and it is preloaded intentionally. @ http://localhost:3001/en/dashboard:0
[ 7089925ms] [WARNING] The resource http://localhost:3001/_next/static/media/345c85a432359eed-s.p.eead68dd.woff2 was preloaded using link preload but not used within a few seconds from the window's load event. Please make sure it has an appropriate `as` value and it is preloaded intentionally. @ http://localhost:3001/en/dashboard:0
[ 7089925ms] [WARNING] The resource http://localhost:3001/_next/static/media/7ca057cce9853046-s.p.6a702554.woff2 was preloaded using link preload but not used within a few seconds from the window's load event. Please make sure it has an appropriate `as` value and it is preloaded intentionally. @ http://localhost:3001/en/dashboard:0
[ 7089925ms] [WARNING] The resource http://localhost:3001/_next/static/media/8e451580e5e95631-s.p.0e564e6e.woff2 was preloaded using link preload but not used within a few seconds from the window's load event. Please make sure it has an appropriate `as` value and it is preloaded intentionally. @ http://localhost:3001/en/dashboard:0
[ 7089925ms] [WARNING] The resource http://localhost:3001/_next/static/media/4b676bcffc00356a-s.p.c22aaca1.woff2 was preloaded using link preload but not used within a few seconds from the window's load event. Please make sure it has an appropriate `as` value and it is preloaded intentionally. @ http://localhost:3001/en/dashboard:0
[ 7089925ms] [WARNING] The resource http://localhost:3001/_next/static/media/47fe1b7cd6e6ed85-s.p.855a563b.woff2 was preloaded using link preload but not used within a few seconds from the window's load event. Please make sure it has an appropriate `as` value and it is preloaded intentionally. @ http://localhost:3001/en/dashboard:0
[ 7089926ms] [WARNING] The resource http://localhost:3001/_next/static/media/d54db18e8cd5f74f-s.p.0e8eb956.woff2 was preloaded using link preload but not used within a few seconds from the window's load event. Please make sure it has an appropriate `as` value and it is preloaded intentionally. @ http://localhost:3001/en/dashboard:0
[ 7089926ms] [WARNING] The resource http://localhost:3001/_next/static/media/48e6fa8a5baca31f-s.p.33d01b36.woff2 was preloaded using link preload but not used within a few seconds from the window's load event. Please make sure it has an appropriate `as` value and it is preloaded intentionally. @ http://localhost:3001/en/dashboard:0
[ 7089926ms] [WARNING] The resource http://localhost:3001/_next/static/media/8e6fa89aa22d24ec-s.p.3aec397d.woff2 was preloaded using link preload but not used within a few seconds from the window's load event. Please make sure it has an appropriate `as` value and it is preloaded intentionally. @ http://localhost:3001/en/dashboard:0
[ 7089926ms] [WARNING] The resource http://localhost:3001/_next/static/media/e2334d715941921e-s.p.d82a9aff.woff2 was preloaded using link preload but not used within a few seconds from the window's load event. Please make sure it has an appropriate `as` value and it is preloaded intentionally. @ http://localhost:3001/en/dashboard:0
[ 7089926ms] [WARNING] The resource http://localhost:3001/_next/static/media/8c701f89af1c2d08-s.p.8e889423.woff2 was preloaded using link preload but not used within a few seconds from the window's load event. Please make sure it has an appropriate `as` value and it is preloaded intentionally. @ http://localhost:3001/en/dashboard:0
[ 7089926ms] [WARNING] The resource http://localhost:3001/_next/static/media/f30fd2e485acf1bc-s.p.3d1b066d.woff2 was preloaded using link preload but not used within a few seconds from the window's load event. Please make sure it has an appropriate `as` value and it is preloaded intentionally. @ http://localhost:3001/en/dashboard:0
[ 7089926ms] [WARNING] The resource http://localhost:3001/_next/static/media/a218039a3287bcfd-s.p.4a23d71b.woff2 was preloaded using link preload but not used within a few seconds from the window's load event. Please make sure it has an appropriate `as` value and it is preloaded intentionally. @ http://localhost:3001/en/dashboard:0
[ 7119079ms] [WARNING] The resource http://localhost:3001/_next/static/media/345c85a432359eed-s.p.eead68dd.woff2 was preloaded using link preload but not used within a few seconds from the window's load event. Please make sure it has an appropriate `as` value and it is preloaded intentionally. @ http://localhost:3001/en/dashboard:0
[ 7119079ms] [WARNING] The resource http://localhost:3001/_next/static/media/7ca057cce9853046-s.p.6a702554.woff2 was preloaded using link preload but not used within a few seconds from the window's load event. Please make sure it has an appropriate `as` value and it is preloaded intentionally. @ http://localhost:3001/en/dashboard:0
[ 7119079ms] [WARNING] The resource http://localhost:3001/_next/static/media/8e451580e5e95631-s.p.0e564e6e.woff2 was preloaded using link preload but not used within a few seconds from the window's load event. Please make sure it has an appropriate `as` value and it is preloaded intentionally. @ http://localhost:3001/en/dashboard:0
[ 7119079ms] [WARNING] The resource http://localhost:3001/_next/static/media/4b676bcffc00356a-s.p.c22aaca1.woff2 was preloaded using link preload but not used within a few seconds from the window's load event. Please make sure it has an appropriate `as` value and it is preloaded intentionally. @ http://localhost:3001/en/dashboard:0
[ 7119079ms] [WARNING] The resource http://localhost:3001/_next/static/media/47fe1b7cd6e6ed85-s.p.855a563b.woff2 was preloaded using link preload but not used within a few seconds from the window's load event. Please make sure it has an appropriate `as` value and it is preloaded intentionally. @ http://localhost:3001/en/dashboard:0
[ 7119079ms] [WARNING] The resource http://localhost:3001/_next/static/media/d54db18e8cd5f74f-s.p.0e8eb956.woff2 was preloaded using link preload but not used within a few seconds from the window's load event. Please make sure it has an appropriate `as` value and it is preloaded intentionally. @ http://localhost:3001/en/dashboard:0
[ 7119079ms] [WARNING] The resource http://localhost:3001/_next/static/media/48e6fa8a5baca31f-s.p.33d01b36.woff2 was preloaded using link preload but not used within a few seconds from the window's load event. Please make sure it has an appropriate `as` value and it is preloaded intentionally. @ http://localhost:3001/en/dashboard:0
[ 7119079ms] [WARNING] The resource http://localhost:3001/_next/static/media/8e6fa89aa22d24ec-s.p.3aec397d.woff2 was preloaded using link preload but not used within a few seconds from the window's load event. Please make sure it has an appropriate `as` value and it is preloaded intentionally. @ http://localhost:3001/en/dashboard:0
[ 7119079ms] [WARNING] The resource http://localhost:3001/_next/static/media/e2334d715941921e-s.p.d82a9aff.woff2 was preloaded using link preload but not used within a few seconds from the window's load event. Please make sure it has an appropriate `as` value and it is preloaded intentionally. @ http://localhost:3001/en/dashboard:0
[ 7119079ms] [WARNING] The resource http://localhost:3001/_next/static/media/8c701f89af1c2d08-s.p.8e889423.woff2 was preloaded using link preload but not used within a few seconds from the window's load event. Please make sure it has an appropriate `as` value and it is preloaded intentionally. @ http://localhost:3001/en/dashboard:0
[ 7119079ms] [WARNING] The resource http://localhost:3001/_next/static/media/f30fd2e485acf1bc-s.p.3d1b066d.woff2 was preloaded using link preload but not used within a few seconds from the window's load event. Please make sure it has an appropriate `as` value and it is preloaded intentionally. @ http://localhost:3001/en/dashboard:0
[ 7119079ms] [WARNING] The resource http://localhost:3001/_next/static/media/a218039a3287bcfd-s.p.4a23d71b.woff2 was preloaded using link preload but not used within a few seconds from the window's load event. Please make sure it has an appropriate `as` value and it is preloaded intentionally. @ http://localhost:3001/en/dashboard:0
[ 7150111ms] [WARNING] The resource http://localhost:3001/_next/static/media/345c85a432359eed-s.p.eead68dd.woff2 was preloaded using link preload but not used within a few seconds from the window's load event. Please make sure it has an appropriate `as` value and it is preloaded intentionally. @ http://localhost:3001/en/dashboard:0
[ 7150112ms] [WARNING] The resource http://localhost:3001/_next/static/media/7ca057cce9853046-s.p.6a702554.woff2 was preloaded using link preload but not used within a few seconds from the window's load event. Please make sure it has an appropriate `as` value and it is preloaded intentionally. @ http://localhost:3001/en/dashboard:0
[ 7150112ms] [WARNING] The resource http://localhost:3001/_next/static/media/8e451580e5e95631-s.p.0e564e6e.woff2 was preloaded using link preload but not used within a few seconds from the window's load event. Please make sure it has an appropriate `as` value and it is preloaded intentionally. @ http://localhost:3001/en/dashboard:0
[ 7150112ms] [WARNING] The resource http://localhost:3001/_next/static/media/4b676bcffc00356a-s.p.c22aaca1.woff2 was preloaded using link preload but not used within a few seconds from the window's load event. Please make sure it has an appropriate `as` value and it is preloaded intentionally. @ http://localhost:3001/en/dashboard:0
[ 7150112ms] [WARNING] The resource http://localhost:3001/_next/static/media/47fe1b7cd6e6ed85-s.p.855a563b.woff2 was preloaded using link preload but not used within a few seconds from the window's load event. Please make sure it has an appropriate `as` value and it is preloaded intentionally. @ http://localhost:3001/en/dashboard:0
[ 7150112ms] [WARNING] The resource http://localhost:3001/_next/static/media/d54db18e8cd5f74f-s.p.0e8eb956.woff2 was preloaded using link preload but not used within a few seconds from the window's load event. Please make sure it has an appropriate `as` value and it is preloaded intentionally. @ http://localhost:3001/en/dashboard:0
[ 7150112ms] [WARNING] The resource http://localhost:3001/_next/static/media/48e6fa8a5baca31f-s.p.33d01b36.woff2 was preloaded using link preload but not used within a few seconds from the window's load event. Please make sure it has an appropriate `as` value and it is preloaded intentionally. @ http://localhost:3001/en/dashboard:0
[ 7150112ms] [WARNING] The resource http://localhost:3001/_next/static/media/8e6fa89aa22d24ec-s.p.3aec397d.woff2 was preloaded using link preload but not used within a few seconds from the window's load event. Please make sure it has an appropriate `as` value and it is preloaded intentionally. @ http://localhost:3001/en/dashboard:0
[ 7150112ms] [WARNING] The resource http://localhost:3001/_next/static/media/e2334d715941921e-s.p.d82a9aff.woff2 was preloaded using link preload but not used within a few seconds from the window's load event. Please make sure it has an appropriate `as` value and it is preloaded intentionally. @ http://localhost:3001/en/dashboard:0
[ 7150112ms] [WARNING] The resource http://localhost:3001/_next/static/media/8c701f89af1c2d08-s.p.8e889423.woff2 was preloaded using link preload but not used within a few seconds from the window's load event. Please make sure it has an appropriate `as` value and it is preloaded intentionally. @ http://localhost:3001/en/dashboard:0
[ 7150112ms] [WARNING] The resource http://localhost:3001/_next/static/media/f30fd2e485acf1bc-s.p.3d1b066d.woff2 was preloaded using link preload but not used within a few seconds from the window's load event. Please make sure it has an appropriate `as` value and it is preloaded intentionally. @ http://localhost:3001/en/dashboard:0
[ 7150112ms] [WARNING] The resource http://localhost:3001/_next/static/media/a218039a3287bcfd-s.p.4a23d71b.woff2 was preloaded using link preload but not used within a few seconds from the window's load event. Please make sure it has an appropriate `as` value and it is preloaded intentionally. @ http://localhost:3001/en/dashboard:0
[ 7165317ms] [WARNING] The resource http://localhost:3001/_next/static/media/345c85a432359eed-s.p.eead68dd.woff2 was preloaded using link preload but not used within a few seconds from the window's load event. Please make sure it has an appropriate `as` value and it is preloaded intentionally. @ http://localhost:3001/en/dashboard:0
[ 7165317ms] [WARNING] The resource http://localhost:3001/_next/static/media/7ca057cce9853046-s.p.6a702554.woff2 was preloaded using link preload but not used within a few seconds from the window's load event. Please make sure it has an appropriate `as` value and it is preloaded intentionally. @ http://localhost:3001/en/dashboard:0
[ 7165317ms] [WARNING] The resource http://localhost:3001/_next/static/media/8e451580e5e95631-s.p.0e564e6e.woff2 was preloaded using link preload but not used within a few seconds from the window's load event. Please make sure it has an appropriate `as` value and it is preloaded intentionally. @ http://localhost:3001/en/dashboard:0
[ 7165317ms] [WARNING] The resource http://localhost:3001/_next/static/media/4b676bcffc00356a-s.p.c22aaca1.woff2 was preloaded using link preload but not used within a few seconds from the window's load event. Please make sure it has an appropriate `as` value and it is preloaded intentionally. @ http://localhost:3001/en/dashboard:0
[ 7165317ms] [WARNING] The resource http://localhost:3001/_next/static/media/47fe1b7cd6e6ed85-s.p.855a563b.woff2 was preloaded using link preload but not used within a few seconds from the window's load event. Please make sure it has an appropriate `as` value and it is preloaded intentionally. @ http://localhost:3001/en/dashboard:0
[ 7165317ms] [WARNING] The resource http://localhost:3001/_next/static/media/d54db18e8cd5f74f-s.p.0e8eb956.woff2 was preloaded using link preload but not used within a few seconds from the window's load event. Please make sure it has an appropriate `as` value and it is preloaded intentionally. @ http://localhost:3001/en/dashboard:0
[ 7165317ms] [WARNING] The resource http://localhost:3001/_next/static/media/48e6fa8a5baca31f-s.p.33d01b36.woff2 was preloaded using link preload but not used within a few seconds from the window's load event. Please make sure it has an appropriate `as` value and it is preloaded intentionally. @ http://localhost:3001/en/dashboard:0
[ 7165317ms] [WARNING] The resource http://localhost:3001/_next/static/media/8e6fa89aa22d24ec-s.p.3aec397d.woff2 was preloaded using link preload but not used within a few seconds from the window's load event. Please make sure it has an appropriate `as` value and it is preloaded intentionally. @ http://localhost:3001/en/dashboard:0
[ 7165317ms] [WARNING] The resource http://localhost:3001/_next/static/media/e2334d715941921e-s.p.d82a9aff.woff2 was preloaded using link preload but not used within a few seconds from the window's load event. Please make sure it has an appropriate `as` value and it is preloaded intentionally. @ http://localhost:3001/en/dashboard:0
[ 7165317ms] [WARNING] The resource http://localhost:3001/_next/static/media/8c701f89af1c2d08-s.p.8e889423.woff2 was preloaded using link preload but not used within a few seconds from the window's load event. Please make sure it has an appropriate `as` value and it is preloaded intentionally. @ http://localhost:3001/en/dashboard:0
[ 7165317ms] [WARNING] The resource http://localhost:3001/_next/static/media/f30fd2e485acf1bc-s.p.3d1b066d.woff2 was preloaded using link preload but not used within a few seconds from the window's load event. Please make sure it has an appropriate `as` value and it is preloaded intentionally. @ http://localhost:3001/en/dashboard:0
[ 7165317ms] [WARNING] The resource http://localhost:3001/_next/static/media/a218039a3287bcfd-s.p.4a23d71b.woff2 was preloaded using link preload but not used within a few seconds from the window's load event. Please make sure it has an appropriate `as` value and it is preloaded intentionally. @ http://localhost:3001/en/dashboard:0
[ 7211287ms] [WARNING] The resource http://localhost:3001/_next/static/media/345c85a432359eed-s.p.eead68dd.woff2 was preloaded using link preload but not used within a few seconds from the window's load event. Please make sure it has an appropriate `as` value and it is preloaded intentionally. @ http://localhost:3001/en/dashboard:0
[ 7211287ms] [WARNING] The resource http://localhost:3001/_next/static/media/7ca057cce9853046-s.p.6a702554.woff2 was preloaded using link preload but not used within a few seconds from the window's load event. Please make sure it has an appropriate `as` value and it is preloaded intentionally. @ http://localhost:3001/en/dashboard:0
[ 7211287ms] [WARNING] The resource http://localhost:3001/_next/static/media/8e451580e5e95631-s.p.0e564e6e.woff2 was preloaded using link preload but not used within a few seconds from the window's load event. Please make sure it has an appropriate `as` value and it is preloaded intentionally. @ http://localhost:3001/en/dashboard:0
[ 7211287ms] [WARNING] The resource http://localhost:3001/_next/static/media/4b676bcffc00356a-s.p.c22aaca1.woff2 was preloaded using link preload but not used within a few seconds from the window's load event. Please make sure it has an appropriate `as` value and it is preloaded intentionally. @ http://localhost:3001/en/dashboard:0
[ 7211289ms] [WARNING] The resource http://localhost:3001/_next/static/media/47fe1b7cd6e6ed85-s.p.855a563b.woff2 was preloaded using link preload but not used within a few seconds from the window's load event. Please make sure it has an appropriate `as` value and it is preloaded intentionally. @ http://localhost:3001/en/dashboard:0
[ 7211289ms] [WARNING] The resource http://localhost:3001/_next/static/media/d54db18e8cd5f74f-s.p.0e8eb956.woff2 was preloaded using link preload but not used within a few seconds from the window's load event. Please make sure it has an appropriate `as` value and it is preloaded intentionally. @ http://localhost:3001/en/dashboard:0
[ 7211289ms] [WARNING] The resource http://localhost:3001/_next/static/media/48e6fa8a5baca31f-s.p.33d01b36.woff2 was preloaded using link preload but not used within a few seconds from the window's load event. Please make sure it has an appropriate `as` value and it is preloaded intentionally. @ http://localhost:3001/en/dashboard:0
[ 7211289ms] [WARNING] The resource http://localhost:3001/_next/static/media/8e6fa89aa22d24ec-s.p.3aec397d.woff2 was preloaded using link preload but not used within a few seconds from the window's load event. Please make sure it has an appropriate `as` value and it is preloaded intentionally. @ http://localhost:3001/en/dashboard:0
[ 7211289ms] [WARNING] The resource http://localhost:3001/_next/static/media/e2334d715941921e-s.p.d82a9aff.woff2 was preloaded using link preload but not used within a few seconds from the window's load event. Please make sure it has an appropriate `as` value and it is preloaded intentionally. @ http://localhost:3001/en/dashboard:0
[ 7211289ms] [WARNING] The resource http://localhost:3001/_next/static/media/8c701f89af1c2d08-s.p.8e889423.woff2 was preloaded using link preload but not used within a few seconds from the window's load event. Please make sure it has an appropriate `as` value and it is preloaded intentionally. @ http://localhost:3001/en/dashboard:0
[ 7211289ms] [WARNING] The resource http://localhost:3001/_next/static/media/f30fd2e485acf1bc-s.p.3d1b066d.woff2 was preloaded using link preload but not used within a few seconds from the window's load event. Please make sure it has an appropriate `as` value and it is preloaded intentionally. @ http://localhost:3001/en/dashboard:0
[ 7211289ms] [WARNING] The resource http://localhost:3001/_next/static/media/a218039a3287bcfd-s.p.4a23d71b.woff2 was preloaded using link preload but not used within a few seconds from the window's load event. Please make sure it has an appropriate `as` value and it is preloaded intentionally. @ http://localhost:3001/en/dashboard:0
[ 7257843ms] [WARNING] The resource http://localhost:3001/_next/static/media/345c85a432359eed-s.p.eead68dd.woff2 was preloaded using link preload but not used within a few seconds from the window's load event. Please make sure it has an appropriate `as` value and it is preloaded intentionally. @ http://localhost:3001/en/dashboard:0
[ 7257844ms] [WARNING] The resource http://localhost:3001/_next/static/media/7ca057cce9853046-s.p.6a702554.woff2 was preloaded using link preload but not used within a few seconds from the window's load event. Please make sure it has an appropriate `as` value and it is preloaded intentionally. @ http://localhost:3001/en/dashboard:0
[ 7257844ms] [WARNING] The resource http://localhost:3001/_next/static/media/8e451580e5e95631-s.p.0e564e6e.woff2 was preloaded using link preload but not used within a few seconds from the window's load event. Please make sure it has an appropriate `as` value and it is preloaded intentionally. @ http://localhost:3001/en/dashboard:0
[ 7257844ms] [WARNING] The resource http://localhost:3001/_next/static/media/4b676bcffc00356a-s.p.c22aaca1.woff2 was preloaded using link preload but not used within a few seconds from the window's load event. Please make sure it has an appropriate `as` value and it is preloaded intentionally. @ http://localhost:3001/en/dashboard:0
[ 7257845ms] [WARNING] The resource http://localhost:3001/_next/static/media/47fe1b7cd6e6ed85-s.p.855a563b.woff2 was preloaded using link preload but not used within a few seconds from the window's load event. Please make sure it has an appropriate `as` value and it is preloaded intentionally. @ http://localhost:3001/en/dashboard:0
[ 7257845ms] [WARNING] The resource http://localhost:3001/_next/static/media/d54db18e8cd5f74f-s.p.0e8eb956.woff2 was preloaded using link preload but not used within a few seconds from the window's load event. Please make sure it has an appropriate `as` value and it is preloaded intentionally. @ http://localhost:3001/en/dashboard:0
[ 7257845ms] [WARNING] The resource http://localhost:3001/_next/static/media/48e6fa8a5baca31f-s.p.33d01b36.woff2 was preloaded using link preload but not used within a few seconds from the window's load event. Please make sure it has an appropriate `as` value and it is preloaded intentionally. @ http://localhost:3001/en/dashboard:0
[ 7257845ms] [WARNING] The resource http://localhost:3001/_next/static/media/8e6fa89aa22d24ec-s.p.3aec397d.woff2 was preloaded using link preload but not used within a few seconds from the window's load event. Please make sure it has an appropriate `as` value and it is preloaded intentionally. @ http://localhost:3001/en/dashboard:0
[ 7257845ms] [WARNING] The resource http://localhost:3001/_next/static/media/e2334d715941921e-s.p.d82a9aff.woff2 was preloaded using link preload but not used within a few seconds from the window's load event. Please make sure it has an appropriate `as` value and it is preloaded intentionally. @ http://localhost:3001/en/dashboard:0
[ 7257845ms] [WARNING] The resource http://localhost:3001/_next/static/media/8c701f89af1c2d08-s.p.8e889423.woff2 was preloaded using link preload but not used within a few seconds from the window's load event. Please make sure it has an appropriate `as` value and it is preloaded intentionally. @ http://localhost:3001/en/dashboard:0
[ 7257845ms] [WARNING] The resource http://localhost:3001/_next/static/media/f30fd2e485acf1bc-s.p.3d1b066d.woff2 was preloaded using link preload but not used within a few seconds from the window's load event. Please make sure it has an appropriate `as` value and it is preloaded intentionally. @ http://localhost:3001/en/dashboard:0
[ 7257845ms] [WARNING] The resource http://localhost:3001/_next/static/media/a218039a3287bcfd-s.p.4a23d71b.woff2 was preloaded using link preload but not used within a few seconds from the window's load event. Please make sure it has an appropriate `as` value and it is preloaded intentionally. @ http://localhost:3001/en/dashboard:0
[ 7270594ms] [WARNING] The resource http://localhost:3001/_next/static/media/345c85a432359eed-s.p.eead68dd.woff2 was preloaded using link preload but not used within a few seconds from the window's load event. Please make sure it has an appropriate `as` value and it is preloaded intentionally. @ http://localhost:3001/en/dashboard:0
[ 7270595ms] [WARNING] The resource http://localhost:3001/_next/static/media/7ca057cce9853046-s.p.6a702554.woff2 was preloaded using link preload but not used within a few seconds from the window's load event. Please make sure it has an appropriate `as` value and it is preloaded intentionally. @ http://localhost:3001/en/dashboard:0
[ 7270595ms] [WARNING] The resource http://localhost:3001/_next/static/media/8e451580e5e95631-s.p.0e564e6e.woff2 was preloaded using link preload but not used within a few seconds from the window's load event. Please make sure it has an appropriate `as` value and it is preloaded intentionally. @ http://localhost:3001/en/dashboard:0
[ 7270595ms] [WARNING] The resource http://localhost:3001/_next/static/media/4b676bcffc00356a-s.p.c22aaca1.woff2 was preloaded using link preload but not used within a few seconds from the window's load event. Please make sure it has an appropriate `as` value and it is preloaded intentionally. @ http://localhost:3001/en/dashboard:0
[ 7270595ms] [WARNING] The resource http://localhost:3001/_next/static/media/47fe1b7cd6e6ed85-s.p.855a563b.woff2 was preloaded using link preload but not used within a few seconds from the window's load event. Please make sure it has an appropriate `as` value and it is preloaded intentionally. @ http://localhost:3001/en/dashboard:0
[ 7270595ms] [WARNING] The resource http://localhost:3001/_next/static/media/d54db18e8cd5f74f-s.p.0e8eb956.woff2 was preloaded using link preload but not used within a few seconds from the window's load event. Please make sure it has an appropriate `as` value and it is preloaded intentionally. @ http://localhost:3001/en/dashboard:0
[ 7270595ms] [WARNING] The resource http://localhost:3001/_next/static/media/48e6fa8a5baca31f-s.p.33d01b36.woff2 was preloaded using link preload but not used within a few seconds from the window's load event. Please make sure it has an appropriate `as` value and it is preloaded intentionally. @ http://localhost:3001/en/dashboard:0
[ 7270595ms] [WARNING] The resource http://localhost:3001/_next/static/media/8e6fa89aa22d24ec-s.p.3aec397d.woff2 was preloaded using link preload but not used within a few seconds from the window's load event. Please make sure it has an appropriate `as` value and it is preloaded intentionally. @ http://localhost:3001/en/dashboard:0
[ 7270595ms] [WARNING] The resource http://localhost:3001/_next/static/media/e2334d715941921e-s.p.d82a9aff.woff2 was preloaded using link preload but not used within a few seconds from the window's load event. Please make sure it has an appropriate `as` value and it is preloaded intentionally. @ http://localhost:3001/en/dashboard:0
[ 7270595ms] [WARNING] The resource http://localhost:3001/_next/static/media/8c701f89af1c2d08-s.p.8e889423.woff2 was preloaded using link preload but not used within a few seconds from the window's load event. Please make sure it has an appropriate `as` value and it is preloaded intentionally. @ http://localhost:3001/en/dashboard:0
[ 7270595ms] [WARNING] The resource http://localhost:3001/_next/static/media/f30fd2e485acf1bc-s.p.3d1b066d.woff2 was preloaded using link preload but not used within a few seconds from the window's load event. Please make sure it has an appropriate `as` value and it is preloaded intentionally. @ http://localhost:3001/en/dashboard:0
[ 7270595ms] [WARNING] The resource http://localhost:3001/_next/static/media/a218039a3287bcfd-s.p.4a23d71b.woff2 was preloaded using link preload but not used within a few seconds from the window's load event. Please make sure it has an appropriate `as` value and it is preloaded intentionally. @ http://localhost:3001/en/dashboard:0
[ 7304735ms] [WARNING] The resource http://localhost:3001/_next/static/media/345c85a432359eed-s.p.eead68dd.woff2 was preloaded using link preload but not used within a few seconds from the window's load event. Please make sure it has an appropriate `as` value and it is preloaded intentionally. @ http://localhost:3001/en/dashboard:0
[ 7304736ms] [WARNING] The resource http://localhost:3001/_next/static/media/7ca057cce9853046-s.p.6a702554.woff2 was preloaded using link preload but not used within a few seconds from the window's load event. Please make sure it has an appropriate `as` value and it is preloaded intentionally. @ http://localhost:3001/en/dashboard:0
[ 7304736ms] [WARNING] The resource http://localhost:3001/_next/static/media/8e451580e5e95631-s.p.0e564e6e.woff2 was preloaded using link preload but not used within a few seconds from the window's load event. Please make sure it has an appropriate `as` value and it is preloaded intentionally. @ http://localhost:3001/en/dashboard:0
[ 7304736ms] [WARNING] The resource http://localhost:3001/_next/static/media/4b676bcffc00356a-s.p.c22aaca1.woff2 was preloaded using link preload but not used within a few seconds from the window's load event. Please make sure it has an appropriate `as` value and it is preloaded intentionally. @ http://localhost:3001/en/dashboard:0
[ 7304736ms] [WARNING] The resource http://localhost:3001/_next/static/media/47fe1b7cd6e6ed85-s.p.855a563b.woff2 was preloaded using link preload but not used within a few seconds from the window's load event. Please make sure it has an appropriate `as` value and it is preloaded intentionally. @ http://localhost:3001/en/dashboard:0
[ 7304736ms] [WARNING] The resource http://localhost:3001/_next/static/media/d54db18e8cd5f74f-s.p.0e8eb956.woff2 was preloaded using link preload but not used within a few seconds from the window's load event. Please make sure it has an appropriate `as` value and it is preloaded intentionally. @ http://localhost:3001/en/dashboard:0
[ 7304736ms] [WARNING] The resource http://localhost:3001/_next/static/media/48e6fa8a5baca31f-s.p.33d01b36.woff2 was preloaded using link preload but not used within a few seconds from the window's load event. Please make sure it has an appropriate `as` value and it is preloaded intentionally. @ http://localhost:3001/en/dashboard:0
[ 7304736ms] [WARNING] The resource http://localhost:3001/_next/static/media/8e6fa89aa22d24ec-s.p.3aec397d.woff2 was preloaded using link preload but not used within a few seconds from the window's load event. Please make sure it has an appropriate `as` value and it is preloaded intentionally. @ http://localhost:3001/en/dashboard:0
[ 7304736ms] [WARNING] The resource http://localhost:3001/_next/static/media/e2334d715941921e-s.p.d82a9aff.woff2 was preloaded using link preload but not used within a few seconds from the window's load event. Please make sure it has an appropriate `as` value and it is preloaded intentionally. @ http://localhost:3001/en/dashboard:0
[ 7304736ms] [WARNING] The resource http://localhost:3001/_next/static/media/8c701f89af1c2d08-s.p.8e889423.woff2 was preloaded using link preload but not used within a few seconds from the window's load event. Please make sure it has an appropriate `as` value and it is preloaded intentionally. @ http://localhost:3001/en/dashboard:0
[ 7304737ms] [WARNING] The resource http://localhost:3001/_next/static/media/f30fd2e485acf1bc-s.p.3d1b066d.woff2 was preloaded using link preload but not used within a few seconds from the window's load event. Please make sure it has an appropriate `as` value and it is preloaded intentionally. @ http://localhost:3001/en/dashboard:0
[ 7304737ms] [WARNING] The resource http://localhost:3001/_next/static/media/a218039a3287bcfd-s.p.4a23d71b.woff2 was preloaded using link preload but not used within a few seconds from the window's load event. Please make sure it has an appropriate `as` value and it is preloaded intentionally. @ http://localhost:3001/en/dashboard:0
[ 7331639ms] [WARNING] The resource http://localhost:3001/_next/static/media/345c85a432359eed-s.p.eead68dd.woff2 was preloaded using link preload but not used within a few seconds from the window's load event. Please make sure it has an appropriate `as` value and it is preloaded intentionally. @ http://localhost:3001/en/dashboard:0
[ 7331640ms] [WARNING] The resource http://localhost:3001/_next/static/media/7ca057cce9853046-s.p.6a702554.woff2 was preloaded using link preload but not used within a few seconds from the window's load event. Please make sure it has an appropriate `as` value and it is preloaded intentionally. @ http://localhost:3001/en/dashboard:0
[ 7331640ms] [WARNING] The resource http://localhost:3001/_next/static/media/8e451580e5e95631-s.p.0e564e6e.woff2 was preloaded using link preload but not used within a few seconds from the window's load event. Please make sure it has an appropriate `as` value and it is preloaded intentionally. @ http://localhost:3001/en/dashboard:0
[ 7331640ms] [WARNING] The resource http://localhost:3001/_next/static/media/4b676bcffc00356a-s.p.c22aaca1.woff2 was preloaded using link preload but not used within a few seconds from the window's load event. Please make sure it has an appropriate `as` value and it is preloaded intentionally. @ http://localhost:3001/en/dashboard:0
[ 7331640ms] [WARNING] The resource http://localhost:3001/_next/static/media/47fe1b7cd6e6ed85-s.p.855a563b.woff2 was preloaded using link preload but not used within a few seconds from the window's load event. Please make sure it has an appropriate `as` value and it is preloaded intentionally. @ http://localhost:3001/en/dashboard:0
[ 7331640ms] [WARNING] The resource http://localhost:3001/_next/static/media/d54db18e8cd5f74f-s.p.0e8eb956.woff2 was preloaded using link preload but not used within a few seconds from the window's load event. Please make sure it has an appropriate `as` value and it is preloaded intentionally. @ http://localhost:3001/en/dashboard:0
[ 7331640ms] [WARNING] The resource http://localhost:3001/_next/static/media/48e6fa8a5baca31f-s.p.33d01b36.woff2 was preloaded using link preload but not used within a few seconds from the window's load event. Please make sure it has an appropriate `as` value and it is preloaded intentionally. @ http://localhost:3001/en/dashboard:0
[ 7331640ms] [WARNING] The resource http://localhost:3001/_next/static/media/8e6fa89aa22d24ec-s.p.3aec397d.woff2 was preloaded using link preload but not used within a few seconds from the window's load event. Please make sure it has an appropriate `as` value and it is preloaded intentionally. @ http://localhost:3001/en/dashboard:0
[ 7331640ms] [WARNING] The resource http://localhost:3001/_next/static/media/e2334d715941921e-s.p.d82a9aff.woff2 was preloaded using link preload but not used within a few seconds from the window's load event. Please make sure it has an appropriate `as` value and it is preloaded intentionally. @ http://localhost:3001/en/dashboard:0
[ 7331640ms] [WARNING] The resource http://localhost:3001/_next/static/media/8c701f89af1c2d08-s.p.8e889423.woff2 was preloaded using link preload but not used within a few seconds from the window's load event. Please make sure it has an appropriate `as` value and it is preloaded intentionally. @ http://localhost:3001/en/dashboard:0
[ 7331640ms] [WARNING] The resource http://localhost:3001/_next/static/media/f30fd2e485acf1bc-s.p.3d1b066d.woff2 was preloaded using link preload but not used within a few seconds from the window's load event. Please make sure it has an appropriate `as` value and it is preloaded intentionally. @ http://localhost:3001/en/dashboard:0
[ 7331640ms] [WARNING] The resource http://localhost:3001/_next/static/media/a218039a3287bcfd-s.p.4a23d71b.woff2 was preloaded using link preload but not used within a few seconds from the window's load event. Please make sure it has an appropriate `as` value and it is preloaded intentionally. @ http://localhost:3001/en/dashboard:0
[ 7350385ms] [WARNING] The resource http://localhost:3001/_next/static/media/345c85a432359eed-s.p.eead68dd.woff2 was preloaded using link preload but not used within a few seconds from the window's load event. Please make sure it has an appropriate `as` value and it is preloaded intentionally. @ http://localhost:3001/en/dashboard:0
[ 7350385ms] [WARNING] The resource http://localhost:3001/_next/static/media/7ca057cce9853046-s.p.6a702554.woff2 was preloaded using link preload but not used within a few seconds from the window's load event. Please make sure it has an appropriate `as` value and it is preloaded intentionally. @ http://localhost:3001/en/dashboard:0
[ 7350386ms] [WARNING] The resource http://localhost:3001/_next/static/media/8e451580e5e95631-s.p.0e564e6e.woff2 was preloaded using link preload but not used within a few seconds from the window's load event. Please make sure it has an appropriate `as` value and it is preloaded intentionally. @ http://localhost:3001/en/dashboard:0
[ 7350386ms] [WARNING] The resource http://localhost:3001/_next/static/media/4b676bcffc00356a-s.p.c22aaca1.woff2 was preloaded using link preload but not used within a few seconds from the window's load event. Please make sure it has an appropriate `as` value and it is preloaded intentionally. @ http://localhost:3001/en/dashboard:0
[ 7350386ms] [WARNING] The resource http://localhost:3001/_next/static/media/47fe1b7cd6e6ed85-s.p.855a563b.woff2 was preloaded using link preload but not used within a few seconds from the window's load event. Please make sure it has an appropriate `as` value and it is preloaded intentionally. @ http://localhost:3001/en/dashboard:0
[ 7350386ms] [WARNING] The resource http://localhost:3001/_next/static/media/d54db18e8cd5f74f-s.p.0e8eb956.woff2 was preloaded using link preload but not used within a few seconds from the window's load event. Please make sure it has an appropriate `as` value and it is preloaded intentionally. @ http://localhost:3001/en/dashboard:0
[ 7350386ms] [WARNING] The resource http://localhost:3001/_next/static/media/48e6fa8a5baca31f-s.p.33d01b36.woff2 was preloaded using link preload but not used within a few seconds from the window's load event. Please make sure it has an appropriate `as` value and it is preloaded intentionally. @ http://localhost:3001/en/dashboard:0
[ 7350386ms] [WARNING] The resource http://localhost:3001/_next/static/media/8e6fa89aa22d24ec-s.p.3aec397d.woff2 was preloaded using link preload but not used within a few seconds from the window's load event. Please make sure it has an appropriate `as` value and it is preloaded intentionally. @ http://localhost:3001/en/dashboard:0
[ 7350387ms] [WARNING] The resource http://localhost:3001/_next/static/media/e2334d715941921e-s.p.d82a9aff.woff2 was preloaded using link preload but not used within a few seconds from the window's load event. Please make sure it has an appropriate `as` value and it is preloaded intentionally. @ http://localhost:3001/en/dashboard:0
[ 7350387ms] [WARNING] The resource http://localhost:3001/_next/static/media/8c701f89af1c2d08-s.p.8e889423.woff2 was preloaded using link preload but not used within a few seconds from the window's load event. Please make sure it has an appropriate `as` value and it is preloaded intentionally. @ http://localhost:3001/en/dashboard:0
[ 7350387ms] [WARNING] The resource http://localhost:3001/_next/static/media/f30fd2e485acf1bc-s.p.3d1b066d.woff2 was preloaded using link preload but not used within a few seconds from the window's load event. Please make sure it has an appropriate `as` value and it is preloaded intentionally. @ http://localhost:3001/en/dashboard:0
[ 7350387ms] [WARNING] The resource http://localhost:3001/_next/static/media/a218039a3287bcfd-s.p.4a23d71b.woff2 was preloaded using link preload but not used within a few seconds from the window's load event. Please make sure it has an appropriate `as` value and it is preloaded intentionally. @ http://localhost:3001/en/dashboard:0
[ 7391847ms] [WARNING] The resource http://localhost:3001/_next/static/media/345c85a432359eed-s.p.eead68dd.woff2 was preloaded using link preload but not used within a few seconds from the window's load event. Please make sure it has an appropriate `as` value and it is preloaded intentionally. @ http://localhost:3001/en/dashboard:0
[ 7391848ms] [WARNING] The resource http://localhost:3001/_next/static/media/7ca057cce9853046-s.p.6a702554.woff2 was preloaded using link preload but not used within a few seconds from the window's load event. Please make sure it has an appropriate `as` value and it is preloaded intentionally. @ http://localhost:3001/en/dashboard:0
[ 7391848ms] [WARNING] The resource http://localhost:3001/_next/static/media/8e451580e5e95631-s.p.0e564e6e.woff2 was preloaded using link preload but not used within a few seconds from the window's load event. Please make sure it has an appropriate `as` value and it is preloaded intentionally. @ http://localhost:3001/en/dashboard:0
[ 7391848ms] [WARNING] The resource http://localhost:3001/_next/static/media/4b676bcffc00356a-s.p.c22aaca1.woff2 was preloaded using link preload but not used within a few seconds from the window's load event. Please make sure it has an appropriate `as` value and it is preloaded intentionally. @ http://localhost:3001/en/dashboard:0
[ 7391849ms] [WARNING] The resource http://localhost:3001/_next/static/media/47fe1b7cd6e6ed85-s.p.855a563b.woff2 was preloaded using link preload but not used within a few seconds from the window's load event. Please make sure it has an appropriate `as` value and it is preloaded intentionally. @ http://localhost:3001/en/dashboard:0
[ 7391849ms] [WARNING] The resource http://localhost:3001/_next/static/media/d54db18e8cd5f74f-s.p.0e8eb956.woff2 was preloaded using link preload but not used within a few seconds from the window's load event. Please make sure it has an appropriate `as` value and it is preloaded intentionally. @ http://localhost:3001/en/dashboard:0
[ 7391850ms] [WARNING] The resource http://localhost:3001/_next/static/media/48e6fa8a5baca31f-s.p.33d01b36.woff2 was preloaded using link preload but not used within a few seconds from the window's load event. Please make sure it has an appropriate `as` value and it is preloaded intentionally. @ http://localhost:3001/en/dashboard:0
[ 7391850ms] [WARNING] The resource http://localhost:3001/_next/static/media/8e6fa89aa22d24ec-s.p.3aec397d.woff2 was preloaded using link preload but not used within a few seconds from the window's load event. Please make sure it has an appropriate `as` value and it is preloaded intentionally. @ http://localhost:3001/en/dashboard:0
[ 7391850ms] [WARNING] The resource http://localhost:3001/_next/static/media/e2334d715941921e-s.p.d82a9aff.woff2 was preloaded using link preload but not used within a few seconds from the window's load event. Please make sure it has an appropriate `as` value and it is preloaded intentionally. @ http://localhost:3001/en/dashboard:0
[ 7391850ms] [WARNING] The resource http://localhost:3001/_next/static/media/8c701f89af1c2d08-s.p.8e889423.woff2 was preloaded using link preload but not used within a few seconds from the window's load event. Please make sure it has an appropriate `as` value and it is preloaded intentionally. @ http://localhost:3001/en/dashboard:0
[ 7391850ms] [WARNING] The resource http://localhost:3001/_next/static/media/f30fd2e485acf1bc-s.p.3d1b066d.woff2 was preloaded using link preload but not used within a few seconds from the window's load event. Please make sure it has an appropriate `as` value and it is preloaded intentionally. @ http://localhost:3001/en/dashboard:0
[ 7391850ms] [WARNING] The resource http://localhost:3001/_next/static/media/a218039a3287bcfd-s.p.4a23d71b.woff2 was preloaded using link preload but not used within a few seconds from the window's load event. Please make sure it has an appropriate `as` value and it is preloaded intentionally. @ http://localhost:3001/en/dashboard:0
[ 7396589ms] [WARNING] The resource http://localhost:3001/_next/static/media/345c85a432359eed-s.p.eead68dd.woff2 was preloaded using link preload but not used within a few seconds from the window's load event. Please make sure it has an appropriate `as` value and it is preloaded intentionally. @ http://localhost:3001/en/dashboard:0
[ 7396589ms] [WARNING] The resource http://localhost:3001/_next/static/media/7ca057cce9853046-s.p.6a702554.woff2 was preloaded using link preload but not used within a few seconds from the window's load event. Please make sure it has an appropriate `as` value and it is preloaded intentionally. @ http://localhost:3001/en/dashboard:0
[ 7396589ms] [WARNING] The resource http://localhost:3001/_next/static/media/8e451580e5e95631-s.p.0e564e6e.woff2 was preloaded using link preload but not used within a few seconds from the window's load event. Please make sure it has an appropriate `as` value and it is preloaded intentionally. @ http://localhost:3001/en/dashboard:0
[ 7396589ms] [WARNING] The resource http://localhost:3001/_next/static/media/4b676bcffc00356a-s.p.c22aaca1.woff2 was preloaded using link preload but not used within a few seconds from the window's load event. Please make sure it has an appropriate `as` value and it is preloaded intentionally. @ http://localhost:3001/en/dashboard:0
[ 7396590ms] [WARNING] The resource http://localhost:3001/_next/static/media/47fe1b7cd6e6ed85-s.p.855a563b.woff2 was preloaded using link preload but not used within a few seconds from the window's load event. Please make sure it has an appropriate `as` value and it is preloaded intentionally. @ http://localhost:3001/en/dashboard:0
[ 7396590ms] [WARNING] The resource http://localhost:3001/_next/static/media/d54db18e8cd5f74f-s.p.0e8eb956.woff2 was preloaded using link preload but not used within a few seconds from the window's load event. Please make sure it has an appropriate `as` value and it is preloaded intentionally. @ http://localhost:3001/en/dashboard:0
[ 7396590ms] [WARNING] The resource http://localhost:3001/_next/static/media/48e6fa8a5baca31f-s.p.33d01b36.woff2 was preloaded using link preload but not used within a few seconds from the window's load event. Please make sure it has an appropriate `as` value and it is preloaded intentionally. @ http://localhost:3001/en/dashboard:0
[ 7396590ms] [WARNING] The resource http://localhost:3001/_next/static/media/8e6fa89aa22d24ec-s.p.3aec397d.woff2 was preloaded using link preload but not used within a few seconds from the window's load event. Please make sure it has an appropriate `as` value and it is preloaded intentionally. @ http://localhost:3001/en/dashboard:0
[ 7396590ms] [WARNING] The resource http://localhost:3001/_next/static/media/e2334d715941921e-s.p.d82a9aff.woff2 was preloaded using link preload but not used within a few seconds from the window's load event. Please make sure it has an appropriate `as` value and it is preloaded intentionally. @ http://localhost:3001/en/dashboard:0
[ 7396590ms] [WARNING] The resource http://localhost:3001/_next/static/media/8c701f89af1c2d08-s.p.8e889423.woff2 was preloaded using link preload but not used within a few seconds from the window's load event. Please make sure it has an appropriate `as` value and it is preloaded intentionally. @ http://localhost:3001/en/dashboard:0
[ 7396590ms] [WARNING] The resource http://localhost:3001/_next/static/media/f30fd2e485acf1bc-s.p.3d1b066d.woff2 was preloaded using link preload but not used within a few seconds from the window's load event. Please make sure it has an appropriate `as` value and it is preloaded intentionally. @ http://localhost:3001/en/dashboard:0
[ 7396590ms] [WARNING] The resource http://localhost:3001/_next/static/media/a218039a3287bcfd-s.p.4a23d71b.woff2 was preloaded using link preload but not used within a few seconds from the window's load event. Please make sure it has an appropriate `as` value and it is preloaded intentionally. @ http://localhost:3001/en/dashboard:0
[ 7442773ms] [WARNING] The resource http://localhost:3001/_next/static/media/345c85a432359eed-s.p.eead68dd.woff2 was preloaded using link preload but not used within a few seconds from the window's load event. Please make sure it has an appropriate `as` value and it is preloaded intentionally. @ http://localhost:3001/en/dashboard:0
[ 7442773ms] [WARNING] The resource http://localhost:3001/_next/static/media/7ca057cce9853046-s.p.6a702554.woff2 was preloaded using link preload but not used within a few seconds from the window's load event. Please make sure it has an appropriate `as` value and it is preloaded intentionally. @ http://localhost:3001/en/dashboard:0
[ 7442773ms] [WARNING] The resource http://localhost:3001/_next/static/media/8e451580e5e95631-s.p.0e564e6e.woff2 was preloaded using link preload but not used within a few seconds from the window's load event. Please make sure it has an appropriate `as` value and it is preloaded intentionally. @ http://localhost:3001/en/dashboard:0
[ 7442773ms] [WARNING] The resource http://localhost:3001/_next/static/media/4b676bcffc00356a-s.p.c22aaca1.woff2 was preloaded using link preload but not used within a few seconds from the window's load event. Please make sure it has an appropriate `as` value and it is preloaded intentionally. @ http://localhost:3001/en/dashboard:0
[ 7442773ms] [WARNING] The resource http://localhost:3001/_next/static/media/47fe1b7cd6e6ed85-s.p.855a563b.woff2 was preloaded using link preload but not used within a few seconds from the window's load event. Please make sure it has an appropriate `as` value and it is preloaded intentionally. @ http://localhost:3001/en/dashboard:0
[ 7442774ms] [WARNING] The resource http://localhost:3001/_next/static/media/d54db18e8cd5f74f-s.p.0e8eb956.woff2 was preloaded using link preload but not used within a few seconds from the window's load event. Please make sure it has an appropriate `as` value and it is preloaded intentionally. @ http://localhost:3001/en/dashboard:0
[ 7442774ms] [WARNING] The resource http://localhost:3001/_next/static/media/48e6fa8a5baca31f-s.p.33d01b36.woff2 was preloaded using link preload but not used within a few seconds from the window's load event. Please make sure it has an appropriate `as` value and it is preloaded intentionally. @ http://localhost:3001/en/dashboard:0
[ 7442774ms] [WARNING] The resource http://localhost:3001/_next/static/media/8e6fa89aa22d24ec-s.p.3aec397d.woff2 was preloaded using link preload but not used within a few seconds from the window's load event. Please make sure it has an appropriate `as` value and it is preloaded intentionally. @ http://localhost:3001/en/dashboard:0
[ 7442774ms] [WARNING] The resource http://localhost:3001/_next/static/media/e2334d715941921e-s.p.d82a9aff.woff2 was preloaded using link preload but not used within a few seconds from the window's load event. Please make sure it has an appropriate `as` value and it is preloaded intentionally. @ http://localhost:3001/en/dashboard:0
[ 7442774ms] [WARNING] The resource http://localhost:3001/_next/static/media/8c701f89af1c2d08-s.p.8e889423.woff2 was preloaded using link preload but not used within a few seconds from the window's load event. Please make sure it has an appropriate `as` value and it is preloaded intentionally. @ http://localhost:3001/en/dashboard:0
[ 7442774ms] [WARNING] The resource http://localhost:3001/_next/static/media/f30fd2e485acf1bc-s.p.3d1b066d.woff2 was preloaded using link preload but not used within a few seconds from the window's load event. Please make sure it has an appropriate `as` value and it is preloaded intentionally. @ http://localhost:3001/en/dashboard:0
[ 7442774ms] [WARNING] The resource http://localhost:3001/_next/static/media/a218039a3287bcfd-s.p.4a23d71b.woff2 was preloaded using link preload but not used within a few seconds from the window's load event. Please make sure it has an appropriate `as` value and it is preloaded intentionally. @ http://localhost:3001/en/dashboard:0
[ 7452018ms] [WARNING] The resource http://localhost:3001/_next/static/media/345c85a432359eed-s.p.eead68dd.woff2 was preloaded using link preload but not used within a few seconds from the window's load event. Please make sure it has an appropriate `as` value and it is preloaded intentionally. @ http://localhost:3001/en/dashboard:0
[ 7452018ms] [WARNING] The resource http://localhost:3001/_next/static/media/7ca057cce9853046-s.p.6a702554.woff2 was preloaded using link preload but not used within a few seconds from the window's load event. Please make sure it has an appropriate `as` value and it is preloaded intentionally. @ http://localhost:3001/en/dashboard:0
[ 7452018ms] [WARNING] The resource http://localhost:3001/_next/static/media/8e451580e5e95631-s.p.0e564e6e.woff2 was preloaded using link preload but not used within a few seconds from the window's load event. Please make sure it has an appropriate `as` value and it is preloaded intentionally. @ http://localhost:3001/en/dashboard:0
[ 7452019ms] [WARNING] The resource http://localhost:3001/_next/static/media/4b676bcffc00356a-s.p.c22aaca1.woff2 was preloaded using link preload but not used within a few seconds from the window's load event. Please make sure it has an appropriate `as` value and it is preloaded intentionally. @ http://localhost:3001/en/dashboard:0
[ 7452019ms] [WARNING] The resource http://localhost:3001/_next/static/media/47fe1b7cd6e6ed85-s.p.855a563b.woff2 was preloaded using link preload but not used within a few seconds from the window's load event. Please make sure it has an appropriate `as` value and it is preloaded intentionally. @ http://localhost:3001/en/dashboard:0
[ 7452019ms] [WARNING] The resource http://localhost:3001/_next/static/media/d54db18e8cd5f74f-s.p.0e8eb956.woff2 was preloaded using link preload but not used within a few seconds from the window's load event. Please make sure it has an appropriate `as` value and it is preloaded intentionally. @ http://localhost:3001/en/dashboard:0
[ 7452019ms] [WARNING] The resource http://localhost:3001/_next/static/media/48e6fa8a5baca31f-s.p.33d01b36.woff2 was preloaded using link preload but not used within a few seconds from the window's load event. Please make sure it has an appropriate `as` value and it is preloaded intentionally. @ http://localhost:3001/en/dashboard:0
[ 7452019ms] [WARNING] The resource http://localhost:3001/_next/static/media/8e6fa89aa22d24ec-s.p.3aec397d.woff2 was preloaded using link preload but not used within a few seconds from the window's load event. Please make sure it has an appropriate `as` value and it is preloaded intentionally. @ http://localhost:3001/en/dashboard:0
[ 7452019ms] [WARNING] The resource http://localhost:3001/_next/static/media/e2334d715941921e-s.p.d82a9aff.woff2 was preloaded using link preload but not used within a few seconds from the window's load event. Please make sure it has an appropriate `as` value and it is preloaded intentionally. @ http://localhost:3001/en/dashboard:0
[ 7452019ms] [WARNING] The resource http://localhost:3001/_next/static/media/8c701f89af1c2d08-s.p.8e889423.woff2 was preloaded using link preload but not used within a few seconds from the window's load event. Please make sure it has an appropriate `as` value and it is preloaded intentionally. @ http://localhost:3001/en/dashboard:0
[ 7452019ms] [WARNING] The resource http://localhost:3001/_next/static/media/f30fd2e485acf1bc-s.p.3d1b066d.woff2 was preloaded using link preload but not used within a few seconds from the window's load event. Please make sure it has an appropriate `as` value and it is preloaded intentionally. @ http://localhost:3001/en/dashboard:0
[ 7452019ms] [WARNING] The resource http://localhost:3001/_next/static/media/a218039a3287bcfd-s.p.4a23d71b.woff2 was preloaded using link preload but not used within a few seconds from the window's load event. Please make sure it has an appropriate `as` value and it is preloaded intentionally. @ http://localhost:3001/en/dashboard:0
[ 7489467ms] [WARNING] The resource http://localhost:3001/_next/static/media/345c85a432359eed-s.p.eead68dd.woff2 was preloaded using link preload but not used within a few seconds from the window's load event. Please make sure it has an appropriate `as` value and it is preloaded intentionally. @ http://localhost:3001/en/dashboard:0
[ 7489467ms] [WARNING] The resource http://localhost:3001/_next/static/media/7ca057cce9853046-s.p.6a702554.woff2 was preloaded using link preload but not used within a few seconds from the window's load event. Please make sure it has an appropriate `as` value and it is preloaded intentionally. @ http://localhost:3001/en/dashboard:0
[ 7489467ms] [WARNING] The resource http://localhost:3001/_next/static/media/8e451580e5e95631-s.p.0e564e6e.woff2 was preloaded using link preload but not used within a few seconds from the window's load event. Please make sure it has an appropriate `as` value and it is preloaded intentionally. @ http://localhost:3001/en/dashboard:0
[ 7489467ms] [WARNING] The resource http://localhost:3001/_next/static/media/4b676bcffc00356a-s.p.c22aaca1.woff2 was preloaded using link preload but not used within a few seconds from the window's load event. Please make sure it has an appropriate `as` value and it is preloaded intentionally. @ http://localhost:3001/en/dashboard:0
[ 7489467ms] [WARNING] The resource http://localhost:3001/_next/static/media/47fe1b7cd6e6ed85-s.p.855a563b.woff2 was preloaded using link preload but not used within a few seconds from the window's load event. Please make sure it has an appropriate `as` value and it is preloaded intentionally. @ http://localhost:3001/en/dashboard:0
[ 7489467ms] [WARNING] The resource http://localhost:3001/_next/static/media/d54db18e8cd5f74f-s.p.0e8eb956.woff2 was preloaded using link preload but not used within a few seconds from the window's load event. Please make sure it has an appropriate `as` value and it is preloaded intentionally. @ http://localhost:3001/en/dashboard:0
[ 7489467ms] [WARNING] The resource http://localhost:3001/_next/static/media/48e6fa8a5baca31f-s.p.33d01b36.woff2 was preloaded using link preload but not used within a few seconds from the window's load event. Please make sure it has an appropriate `as` value and it is preloaded intentionally. @ http://localhost:3001/en/dashboard:0
[ 7489467ms] [WARNING] The resource http://localhost:3001/_next/static/media/8e6fa89aa22d24ec-s.p.3aec397d.woff2 was preloaded using link preload but not used within a few seconds from the window's load event. Please make sure it has an appropriate `as` value and it is preloaded intentionally. @ http://localhost:3001/en/dashboard:0
[ 7489467ms] [WARNING] The resource http://localhost:3001/_next/static/media/e2334d715941921e-s.p.d82a9aff.woff2 was preloaded using link preload but not used within a few seconds from the window's load event. Please make sure it has an appropriate `as` value and it is preloaded intentionally. @ http://localhost:3001/en/dashboard:0
[ 7489467ms] [WARNING] The resource http://localhost:3001/_next/static/media/8c701f89af1c2d08-s.p.8e889423.woff2 was preloaded using link preload but not used within a few seconds from the window's load event. Please make sure it has an appropriate `as` value and it is preloaded intentionally. @ http://localhost:3001/en/dashboard:0
[ 7489467ms] [WARNING] The resource http://localhost:3001/_next/static/media/f30fd2e485acf1bc-s.p.3d1b066d.woff2 was preloaded using link preload but not used within a few seconds from the window's load event. Please make sure it has an appropriate `as` value and it is preloaded intentionally. @ http://localhost:3001/en/dashboard:0
[ 7489467ms] [WARNING] The resource http://localhost:3001/_next/static/media/a218039a3287bcfd-s.p.4a23d71b.woff2 was preloaded using link preload but not used within a few seconds from the window's load event. Please make sure it has an appropriate `as` value and it is preloaded intentionally. @ http://localhost:3001/en/dashboard:0
[ 7512255ms] [WARNING] The resource http://localhost:3001/_next/static/media/345c85a432359eed-s.p.eead68dd.woff2 was preloaded using link preload but not used within a few seconds from the window's load event. Please make sure it has an appropriate `as` value and it is preloaded intentionally. @ http://localhost:3001/en/dashboard:0
[ 7512255ms] [WARNING] The resource http://localhost:3001/_next/static/media/7ca057cce9853046-s.p.6a702554.woff2 was preloaded using link preload but not used within a few seconds from the window's load event. Please make sure it has an appropriate `as` value and it is preloaded intentionally. @ http://localhost:3001/en/dashboard:0
[ 7512255ms] [WARNING] The resource http://localhost:3001/_next/static/media/8e451580e5e95631-s.p.0e564e6e.woff2 was preloaded using link preload but not used within a few seconds from the window's load event. Please make sure it has an appropriate `as` value and it is preloaded intentionally. @ http://localhost:3001/en/dashboard:0
[ 7512255ms] [WARNING] The resource http://localhost:3001/_next/static/media/4b676bcffc00356a-s.p.c22aaca1.woff2 was preloaded using link preload but not used within a few seconds from the window's load event. Please make sure it has an appropriate `as` value and it is preloaded intentionally. @ http://localhost:3001/en/dashboard:0
[ 7512256ms] [WARNING] The resource http://localhost:3001/_next/static/media/47fe1b7cd6e6ed85-s.p.855a563b.woff2 was preloaded using link preload but not used within a few seconds from the window's load event. Please make sure it has an appropriate `as` value and it is preloaded intentionally. @ http://localhost:3001/en/dashboard:0
[ 7512256ms] [WARNING] The resource http://localhost:3001/_next/static/media/d54db18e8cd5f74f-s.p.0e8eb956.woff2 was preloaded using link preload but not used within a few seconds from the window's load event. Please make sure it has an appropriate `as` value and it is preloaded intentionally. @ http://localhost:3001/en/dashboard:0
[ 7512256ms] [WARNING] The resource http://localhost:3001/_next/static/media/48e6fa8a5baca31f-s.p.33d01b36.woff2 was preloaded using link preload but not used within a few seconds from the window's load event. Please make sure it has an appropriate `as` value and it is preloaded intentionally. @ http://localhost:3001/en/dashboard:0
[ 7512256ms] [WARNING] The resource http://localhost:3001/_next/static/media/8e6fa89aa22d24ec-s.p.3aec397d.woff2 was preloaded using link preload but not used within a few seconds from the window's load event. Please make sure it has an appropriate `as` value and it is preloaded intentionally. @ http://localhost:3001/en/dashboard:0
[ 7512256ms] [WARNING] The resource http://localhost:3001/_next/static/media/e2334d715941921e-s.p.d82a9aff.woff2 was preloaded using link preload but not used within a few seconds from the window's load event. Please make sure it has an appropriate `as` value and it is preloaded intentionally. @ http://localhost:3001/en/dashboard:0
[ 7512256ms] [WARNING] The resource http://localhost:3001/_next/static/media/8c701f89af1c2d08-s.p.8e889423.woff2 was preloaded using link preload but not used within a few seconds from the window's load event. Please make sure it has an appropriate `as` value and it is preloaded intentionally. @ http://localhost:3001/en/dashboard:0
[ 7512256ms] [WARNING] The resource http://localhost:3001/_next/static/media/f30fd2e485acf1bc-s.p.3d1b066d.woff2 was preloaded using link preload but not used within a few seconds from the window's load event. Please make sure it has an appropriate `as` value and it is preloaded intentionally. @ http://localhost:3001/en/dashboard:0
[ 7512256ms] [WARNING] The resource http://localhost:3001/_next/static/media/a218039a3287bcfd-s.p.4a23d71b.woff2 was preloaded using link preload but not used within a few seconds from the window's load event. Please make sure it has an appropriate `as` value and it is preloaded intentionally. @ http://localhost:3001/en/dashboard:0
[ 7535633ms] [WARNING] The resource http://localhost:3001/_next/static/media/345c85a432359eed-s.p.eead68dd.woff2 was preloaded using link preload but not used within a few seconds from the window's load event. Please make sure it has an appropriate `as` value and it is preloaded intentionally. @ http://localhost:3001/en/dashboard:0
[ 7535633ms] [WARNING] The resource http://localhost:3001/_next/static/media/7ca057cce9853046-s.p.6a702554.woff2 was preloaded using link preload but not used within a few seconds from the window's load event. Please make sure it has an appropriate `as` value and it is preloaded intentionally. @ http://localhost:3001/en/dashboard:0
[ 7535633ms] [WARNING] The resource http://localhost:3001/_next/static/media/8e451580e5e95631-s.p.0e564e6e.woff2 was preloaded using link preload but not used within a few seconds from the window's load event. Please make sure it has an appropriate `as` value and it is preloaded intentionally. @ http://localhost:3001/en/dashboard:0
[ 7535633ms] [WARNING] The resource http://localhost:3001/_next/static/media/4b676bcffc00356a-s.p.c22aaca1.woff2 was preloaded using link preload but not used within a few seconds from the window's load event. Please make sure it has an appropriate `as` value and it is preloaded intentionally. @ http://localhost:3001/en/dashboard:0
[ 7535633ms] [WARNING] The resource http://localhost:3001/_next/static/media/47fe1b7cd6e6ed85-s.p.855a563b.woff2 was preloaded using link preload but not used within a few seconds from the window's load event. Please make sure it has an appropriate `as` value and it is preloaded intentionally. @ http://localhost:3001/en/dashboard:0
[ 7535633ms] [WARNING] The resource http://localhost:3001/_next/static/media/d54db18e8cd5f74f-s.p.0e8eb956.woff2 was preloaded using link preload but not used within a few seconds from the window's load event. Please make sure it has an appropriate `as` value and it is preloaded intentionally. @ http://localhost:3001/en/dashboard:0
[ 7535633ms] [WARNING] The resource http://localhost:3001/_next/static/media/48e6fa8a5baca31f-s.p.33d01b36.woff2 was preloaded using link preload but not used within a few seconds from the window's load event. Please make sure it has an appropriate `as` value and it is preloaded intentionally. @ http://localhost:3001/en/dashboard:0
[ 7535633ms] [WARNING] The resource http://localhost:3001/_next/static/media/8e6fa89aa22d24ec-s.p.3aec397d.woff2 was preloaded using link preload but not used within a few seconds from the window's load event. Please make sure it has an appropriate `as` value and it is preloaded intentionally. @ http://localhost:3001/en/dashboard:0
[ 7535633ms] [WARNING] The resource http://localhost:3001/_next/static/media/e2334d715941921e-s.p.d82a9aff.woff2 was preloaded using link preload but not used within a few seconds from the window's load event. Please make sure it has an appropriate `as` value and it is preloaded intentionally. @ http://localhost:3001/en/dashboard:0
[ 7535633ms] [WARNING] The resource http://localhost:3001/_next/static/media/8c701f89af1c2d08-s.p.8e889423.woff2 was preloaded using link preload but not used within a few seconds from the window's load event. Please make sure it has an appropriate `as` value and it is preloaded intentionally. @ http://localhost:3001/en/dashboard:0
[ 7535634ms] [WARNING] The resource http://localhost:3001/_next/static/media/f30fd2e485acf1bc-s.p.3d1b066d.woff2 was preloaded using link preload but not used within a few seconds from the window's load event. Please make sure it has an appropriate `as` value and it is preloaded intentionally. @ http://localhost:3001/en/dashboard:0
[ 7535634ms] [WARNING] The resource http://localhost:3001/_next/static/media/a218039a3287bcfd-s.p.4a23d71b.woff2 was preloaded using link preload but not used within a few seconds from the window's load event. Please make sure it has an appropriate `as` value and it is preloaded intentionally. @ http://localhost:3001/en/dashboard:0
[ 7573653ms] [WARNING] The resource http://localhost:3001/_next/static/media/345c85a432359eed-s.p.eead68dd.woff2 was preloaded using link preload but not used within a few seconds from the window's load event. Please make sure it has an appropriate `as` value and it is preloaded intentionally. @ http://localhost:3001/en/dashboard:0
[ 7573653ms] [WARNING] The resource http://localhost:3001/_next/static/media/7ca057cce9853046-s.p.6a702554.woff2 was preloaded using link preload but not used within a few seconds from the window's load event. Please make sure it has an appropriate `as` value and it is preloaded intentionally. @ http://localhost:3001/en/dashboard:0
[ 7573653ms] [WARNING] The resource http://localhost:3001/_next/static/media/8e451580e5e95631-s.p.0e564e6e.woff2 was preloaded using link preload but not used within a few seconds from the window's load event. Please make sure it has an appropriate `as` value and it is preloaded intentionally. @ http://localhost:3001/en/dashboard:0
[ 7573653ms] [WARNING] The resource http://localhost:3001/_next/static/media/4b676bcffc00356a-s.p.c22aaca1.woff2 was preloaded using link preload but not used within a few seconds from the window's load event. Please make sure it has an appropriate `as` value and it is preloaded intentionally. @ http://localhost:3001/en/dashboard:0
[ 7573653ms] [WARNING] The resource http://localhost:3001/_next/static/media/47fe1b7cd6e6ed85-s.p.855a563b.woff2 was preloaded using link preload but not used within a few seconds from the window's load event. Please make sure it has an appropriate `as` value and it is preloaded intentionally. @ http://localhost:3001/en/dashboard:0
[ 7573654ms] [WARNING] The resource http://localhost:3001/_next/static/media/d54db18e8cd5f74f-s.p.0e8eb956.woff2 was preloaded using link preload but not used within a few seconds from the window's load event. Please make sure it has an appropriate `as` value and it is preloaded intentionally. @ http://localhost:3001/en/dashboard:0
[ 7573654ms] [WARNING] The resource http://localhost:3001/_next/static/media/48e6fa8a5baca31f-s.p.33d01b36.woff2 was preloaded using link preload but not used within a few seconds from the window's load event. Please make sure it has an appropriate `as` value and it is preloaded intentionally. @ http://localhost:3001/en/dashboard:0
[ 7573654ms] [WARNING] The resource http://localhost:3001/_next/static/media/8e6fa89aa22d24ec-s.p.3aec397d.woff2 was preloaded using link preload but not used within a few seconds from the window's load event. Please make sure it has an appropriate `as` value and it is preloaded intentionally. @ http://localhost:3001/en/dashboard:0
[ 7573654ms] [WARNING] The resource http://localhost:3001/_next/static/media/e2334d715941921e-s.p.d82a9aff.woff2 was preloaded using link preload but not used within a few seconds from the window's load event. Please make sure it has an appropriate `as` value and it is preloaded intentionally. @ http://localhost:3001/en/dashboard:0
[ 7573654ms] [WARNING] The resource http://localhost:3001/_next/static/media/8c701f89af1c2d08-s.p.8e889423.woff2 was preloaded using link preload but not used within a few seconds from the window's load event. Please make sure it has an appropriate `as` value and it is preloaded intentionally. @ http://localhost:3001/en/dashboard:0
[ 7573654ms] [WARNING] The resource http://localhost:3001/_next/static/media/f30fd2e485acf1bc-s.p.3d1b066d.woff2 was preloaded using link preload but not used within a few seconds from the window's load event. Please make sure it has an appropriate `as` value and it is preloaded intentionally. @ http://localhost:3001/en/dashboard:0
[ 7573654ms] [WARNING] The resource http://localhost:3001/_next/static/media/a218039a3287bcfd-s.p.4a23d71b.woff2 was preloaded using link preload but not used within a few seconds from the window's load event. Please make sure it has an appropriate `as` value and it is preloaded intentionally. @ http://localhost:3001/en/dashboard:0
[ 7581431ms] [WARNING] The resource http://localhost:3001/_next/static/media/345c85a432359eed-s.p.eead68dd.woff2 was preloaded using link preload but not used within a few seconds from the window's load event. Please make sure it has an appropriate `as` value and it is preloaded intentionally. @ http://localhost:3001/en/dashboard:0
[ 7581431ms] [WARNING] The resource http://localhost:3001/_next/static/media/7ca057cce9853046-s.p.6a702554.woff2 was preloaded using link preload but not used within a few seconds from the window's load event. Please make sure it has an appropriate `as` value and it is preloaded intentionally. @ http://localhost:3001/en/dashboard:0
[ 7581431ms] [WARNING] The resource http://localhost:3001/_next/static/media/8e451580e5e95631-s.p.0e564e6e.woff2 was preloaded using link preload but not used within a few seconds from the window's load event. Please make sure it has an appropriate `as` value and it is preloaded intentionally. @ http://localhost:3001/en/dashboard:0
[ 7581431ms] [WARNING] The resource http://localhost:3001/_next/static/media/4b676bcffc00356a-s.p.c22aaca1.woff2 was preloaded using link preload but not used within a few seconds from the window's load event. Please make sure it has an appropriate `as` value and it is preloaded intentionally. @ http://localhost:3001/en/dashboard:0
[ 7581431ms] [WARNING] The resource http://localhost:3001/_next/static/media/47fe1b7cd6e6ed85-s.p.855a563b.woff2 was preloaded using link preload but not used within a few seconds from the window's load event. Please make sure it has an appropriate `as` value and it is preloaded intentionally. @ http://localhost:3001/en/dashboard:0
[ 7581431ms] [WARNING] The resource http://localhost:3001/_next/static/media/d54db18e8cd5f74f-s.p.0e8eb956.woff2 was preloaded using link preload but not used within a few seconds from the window's load event. Please make sure it has an appropriate `as` value and it is preloaded intentionally. @ http://localhost:3001/en/dashboard:0
[ 7581431ms] [WARNING] The resource http://localhost:3001/_next/static/media/48e6fa8a5baca31f-s.p.33d01b36.woff2 was preloaded using link preload but not used within a few seconds from the window's load event. Please make sure it has an appropriate `as` value and it is preloaded intentionally. @ http://localhost:3001/en/dashboard:0
[ 7581431ms] [WARNING] The resource http://localhost:3001/_next/static/media/8e6fa89aa22d24ec-s.p.3aec397d.woff2 was preloaded using link preload but not used within a few seconds from the window's load event. Please make sure it has an appropriate `as` value and it is preloaded intentionally. @ http://localhost:3001/en/dashboard:0
[ 7581431ms] [WARNING] The resource http://localhost:3001/_next/static/media/e2334d715941921e-s.p.d82a9aff.woff2 was preloaded using link preload but not used within a few seconds from the window's load event. Please make sure it has an appropriate `as` value and it is preloaded intentionally. @ http://localhost:3001/en/dashboard:0
[ 7581431ms] [WARNING] The resource http://localhost:3001/_next/static/media/8c701f89af1c2d08-s.p.8e889423.woff2 was preloaded using link preload but not used within a few seconds from the window's load event. Please make sure it has an appropriate `as` value and it is preloaded intentionally. @ http://localhost:3001/en/dashboard:0
[ 7581431ms] [WARNING] The resource http://localhost:3001/_next/static/media/f30fd2e485acf1bc-s.p.3d1b066d.woff2 was preloaded using link preload but not used within a few seconds from the window's load event. Please make sure it has an appropriate `as` value and it is preloaded intentionally. @ http://localhost:3001/en/dashboard:0
[ 7581431ms] [WARNING] The resource http://localhost:3001/_next/static/media/a218039a3287bcfd-s.p.4a23d71b.woff2 was preloaded using link preload but not used within a few seconds from the window's load event. Please make sure it has an appropriate `as` value and it is preloaded intentionally. @ http://localhost:3001/en/dashboard:0
[ 7626782ms] [WARNING] The resource http://localhost:3001/_next/static/media/345c85a432359eed-s.p.eead68dd.woff2 was preloaded using link preload but not used within a few seconds from the window's load event. Please make sure it has an appropriate `as` value and it is preloaded intentionally. @ http://localhost:3001/en/dashboard:0
[ 7626783ms] [WARNING] The resource http://localhost:3001/_next/static/media/7ca057cce9853046-s.p.6a702554.woff2 was preloaded using link preload but not used within a few seconds from the window's load event. Please make sure it has an appropriate `as` value and it is preloaded intentionally. @ http://localhost:3001/en/dashboard:0
[ 7626783ms] [WARNING] The resource http://localhost:3001/_next/static/media/8e451580e5e95631-s.p.0e564e6e.woff2 was preloaded using link preload but not used within a few seconds from the window's load event. Please make sure it has an appropriate `as` value and it is preloaded intentionally. @ http://localhost:3001/en/dashboard:0
[ 7626783ms] [WARNING] The resource http://localhost:3001/_next/static/media/4b676bcffc00356a-s.p.c22aaca1.woff2 was preloaded using link preload but not used within a few seconds from the window's load event. Please make sure it has an appropriate `as` value and it is preloaded intentionally. @ http://localhost:3001/en/dashboard:0
[ 7626783ms] [WARNING] The resource http://localhost:3001/_next/static/media/47fe1b7cd6e6ed85-s.p.855a563b.woff2 was preloaded using link preload but not used within a few seconds from the window's load event. Please make sure it has an appropriate `as` value and it is preloaded intentionally. @ http://localhost:3001/en/dashboard:0
[ 7626783ms] [WARNING] The resource http://localhost:3001/_next/static/media/d54db18e8cd5f74f-s.p.0e8eb956.woff2 was preloaded using link preload but not used within a few seconds from the window's load event. Please make sure it has an appropriate `as` value and it is preloaded intentionally. @ http://localhost:3001/en/dashboard:0
[ 7626783ms] [WARNING] The resource http://localhost:3001/_next/static/media/48e6fa8a5baca31f-s.p.33d01b36.woff2 was preloaded using link preload but not used within a few seconds from the window's load event. Please make sure it has an appropriate `as` value and it is preloaded intentionally. @ http://localhost:3001/en/dashboard:0
[ 7626783ms] [WARNING] The resource http://localhost:3001/_next/static/media/8e6fa89aa22d24ec-s.p.3aec397d.woff2 was preloaded using link preload but not used within a few seconds from the window's load event. Please make sure it has an appropriate `as` value and it is preloaded intentionally. @ http://localhost:3001/en/dashboard:0
[ 7626783ms] [WARNING] The resource http://localhost:3001/_next/static/media/e2334d715941921e-s.p.d82a9aff.woff2 was preloaded using link preload but not used within a few seconds from the window's load event. Please make sure it has an appropriate `as` value and it is preloaded intentionally. @ http://localhost:3001/en/dashboard:0
[ 7626783ms] [WARNING] The resource http://localhost:3001/_next/static/media/8c701f89af1c2d08-s.p.8e889423.woff2 was preloaded using link preload but not used within a few seconds from the window's load event. Please make sure it has an appropriate `as` value and it is preloaded intentionally. @ http://localhost:3001/en/dashboard:0
[ 7626783ms] [WARNING] The resource http://localhost:3001/_next/static/media/f30fd2e485acf1bc-s.p.3d1b066d.woff2 was preloaded using link preload but not used within a few seconds from the window's load event. Please make sure it has an appropriate `as` value and it is preloaded intentionally. @ http://localhost:3001/en/dashboard:0
[ 7626783ms] [WARNING] The resource http://localhost:3001/_next/static/media/a218039a3287bcfd-s.p.4a23d71b.woff2 was preloaded using link preload but not used within a few seconds from the window's load event. Please make sure it has an appropriate `as` value and it is preloaded intentionally. @ http://localhost:3001/en/dashboard:0
[ 7635184ms] [WARNING] The resource http://localhost:3001/_next/static/media/345c85a432359eed-s.p.eead68dd.woff2 was preloaded using link preload but not used within a few seconds from the window's load event. Please make sure it has an appropriate `as` value and it is preloaded intentionally. @ http://localhost:3001/en/dashboard:0
[ 7635184ms] [WARNING] The resource http://localhost:3001/_next/static/media/7ca057cce9853046-s.p.6a702554.woff2 was preloaded using link preload but not used within a few seconds from the window's load event. Please make sure it has an appropriate `as` value and it is preloaded intentionally. @ http://localhost:3001/en/dashboard:0
[ 7635184ms] [WARNING] The resource http://localhost:3001/_next/static/media/8e451580e5e95631-s.p.0e564e6e.woff2 was preloaded using link preload but not used within a few seconds from the window's load event. Please make sure it has an appropriate `as` value and it is preloaded intentionally. @ http://localhost:3001/en/dashboard:0
[ 7635184ms] [WARNING] The resource http://localhost:3001/_next/static/media/4b676bcffc00356a-s.p.c22aaca1.woff2 was preloaded using link preload but not used within a few seconds from the window's load event. Please make sure it has an appropriate `as` value and it is preloaded intentionally. @ http://localhost:3001/en/dashboard:0
[ 7635184ms] [WARNING] The resource http://localhost:3001/_next/static/media/47fe1b7cd6e6ed85-s.p.855a563b.woff2 was preloaded using link preload but not used within a few seconds from the window's load event. Please make sure it has an appropriate `as` value and it is preloaded intentionally. @ http://localhost:3001/en/dashboard:0
[ 7635184ms] [WARNING] The resource http://localhost:3001/_next/static/media/d54db18e8cd5f74f-s.p.0e8eb956.woff2 was preloaded using link preload but not used within a few seconds from the window's load event. Please make sure it has an appropriate `as` value and it is preloaded intentionally. @ http://localhost:3001/en/dashboard:0
[ 7635184ms] [WARNING] The resource http://localhost:3001/_next/static/media/48e6fa8a5baca31f-s.p.33d01b36.woff2 was preloaded using link preload but not used within a few seconds from the window's load event. Please make sure it has an appropriate `as` value and it is preloaded intentionally. @ http://localhost:3001/en/dashboard:0
[ 7635185ms] [WARNING] The resource http://localhost:3001/_next/static/media/8e6fa89aa22d24ec-s.p.3aec397d.woff2 was preloaded using link preload but not used within a few seconds from the window's load event. Please make sure it has an appropriate `as` value and it is preloaded intentionally. @ http://localhost:3001/en/dashboard:0
[ 7635185ms] [WARNING] The resource http://localhost:3001/_next/static/media/e2334d715941921e-s.p.d82a9aff.woff2 was preloaded using link preload but not used within a few seconds from the window's load event. Please make sure it has an appropriate `as` value and it is preloaded intentionally. @ http://localhost:3001/en/dashboard:0
[ 7635185ms] [WARNING] The resource http://localhost:3001/_next/static/media/8c701f89af1c2d08-s.p.8e889423.woff2 was preloaded using link preload but not used within a few seconds from the window's load event. Please make sure it has an appropriate `as` value and it is preloaded intentionally. @ http://localhost:3001/en/dashboard:0
[ 7635185ms] [WARNING] The resource http://localhost:3001/_next/static/media/f30fd2e485acf1bc-s.p.3d1b066d.woff2 was preloaded using link preload but not used within a few seconds from the window's load event. Please make sure it has an appropriate `as` value and it is preloaded intentionally. @ http://localhost:3001/en/dashboard:0
[ 7635185ms] [WARNING] The resource http://localhost:3001/_next/static/media/a218039a3287bcfd-s.p.4a23d71b.woff2 was preloaded using link preload but not used within a few seconds from the window's load event. Please make sure it has an appropriate `as` value and it is preloaded intentionally. @ http://localhost:3001/en/dashboard:0
[ 7677461ms] [WARNING] The resource http://localhost:3001/_next/static/media/345c85a432359eed-s.p.eead68dd.woff2 was preloaded using link preload but not used within a few seconds from the window's load event. Please make sure it has an appropriate `as` value and it is preloaded intentionally. @ http://localhost:3001/en/dashboard:0
[ 7677461ms] [WARNING] The resource http://localhost:3001/_next/static/media/7ca057cce9853046-s.p.6a702554.woff2 was preloaded using link preload but not used within a few seconds from the window's load event. Please make sure it has an appropriate `as` value and it is preloaded intentionally. @ http://localhost:3001/en/dashboard:0
[ 7677463ms] [WARNING] The resource http://localhost:3001/_next/static/media/8e451580e5e95631-s.p.0e564e6e.woff2 was preloaded using link preload but not used within a few seconds from the window's load event. Please make sure it has an appropriate `as` value and it is preloaded intentionally. @ http://localhost:3001/en/dashboard:0
[ 7677463ms] [WARNING] The resource http://localhost:3001/_next/static/media/4b676bcffc00356a-s.p.c22aaca1.woff2 was preloaded using link preload but not used within a few seconds from the window's load event. Please make sure it has an appropriate `as` value and it is preloaded intentionally. @ http://localhost:3001/en/dashboard:0
[ 7677463ms] [WARNING] The resource http://localhost:3001/_next/static/media/47fe1b7cd6e6ed85-s.p.855a563b.woff2 was preloaded using link preload but not used within a few seconds from the window's load event. Please make sure it has an appropriate `as` value and it is preloaded intentionally. @ http://localhost:3001/en/dashboard:0
[ 7677463ms] [WARNING] The resource http://localhost:3001/_next/static/media/d54db18e8cd5f74f-s.p.0e8eb956.woff2 was preloaded using link preload but not used within a few seconds from the window's load event. Please make sure it has an appropriate `as` value and it is preloaded intentionally. @ http://localhost:3001/en/dashboard:0
[ 7677463ms] [WARNING] The resource http://localhost:3001/_next/static/media/48e6fa8a5baca31f-s.p.33d01b36.woff2 was preloaded using link preload but not used within a few seconds from the window's load event. Please make sure it has an appropriate `as` value and it is preloaded intentionally. @ http://localhost:3001/en/dashboard:0
[ 7677463ms] [WARNING] The resource http://localhost:3001/_next/static/media/8e6fa89aa22d24ec-s.p.3aec397d.woff2 was preloaded using link preload but not used within a few seconds from the window's load event. Please make sure it has an appropriate `as` value and it is preloaded intentionally. @ http://localhost:3001/en/dashboard:0
[ 7677463ms] [WARNING] The resource http://localhost:3001/_next/static/media/e2334d715941921e-s.p.d82a9aff.woff2 was preloaded using link preload but not used within a few seconds from the window's load event. Please make sure it has an appropriate `as` value and it is preloaded intentionally. @ http://localhost:3001/en/dashboard:0
[ 7677463ms] [WARNING] The resource http://localhost:3001/_next/static/media/8c701f89af1c2d08-s.p.8e889423.woff2 was preloaded using link preload but not used within a few seconds from the window's load event. Please make sure it has an appropriate `as` value and it is preloaded intentionally. @ http://localhost:3001/en/dashboard:0
[ 7677463ms] [WARNING] The resource http://localhost:3001/_next/static/media/f30fd2e485acf1bc-s.p.3d1b066d.woff2 was preloaded using link preload but not used within a few seconds from the window's load event. Please make sure it has an appropriate `as` value and it is preloaded intentionally. @ http://localhost:3001/en/dashboard:0
[ 7677463ms] [WARNING] The resource http://localhost:3001/_next/static/media/a218039a3287bcfd-s.p.4a23d71b.woff2 was preloaded using link preload but not used within a few seconds from the window's load event. Please make sure it has an appropriate `as` value and it is preloaded intentionally. @ http://localhost:3001/en/dashboard:0
[ 7695386ms] [WARNING] The resource http://localhost:3001/_next/static/media/345c85a432359eed-s.p.eead68dd.woff2 was preloaded using link preload but not used within a few seconds from the window's load event. Please make sure it has an appropriate `as` value and it is preloaded intentionally. @ http://localhost:3001/en/dashboard:0
[ 7695386ms] [WARNING] The resource http://localhost:3001/_next/static/media/7ca057cce9853046-s.p.6a702554.woff2 was preloaded using link preload but not used within a few seconds from the window's load event. Please make sure it has an appropriate `as` value and it is preloaded intentionally. @ http://localhost:3001/en/dashboard:0
[ 7695386ms] [WARNING] The resource http://localhost:3001/_next/static/media/8e451580e5e95631-s.p.0e564e6e.woff2 was preloaded using link preload but not used within a few seconds from the window's load event. Please make sure it has an appropriate `as` value and it is preloaded intentionally. @ http://localhost:3001/en/dashboard:0
[ 7695386ms] [WARNING] The resource http://localhost:3001/_next/static/media/4b676bcffc00356a-s.p.c22aaca1.woff2 was preloaded using link preload but not used within a few seconds from the window's load event. Please make sure it has an appropriate `as` value and it is preloaded intentionally. @ http://localhost:3001/en/dashboard:0
[ 7695386ms] [WARNING] The resource http://localhost:3001/_next/static/media/47fe1b7cd6e6ed85-s.p.855a563b.woff2 was preloaded using link preload but not used within a few seconds from the window's load event. Please make sure it has an appropriate `as` value and it is preloaded intentionally. @ http://localhost:3001/en/dashboard:0
[ 7695386ms] [WARNING] The resource http://localhost:3001/_next/static/media/d54db18e8cd5f74f-s.p.0e8eb956.woff2 was preloaded using link preload but not used within a few seconds from the window's load event. Please make sure it has an appropriate `as` value and it is preloaded intentionally. @ http://localhost:3001/en/dashboard:0
[ 7695387ms] [WARNING] The resource http://localhost:3001/_next/static/media/48e6fa8a5baca31f-s.p.33d01b36.woff2 was preloaded using link preload but not used within a few seconds from the window's load event. Please make sure it has an appropriate `as` value and it is preloaded intentionally. @ http://localhost:3001/en/dashboard:0
[ 7695387ms] [WARNING] The resource http://localhost:3001/_next/static/media/8e6fa89aa22d24ec-s.p.3aec397d.woff2 was preloaded using link preload but not used within a few seconds from the window's load event. Please make sure it has an appropriate `as` value and it is preloaded intentionally. @ http://localhost:3001/en/dashboard:0
[ 7695387ms] [WARNING] The resource http://localhost:3001/_next/static/media/e2334d715941921e-s.p.d82a9aff.woff2 was preloaded using link preload but not used within a few seconds from the window's load event. Please make sure it has an appropriate `as` value and it is preloaded intentionally. @ http://localhost:3001/en/dashboard:0
[ 7695387ms] [WARNING] The resource http://localhost:3001/_next/static/media/8c701f89af1c2d08-s.p.8e889423.woff2 was preloaded using link preload but not used within a few seconds from the window's load event. Please make sure it has an appropriate `as` value and it is preloaded intentionally. @ http://localhost:3001/en/dashboard:0
[ 7695387ms] [WARNING] The resource http://localhost:3001/_next/static/media/f30fd2e485acf1bc-s.p.3d1b066d.woff2 was preloaded using link preload but not used within a few seconds from the window's load event. Please make sure it has an appropriate `as` value and it is preloaded intentionally. @ http://localhost:3001/en/dashboard:0
[ 7695387ms] [WARNING] The resource http://localhost:3001/_next/static/media/a218039a3287bcfd-s.p.4a23d71b.woff2 was preloaded using link preload but not used within a few seconds from the window's load event. Please make sure it has an appropriate `as` value and it is preloaded intentionally. @ http://localhost:3001/en/dashboard:0
[ 7724070ms] [WARNING] The resource http://localhost:3001/_next/static/media/345c85a432359eed-s.p.eead68dd.woff2 was preloaded using link preload but not used within a few seconds from the window's load event. Please make sure it has an appropriate `as` value and it is preloaded intentionally. @ http://localhost:3001/en/dashboard:0
[ 7724070ms] [WARNING] The resource http://localhost:3001/_next/static/media/7ca057cce9853046-s.p.6a702554.woff2 was preloaded using link preload but not used within a few seconds from the window's load event. Please make sure it has an appropriate `as` value and it is preloaded intentionally. @ http://localhost:3001/en/dashboard:0
[ 7724070ms] [WARNING] The resource http://localhost:3001/_next/static/media/8e451580e5e95631-s.p.0e564e6e.woff2 was preloaded using link preload but not used within a few seconds from the window's load event. Please make sure it has an appropriate `as` value and it is preloaded intentionally. @ http://localhost:3001/en/dashboard:0
[ 7724070ms] [WARNING] The resource http://localhost:3001/_next/static/media/4b676bcffc00356a-s.p.c22aaca1.woff2 was preloaded using link preload but not used within a few seconds from the window's load event. Please make sure it has an appropriate `as` value and it is preloaded intentionally. @ http://localhost:3001/en/dashboard:0
[ 7724070ms] [WARNING] The resource http://localhost:3001/_next/static/media/47fe1b7cd6e6ed85-s.p.855a563b.woff2 was preloaded using link preload but not used within a few seconds from the window's load event. Please make sure it has an appropriate `as` value and it is preloaded intentionally. @ http://localhost:3001/en/dashboard:0
[ 7724070ms] [WARNING] The resource http://localhost:3001/_next/static/media/d54db18e8cd5f74f-s.p.0e8eb956.woff2 was preloaded using link preload but not used within a few seconds from the window's load event. Please make sure it has an appropriate `as` value and it is preloaded intentionally. @ http://localhost:3001/en/dashboard:0
[ 7724070ms] [WARNING] The resource http://localhost:3001/_next/static/media/48e6fa8a5baca31f-s.p.33d01b36.woff2 was preloaded using link preload but not used within a few seconds from the window's load event. Please make sure it has an appropriate `as` value and it is preloaded intentionally. @ http://localhost:3001/en/dashboard:0
[ 7724070ms] [WARNING] The resource http://localhost:3001/_next/static/media/8e6fa89aa22d24ec-s.p.3aec397d.woff2 was preloaded using link preload but not used within a few seconds from the window's load event. Please make sure it has an appropriate `as` value and it is preloaded intentionally. @ http://localhost:3001/en/dashboard:0
[ 7724070ms] [WARNING] The resource http://localhost:3001/_next/static/media/e2334d715941921e-s.p.d82a9aff.woff2 was preloaded using link preload but not used within a few seconds from the window's load event. Please make sure it has an appropriate `as` value and it is preloaded intentionally. @ http://localhost:3001/en/dashboard:0
[ 7724070ms] [WARNING] The resource http://localhost:3001/_next/static/media/8c701f89af1c2d08-s.p.8e889423.woff2 was preloaded using link preload but not used within a few seconds from the window's load event. Please make sure it has an appropriate `as` value and it is preloaded intentionally. @ http://localhost:3001/en/dashboard:0
[ 7724070ms] [WARNING] The resource http://localhost:3001/_next/static/media/f30fd2e485acf1bc-s.p.3d1b066d.woff2 was preloaded using link preload but not used within a few seconds from the window's load event. Please make sure it has an appropriate `as` value and it is preloaded intentionally. @ http://localhost:3001/en/dashboard:0
[ 7724071ms] [WARNING] The resource http://localhost:3001/_next/static/media/a218039a3287bcfd-s.p.4a23d71b.woff2 was preloaded using link preload but not used within a few seconds from the window's load event. Please make sure it has an appropriate `as` value and it is preloaded intentionally. @ http://localhost:3001/en/dashboard:0
[ 7755554ms] [WARNING] The resource http://localhost:3001/_next/static/media/345c85a432359eed-s.p.eead68dd.woff2 was preloaded using link preload but not used within a few seconds from the window's load event. Please make sure it has an appropriate `as` value and it is preloaded intentionally. @ http://localhost:3001/en/dashboard:0
[ 7755554ms] [WARNING] The resource http://localhost:3001/_next/static/media/7ca057cce9853046-s.p.6a702554.woff2 was preloaded using link preload but not used within a few seconds from the window's load event. Please make sure it has an appropriate `as` value and it is preloaded intentionally. @ http://localhost:3001/en/dashboard:0
[ 7755554ms] [WARNING] The resource http://localhost:3001/_next/static/media/8e451580e5e95631-s.p.0e564e6e.woff2 was preloaded using link preload but not used within a few seconds from the window's load event. Please make sure it has an appropriate `as` value and it is preloaded intentionally. @ http://localhost:3001/en/dashboard:0
[ 7755554ms] [WARNING] The resource http://localhost:3001/_next/static/media/4b676bcffc00356a-s.p.c22aaca1.woff2 was preloaded using link preload but not used within a few seconds from the window's load event. Please make sure it has an appropriate `as` value and it is preloaded intentionally. @ http://localhost:3001/en/dashboard:0
[ 7755554ms] [WARNING] The resource http://localhost:3001/_next/static/media/47fe1b7cd6e6ed85-s.p.855a563b.woff2 was preloaded using link preload but not used within a few seconds from the window's load event. Please make sure it has an appropriate `as` value and it is preloaded intentionally. @ http://localhost:3001/en/dashboard:0
[ 7755554ms] [WARNING] The resource http://localhost:3001/_next/static/media/d54db18e8cd5f74f-s.p.0e8eb956.woff2 was preloaded using link preload but not used within a few seconds from the window's load event. Please make sure it has an appropriate `as` value and it is preloaded intentionally. @ http://localhost:3001/en/dashboard:0
[ 7755554ms] [WARNING] The resource http://localhost:3001/_next/static/media/48e6fa8a5baca31f-s.p.33d01b36.woff2 was preloaded using link preload but not used within a few seconds from the window's load event. Please make sure it has an appropriate `as` value and it is preloaded intentionally. @ http://localhost:3001/en/dashboard:0
[ 7755554ms] [WARNING] The resource http://localhost:3001/_next/static/media/8e6fa89aa22d24ec-s.p.3aec397d.woff2 was preloaded using link preload but not used within a few seconds from the window's load event. Please make sure it has an appropriate `as` value and it is preloaded intentionally. @ http://localhost:3001/en/dashboard:0
[ 7755554ms] [WARNING] The resource http://localhost:3001/_next/static/media/e2334d715941921e-s.p.d82a9aff.woff2 was preloaded using link preload but not used within a few seconds from the window's load event. Please make sure it has an appropriate `as` value and it is preloaded intentionally. @ http://localhost:3001/en/dashboard:0
[ 7755556ms] [WARNING] The resource http://localhost:3001/_next/static/media/8c701f89af1c2d08-s.p.8e889423.woff2 was preloaded using link preload but not used within a few seconds from the window's load event. Please make sure it has an appropriate `as` value and it is preloaded intentionally. @ http://localhost:3001/en/dashboard:0
[ 7755556ms] [WARNING] The resource http://localhost:3001/_next/static/media/f30fd2e485acf1bc-s.p.3d1b066d.woff2 was preloaded using link preload but not used within a few seconds from the window's load event. Please make sure it has an appropriate `as` value and it is preloaded intentionally. @ http://localhost:3001/en/dashboard:0
[ 7755556ms] [WARNING] The resource http://localhost:3001/_next/static/media/a218039a3287bcfd-s.p.4a23d71b.woff2 was preloaded using link preload but not used within a few seconds from the window's load event. Please make sure it has an appropriate `as` value and it is preloaded intentionally. @ http://localhost:3001/en/dashboard:0
[ 7769743ms] [WARNING] The resource http://localhost:3001/_next/static/media/345c85a432359eed-s.p.eead68dd.woff2 was preloaded using link preload but not used within a few seconds from the window's load event. Please make sure it has an appropriate `as` value and it is preloaded intentionally. @ http://localhost:3001/en/dashboard:0
[ 7769743ms] [WARNING] The resource http://localhost:3001/_next/static/media/7ca057cce9853046-s.p.6a702554.woff2 was preloaded using link preload but not used within a few seconds from the window's load event. Please make sure it has an appropriate `as` value and it is preloaded intentionally. @ http://localhost:3001/en/dashboard:0
[ 7769743ms] [WARNING] The resource http://localhost:3001/_next/static/media/8e451580e5e95631-s.p.0e564e6e.woff2 was preloaded using link preload but not used within a few seconds from the window's load event. Please make sure it has an appropriate `as` value and it is preloaded intentionally. @ http://localhost:3001/en/dashboard:0
[ 7769743ms] [WARNING] The resource http://localhost:3001/_next/static/media/4b676bcffc00356a-s.p.c22aaca1.woff2 was preloaded using link preload but not used within a few seconds from the window's load event. Please make sure it has an appropriate `as` value and it is preloaded intentionally. @ http://localhost:3001/en/dashboard:0
[ 7769743ms] [WARNING] The resource http://localhost:3001/_next/static/media/47fe1b7cd6e6ed85-s.p.855a563b.woff2 was preloaded using link preload but not used within a few seconds from the window's load event. Please make sure it has an appropriate `as` value and it is preloaded intentionally. @ http://localhost:3001/en/dashboard:0
[ 7769743ms] [WARNING] The resource http://localhost:3001/_next/static/media/d54db18e8cd5f74f-s.p.0e8eb956.woff2 was preloaded using link preload but not used within a few seconds from the window's load event. Please make sure it has an appropriate `as` value and it is preloaded intentionally. @ http://localhost:3001/en/dashboard:0
[ 7769743ms] [WARNING] The resource http://localhost:3001/_next/static/media/48e6fa8a5baca31f-s.p.33d01b36.woff2 was preloaded using link preload but not used within a few seconds from the window's load event. Please make sure it has an appropriate `as` value and it is preloaded intentionally. @ http://localhost:3001/en/dashboard:0
[ 7769743ms] [WARNING] The resource http://localhost:3001/_next/static/media/8e6fa89aa22d24ec-s.p.3aec397d.woff2 was preloaded using link preload but not used within a few seconds from the window's load event. Please make sure it has an appropriate `as` value and it is preloaded intentionally. @ http://localhost:3001/en/dashboard:0
[ 7769743ms] [WARNING] The resource http://localhost:3001/_next/static/media/e2334d715941921e-s.p.d82a9aff.woff2 was preloaded using link preload but not used within a few seconds from the window's load event. Please make sure it has an appropriate `as` value and it is preloaded intentionally. @ http://localhost:3001/en/dashboard:0
[ 7769744ms] [WARNING] The resource http://localhost:3001/_next/static/media/8c701f89af1c2d08-s.p.8e889423.woff2 was preloaded using link preload but not used within a few seconds from the window's load event. Please make sure it has an appropriate `as` value and it is preloaded intentionally. @ http://localhost:3001/en/dashboard:0
[ 7769744ms] [WARNING] The resource http://localhost:3001/_next/static/media/f30fd2e485acf1bc-s.p.3d1b066d.woff2 was preloaded using link preload but not used within a few seconds from the window's load event. Please make sure it has an appropriate `as` value and it is preloaded intentionally. @ http://localhost:3001/en/dashboard:0
[ 7769744ms] [WARNING] The resource http://localhost:3001/_next/static/media/a218039a3287bcfd-s.p.4a23d71b.woff2 was preloaded using link preload but not used within a few seconds from the window's load event. Please make sure it has an appropriate `as` value and it is preloaded intentionally. @ http://localhost:3001/en/dashboard:0
[ 7816049ms] [WARNING] The resource http://localhost:3001/_next/static/media/345c85a432359eed-s.p.eead68dd.woff2 was preloaded using link preload but not used within a few seconds from the window's load event. Please make sure it has an appropriate `as` value and it is preloaded intentionally. @ http://localhost:3001/en/dashboard:0
[ 7816050ms] [WARNING] The resource http://localhost:3001/_next/static/media/7ca057cce9853046-s.p.6a702554.woff2 was preloaded using link preload but not used within a few seconds from the window's load event. Please make sure it has an appropriate `as` value and it is preloaded intentionally. @ http://localhost:3001/en/dashboard:0
[ 7816050ms] [WARNING] The resource http://localhost:3001/_next/static/media/8e451580e5e95631-s.p.0e564e6e.woff2 was preloaded using link preload but not used within a few seconds from the window's load event. Please make sure it has an appropriate `as` value and it is preloaded intentionally. @ http://localhost:3001/en/dashboard:0
[ 7816050ms] [WARNING] The resource http://localhost:3001/_next/static/media/4b676bcffc00356a-s.p.c22aaca1.woff2 was preloaded using link preload but not used within a few seconds from the window's load event. Please make sure it has an appropriate `as` value and it is preloaded intentionally. @ http://localhost:3001/en/dashboard:0
[ 7816051ms] [WARNING] The resource http://localhost:3001/_next/static/media/47fe1b7cd6e6ed85-s.p.855a563b.woff2 was preloaded using link preload but not used within a few seconds from the window's load event. Please make sure it has an appropriate `as` value and it is preloaded intentionally. @ http://localhost:3001/en/dashboard:0
[ 7816051ms] [WARNING] The resource http://localhost:3001/_next/static/media/d54db18e8cd5f74f-s.p.0e8eb956.woff2 was preloaded using link preload but not used within a few seconds from the window's load event. Please make sure it has an appropriate `as` value and it is preloaded intentionally. @ http://localhost:3001/en/dashboard:0
[ 7816051ms] [WARNING] The resource http://localhost:3001/_next/static/media/48e6fa8a5baca31f-s.p.33d01b36.woff2 was preloaded using link preload but not used within a few seconds from the window's load event. Please make sure it has an appropriate `as` value and it is preloaded intentionally. @ http://localhost:3001/en/dashboard:0
[ 7816051ms] [WARNING] The resource http://localhost:3001/_next/static/media/8e6fa89aa22d24ec-s.p.3aec397d.woff2 was preloaded using link preload but not used within a few seconds from the window's load event. Please make sure it has an appropriate `as` value and it is preloaded intentionally. @ http://localhost:3001/en/dashboard:0
[ 7816051ms] [WARNING] The resource http://localhost:3001/_next/static/media/e2334d715941921e-s.p.d82a9aff.woff2 was preloaded using link preload but not used within a few seconds from the window's load event. Please make sure it has an appropriate `as` value and it is preloaded intentionally. @ http://localhost:3001/en/dashboard:0
[ 7816051ms] [WARNING] The resource http://localhost:3001/_next/static/media/8c701f89af1c2d08-s.p.8e889423.woff2 was preloaded using link preload but not used within a few seconds from the window's load event. Please make sure it has an appropriate `as` value and it is preloaded intentionally. @ http://localhost:3001/en/dashboard:0
[ 7816051ms] [WARNING] The resource http://localhost:3001/_next/static/media/f30fd2e485acf1bc-s.p.3d1b066d.woff2 was preloaded using link preload but not used within a few seconds from the window's load event. Please make sure it has an appropriate `as` value and it is preloaded intentionally. @ http://localhost:3001/en/dashboard:0
[ 7816051ms] [WARNING] The resource http://localhost:3001/_next/static/media/a218039a3287bcfd-s.p.4a23d71b.woff2 was preloaded using link preload but not used within a few seconds from the window's load event. Please make sure it has an appropriate `as` value and it is preloaded intentionally. @ http://localhost:3001/en/dashboard:0
[ 7820403ms] [WARNING] The resource http://localhost:3001/_next/static/media/345c85a432359eed-s.p.eead68dd.woff2 was preloaded using link preload but not used within a few seconds from the window's load event. Please make sure it has an appropriate `as` value and it is preloaded intentionally. @ http://localhost:3001/en/dashboard:0
[ 7820403ms] [WARNING] The resource http://localhost:3001/_next/static/media/7ca057cce9853046-s.p.6a702554.woff2 was preloaded using link preload but not used within a few seconds from the window's load event. Please make sure it has an appropriate `as` value and it is preloaded intentionally. @ http://localhost:3001/en/dashboard:0
[ 7820403ms] [WARNING] The resource http://localhost:3001/_next/static/media/8e451580e5e95631-s.p.0e564e6e.woff2 was preloaded using link preload but not used within a few seconds from the window's load event. Please make sure it has an appropriate `as` value and it is preloaded intentionally. @ http://localhost:3001/en/dashboard:0
[ 7820403ms] [WARNING] The resource http://localhost:3001/_next/static/media/4b676bcffc00356a-s.p.c22aaca1.woff2 was preloaded using link preload but not used within a few seconds from the window's load event. Please make sure it has an appropriate `as` value and it is preloaded intentionally. @ http://localhost:3001/en/dashboard:0
[ 7820404ms] [WARNING] The resource http://localhost:3001/_next/static/media/47fe1b7cd6e6ed85-s.p.855a563b.woff2 was preloaded using link preload but not used within a few seconds from the window's load event. Please make sure it has an appropriate `as` value and it is preloaded intentionally. @ http://localhost:3001/en/dashboard:0
[ 7820404ms] [WARNING] The resource http://localhost:3001/_next/static/media/d54db18e8cd5f74f-s.p.0e8eb956.woff2 was preloaded using link preload but not used within a few seconds from the window's load event. Please make sure it has an appropriate `as` value and it is preloaded intentionally. @ http://localhost:3001/en/dashboard:0
[ 7820404ms] [WARNING] The resource http://localhost:3001/_next/static/media/48e6fa8a5baca31f-s.p.33d01b36.woff2 was preloaded using link preload but not used within a few seconds from the window's load event. Please make sure it has an appropriate `as` value and it is preloaded intentionally. @ http://localhost:3001/en/dashboard:0
[ 7820404ms] [WARNING] The resource http://localhost:3001/_next/static/media/8e6fa89aa22d24ec-s.p.3aec397d.woff2 was preloaded using link preload but not used within a few seconds from the window's load event. Please make sure it has an appropriate `as` value and it is preloaded intentionally. @ http://localhost:3001/en/dashboard:0
[ 7820404ms] [WARNING] The resource http://localhost:3001/_next/static/media/e2334d715941921e-s.p.d82a9aff.woff2 was preloaded using link preload but not used within a few seconds from the window's load event. Please make sure it has an appropriate `as` value and it is preloaded intentionally. @ http://localhost:3001/en/dashboard:0
[ 7820404ms] [WARNING] The resource http://localhost:3001/_next/static/media/8c701f89af1c2d08-s.p.8e889423.woff2 was preloaded using link preload but not used within a few seconds from the window's load event. Please make sure it has an appropriate `as` value and it is preloaded intentionally. @ http://localhost:3001/en/dashboard:0
[ 7820404ms] [WARNING] The resource http://localhost:3001/_next/static/media/f30fd2e485acf1bc-s.p.3d1b066d.woff2 was preloaded using link preload but not used within a few seconds from the window's load event. Please make sure it has an appropriate `as` value and it is preloaded intentionally. @ http://localhost:3001/en/dashboard:0
[ 7820404ms] [WARNING] The resource http://localhost:3001/_next/static/media/a218039a3287bcfd-s.p.4a23d71b.woff2 was preloaded using link preload but not used within a few seconds from the window's load event. Please make sure it has an appropriate `as` value and it is preloaded intentionally. @ http://localhost:3001/en/dashboard:0
[ 7866015ms] [WARNING] The resource http://localhost:3001/_next/static/media/345c85a432359eed-s.p.eead68dd.woff2 was preloaded using link preload but not used within a few seconds from the window's load event. Please make sure it has an appropriate `as` value and it is preloaded intentionally. @ http://localhost:3001/en/dashboard:0
[ 7866016ms] [WARNING] The resource http://localhost:3001/_next/static/media/7ca057cce9853046-s.p.6a702554.woff2 was preloaded using link preload but not used within a few seconds from the window's load event. Please make sure it has an appropriate `as` value and it is preloaded intentionally. @ http://localhost:3001/en/dashboard:0
[ 7866017ms] [WARNING] The resource http://localhost:3001/_next/static/media/8e451580e5e95631-s.p.0e564e6e.woff2 was preloaded using link preload but not used within a few seconds from the window's load event. Please make sure it has an appropriate `as` value and it is preloaded intentionally. @ http://localhost:3001/en/dashboard:0
[ 7866017ms] [WARNING] The resource http://localhost:3001/_next/static/media/4b676bcffc00356a-s.p.c22aaca1.woff2 was preloaded using link preload but not used within a few seconds from the window's load event. Please make sure it has an appropriate `as` value and it is preloaded intentionally. @ http://localhost:3001/en/dashboard:0
[ 7866017ms] [WARNING] The resource http://localhost:3001/_next/static/media/47fe1b7cd6e6ed85-s.p.855a563b.woff2 was preloaded using link preload but not used within a few seconds from the window's load event. Please make sure it has an appropriate `as` value and it is preloaded intentionally. @ http://localhost:3001/en/dashboard:0
[ 7866017ms] [WARNING] The resource http://localhost:3001/_next/static/media/d54db18e8cd5f74f-s.p.0e8eb956.woff2 was preloaded using link preload but not used within a few seconds from the window's load event. Please make sure it has an appropriate `as` value and it is preloaded intentionally. @ http://localhost:3001/en/dashboard:0
[ 7866018ms] [WARNING] The resource http://localhost:3001/_next/static/media/48e6fa8a5baca31f-s.p.33d01b36.woff2 was preloaded using link preload but not used within a few seconds from the window's load event. Please make sure it has an appropriate `as` value and it is preloaded intentionally. @ http://localhost:3001/en/dashboard:0
[ 7866018ms] [WARNING] The resource http://localhost:3001/_next/static/media/8e6fa89aa22d24ec-s.p.3aec397d.woff2 was preloaded using link preload but not used within a few seconds from the window's load event. Please make sure it has an appropriate `as` value and it is preloaded intentionally. @ http://localhost:3001/en/dashboard:0
[ 7866018ms] [WARNING] The resource http://localhost:3001/_next/static/media/e2334d715941921e-s.p.d82a9aff.woff2 was preloaded using link preload but not used within a few seconds from the window's load event. Please make sure it has an appropriate `as` value and it is preloaded intentionally. @ http://localhost:3001/en/dashboard:0
[ 7866018ms] [WARNING] The resource http://localhost:3001/_next/static/media/8c701f89af1c2d08-s.p.8e889423.woff2 was preloaded using link preload but not used within a few seconds from the window's load event. Please make sure it has an appropriate `as` value and it is preloaded intentionally. @ http://localhost:3001/en/dashboard:0
[ 7866018ms] [WARNING] The resource http://localhost:3001/_next/static/media/f30fd2e485acf1bc-s.p.3d1b066d.woff2 was preloaded using link preload but not used within a few seconds from the window's load event. Please make sure it has an appropriate `as` value and it is preloaded intentionally. @ http://localhost:3001/en/dashboard:0
[ 7866018ms] [WARNING] The resource http://localhost:3001/_next/static/media/a218039a3287bcfd-s.p.4a23d71b.woff2 was preloaded using link preload but not used within a few seconds from the window's load event. Please make sure it has an appropriate `as` value and it is preloaded intentionally. @ http://localhost:3001/en/dashboard:0
[ 7876339ms] [WARNING] The resource http://localhost:3001/_next/static/media/345c85a432359eed-s.p.eead68dd.woff2 was preloaded using link preload but not used within a few seconds from the window's load event. Please make sure it has an appropriate `as` value and it is preloaded intentionally. @ http://localhost:3001/en/dashboard:0
[ 7876340ms] [WARNING] The resource http://localhost:3001/_next/static/media/7ca057cce9853046-s.p.6a702554.woff2 was preloaded using link preload but not used within a few seconds from the window's load event. Please make sure it has an appropriate `as` value and it is preloaded intentionally. @ http://localhost:3001/en/dashboard:0
[ 7876340ms] [WARNING] The resource http://localhost:3001/_next/static/media/8e451580e5e95631-s.p.0e564e6e.woff2 was preloaded using link preload but not used within a few seconds from the window's load event. Please make sure it has an appropriate `as` value and it is preloaded intentionally. @ http://localhost:3001/en/dashboard:0
[ 7876340ms] [WARNING] The resource http://localhost:3001/_next/static/media/4b676bcffc00356a-s.p.c22aaca1.woff2 was preloaded using link preload but not used within a few seconds from the window's load event. Please make sure it has an appropriate `as` value and it is preloaded intentionally. @ http://localhost:3001/en/dashboard:0
[ 7876340ms] [WARNING] The resource http://localhost:3001/_next/static/media/47fe1b7cd6e6ed85-s.p.855a563b.woff2 was preloaded using link preload but not used within a few seconds from the window's load event. Please make sure it has an appropriate `as` value and it is preloaded intentionally. @ http://localhost:3001/en/dashboard:0
[ 7876340ms] [WARNING] The resource http://localhost:3001/_next/static/media/d54db18e8cd5f74f-s.p.0e8eb956.woff2 was preloaded using link preload but not used within a few seconds from the window's load event. Please make sure it has an appropriate `as` value and it is preloaded intentionally. @ http://localhost:3001/en/dashboard:0
[ 7876340ms] [WARNING] The resource http://localhost:3001/_next/static/media/48e6fa8a5baca31f-s.p.33d01b36.woff2 was preloaded using link preload but not used within a few seconds from the window's load event. Please make sure it has an appropriate `as` value and it is preloaded intentionally. @ http://localhost:3001/en/dashboard:0
[ 7876340ms] [WARNING] The resource http://localhost:3001/_next/static/media/8e6fa89aa22d24ec-s.p.3aec397d.woff2 was preloaded using link preload but not used within a few seconds from the window's load event. Please make sure it has an appropriate `as` value and it is preloaded intentionally. @ http://localhost:3001/en/dashboard:0
[ 7876340ms] [WARNING] The resource http://localhost:3001/_next/static/media/e2334d715941921e-s.p.d82a9aff.woff2 was preloaded using link preload but not used within a few seconds from the window's load event. Please make sure it has an appropriate `as` value and it is preloaded intentionally. @ http://localhost:3001/en/dashboard:0
[ 7876340ms] [WARNING] The resource http://localhost:3001/_next/static/media/8c701f89af1c2d08-s.p.8e889423.woff2 was preloaded using link preload but not used within a few seconds from the window's load event. Please make sure it has an appropriate `as` value and it is preloaded intentionally. @ http://localhost:3001/en/dashboard:0
[ 7876340ms] [WARNING] The resource http://localhost:3001/_next/static/media/f30fd2e485acf1bc-s.p.3d1b066d.woff2 was preloaded using link preload but not used within a few seconds from the window's load event. Please make sure it has an appropriate `as` value and it is preloaded intentionally. @ http://localhost:3001/en/dashboard:0
[ 7876341ms] [WARNING] The resource http://localhost:3001/_next/static/media/a218039a3287bcfd-s.p.4a23d71b.woff2 was preloaded using link preload but not used within a few seconds from the window's load event. Please make sure it has an appropriate `as` value and it is preloaded intentionally. @ http://localhost:3001/en/dashboard:0
[ 7912143ms] [WARNING] The resource http://localhost:3001/_next/static/media/345c85a432359eed-s.p.eead68dd.woff2 was preloaded using link preload but not used within a few seconds from the window's load event. Please make sure it has an appropriate `as` value and it is preloaded intentionally. @ http://localhost:3001/en/dashboard:0
[ 7912144ms] [WARNING] The resource http://localhost:3001/_next/static/media/7ca057cce9853046-s.p.6a702554.woff2 was preloaded using link preload but not used within a few seconds from the window's load event. Please make sure it has an appropriate `as` value and it is preloaded intentionally. @ http://localhost:3001/en/dashboard:0
[ 7912144ms] [WARNING] The resource http://localhost:3001/_next/static/media/8e451580e5e95631-s.p.0e564e6e.woff2 was preloaded using link preload but not used within a few seconds from the window's load event. Please make sure it has an appropriate `as` value and it is preloaded intentionally. @ http://localhost:3001/en/dashboard:0
[ 7912144ms] [WARNING] The resource http://localhost:3001/_next/static/media/4b676bcffc00356a-s.p.c22aaca1.woff2 was preloaded using link preload but not used within a few seconds from the window's load event. Please make sure it has an appropriate `as` value and it is preloaded intentionally. @ http://localhost:3001/en/dashboard:0
[ 7912146ms] [WARNING] The resource http://localhost:3001/_next/static/media/47fe1b7cd6e6ed85-s.p.855a563b.woff2 was preloaded using link preload but not used within a few seconds from the window's load event. Please make sure it has an appropriate `as` value and it is preloaded intentionally. @ http://localhost:3001/en/dashboard:0
[ 7912146ms] [WARNING] The resource http://localhost:3001/_next/static/media/d54db18e8cd5f74f-s.p.0e8eb956.woff2 was preloaded using link preload but not used within a few seconds from the window's load event. Please make sure it has an appropriate `as` value and it is preloaded intentionally. @ http://localhost:3001/en/dashboard:0
[ 7912146ms] [WARNING] The resource http://localhost:3001/_next/static/media/48e6fa8a5baca31f-s.p.33d01b36.woff2 was preloaded using link preload but not used within a few seconds from the window's load event. Please make sure it has an appropriate `as` value and it is preloaded intentionally. @ http://localhost:3001/en/dashboard:0
[ 7912146ms] [WARNING] The resource http://localhost:3001/_next/static/media/8e6fa89aa22d24ec-s.p.3aec397d.woff2 was preloaded using link preload but not used within a few seconds from the window's load event. Please make sure it has an appropriate `as` value and it is preloaded intentionally. @ http://localhost:3001/en/dashboard:0
[ 7912146ms] [WARNING] The resource http://localhost:3001/_next/static/media/e2334d715941921e-s.p.d82a9aff.woff2 was preloaded using link preload but not used within a few seconds from the window's load event. Please make sure it has an appropriate `as` value and it is preloaded intentionally. @ http://localhost:3001/en/dashboard:0
[ 7912147ms] [WARNING] The resource http://localhost:3001/_next/static/media/8c701f89af1c2d08-s.p.8e889423.woff2 was preloaded using link preload but not used within a few seconds from the window's load event. Please make sure it has an appropriate `as` value and it is preloaded intentionally. @ http://localhost:3001/en/dashboard:0
[ 7912147ms] [WARNING] The resource http://localhost:3001/_next/static/media/f30fd2e485acf1bc-s.p.3d1b066d.woff2 was preloaded using link preload but not used within a few seconds from the window's load event. Please make sure it has an appropriate `as` value and it is preloaded intentionally. @ http://localhost:3001/en/dashboard:0
[ 7912147ms] [WARNING] The resource http://localhost:3001/_next/static/media/a218039a3287bcfd-s.p.4a23d71b.woff2 was preloaded using link preload but not used within a few seconds from the window's load event. Please make sure it has an appropriate `as` value and it is preloaded intentionally. @ http://localhost:3001/en/dashboard:0
[ 7921035ms] [LOG] [Fast Refresh] rebuilding @ http://localhost:3001/_next/static/chunks/f12ff_next_dist_95687940._.js:2302
[ 7922304ms] [LOG] [Fast Refresh] done in 1374ms @ http://localhost:3001/_next/static/chunks/f12ff_next_dist_95687940._.js:2302
[ 7934838ms] [LOG] [Fast Refresh] rebuilding @ http://localhost:3001/_next/static/chunks/f12ff_next_dist_95687940._.js:2302
[ 7934966ms] [LOG] [Fast Refresh] done in 232ms @ http://localhost:3001/_next/static/chunks/f12ff_next_dist_95687940._.js:2302
[ 7938658ms] [WARNING] The resource http://localhost:3001/_next/static/media/345c85a432359eed-s.p.eead68dd.woff2 was preloaded using link preload but not used within a few seconds from the window's load event. Please make sure it has an appropriate `as` value and it is preloaded intentionally. @ http://localhost:3001/en/dashboard:0
[ 7938670ms] [WARNING] The resource http://localhost:3001/_next/static/media/7ca057cce9853046-s.p.6a702554.woff2 was preloaded using link preload but not used within a few seconds from the window's load event. Please make sure it has an appropriate `as` value and it is preloaded intentionally. @ http://localhost:3001/en/dashboard:0
[ 7938670ms] [WARNING] The resource http://localhost:3001/_next/static/media/8e451580e5e95631-s.p.0e564e6e.woff2 was preloaded using link preload but not used within a few seconds from the window's load event. Please make sure it has an appropriate `as` value and it is preloaded intentionally. @ http://localhost:3001/en/dashboard:0
[ 7938671ms] [WARNING] The resource http://localhost:3001/_next/static/media/4b676bcffc00356a-s.p.c22aaca1.woff2 was preloaded using link preload but not used within a few seconds from the window's load event. Please make sure it has an appropriate `as` value and it is preloaded intentionally. @ http://localhost:3001/en/dashboard:0
[ 7938671ms] [WARNING] The resource http://localhost:3001/_next/static/media/47fe1b7cd6e6ed85-s.p.855a563b.woff2 was preloaded using link preload but not used within a few seconds from the window's load event. Please make sure it has an appropriate `as` value and it is preloaded intentionally. @ http://localhost:3001/en/dashboard:0
[ 7938674ms] [WARNING] The resource http://localhost:3001/_next/static/media/d54db18e8cd5f74f-s.p.0e8eb956.woff2 was preloaded using link preload but not used within a few seconds from the window's load event. Please make sure it has an appropriate `as` value and it is preloaded intentionally. @ http://localhost:3001/en/dashboard:0
[ 7938674ms] [WARNING] The resource http://localhost:3001/_next/static/media/48e6fa8a5baca31f-s.p.33d01b36.woff2 was preloaded using link preload but not used within a few seconds from the window's load event. Please make sure it has an appropriate `as` value and it is preloaded intentionally. @ http://localhost:3001/en/dashboard:0
[ 7938677ms] [WARNING] The resource http://localhost:3001/_next/static/media/8e6fa89aa22d24ec-s.p.3aec397d.woff2 was preloaded using link preload but not used within a few seconds from the window's load event. Please make sure it has an appropriate `as` value and it is preloaded intentionally. @ http://localhost:3001/en/dashboard:0
[ 7938679ms] [WARNING] The resource http://localhost:3001/_next/static/media/e2334d715941921e-s.p.d82a9aff.woff2 was preloaded using link preload but not used within a few seconds from the window's load event. Please make sure it has an appropriate `as` value and it is preloaded intentionally. @ http://localhost:3001/en/dashboard:0
[ 7938679ms] [WARNING] The resource http://localhost:3001/_next/static/media/8c701f89af1c2d08-s.p.8e889423.woff2 was preloaded using link preload but not used within a few seconds from the window's load event. Please make sure it has an appropriate `as` value and it is preloaded intentionally. @ http://localhost:3001/en/dashboard:0
[ 7938679ms] [WARNING] The resource http://localhost:3001/_next/static/media/f30fd2e485acf1bc-s.p.3d1b066d.woff2 was preloaded using link preload but not used within a few seconds from the window's load event. Please make sure it has an appropriate `as` value and it is preloaded intentionally. @ http://localhost:3001/en/dashboard:0
[ 7938692ms] [WARNING] The resource http://localhost:3001/_next/static/media/a218039a3287bcfd-s.p.4a23d71b.woff2 was preloaded using link preload but not used within a few seconds from the window's load event. Please make sure it has an appropriate `as` value and it is preloaded intentionally. @ http://localhost:3001/en/dashboard:0
[ 7958976ms] [WARNING] The resource http://localhost:3001/_next/static/media/345c85a432359eed-s.p.eead68dd.woff2 was preloaded using link preload but not used within a few seconds from the window's load event. Please make sure it has an appropriate `as` value and it is preloaded intentionally. @ http://localhost:3001/en/dashboard:0
[ 7958989ms] [WARNING] The resource http://localhost:3001/_next/static/media/7ca057cce9853046-s.p.6a702554.woff2 was preloaded using link preload but not used within a few seconds from the window's load event. Please make sure it has an appropriate `as` value and it is preloaded intentionally. @ http://localhost:3001/en/dashboard:0
[ 7958989ms] [WARNING] The resource http://localhost:3001/_next/static/media/8e451580e5e95631-s.p.0e564e6e.woff2 was preloaded using link preload but not used within a few seconds from the window's load event. Please make sure it has an appropriate `as` value and it is preloaded intentionally. @ http://localhost:3001/en/dashboard:0
[ 7958989ms] [WARNING] The resource http://localhost:3001/_next/static/media/4b676bcffc00356a-s.p.c22aaca1.woff2 was preloaded using link preload but not used within a few seconds from the window's load event. Please make sure it has an appropriate `as` value and it is preloaded intentionally. @ http://localhost:3001/en/dashboard:0
[ 7958996ms] [WARNING] The resource http://localhost:3001/_next/static/media/47fe1b7cd6e6ed85-s.p.855a563b.woff2 was preloaded using link preload but not used within a few seconds from the window's load event. Please make sure it has an appropriate `as` value and it is preloaded intentionally. @ http://localhost:3001/en/dashboard:0
[ 7958996ms] [WARNING] The resource http://localhost:3001/_next/static/media/d54db18e8cd5f74f-s.p.0e8eb956.woff2 was preloaded using link preload but not used within a few seconds from the window's load event. Please make sure it has an appropriate `as` value and it is preloaded intentionally. @ http://localhost:3001/en/dashboard:0
[ 7958996ms] [WARNING] The resource http://localhost:3001/_next/static/media/48e6fa8a5baca31f-s.p.33d01b36.woff2 was preloaded using link preload but not used within a few seconds from the window's load event. Please make sure it has an appropriate `as` value and it is preloaded intentionally. @ http://localhost:3001/en/dashboard:0
[ 7958996ms] [WARNING] The resource http://localhost:3001/_next/static/media/8e6fa89aa22d24ec-s.p.3aec397d.woff2 was preloaded using link preload but not used within a few seconds from the window's load event. Please make sure it has an appropriate `as` value and it is preloaded intentionally. @ http://localhost:3001/en/dashboard:0
[ 7958996ms] [WARNING] The resource http://localhost:3001/_next/static/media/e2334d715941921e-s.p.d82a9aff.woff2 was preloaded using link preload but not used within a few seconds from the window's load event. Please make sure it has an appropriate `as` value and it is preloaded intentionally. @ http://localhost:3001/en/dashboard:0
[ 7959004ms] [WARNING] The resource http://localhost:3001/_next/static/media/8c701f89af1c2d08-s.p.8e889423.woff2 was preloaded using link preload but not used within a few seconds from the window's load event. Please make sure it has an appropriate `as` value and it is preloaded intentionally. @ http://localhost:3001/en/dashboard:0
[ 7959004ms] [WARNING] The resource http://localhost:3001/_next/static/media/f30fd2e485acf1bc-s.p.3d1b066d.woff2 was preloaded using link preload but not used within a few seconds from the window's load event. Please make sure it has an appropriate `as` value and it is preloaded intentionally. @ http://localhost:3001/en/dashboard:0
[ 7959004ms] [WARNING] The resource http://localhost:3001/_next/static/media/a218039a3287bcfd-s.p.4a23d71b.woff2 was preloaded using link preload but not used within a few seconds from the window's load event. Please make sure it has an appropriate `as` value and it is preloaded intentionally. @ http://localhost:3001/en/dashboard:0
[ 7966889ms] [LOG] [Fast Refresh] rebuilding @ http://localhost:3001/_next/static/chunks/f12ff_next_dist_95687940._.js:2302
[ 7974310ms] [LOG] [Fast Refresh] done in 7521ms @ http://localhost:3001/_next/static/chunks/f12ff_next_dist_95687940._.js:2302
[ 7979617ms] [LOG] [Fast Refresh] rebuilding @ http://localhost:3001/_next/static/chunks/f12ff_next_dist_95687940._.js:2302
[ 7988429ms] [LOG] [Fast Refresh] done in 8915ms @ http://localhost:3001/_next/static/chunks/f12ff_next_dist_95687940._.js:2302
[ 7997071ms] [LOG] [Fast Refresh] rebuilding @ http://localhost:3001/_next/static/chunks/f12ff_next_dist_95687940._.js:2302
[ 8003361ms] [LOG] [Fast Refresh] done in 5460ms @ http://localhost:3001/_next/static/chunks/f12ff_next_dist_95687940._.js:2302
[ 8003365ms] [WARNING] The resource http://localhost:3001/_next/static/media/345c85a432359eed-s.p.eead68dd.woff2 was preloaded using link preload but not used within a few seconds from the window's load event. Please make sure it has an appropriate `as` value and it is preloaded intentionally. @ http://localhost:3001/en/dashboard:0
[ 8003366ms] [WARNING] The resource http://localhost:3001/_next/static/media/7ca057cce9853046-s.p.6a702554.woff2 was preloaded using link preload but not used within a few seconds from the window's load event. Please make sure it has an appropriate `as` value and it is preloaded intentionally. @ http://localhost:3001/en/dashboard:0
[ 8003366ms] [WARNING] The resource http://localhost:3001/_next/static/media/8e451580e5e95631-s.p.0e564e6e.woff2 was preloaded using link preload but not used within a few seconds from the window's load event. Please make sure it has an appropriate `as` value and it is preloaded intentionally. @ http://localhost:3001/en/dashboard:0
[ 8003366ms] [WARNING] The resource http://localhost:3001/_next/static/media/4b676bcffc00356a-s.p.c22aaca1.woff2 was preloaded using link preload but not used within a few seconds from the window's load event. Please make sure it has an appropriate `as` value and it is preloaded intentionally. @ http://localhost:3001/en/dashboard:0
[ 8003366ms] [WARNING] The resource http://localhost:3001/_next/static/media/47fe1b7cd6e6ed85-s.p.855a563b.woff2 was preloaded using link preload but not used within a few seconds from the window's load event. Please make sure it has an appropriate `as` value and it is preloaded intentionally. @ http://localhost:3001/en/dashboard:0
[ 8003366ms] [WARNING] The resource http://localhost:3001/_next/static/media/d54db18e8cd5f74f-s.p.0e8eb956.woff2 was preloaded using link preload but not used within a few seconds from the window's load event. Please make sure it has an appropriate `as` value and it is preloaded intentionally. @ http://localhost:3001/en/dashboard:0
[ 8003366ms] [WARNING] The resource http://localhost:3001/_next/static/media/48e6fa8a5baca31f-s.p.33d01b36.woff2 was preloaded using link preload but not used within a few seconds from the window's load event. Please make sure it has an appropriate `as` value and it is preloaded intentionally. @ http://localhost:3001/en/dashboard:0
[ 8003367ms] [WARNING] The resource http://localhost:3001/_next/static/media/8e6fa89aa22d24ec-s.p.3aec397d.woff2 was preloaded using link preload but not used within a few seconds from the window's load event. Please make sure it has an appropriate `as` value and it is preloaded intentionally. @ http://localhost:3001/en/dashboard:0
[ 8003367ms] [WARNING] The resource http://localhost:3001/_next/static/media/e2334d715941921e-s.p.d82a9aff.woff2 was preloaded using link preload but not used within a few seconds from the window's load event. Please make sure it has an appropriate `as` value and it is preloaded intentionally. @ http://localhost:3001/en/dashboard:0
[ 8003367ms] [WARNING] The resource http://localhost:3001/_next/static/media/8c701f89af1c2d08-s.p.8e889423.woff2 was preloaded using link preload but not used within a few seconds from the window's load event. Please make sure it has an appropriate `as` value and it is preloaded intentionally. @ http://localhost:3001/en/dashboard:0
[ 8003367ms] [WARNING] The resource http://localhost:3001/_next/static/media/f30fd2e485acf1bc-s.p.3d1b066d.woff2 was preloaded using link preload but not used within a few seconds from the window's load event. Please make sure it has an appropriate `as` value and it is preloaded intentionally. @ http://localhost:3001/en/dashboard:0
[ 8003367ms] [WARNING] The resource http://localhost:3001/_next/static/media/a218039a3287bcfd-s.p.4a23d71b.woff2 was preloaded using link preload but not used within a few seconds from the window's load event. Please make sure it has an appropriate `as` value and it is preloaded intentionally. @ http://localhost:3001/en/dashboard:0
[ 8010184ms] [LOG] [Fast Refresh] rebuilding @ http://localhost:3001/_next/static/chunks/f12ff_next_dist_95687940._.js:2302
[ 8011215ms] [LOG] [Fast Refresh] done in 1099ms @ http://localhost:3001/_next/static/chunks/f12ff_next_dist_95687940._.js:2302
[ 8012428ms] [LOG] [Fast Refresh] rebuilding @ http://localhost:3001/_next/static/chunks/f12ff_next_dist_95687940._.js:2302
[ 8013710ms] [LOG] [Fast Refresh] done in 1383ms @ http://localhost:3001/_next/static/chunks/f12ff_next_dist_95687940._.js:2302
[ 8013972ms] [LOG] [Fast Refresh] rebuilding @ http://localhost:3001/_next/static/chunks/f12ff_next_dist_95687940._.js:2302
[ 8014433ms] [LOG] [Fast Refresh] done in 563ms @ http://localhost:3001/_next/static/chunks/f12ff_next_dist_95687940._.js:2302
[ 8014625ms] [LOG] [Fast Refresh] rebuilding @ http://localhost:3001/_next/static/chunks/f12ff_next_dist_95687940._.js:2302
[ 8014853ms] [LOG] [Fast Refresh] done in 330ms @ http://localhost:3001/_next/static/chunks/f12ff_next_dist_95687940._.js:2302
[ 8015308ms] [LOG] [Fast Refresh] rebuilding @ http://localhost:3001/_next/static/chunks/f12ff_next_dist_95687940._.js:2302
[ 8015468ms] [LOG] [Fast Refresh] done in 260ms @ http://localhost:3001/_next/static/chunks/f12ff_next_dist_95687940._.js:2302
[ 8017699ms] [LOG] [Fast Refresh] rebuilding @ http://localhost:3001/_next/static/chunks/f12ff_next_dist_95687940._.js:2302
[ 8017854ms] [LOG] [Fast Refresh] done in 255ms @ http://localhost:3001/_next/static/chunks/f12ff_next_dist_95687940._.js:2302
[ 8029303ms] [LOG] [Fast Refresh] rebuilding @ http://localhost:3001/_next/static/chunks/f12ff_next_dist_95687940._.js:2302
[ 8029455ms] [LOG] [Fast Refresh] done in 254ms @ http://localhost:3001/_next/static/chunks/f12ff_next_dist_95687940._.js:2302
[ 8030285ms] [LOG] [Fast Refresh] rebuilding @ http://localhost:3001/_next/static/chunks/f12ff_next_dist_95687940._.js:2302
[ 8030291ms] [LOG] [Fast Refresh] done in 108ms @ http://localhost:3001/_next/static/chunks/f12ff_next_dist_95687940._.js:2302
[ 8030553ms] [LOG] [Fast Refresh] rebuilding @ http://localhost:3001/_next/static/chunks/f12ff_next_dist_95687940._.js:2302
[ 8030950ms] [LOG] [Fast Refresh] done in 501ms @ http://localhost:3001/_next/static/chunks/f12ff_next_dist_95687940._.js:2302
[ 8031568ms] [LOG] [Fast Refresh] rebuilding @ http://localhost:3001/_next/static/chunks/f12ff_next_dist_95687940._.js:2302
[ 8031569ms] [LOG] [Fast Refresh] done in 102ms @ http://localhost:3001/_next/static/chunks/f12ff_next_dist_95687940._.js:2302
[ 8031800ms] [LOG] [Fast Refresh] rebuilding @ http://localhost:3001/_next/static/chunks/f12ff_next_dist_95687940._.js:2302
[ 8033726ms] [LOG] [Fast Refresh] done in 2027ms @ http://localhost:3001/_next/static/chunks/f12ff_next_dist_95687940._.js:2302
[ 8034445ms] [LOG] [Fast Refresh] rebuilding @ http://localhost:3001/_next/static/chunks/f12ff_next_dist_95687940._.js:2302
[ 8035255ms] [LOG] [Fast Refresh] done in 910ms @ http://localhost:3001/_next/static/chunks/f12ff_next_dist_95687940._.js:2302
[ 8035380ms] [LOG] [Fast Refresh] rebuilding @ http://localhost:3001/_next/static/chunks/f12ff_next_dist_95687940._.js:2302
[ 8035526ms] [LOG] [Fast Refresh] done in 250ms @ http://localhost:3001/_next/static/chunks/f12ff_next_dist_95687940._.js:2302
[ 8037211ms] [LOG] [Fast Refresh] rebuilding @ http://localhost:3001/_next/static/chunks/f12ff_next_dist_95687940._.js:2302
[ 8037213ms] [LOG] [Fast Refresh] done in 104ms @ http://localhost:3001/_next/static/chunks/f12ff_next_dist_95687940._.js:2302
[ 8037462ms] [LOG] [Fast Refresh] rebuilding @ http://localhost:3001/_next/static/chunks/f12ff_next_dist_95687940._.js:2302
[ 8037478ms] [LOG] [Fast Refresh] done in 118ms @ http://localhost:3001/_next/static/chunks/f12ff_next_dist_95687940._.js:2302
[ 8038108ms] [LOG] [Fast Refresh] rebuilding @ http://localhost:3001/_next/static/chunks/f12ff_next_dist_95687940._.js:2302
[ 8038133ms] [LOG] [Fast Refresh] done in 125ms @ http://localhost:3001/_next/static/chunks/f12ff_next_dist_95687940._.js:2302
[ 8038475ms] [LOG] [Fast Refresh] rebuilding @ http://localhost:3001/_next/static/chunks/f12ff_next_dist_95687940._.js:2302
[ 8038535ms] [LOG] [Fast Refresh] done in 163ms @ http://localhost:3001/_next/static/chunks/f12ff_next_dist_95687940._.js:2302
[ 8038798ms] [LOG] [Fast Refresh] rebuilding @ http://localhost:3001/_next/static/chunks/f12ff_next_dist_95687940._.js:2302
[ 8038893ms] [LOG] [Fast Refresh] done in 196ms @ http://localhost:3001/_next/static/chunks/f12ff_next_dist_95687940._.js:2302
[ 8039109ms] [LOG] [Fast Refresh] rebuilding @ http://localhost:3001/_next/static/chunks/f12ff_next_dist_95687940._.js:2302
[ 8039127ms] [LOG] [Fast Refresh] done in 119ms @ http://localhost:3001/_next/static/chunks/f12ff_next_dist_95687940._.js:2302
[ 8040183ms] [LOG] [Fast Refresh] rebuilding @ http://localhost:3001/_next/static/chunks/f12ff_next_dist_95687940._.js:2302
[ 8040188ms] [LOG] [Fast Refresh] done in 106ms @ http://localhost:3001/_next/static/chunks/f12ff_next_dist_95687940._.js:2302
[ 8044316ms] [LOG] [Fast Refresh] rebuilding @ http://localhost:3001/_next/static/chunks/f12ff_next_dist_95687940._.js:2302
[ 8044835ms] [LOG] [Fast Refresh] done in 519ms @ http://localhost:3001/_next/static/chunks/f12ff_next_dist_95687940._.js:2302
[ 8049571ms] [LOG] [Fast Refresh] rebuilding @ http://localhost:3001/_next/static/chunks/f12ff_next_dist_95687940._.js:2302
[ 8049872ms] [LOG] [Fast Refresh] done in 403ms @ http://localhost:3001/_next/static/chunks/f12ff_next_dist_95687940._.js:2302
[ 8051394ms] [LOG] [Fast Refresh] rebuilding @ http://localhost:3001/_next/static/chunks/f12ff_next_dist_95687940._.js:2302
[ 8051445ms] [LOG] [Fast Refresh] done in 152ms @ http://localhost:3001/_next/static/chunks/f12ff_next_dist_95687940._.js:2302
[ 8053882ms] [LOG] [Fast Refresh] rebuilding @ http://localhost:3001/_next/static/chunks/f12ff_next_dist_95687940._.js:2302
[ 8053894ms] [LOG] [Fast Refresh] done in 114ms @ http://localhost:3001/_next/static/chunks/f12ff_next_dist_95687940._.js:2302
[ 8055732ms] [LOG] [Fast Refresh] rebuilding @ http://localhost:3001/_next/static/chunks/f12ff_next_dist_95687940._.js:2302
[ 8055753ms] [LOG] [Fast Refresh] done in 121ms @ http://localhost:3001/_next/static/chunks/f12ff_next_dist_95687940._.js:2302
[ 8055915ms] [LOG] [Fast Refresh] rebuilding @ http://localhost:3001/_next/static/chunks/f12ff_next_dist_95687940._.js:2302
[ 8056143ms] [LOG] [Fast Refresh] done in 331ms @ http://localhost:3001/_next/static/chunks/f12ff_next_dist_95687940._.js:2302
[ 8056302ms] [LOG] [Fast Refresh] rebuilding @ http://localhost:3001/_next/static/chunks/f12ff_next_dist_95687940._.js:2302
[ 8056319ms] [LOG] [Fast Refresh] done in 118ms @ http://localhost:3001/_next/static/chunks/f12ff_next_dist_95687940._.js:2302
[ 8057764ms] [LOG] [Fast Refresh] rebuilding @ http://localhost:3001/_next/static/chunks/f12ff_next_dist_95687940._.js:2302
[ 8057770ms] [LOG] [Fast Refresh] done in 107ms @ http://localhost:3001/_next/static/chunks/f12ff_next_dist_95687940._.js:2302
[ 8057968ms] [LOG] [Fast Refresh] rebuilding @ http://localhost:3001/_next/static/chunks/f12ff_next_dist_95687940._.js:2302
[ 8058064ms] [LOG] [Fast Refresh] done in 198ms @ http://localhost:3001/_next/static/chunks/f12ff_next_dist_95687940._.js:2302
[ 8058291ms] [LOG] [Fast Refresh] rebuilding @ http://localhost:3001/_next/static/chunks/f12ff_next_dist_95687940._.js:2302
[ 8058348ms] [LOG] [Fast Refresh] done in 159ms @ http://localhost:3001/_next/static/chunks/f12ff_next_dist_95687940._.js:2302
[ 8061871ms] [LOG] [Fast Refresh] rebuilding @ http://localhost:3001/_next/static/chunks/f12ff_next_dist_95687940._.js:2302
[ 8062032ms] [LOG] [Fast Refresh] done in 262ms @ http://localhost:3001/_next/static/chunks/f12ff_next_dist_95687940._.js:2302
[ 8062629ms] [LOG] [Fast Refresh] rebuilding @ http://localhost:3001/_next/static/chunks/f12ff_next_dist_95687940._.js:2302
[ 8062678ms] [LOG] [Fast Refresh] done in 152ms @ http://localhost:3001/_next/static/chunks/f12ff_next_dist_95687940._.js:2302
[ 8062874ms] [LOG] [Fast Refresh] rebuilding @ http://localhost:3001/_next/static/chunks/f12ff_next_dist_95687940._.js:2302
[ 8062892ms] [LOG] [Fast Refresh] done in 119ms @ http://localhost:3001/_next/static/chunks/f12ff_next_dist_95687940._.js:2302
[ 8063075ms] [LOG] [Fast Refresh] rebuilding @ http://localhost:3001/_next/static/chunks/f12ff_next_dist_95687940._.js:2302
[ 8063254ms] [LOG] [Fast Refresh] done in 285ms @ http://localhost:3001/_next/static/chunks/f12ff_next_dist_95687940._.js:2302
[ 8063688ms] [LOG] [Fast Refresh] rebuilding @ http://localhost:3001/_next/static/chunks/f12ff_next_dist_95687940._.js:2302
[ 8063718ms] [LOG] [Fast Refresh] done in 130ms @ http://localhost:3001/_next/static/chunks/f12ff_next_dist_95687940._.js:2302
[ 8065055ms] [LOG] [Fast Refresh] rebuilding @ http://localhost:3001/_next/static/chunks/f12ff_next_dist_95687940._.js:2302
[ 8065078ms] [LOG] [Fast Refresh] done in 124ms @ http://localhost:3001/_next/static/chunks/f12ff_next_dist_95687940._.js:2302
[ 8065906ms] [LOG] [Fast Refresh] rebuilding @ http://localhost:3001/_next/static/chunks/f12ff_next_dist_95687940._.js:2302
[ 8065934ms] [LOG] [Fast Refresh] done in 129ms @ http://localhost:3001/_next/static/chunks/f12ff_next_dist_95687940._.js:2302
[ 8066088ms] [LOG] [Fast Refresh] rebuilding @ http://localhost:3001/_next/static/chunks/f12ff_next_dist_95687940._.js:2302
[ 8066152ms] [LOG] [Fast Refresh] done in 166ms @ http://localhost:3001/_next/static/chunks/f12ff_next_dist_95687940._.js:2302
[ 8067754ms] [LOG] [Fast Refresh] rebuilding @ http://localhost:3001/_next/static/chunks/f12ff_next_dist_95687940._.js:2302
[ 8067779ms] [LOG] [Fast Refresh] done in 127ms @ http://localhost:3001/_next/static/chunks/f12ff_next_dist_95687940._.js:2302
[ 8068831ms] [LOG] [Fast Refresh] rebuilding @ http://localhost:3001/_next/static/chunks/f12ff_next_dist_95687940._.js:2302
[ 8068833ms] [LOG] [Fast Refresh] done in 105ms @ http://localhost:3001/_next/static/chunks/f12ff_next_dist_95687940._.js:2302
[ 8071682ms] [LOG] [Fast Refresh] rebuilding @ http://localhost:3001/_next/static/chunks/f12ff_next_dist_95687940._.js:2302
[ 8071699ms] [LOG] [Fast Refresh] done in 117ms @ http://localhost:3001/_next/static/chunks/f12ff_next_dist_95687940._.js:2302
[ 8081281ms] [LOG] [Fast Refresh] rebuilding @ http://localhost:3001/_next/static/chunks/f12ff_next_dist_95687940._.js:2302
[ 8082477ms] [LOG] [Fast Refresh] done in 1296ms @ http://localhost:3001/_next/static/chunks/f12ff_next_dist_95687940._.js:2302
[ 8102289ms] [LOG] [Fast Refresh] rebuilding @ http://localhost:3001/_next/static/chunks/f12ff_next_dist_95687940._.js:2302
[ 8102418ms] [LOG] [Fast Refresh] done in 207ms @ http://localhost:3001/_next/static/chunks/f12ff_next_dist_95687940._.js:2302
[ 8102548ms] [LOG] [Fast Refresh] rebuilding @ http://localhost:3001/_next/static/chunks/f12ff_next_dist_95687940._.js:2302
[ 8103012ms] [LOG] [Fast Refresh] done in 566ms @ http://localhost:3001/_next/static/chunks/f12ff_next_dist_95687940._.js:2302
[ 8117162ms] [LOG] [Fast Refresh] rebuilding @ http://localhost:3001/_next/static/chunks/f12ff_next_dist_95687940._.js:2302
[ 8117365ms] [LOG] [Fast Refresh] done in 280ms @ http://localhost:3001/_next/static/chunks/f12ff_next_dist_95687940._.js:2302
[ 8117478ms] [LOG] [Fast Refresh] rebuilding @ http://localhost:3001/_next/static/chunks/f12ff_next_dist_95687940._.js:2302
[ 8117940ms] [LOG] [Fast Refresh] done in 564ms @ http://localhost:3001/_next/static/chunks/f12ff_next_dist_95687940._.js:2302
[ 8122429ms] [LOG] [Fast Refresh] rebuilding @ http://localhost:3001/_next/static/chunks/f12ff_next_dist_95687940._.js:2302
[ 8122433ms] [LOG] [Fast Refresh] done in 106ms @ http://localhost:3001/_next/static/chunks/f12ff_next_dist_95687940._.js:2302
[ 8136689ms] [LOG] [Fast Refresh] rebuilding @ http://localhost:3001/_next/static/chunks/f12ff_next_dist_95687940._.js:2302
[ 8136827ms] [LOG] [Fast Refresh] done in 209ms @ http://localhost:3001/_next/static/chunks/f12ff_next_dist_95687940._.js:2302
[ 8136957ms] [LOG] [Fast Refresh] rebuilding @ http://localhost:3001/_next/static/chunks/f12ff_next_dist_95687940._.js:2302
[ 8137478ms] [LOG] [Fast Refresh] done in 622ms @ http://localhost:3001/_next/static/chunks/f12ff_next_dist_95687940._.js:2302
[ 8138723ms] [LOG] [Fast Refresh] rebuilding @ http://localhost:3001/_next/static/chunks/f12ff_next_dist_95687940._.js:2302
[ 8141096ms] [LOG] [Fast Refresh] done in 2474ms @ http://localhost:3001/_next/static/chunks/f12ff_next_dist_95687940._.js:2302
[ 8209645ms] [ERROR] WebSocket connection to 'ws://localhost:3001/_next/webpack-hmr?id=6Lu2Y-x3M-IJ-I9dWy5jH' failed:  @ http://localhost:3001/_next/static/chunks/f12ff_next_dist_client_d93c57ad._.js:10876
[ 8214705ms] [LOG] [HMR] connected @ http://localhost:3001/_next/static/chunks/f12ff_next_dist_95687940._.js:2302
[ 8221830ms] [INFO] %cDownload the React DevTools for a better development experience: https://react.dev/link/react-devtools font-weight:bold @ http://localhost:3001/_next/static/chunks/f12ff_next_dist_95687940._.js:2302
[ 8222050ms] [LOG] [HMR] connected @ http://localhost:3001/_next/static/chunks/f12ff_next_dist_95687940._.js:2302
[ 8222243ms] [WARNING] Clerk: Clerk has been loaded with development keys. Development instances have strict usage limits and should not be used when deploying your application to production. Learn more: https://clerk.com/docs/deployments/overview @ http://localhost:3001/_next/static/chunks/f12ff_next_dist_95687940._.js:2302
[ 8222364ms] [LOG] [Fast Refresh] rebuilding @ http://localhost:3001/_next/static/chunks/f12ff_next_dist_95687940._.js:2302
[ 8222512ms] [WARNING] Missing Algolia environment variables: ALGOLIA_API_KEY @ http://localhost:3001/_next/static/chunks/f12ff_next_dist_95687940._.js:2302
[ 8222512ms] [WARNING] Algolia admin client not available - missing credentials @ http://localhost:3001/_next/static/chunks/f12ff_next_dist_95687940._.js:2302
[ 8222513ms] [LOG] ✅ Algolia search client initialized successfully @ http://localhost:3001/_next/static/chunks/f12ff_next_dist_95687940._.js:2302
[ 8222568ms] [WARNING] Image with src "/connecting-climate-minds-logo-white.png" was detected as the Largest Contentful Paint (LCP). Please add the `loading="eager"` property if this image is above the fold.
Read more: https://nextjs.org/docs/app/api-reference/components/image#loading @ http://localhost:3001/_next/static/chunks/f12ff_next_dist_95687940._.js:2302
[ 8223231ms] [WARNING] Image with src "https://img.clerk.com/eyJ0eXBlIjoiZGVmYXVsdCIsImlpZCI6Imluc18yd0FvcFFvS1pvZVl0dng1SXk0QkxJRURlaVkiLCJyaWQiOiJ1c2VyXzNGN2RCNzcyNE9WQ2tHcXV1cjZSc0VSODRuVyIsImluaXRpYWxzIjoiQUwifQ" has "fill" but is missing "sizes" prop. Please add it to improve page performance. Read more: https://nextjs.org/docs/api-reference/next/image#sizes @ http://localhost:3001/_next/static/chunks/f12ff_next_dist_95687940._.js:2302
[ 8223233ms] [WARNING] Ignoring Event: localhost @ http://localhost:3001/_next/static/chunks/f12ff_next_dist_95687940._.js:2302
[ 8223235ms] [LOG] [Fast Refresh] done in 1070ms @ http://localhost:3001/_next/static/chunks/f12ff_next_dist_95687940._.js:2302
[ 8223373ms] [ERROR] Access to resource at 'https://gm67v7rk.api.sanity.io/v2024-04-24/data/live/events/production_2?tag=next-loader.live' from origin 'http://localhost:3001' has been blocked by CORS policy: No 'Access-Control-Allow-Origin' header is present on the requested resource. @ http://localhost:3001/en/dashboard:0
[ 8223375ms] [ERROR] Failed to load resource: net::ERR_FAILED @ https://gm67v7rk.api.sanity.io/v2024-04-24/data/live/events/production_2?tag=next-loader.live:0
[ 8223383ms] [LOG] [Fast Refresh] rebuilding @ http://localhost:3001/_next/static/chunks/f12ff_next_dist_95687940._.js:2302
[ 8223465ms] [LOG] [Fast Refresh] done in 226ms @ http://localhost:3001/_next/static/chunks/f12ff_next_dist_95687940._.js:2302
[ 8223465ms] [ERROR] Access to fetch at 'https://gm67v7rk.api.sanity.io/v2024-04-24/data/live/events/production_2?tag=next-loader.live' from origin 'http://localhost:3001' has been blocked by CORS policy: Response to preflight request doesn't pass access control check: No 'Access-Control-Allow-Origin' header is present on the requested resource. @ http://localhost:3001/en/dashboard:0
[ 8223465ms] [ERROR] Failed to load resource: net::ERR_FAILED @ https://gm67v7rk.api.sanity.io/v2024-04-24/data/live/events/production_2?tag=next-loader.live:0
[ 8223698ms] [ERROR] Access to fetch at 'https://gm67v7rk.api.sanity.io/v2024-04-24/data/live/events/production_2?tag=next-loader.live' from origin 'http://localhost:3001' has been blocked by CORS policy: Response to preflight request doesn't pass access control check: No 'Access-Control-Allow-Origin' header is present on the requested resource. @ http://localhost:3001/en/dashboard:0
[ 8223698ms] [ERROR] Failed to load resource: net::ERR_FAILED @ https://gm67v7rk.api.sanity.io/v2024-04-24/data/live/events/production_2?tag=next-loader.live:0
[ 8223698ms] [WARNING] Sanity Live is unable to connect to the Sanity API as the current origin - http://localhost:3001 - is not in the list of allowed CORS origins for this Sanity Project. Add it here: https://sanity.io/manage/project/gm67v7rk/api?cors=add&origin=http%3A%2F%2Flocalhost%3A3001 @ http://localhost:3001/_next/static/chunks/f12ff_next_dist_95687940._.js:2302
