[     209ms] [LOG] [Fast Refresh] rebuilding @ http://localhost:3001/_next/static/chunks/f12ff_next_dist_95687940._.js:2302
[     340ms] [LOG] [Fast Refresh] done in 234ms @ http://localhost:3001/_next/static/chunks/f12ff_next_dist_95687940._.js:2302
[    1316ms] [INFO] %cDownload the React DevTools for a better development experience: https://react.dev/link/react-devtools font-weight:bold @ http://localhost:3001/_next/static/chunks/f12ff_next_dist_95687940._.js:2302
[    1441ms] [LOG] [HMR] connected @ http://localhost:3001/_next/static/chunks/f12ff_next_dist_95687940._.js:2302
[    1537ms] [WARNING] Missing Algolia environment variables: ALGOLIA_API_KEY @ http://localhost:3001/_next/static/chunks/f12ff_next_dist_95687940._.js:2302
[    1538ms] [WARNING] Algolia admin client not available - missing credentials @ http://localhost:3001/_next/static/chunks/f12ff_next_dist_95687940._.js:2302
[    1538ms] [LOG] ✅ Algolia search client initialized successfully @ http://localhost:3001/_next/static/chunks/f12ff_next_dist_95687940._.js:2302
[    1561ms] [WARNING] Image with src "/connecting-climate-minds-logo-white.png" was detected as the Largest Contentful Paint (LCP). Please add the `loading="eager"` property if this image is above the fold.
Read more: https://nextjs.org/docs/app/api-reference/components/image#loading @ http://localhost:3001/_next/static/chunks/f12ff_next_dist_95687940._.js:2302
[    1732ms] [ERROR] IntlError: MISSING_MESSAGE: Cannot read properties of undefined (reading 'split')
    at getFallbackFromErrorAndNotify (http://localhost:3001/_next/static/chunks/node_modules__pnpm_a92eadf3._.js:7251:23)
    at translateBaseFn (http://localhost:3001/_next/static/chunks/node_modules__pnpm_a92eadf3._.js:7281:28)
    at translateFn (http://localhost:3001/_next/static/chunks/node_modules__pnpm_a92eadf3._.js:7343:24)
    at labelFor (http://localhost:3001/_next/static/chunks/_2015e761._.js:485:30)
    at http://localhost:3001/_next/static/chunks/_2015e761._.js:142:34
    at Array.map (<anonymous>)
    at RegionChoropleth (http://localhost:3001/_next/static/chunks/_2015e761._.js:134:43)
    at Object.react_stack_bottom_frame (http://localhost:3001/_next/static/chunks/f12ff_next_dist_compiled_react-dom_7b2f6d3d._.js:14826:24)
    at renderWithHooks (http://localhost:3001/_next/static/chunks/f12ff_next_dist_compiled_react-dom_7b2f6d3d._.js:4651:24)
    at updateFunctionComponent (http://localhost:3001/_next/static/chunks/f12ff_next_dist_compiled_react-dom_7b2f6d3d._.js:6112:21)
    at beginWork (http://localhost:3001/_next/static/chunks/f12ff_next_dist_compiled_react-dom_7b2f6d3d._.js:6708:24)
    at runWithFiberInDEV (http://localhost:3001/_next/static/chunks/f12ff_next_dist_compiled_react-dom_7b2f6d3d._.js:965:74)
    at performUnitOfWork (http://localhost:3001/_next/static/chunks/f12ff_next_dist_compiled_react-dom_7b2f6d3d._.js:9562:97)
    at workLoopConcurrentByScheduler (http://localhost:3001/_next/static/chunks/f12ff_next_dist_compiled_react-dom_7b2f6d3d._.js:9558:58)
    at renderRootConcurrent (http://localhost:3001/_next/static/chunks/f12ff_next_dist_compiled_react-dom_7b2f6d3d._.js:9541:71)
    at performWorkOnRoot (http://localhost:3001/_next/static/chunks/f12ff_next_dist_compiled_react-dom_7b2f6d3d._.js:9068:150)
    at performWorkOnRootViaSchedulerTask (http://localhost:3001/_next/static/chunks/f12ff_next_dist_compiled_react-dom_7b2f6d3d._.js:10230:9)
    at MessagePort.performWorkUntilDeadline (http://localhost:3001/_next/static/chunks/f12ff_next_dist_compiled_cd863794._.js:2647:64) @ http://localhost:3001/_next/static/chunks/f12ff_next_dist_95687940._.js:3132
[    1738ms] [ERROR] IntlError: MISSING_MESSAGE: Cannot read properties of undefined (reading 'split')
    at getFallbackFromErrorAndNotify (http://localhost:3001/_next/static/chunks/node_modules__pnpm_a92eadf3._.js:7251:23)
    at translateBaseFn (http://localhost:3001/_next/static/chunks/node_modules__pnpm_a92eadf3._.js:7281:28)
    at translateFn (http://localhost:3001/_next/static/chunks/node_modules__pnpm_a92eadf3._.js:7343:24)
    at labelFor (http://localhost:3001/_next/static/chunks/_2015e761._.js:485:30)
    at http://localhost:3001/_next/static/chunks/_2015e761._.js:142:34
    at Array.map (<anonymous>)
    at RegionChoropleth (http://localhost:3001/_next/static/chunks/_2015e761._.js:134:43)
    at Object.react_stack_bottom_frame (http://localhost:3001/_next/static/chunks/f12ff_next_dist_compiled_react-dom_7b2f6d3d._.js:14826:24)
    at renderWithHooks (http://localhost:3001/_next/static/chunks/f12ff_next_dist_compiled_react-dom_7b2f6d3d._.js:4651:24)
    at updateFunctionComponent (http://localhost:3001/_next/static/chunks/f12ff_next_dist_compiled_react-dom_7b2f6d3d._.js:6112:21)
    at beginWork (http://localhost:3001/_next/static/chunks/f12ff_next_dist_compiled_react-dom_7b2f6d3d._.js:6708:24)
    at runWithFiberInDEV (http://localhost:3001/_next/static/chunks/f12ff_next_dist_compiled_react-dom_7b2f6d3d._.js:965:74)
    at performUnitOfWork (http://localhost:3001/_next/static/chunks/f12ff_next_dist_compiled_react-dom_7b2f6d3d._.js:9562:97)
    at workLoopConcurrentByScheduler (http://localhost:3001/_next/static/chunks/f12ff_next_dist_compiled_react-dom_7b2f6d3d._.js:9558:58)
    at renderRootConcurrent (http://localhost:3001/_next/static/chunks/f12ff_next_dist_compiled_react-dom_7b2f6d3d._.js:9541:71)
    at performWorkOnRoot (http://localhost:3001/_next/static/chunks/f12ff_next_dist_compiled_react-dom_7b2f6d3d._.js:9068:150)
    at performWorkOnRootViaSchedulerTask (http://localhost:3001/_next/static/chunks/f12ff_next_dist_compiled_react-dom_7b2f6d3d._.js:10230:9)
    at MessagePort.performWorkUntilDeadline (http://localhost:3001/_next/static/chunks/f12ff_next_dist_compiled_cd863794._.js:2647:64) @ http://localhost:3001/_next/static/chunks/f12ff_next_dist_95687940._.js:3132
[    1738ms] [ERROR] IntlError: MISSING_MESSAGE: Cannot read properties of undefined (reading 'split')
    at getFallbackFromErrorAndNotify (http://localhost:3001/_next/static/chunks/node_modules__pnpm_a92eadf3._.js:7251:23)
    at translateBaseFn (http://localhost:3001/_next/static/chunks/node_modules__pnpm_a92eadf3._.js:7281:28)
    at translateFn (http://localhost:3001/_next/static/chunks/node_modules__pnpm_a92eadf3._.js:7343:24)
    at labelFor (http://localhost:3001/_next/static/chunks/_2015e761._.js:485:30)
    at http://localhost:3001/_next/static/chunks/_2015e761._.js:142:34
    at Array.map (<anonymous>)
    at RegionChoropleth (http://localhost:3001/_next/static/chunks/_2015e761._.js:134:43)
    at Object.react_stack_bottom_frame (http://localhost:3001/_next/static/chunks/f12ff_next_dist_compiled_react-dom_7b2f6d3d._.js:14826:24)
    at renderWithHooks (http://localhost:3001/_next/static/chunks/f12ff_next_dist_compiled_react-dom_7b2f6d3d._.js:4651:24)
    at updateFunctionComponent (http://localhost:3001/_next/static/chunks/f12ff_next_dist_compiled_react-dom_7b2f6d3d._.js:6112:21)
    at beginWork (http://localhost:3001/_next/static/chunks/f12ff_next_dist_compiled_react-dom_7b2f6d3d._.js:6708:24)
    at runWithFiberInDEV (http://localhost:3001/_next/static/chunks/f12ff_next_dist_compiled_react-dom_7b2f6d3d._.js:965:74)
    at performUnitOfWork (http://localhost:3001/_next/static/chunks/f12ff_next_dist_compiled_react-dom_7b2f6d3d._.js:9562:97)
    at workLoopConcurrentByScheduler (http://localhost:3001/_next/static/chunks/f12ff_next_dist_compiled_react-dom_7b2f6d3d._.js:9558:58)
    at renderRootConcurrent (http://localhost:3001/_next/static/chunks/f12ff_next_dist_compiled_react-dom_7b2f6d3d._.js:9541:71)
    at performWorkOnRoot (http://localhost:3001/_next/static/chunks/f12ff_next_dist_compiled_react-dom_7b2f6d3d._.js:9068:150)
    at performWorkOnRootViaSchedulerTask (http://localhost:3001/_next/static/chunks/f12ff_next_dist_compiled_react-dom_7b2f6d3d._.js:10230:9)
    at MessagePort.performWorkUntilDeadline (http://localhost:3001/_next/static/chunks/f12ff_next_dist_compiled_cd863794._.js:2647:64) @ http://localhost:3001/_next/static/chunks/f12ff_next_dist_95687940._.js:3132
[    1738ms] [ERROR] IntlError: MISSING_MESSAGE: Cannot read properties of undefined (reading 'split')
    at getFallbackFromErrorAndNotify (http://localhost:3001/_next/static/chunks/node_modules__pnpm_a92eadf3._.js:7251:23)
    at translateBaseFn (http://localhost:3001/_next/static/chunks/node_modules__pnpm_a92eadf3._.js:7281:28)
    at translateFn (http://localhost:3001/_next/static/chunks/node_modules__pnpm_a92eadf3._.js:7343:24)
    at labelFor (http://localhost:3001/_next/static/chunks/_2015e761._.js:485:30)
    at http://localhost:3001/_next/static/chunks/_2015e761._.js:142:34
    at Array.map (<anonymous>)
    at RegionChoropleth (http://localhost:3001/_next/static/chunks/_2015e761._.js:134:43)
    at Object.react_stack_bottom_frame (http://localhost:3001/_next/static/chunks/f12ff_next_dist_compiled_react-dom_7b2f6d3d._.js:14826:24)
    at renderWithHooks (http://localhost:3001/_next/static/chunks/f12ff_next_dist_compiled_react-dom_7b2f6d3d._.js:4651:24)
    at updateFunctionComponent (http://localhost:3001/_next/static/chunks/f12ff_next_dist_compiled_react-dom_7b2f6d3d._.js:6112:21)
    at beginWork (http://localhost:3001/_next/static/chunks/f12ff_next_dist_compiled_react-dom_7b2f6d3d._.js:6708:24)
    at runWithFiberInDEV (http://localhost:3001/_next/static/chunks/f12ff_next_dist_compiled_react-dom_7b2f6d3d._.js:965:74)
    at performUnitOfWork (http://localhost:3001/_next/static/chunks/f12ff_next_dist_compiled_react-dom_7b2f6d3d._.js:9562:97)
    at workLoopConcurrentByScheduler (http://localhost:3001/_next/static/chunks/f12ff_next_dist_compiled_react-dom_7b2f6d3d._.js:9558:58)
    at renderRootConcurrent (http://localhost:3001/_next/static/chunks/f12ff_next_dist_compiled_react-dom_7b2f6d3d._.js:9541:71)
    at performWorkOnRoot (http://localhost:3001/_next/static/chunks/f12ff_next_dist_compiled_react-dom_7b2f6d3d._.js:9068:150)
    at performWorkOnRootViaSchedulerTask (http://localhost:3001/_next/static/chunks/f12ff_next_dist_compiled_react-dom_7b2f6d3d._.js:10230:9)
    at MessagePort.performWorkUntilDeadline (http://localhost:3001/_next/static/chunks/f12ff_next_dist_compiled_cd863794._.js:2647:64) @ http://localhost:3001/_next/static/chunks/f12ff_next_dist_95687940._.js:3132
[    1738ms] [ERROR] IntlError: MISSING_MESSAGE: Cannot read properties of undefined (reading 'split')
    at getFallbackFromErrorAndNotify (http://localhost:3001/_next/static/chunks/node_modules__pnpm_a92eadf3._.js:7251:23)
    at translateBaseFn (http://localhost:3001/_next/static/chunks/node_modules__pnpm_a92eadf3._.js:7281:28)
    at translateFn (http://localhost:3001/_next/static/chunks/node_modules__pnpm_a92eadf3._.js:7343:24)
    at labelFor (http://localhost:3001/_next/static/chunks/_2015e761._.js:485:30)
    at http://localhost:3001/_next/static/chunks/_2015e761._.js:142:34
    at Array.map (<anonymous>)
    at RegionChoropleth (http://localhost:3001/_next/static/chunks/_2015e761._.js:134:43)
    at Object.react_stack_bottom_frame (http://localhost:3001/_next/static/chunks/f12ff_next_dist_compiled_react-dom_7b2f6d3d._.js:14826:24)
    at renderWithHooks (http://localhost:3001/_next/static/chunks/f12ff_next_dist_compiled_react-dom_7b2f6d3d._.js:4651:24)
    at updateFunctionComponent (http://localhost:3001/_next/static/chunks/f12ff_next_dist_compiled_react-dom_7b2f6d3d._.js:6112:21)
    at beginWork (http://localhost:3001/_next/static/chunks/f12ff_next_dist_compiled_react-dom_7b2f6d3d._.js:6708:24)
    at runWithFiberInDEV (http://localhost:3001/_next/static/chunks/f12ff_next_dist_compiled_react-dom_7b2f6d3d._.js:965:74)
    at performUnitOfWork (http://localhost:3001/_next/static/chunks/f12ff_next_dist_compiled_react-dom_7b2f6d3d._.js:9562:97)
    at workLoopConcurrentByScheduler (http://localhost:3001/_next/static/chunks/f12ff_next_dist_compiled_react-dom_7b2f6d3d._.js:9558:58)
    at renderRootConcurrent (http://localhost:3001/_next/static/chunks/f12ff_next_dist_compiled_react-dom_7b2f6d3d._.js:9541:71)
    at performWorkOnRoot (http://localhost:3001/_next/static/chunks/f12ff_next_dist_compiled_react-dom_7b2f6d3d._.js:9068:150)
    at performWorkOnRootViaSchedulerTask (http://localhost:3001/_next/static/chunks/f12ff_next_dist_compiled_react-dom_7b2f6d3d._.js:10230:9)
    at MessagePort.performWorkUntilDeadline (http://localhost:3001/_next/static/chunks/f12ff_next_dist_compiled_cd863794._.js:2647:64) @ http://localhost:3001/_next/static/chunks/f12ff_next_dist_95687940._.js:3132
[    1738ms] [ERROR] IntlError: MISSING_MESSAGE: Cannot read properties of undefined (reading 'split')
    at getFallbackFromErrorAndNotify (http://localhost:3001/_next/static/chunks/node_modules__pnpm_a92eadf3._.js:7251:23)
    at translateBaseFn (http://localhost:3001/_next/static/chunks/node_modules__pnpm_a92eadf3._.js:7281:28)
    at translateFn (http://localhost:3001/_next/static/chunks/node_modules__pnpm_a92eadf3._.js:7343:24)
    at labelFor (http://localhost:3001/_next/static/chunks/_2015e761._.js:485:30)
    at http://localhost:3001/_next/static/chunks/_2015e761._.js:142:34
    at Array.map (<anonymous>)
    at RegionChoropleth (http://localhost:3001/_next/static/chunks/_2015e761._.js:134:43)
    at Object.react_stack_bottom_frame (http://localhost:3001/_next/static/chunks/f12ff_next_dist_compiled_react-dom_7b2f6d3d._.js:14826:24)
    at renderWithHooks (http://localhost:3001/_next/static/chunks/f12ff_next_dist_compiled_react-dom_7b2f6d3d._.js:4651:24)
    at updateFunctionComponent (http://localhost:3001/_next/static/chunks/f12ff_next_dist_compiled_react-dom_7b2f6d3d._.js:6112:21)
    at beginWork (http://localhost:3001/_next/static/chunks/f12ff_next_dist_compiled_react-dom_7b2f6d3d._.js:6708:24)
    at runWithFiberInDEV (http://localhost:3001/_next/static/chunks/f12ff_next_dist_compiled_react-dom_7b2f6d3d._.js:965:74)
    at performUnitOfWork (http://localhost:3001/_next/static/chunks/f12ff_next_dist_compiled_react-dom_7b2f6d3d._.js:9562:97)
    at workLoopConcurrentByScheduler (http://localhost:3001/_next/static/chunks/f12ff_next_dist_compiled_react-dom_7b2f6d3d._.js:9558:58)
    at renderRootConcurrent (http://localhost:3001/_next/static/chunks/f12ff_next_dist_compiled_react-dom_7b2f6d3d._.js:9541:71)
    at performWorkOnRoot (http://localhost:3001/_next/static/chunks/f12ff_next_dist_compiled_react-dom_7b2f6d3d._.js:9068:150)
    at performWorkOnRootViaSchedulerTask (http://localhost:3001/_next/static/chunks/f12ff_next_dist_compiled_react-dom_7b2f6d3d._.js:10230:9)
    at MessagePort.performWorkUntilDeadline (http://localhost:3001/_next/static/chunks/f12ff_next_dist_compiled_cd863794._.js:2647:64) @ http://localhost:3001/_next/static/chunks/f12ff_next_dist_95687940._.js:3132
[    1738ms] [ERROR] IntlError: MISSING_MESSAGE: Cannot read properties of undefined (reading 'split')
    at getFallbackFromErrorAndNotify (http://localhost:3001/_next/static/chunks/node_modules__pnpm_a92eadf3._.js:7251:23)
    at translateBaseFn (http://localhost:3001/_next/static/chunks/node_modules__pnpm_a92eadf3._.js:7281:28)
    at translateFn (http://localhost:3001/_next/static/chunks/node_modules__pnpm_a92eadf3._.js:7343:24)
    at labelFor (http://localhost:3001/_next/static/chunks/_2015e761._.js:485:30)
    at http://localhost:3001/_next/static/chunks/_2015e761._.js:142:34
    at Array.map (<anonymous>)
    at RegionChoropleth (http://localhost:3001/_next/static/chunks/_2015e761._.js:134:43)
    at Object.react_stack_bottom_frame (http://localhost:3001/_next/static/chunks/f12ff_next_dist_compiled_react-dom_7b2f6d3d._.js:14826:24)
    at renderWithHooks (http://localhost:3001/_next/static/chunks/f12ff_next_dist_compiled_react-dom_7b2f6d3d._.js:4651:24)
    at updateFunctionComponent (http://localhost:3001/_next/static/chunks/f12ff_next_dist_compiled_react-dom_7b2f6d3d._.js:6112:21)
    at beginWork (http://localhost:3001/_next/static/chunks/f12ff_next_dist_compiled_react-dom_7b2f6d3d._.js:6708:24)
    at runWithFiberInDEV (http://localhost:3001/_next/static/chunks/f12ff_next_dist_compiled_react-dom_7b2f6d3d._.js:965:74)
    at performUnitOfWork (http://localhost:3001/_next/static/chunks/f12ff_next_dist_compiled_react-dom_7b2f6d3d._.js:9562:97)
    at workLoopConcurrentByScheduler (http://localhost:3001/_next/static/chunks/f12ff_next_dist_compiled_react-dom_7b2f6d3d._.js:9558:58)
    at renderRootConcurrent (http://localhost:3001/_next/static/chunks/f12ff_next_dist_compiled_react-dom_7b2f6d3d._.js:9541:71)
    at performWorkOnRoot (http://localhost:3001/_next/static/chunks/f12ff_next_dist_compiled_react-dom_7b2f6d3d._.js:9068:150)
    at performWorkOnRootViaSchedulerTask (http://localhost:3001/_next/static/chunks/f12ff_next_dist_compiled_react-dom_7b2f6d3d._.js:10230:9)
    at MessagePort.performWorkUntilDeadline (http://localhost:3001/_next/static/chunks/f12ff_next_dist_compiled_cd863794._.js:2647:64) @ http://localhost:3001/_next/static/chunks/f12ff_next_dist_95687940._.js:3132
[    1739ms] [ERROR] IntlError: MISSING_MESSAGE: Cannot read properties of undefined (reading 'split')
    at getFallbackFromErrorAndNotify (http://localhost:3001/_next/static/chunks/node_modules__pnpm_a92eadf3._.js:7251:23)
    at translateBaseFn (http://localhost:3001/_next/static/chunks/node_modules__pnpm_a92eadf3._.js:7281:28)
    at translateFn (http://localhost:3001/_next/static/chunks/node_modules__pnpm_a92eadf3._.js:7343:24)
    at labelFor (http://localhost:3001/_next/static/chunks/_2015e761._.js:485:30)
    at http://localhost:3001/_next/static/chunks/_2015e761._.js:142:34
    at Array.map (<anonymous>)
    at RegionChoropleth (http://localhost:3001/_next/static/chunks/_2015e761._.js:134:43)
    at Object.react_stack_bottom_frame (http://localhost:3001/_next/static/chunks/f12ff_next_dist_compiled_react-dom_7b2f6d3d._.js:14826:24)
    at renderWithHooksAgain (http://localhost:3001/_next/static/chunks/f12ff_next_dist_compiled_react-dom_7b2f6d3d._.js:4706:24)
    at renderWithHooks (http://localhost:3001/_next/static/chunks/f12ff_next_dist_compiled_react-dom_7b2f6d3d._.js:4657:28)
    at updateFunctionComponent (http://localhost:3001/_next/static/chunks/f12ff_next_dist_compiled_react-dom_7b2f6d3d._.js:6112:21)
    at beginWork (http://localhost:3001/_next/static/chunks/f12ff_next_dist_compiled_react-dom_7b2f6d3d._.js:6708:24)
    at runWithFiberInDEV (http://localhost:3001/_next/static/chunks/f12ff_next_dist_compiled_react-dom_7b2f6d3d._.js:965:74)
    at performUnitOfWork (http://localhost:3001/_next/static/chunks/f12ff_next_dist_compiled_react-dom_7b2f6d3d._.js:9562:97)
    at workLoopConcurrentByScheduler (http://localhost:3001/_next/static/chunks/f12ff_next_dist_compiled_react-dom_7b2f6d3d._.js:9558:58)
    at renderRootConcurrent (http://localhost:3001/_next/static/chunks/f12ff_next_dist_compiled_react-dom_7b2f6d3d._.js:9541:71)
    at performWorkOnRoot (http://localhost:3001/_next/static/chunks/f12ff_next_dist_compiled_react-dom_7b2f6d3d._.js:9068:150)
    at performWorkOnRootViaSchedulerTask (http://localhost:3001/_next/static/chunks/f12ff_next_dist_compiled_react-dom_7b2f6d3d._.js:10230:9)
    at MessagePort.performWorkUntilDeadline (http://localhost:3001/_next/static/chunks/f12ff_next_dist_compiled_cd863794._.js:2647:64) @ http://localhost:3001/_next/static/chunks/f12ff_next_dist_95687940._.js:3132
[    1739ms] [ERROR] IntlError: MISSING_MESSAGE: Cannot read properties of undefined (reading 'split')
    at getFallbackFromErrorAndNotify (http://localhost:3001/_next/static/chunks/node_modules__pnpm_a92eadf3._.js:7251:23)
    at translateBaseFn (http://localhost:3001/_next/static/chunks/node_modules__pnpm_a92eadf3._.js:7281:28)
    at translateFn (http://localhost:3001/_next/static/chunks/node_modules__pnpm_a92eadf3._.js:7343:24)
    at labelFor (http://localhost:3001/_next/static/chunks/_2015e761._.js:485:30)
    at http://localhost:3001/_next/static/chunks/_2015e761._.js:142:34
    at Array.map (<anonymous>)
    at RegionChoropleth (http://localhost:3001/_next/static/chunks/_2015e761._.js:134:43)
    at Object.react_stack_bottom_frame (http://localhost:3001/_next/static/chunks/f12ff_next_dist_compiled_react-dom_7b2f6d3d._.js:14826:24)
    at renderWithHooksAgain (http://localhost:3001/_next/static/chunks/f12ff_next_dist_compiled_react-dom_7b2f6d3d._.js:4706:24)
    at renderWithHooks (http://localhost:3001/_next/static/chunks/f12ff_next_dist_compiled_react-dom_7b2f6d3d._.js:4657:28)
    at updateFunctionComponent (http://localhost:3001/_next/static/chunks/f12ff_next_dist_compiled_react-dom_7b2f6d3d._.js:6112:21)
    at beginWork (http://localhost:3001/_next/static/chunks/f12ff_next_dist_compiled_react-dom_7b2f6d3d._.js:6708:24)
    at runWithFiberInDEV (http://localhost:3001/_next/static/chunks/f12ff_next_dist_compiled_react-dom_7b2f6d3d._.js:965:74)
    at performUnitOfWork (http://localhost:3001/_next/static/chunks/f12ff_next_dist_compiled_react-dom_7b2f6d3d._.js:9562:97)
    at workLoopConcurrentByScheduler (http://localhost:3001/_next/static/chunks/f12ff_next_dist_compiled_react-dom_7b2f6d3d._.js:9558:58)
    at renderRootConcurrent (http://localhost:3001/_next/static/chunks/f12ff_next_dist_compiled_react-dom_7b2f6d3d._.js:9541:71)
    at performWorkOnRoot (http://localhost:3001/_next/static/chunks/f12ff_next_dist_compiled_react-dom_7b2f6d3d._.js:9068:150)
    at performWorkOnRootViaSchedulerTask (http://localhost:3001/_next/static/chunks/f12ff_next_dist_compiled_react-dom_7b2f6d3d._.js:10230:9)
    at MessagePort.performWorkUntilDeadline (http://localhost:3001/_next/static/chunks/f12ff_next_dist_compiled_cd863794._.js:2647:64) @ http://localhost:3001/_next/static/chunks/f12ff_next_dist_95687940._.js:3132
[    1739ms] [ERROR] IntlError: MISSING_MESSAGE: Cannot read properties of undefined (reading 'split')
    at getFallbackFromErrorAndNotify (http://localhost:3001/_next/static/chunks/node_modules__pnpm_a92eadf3._.js:7251:23)
    at translateBaseFn (http://localhost:3001/_next/static/chunks/node_modules__pnpm_a92eadf3._.js:7281:28)
    at translateFn (http://localhost:3001/_next/static/chunks/node_modules__pnpm_a92eadf3._.js:7343:24)
    at labelFor (http://localhost:3001/_next/static/chunks/_2015e761._.js:485:30)
    at http://localhost:3001/_next/static/chunks/_2015e761._.js:142:34
    at Array.map (<anonymous>)
    at RegionChoropleth (http://localhost:3001/_next/static/chunks/_2015e761._.js:134:43)
    at Object.react_stack_bottom_frame (http://localhost:3001/_next/static/chunks/f12ff_next_dist_compiled_react-dom_7b2f6d3d._.js:14826:24)
    at renderWithHooksAgain (http://localhost:3001/_next/static/chunks/f12ff_next_dist_compiled_react-dom_7b2f6d3d._.js:4706:24)
    at renderWithHooks (http://localhost:3001/_next/static/chunks/f12ff_next_dist_compiled_react-dom_7b2f6d3d._.js:4657:28)
    at updateFunctionComponent (http://localhost:3001/_next/static/chunks/f12ff_next_dist_compiled_react-dom_7b2f6d3d._.js:6112:21)
    at beginWork (http://localhost:3001/_next/static/chunks/f12ff_next_dist_compiled_react-dom_7b2f6d3d._.js:6708:24)
    at runWithFiberInDEV (http://localhost:3001/_next/static/chunks/f12ff_next_dist_compiled_react-dom_7b2f6d3d._.js:965:74)
    at performUnitOfWork (http://localhost:3001/_next/static/chunks/f12ff_next_dist_compiled_react-dom_7b2f6d3d._.js:9562:97)
    at workLoopConcurrentByScheduler (http://localhost:3001/_next/static/chunks/f12ff_next_dist_compiled_react-dom_7b2f6d3d._.js:9558:58)
    at renderRootConcurrent (http://localhost:3001/_next/static/chunks/f12ff_next_dist_compiled_react-dom_7b2f6d3d._.js:9541:71)
    at performWorkOnRoot (http://localhost:3001/_next/static/chunks/f12ff_next_dist_compiled_react-dom_7b2f6d3d._.js:9068:150)
    at performWorkOnRootViaSchedulerTask (http://localhost:3001/_next/static/chunks/f12ff_next_dist_compiled_react-dom_7b2f6d3d._.js:10230:9)
    at MessagePort.performWorkUntilDeadline (http://localhost:3001/_next/static/chunks/f12ff_next_dist_compiled_cd863794._.js:2647:64) @ http://localhost:3001/_next/static/chunks/f12ff_next_dist_95687940._.js:3132
[    1739ms] [ERROR] IntlError: MISSING_MESSAGE: Cannot read properties of undefined (reading 'split')
    at getFallbackFromErrorAndNotify (http://localhost:3001/_next/static/chunks/node_modules__pnpm_a92eadf3._.js:7251:23)
    at translateBaseFn (http://localhost:3001/_next/static/chunks/node_modules__pnpm_a92eadf3._.js:7281:28)
    at translateFn (http://localhost:3001/_next/static/chunks/node_modules__pnpm_a92eadf3._.js:7343:24)
    at labelFor (http://localhost:3001/_next/static/chunks/_2015e761._.js:485:30)
    at http://localhost:3001/_next/static/chunks/_2015e761._.js:142:34
    at Array.map (<anonymous>)
    at RegionChoropleth (http://localhost:3001/_next/static/chunks/_2015e761._.js:134:43)
    at Object.react_stack_bottom_frame (http://localhost:3001/_next/static/chunks/f12ff_next_dist_compiled_react-dom_7b2f6d3d._.js:14826:24)
    at renderWithHooksAgain (http://localhost:3001/_next/static/chunks/f12ff_next_dist_compiled_react-dom_7b2f6d3d._.js:4706:24)
    at renderWithHooks (http://localhost:3001/_next/static/chunks/f12ff_next_dist_compiled_react-dom_7b2f6d3d._.js:4657:28)
    at updateFunctionComponent (http://localhost:3001/_next/static/chunks/f12ff_next_dist_compiled_react-dom_7b2f6d3d._.js:6112:21)
    at beginWork (http://localhost:3001/_next/static/chunks/f12ff_next_dist_compiled_react-dom_7b2f6d3d._.js:6708:24)
    at runWithFiberInDEV (http://localhost:3001/_next/static/chunks/f12ff_next_dist_compiled_react-dom_7b2f6d3d._.js:965:74)
    at performUnitOfWork (http://localhost:3001/_next/static/chunks/f12ff_next_dist_compiled_react-dom_7b2f6d3d._.js:9562:97)
    at workLoopConcurrentByScheduler (http://localhost:3001/_next/static/chunks/f12ff_next_dist_compiled_react-dom_7b2f6d3d._.js:9558:58)
    at renderRootConcurrent (http://localhost:3001/_next/static/chunks/f12ff_next_dist_compiled_react-dom_7b2f6d3d._.js:9541:71)
    at performWorkOnRoot (http://localhost:3001/_next/static/chunks/f12ff_next_dist_compiled_react-dom_7b2f6d3d._.js:9068:150)
    at performWorkOnRootViaSchedulerTask (http://localhost:3001/_next/static/chunks/f12ff_next_dist_compiled_react-dom_7b2f6d3d._.js:10230:9)
    at MessagePort.performWorkUntilDeadline (http://localhost:3001/_next/static/chunks/f12ff_next_dist_compiled_cd863794._.js:2647:64) @ http://localhost:3001/_next/static/chunks/f12ff_next_dist_95687940._.js:3132
[    1739ms] [ERROR] IntlError: MISSING_MESSAGE: Cannot read properties of undefined (reading 'split')
    at getFallbackFromErrorAndNotify (http://localhost:3001/_next/static/chunks/node_modules__pnpm_a92eadf3._.js:7251:23)
    at translateBaseFn (http://localhost:3001/_next/static/chunks/node_modules__pnpm_a92eadf3._.js:7281:28)
    at translateFn (http://localhost:3001/_next/static/chunks/node_modules__pnpm_a92eadf3._.js:7343:24)
    at labelFor (http://localhost:3001/_next/static/chunks/_2015e761._.js:485:30)
    at http://localhost:3001/_next/static/chunks/_2015e761._.js:142:34
    at Array.map (<anonymous>)
    at RegionChoropleth (http://localhost:3001/_next/static/chunks/_2015e761._.js:134:43)
    at Object.react_stack_bottom_frame (http://localhost:3001/_next/static/chunks/f12ff_next_dist_compiled_react-dom_7b2f6d3d._.js:14826:24)
    at renderWithHooksAgain (http://localhost:3001/_next/static/chunks/f12ff_next_dist_compiled_react-dom_7b2f6d3d._.js:4706:24)
    at renderWithHooks (http://localhost:3001/_next/static/chunks/f12ff_next_dist_compiled_react-dom_7b2f6d3d._.js:4657:28)
    at updateFunctionComponent (http://localhost:3001/_next/static/chunks/f12ff_next_dist_compiled_react-dom_7b2f6d3d._.js:6112:21)
    at beginWork (http://localhost:3001/_next/static/chunks/f12ff_next_dist_compiled_react-dom_7b2f6d3d._.js:6708:24)
    at runWithFiberInDEV (http://localhost:3001/_next/static/chunks/f12ff_next_dist_compiled_react-dom_7b2f6d3d._.js:965:74)
    at performUnitOfWork (http://localhost:3001/_next/static/chunks/f12ff_next_dist_compiled_react-dom_7b2f6d3d._.js:9562:97)
    at workLoopConcurrentByScheduler (http://localhost:3001/_next/static/chunks/f12ff_next_dist_compiled_react-dom_7b2f6d3d._.js:9558:58)
    at renderRootConcurrent (http://localhost:3001/_next/static/chunks/f12ff_next_dist_compiled_react-dom_7b2f6d3d._.js:9541:71)
    at performWorkOnRoot (http://localhost:3001/_next/static/chunks/f12ff_next_dist_compiled_react-dom_7b2f6d3d._.js:9068:150)
    at performWorkOnRootViaSchedulerTask (http://localhost:3001/_next/static/chunks/f12ff_next_dist_compiled_react-dom_7b2f6d3d._.js:10230:9)
    at MessagePort.performWorkUntilDeadline (http://localhost:3001/_next/static/chunks/f12ff_next_dist_compiled_cd863794._.js:2647:64) @ http://localhost:3001/_next/static/chunks/f12ff_next_dist_95687940._.js:3132
[    1739ms] [ERROR] IntlError: MISSING_MESSAGE: Cannot read properties of undefined (reading 'split')
    at getFallbackFromErrorAndNotify (http://localhost:3001/_next/static/chunks/node_modules__pnpm_a92eadf3._.js:7251:23)
    at translateBaseFn (http://localhost:3001/_next/static/chunks/node_modules__pnpm_a92eadf3._.js:7281:28)
    at translateFn (http://localhost:3001/_next/static/chunks/node_modules__pnpm_a92eadf3._.js:7343:24)
    at labelFor (http://localhost:3001/_next/static/chunks/_2015e761._.js:485:30)
    at http://localhost:3001/_next/static/chunks/_2015e761._.js:142:34
    at Array.map (<anonymous>)
    at RegionChoropleth (http://localhost:3001/_next/static/chunks/_2015e761._.js:134:43)
    at Object.react_stack_bottom_frame (http://localhost:3001/_next/static/chunks/f12ff_next_dist_compiled_react-dom_7b2f6d3d._.js:14826:24)
    at renderWithHooksAgain (http://localhost:3001/_next/static/chunks/f12ff_next_dist_compiled_react-dom_7b2f6d3d._.js:4706:24)
    at renderWithHooks (http://localhost:3001/_next/static/chunks/f12ff_next_dist_compiled_react-dom_7b2f6d3d._.js:4657:28)
    at updateFunctionComponent (http://localhost:3001/_next/static/chunks/f12ff_next_dist_compiled_react-dom_7b2f6d3d._.js:6112:21)
    at beginWork (http://localhost:3001/_next/static/chunks/f12ff_next_dist_compiled_react-dom_7b2f6d3d._.js:6708:24)
    at runWithFiberInDEV (http://localhost:3001/_next/static/chunks/f12ff_next_dist_compiled_react-dom_7b2f6d3d._.js:965:74)
    at performUnitOfWork (http://localhost:3001/_next/static/chunks/f12ff_next_dist_compiled_react-dom_7b2f6d3d._.js:9562:97)
    at workLoopConcurrentByScheduler (http://localhost:3001/_next/static/chunks/f12ff_next_dist_compiled_react-dom_7b2f6d3d._.js:9558:58)
    at renderRootConcurrent (http://localhost:3001/_next/static/chunks/f12ff_next_dist_compiled_react-dom_7b2f6d3d._.js:9541:71)
    at performWorkOnRoot (http://localhost:3001/_next/static/chunks/f12ff_next_dist_compiled_react-dom_7b2f6d3d._.js:9068:150)
    at performWorkOnRootViaSchedulerTask (http://localhost:3001/_next/static/chunks/f12ff_next_dist_compiled_react-dom_7b2f6d3d._.js:10230:9)
    at MessagePort.performWorkUntilDeadline (http://localhost:3001/_next/static/chunks/f12ff_next_dist_compiled_cd863794._.js:2647:64) @ http://localhost:3001/_next/static/chunks/f12ff_next_dist_95687940._.js:3132
[    1739ms] [ERROR] IntlError: MISSING_MESSAGE: Cannot read properties of undefined (reading 'split')
    at getFallbackFromErrorAndNotify (http://localhost:3001/_next/static/chunks/node_modules__pnpm_a92eadf3._.js:7251:23)
    at translateBaseFn (http://localhost:3001/_next/static/chunks/node_modules__pnpm_a92eadf3._.js:7281:28)
    at translateFn (http://localhost:3001/_next/static/chunks/node_modules__pnpm_a92eadf3._.js:7343:24)
    at labelFor (http://localhost:3001/_next/static/chunks/_2015e761._.js:485:30)
    at http://localhost:3001/_next/static/chunks/_2015e761._.js:142:34
    at Array.map (<anonymous>)
    at RegionChoropleth (http://localhost:3001/_next/static/chunks/_2015e761._.js:134:43)
    at Object.react_stack_bottom_frame (http://localhost:3001/_next/static/chunks/f12ff_next_dist_compiled_react-dom_7b2f6d3d._.js:14826:24)
    at renderWithHooksAgain (http://localhost:3001/_next/static/chunks/f12ff_next_dist_compiled_react-dom_7b2f6d3d._.js:4706:24)
    at renderWithHooks (http://localhost:3001/_next/static/chunks/f12ff_next_dist_compiled_react-dom_7b2f6d3d._.js:4657:28)
    at updateFunctionComponent (http://localhost:3001/_next/static/chunks/f12ff_next_dist_compiled_react-dom_7b2f6d3d._.js:6112:21)
    at beginWork (http://localhost:3001/_next/static/chunks/f12ff_next_dist_compiled_react-dom_7b2f6d3d._.js:6708:24)
    at runWithFiberInDEV (http://localhost:3001/_next/static/chunks/f12ff_next_dist_compiled_react-dom_7b2f6d3d._.js:965:74)
    at performUnitOfWork (http://localhost:3001/_next/static/chunks/f12ff_next_dist_compiled_react-dom_7b2f6d3d._.js:9562:97)
    at workLoopConcurrentByScheduler (http://localhost:3001/_next/static/chunks/f12ff_next_dist_compiled_react-dom_7b2f6d3d._.js:9558:58)
    at renderRootConcurrent (http://localhost:3001/_next/static/chunks/f12ff_next_dist_compiled_react-dom_7b2f6d3d._.js:9541:71)
    at performWorkOnRoot (http://localhost:3001/_next/static/chunks/f12ff_next_dist_compiled_react-dom_7b2f6d3d._.js:9068:150)
    at performWorkOnRootViaSchedulerTask (http://localhost:3001/_next/static/chunks/f12ff_next_dist_compiled_react-dom_7b2f6d3d._.js:10230:9)
    at MessagePort.performWorkUntilDeadline (http://localhost:3001/_next/static/chunks/f12ff_next_dist_compiled_cd863794._.js:2647:64) @ http://localhost:3001/_next/static/chunks/f12ff_next_dist_95687940._.js:3132
[    1782ms] [ERROR] IntlError: MISSING_MESSAGE: Cannot read properties of undefined (reading 'split')
    at getFallbackFromErrorAndNotify (http://localhost:3001/_next/static/chunks/node_modules__pnpm_a92eadf3._.js:7251:23)
    at translateBaseFn (http://localhost:3001/_next/static/chunks/node_modules__pnpm_a92eadf3._.js:7281:28)
    at translateFn (http://localhost:3001/_next/static/chunks/node_modules__pnpm_a92eadf3._.js:7343:24)
    at labelFor (http://localhost:3001/_next/static/chunks/_2015e761._.js:485:30)
    at http://localhost:3001/_next/static/chunks/_2015e761._.js:142:34
    at Array.map (<anonymous>)
    at RegionChoropleth (http://localhost:3001/_next/static/chunks/_2015e761._.js:134:43)
    at Object.react_stack_bottom_frame (http://localhost:3001/_next/static/chunks/f12ff_next_dist_compiled_react-dom_7b2f6d3d._.js:14826:24)
    at renderWithHooks (http://localhost:3001/_next/static/chunks/f12ff_next_dist_compiled_react-dom_7b2f6d3d._.js:4651:24)
    at updateFunctionComponent (http://localhost:3001/_next/static/chunks/f12ff_next_dist_compiled_react-dom_7b2f6d3d._.js:6112:21)
    at beginWork (http://localhost:3001/_next/static/chunks/f12ff_next_dist_compiled_react-dom_7b2f6d3d._.js:6708:24)
    at runWithFiberInDEV (http://localhost:3001/_next/static/chunks/f12ff_next_dist_compiled_react-dom_7b2f6d3d._.js:965:74)
    at performUnitOfWork (http://localhost:3001/_next/static/chunks/f12ff_next_dist_compiled_react-dom_7b2f6d3d._.js:9562:97)
    at workLoopSync (http://localhost:3001/_next/static/chunks/f12ff_next_dist_compiled_react-dom_7b2f6d3d._.js:9456:40)
    at renderRootSync (http://localhost:3001/_next/static/chunks/f12ff_next_dist_compiled_react-dom_7b2f6d3d._.js:9440:13)
    at performWorkOnRoot (http://localhost:3001/_next/static/chunks/f12ff_next_dist_compiled_react-dom_7b2f6d3d._.js:9068:186)
    at performSyncWorkOnRoot (http://localhost:3001/_next/static/chunks/f12ff_next_dist_compiled_react-dom_7b2f6d3d._.js:10238:9)
    at flushSyncWorkAcrossRoots_impl (http://localhost:3001/_next/static/chunks/f12ff_next_dist_compiled_react-dom_7b2f6d3d._.js:10154:316)
    at flushSpawnedWork (http://localhost:3001/_next/static/chunks/f12ff_next_dist_compiled_react-dom_7b2f6d3d._.js:9914:13)
    at commitRoot (http://localhost:3001/_next/static/chunks/f12ff_next_dist_compiled_react-dom_7b2f6d3d._.js:9720:432)
    at commitRootWhenReady (http://localhost:3001/_next/static/chunks/f12ff_next_dist_compiled_react-dom_7b2f6d3d._.js:9194:9)
    at performWorkOnRoot (http://localhost:3001/_next/static/chunks/f12ff_next_dist_compiled_react-dom_7b2f6d3d._.js:9166:25)
    at performWorkOnRootViaSchedulerTask (http://localhost:3001/_next/static/chunks/f12ff_next_dist_compiled_react-dom_7b2f6d3d._.js:10230:9)
    at MessagePort.performWorkUntilDeadline (http://localhost:3001/_next/static/chunks/f12ff_next_dist_compiled_cd863794._.js:2647:64) @ http://localhost:3001/_next/static/chunks/f12ff_next_dist_95687940._.js:3132
[    1782ms] [ERROR] IntlError: MISSING_MESSAGE: Cannot read properties of undefined (reading 'split')
    at getFallbackFromErrorAndNotify (http://localhost:3001/_next/static/chunks/node_modules__pnpm_a92eadf3._.js:7251:23)
    at translateBaseFn (http://localhost:3001/_next/static/chunks/node_modules__pnpm_a92eadf3._.js:7281:28)
    at translateFn (http://localhost:3001/_next/static/chunks/node_modules__pnpm_a92eadf3._.js:7343:24)
    at labelFor (http://localhost:3001/_next/static/chunks/_2015e761._.js:485:30)
    at http://localhost:3001/_next/static/chunks/_2015e761._.js:142:34
    at Array.map (<anonymous>)
    at RegionChoropleth (http://localhost:3001/_next/static/chunks/_2015e761._.js:134:43)
    at Object.react_stack_bottom_frame (http://localhost:3001/_next/static/chunks/f12ff_next_dist_compiled_react-dom_7b2f6d3d._.js:14826:24)
    at renderWithHooks (http://localhost:3001/_next/static/chunks/f12ff_next_dist_compiled_react-dom_7b2f6d3d._.js:4651:24)
    at updateFunctionComponent (http://localhost:3001/_next/static/chunks/f12ff_next_dist_compiled_react-dom_7b2f6d3d._.js:6112:21)
    at beginWork (http://localhost:3001/_next/static/chunks/f12ff_next_dist_compiled_react-dom_7b2f6d3d._.js:6708:24)
    at runWithFiberInDEV (http://localhost:3001/_next/static/chunks/f12ff_next_dist_compiled_react-dom_7b2f6d3d._.js:965:74)
    at performUnitOfWork (http://localhost:3001/_next/static/chunks/f12ff_next_dist_compiled_react-dom_7b2f6d3d._.js:9562:97)
    at workLoopSync (http://localhost:3001/_next/static/chunks/f12ff_next_dist_compiled_react-dom_7b2f6d3d._.js:9456:40)
    at renderRootSync (http://localhost:3001/_next/static/chunks/f12ff_next_dist_compiled_react-dom_7b2f6d3d._.js:9440:13)
    at performWorkOnRoot (http://localhost:3001/_next/static/chunks/f12ff_next_dist_compiled_react-dom_7b2f6d3d._.js:9068:186)
    at performSyncWorkOnRoot (http://localhost:3001/_next/static/chunks/f12ff_next_dist_compiled_react-dom_7b2f6d3d._.js:10238:9)
    at flushSyncWorkAcrossRoots_impl (http://localhost:3001/_next/static/chunks/f12ff_next_dist_compiled_react-dom_7b2f6d3d._.js:10154:316)
    at flushSpawnedWork (http://localhost:3001/_next/static/chunks/f12ff_next_dist_compiled_react-dom_7b2f6d3d._.js:9914:13)
    at commitRoot (http://localhost:3001/_next/static/chunks/f12ff_next_dist_compiled_react-dom_7b2f6d3d._.js:9720:432)
    at commitRootWhenReady (http://localhost:3001/_next/static/chunks/f12ff_next_dist_compiled_react-dom_7b2f6d3d._.js:9194:9)
    at performWorkOnRoot (http://localhost:3001/_next/static/chunks/f12ff_next_dist_compiled_react-dom_7b2f6d3d._.js:9166:25)
    at performWorkOnRootViaSchedulerTask (http://localhost:3001/_next/static/chunks/f12ff_next_dist_compiled_react-dom_7b2f6d3d._.js:10230:9)
    at MessagePort.performWorkUntilDeadline (http://localhost:3001/_next/static/chunks/f12ff_next_dist_compiled_cd863794._.js:2647:64) @ http://localhost:3001/_next/static/chunks/f12ff_next_dist_95687940._.js:3132
[    1783ms] [ERROR] IntlError: MISSING_MESSAGE: Cannot read properties of undefined (reading 'split')
    at getFallbackFromErrorAndNotify (http://localhost:3001/_next/static/chunks/node_modules__pnpm_a92eadf3._.js:7251:23)
    at translateBaseFn (http://localhost:3001/_next/static/chunks/node_modules__pnpm_a92eadf3._.js:7281:28)
    at translateFn (http://localhost:3001/_next/static/chunks/node_modules__pnpm_a92eadf3._.js:7343:24)
    at labelFor (http://localhost:3001/_next/static/chunks/_2015e761._.js:485:30)
    at http://localhost:3001/_next/static/chunks/_2015e761._.js:142:34
    at Array.map (<anonymous>)
    at RegionChoropleth (http://localhost:3001/_next/static/chunks/_2015e761._.js:134:43)
    at Object.react_stack_bottom_frame (http://localhost:3001/_next/static/chunks/f12ff_next_dist_compiled_react-dom_7b2f6d3d._.js:14826:24)
    at renderWithHooks (http://localhost:3001/_next/static/chunks/f12ff_next_dist_compiled_react-dom_7b2f6d3d._.js:4651:24)
    at updateFunctionComponent (http://localhost:3001/_next/static/chunks/f12ff_next_dist_compiled_react-dom_7b2f6d3d._.js:6112:21)
    at beginWork (http://localhost:3001/_next/static/chunks/f12ff_next_dist_compiled_react-dom_7b2f6d3d._.js:6708:24)
    at runWithFiberInDEV (http://localhost:3001/_next/static/chunks/f12ff_next_dist_compiled_react-dom_7b2f6d3d._.js:965:74)
    at performUnitOfWork (http://localhost:3001/_next/static/chunks/f12ff_next_dist_compiled_react-dom_7b2f6d3d._.js:9562:97)
    at workLoopSync (http://localhost:3001/_next/static/chunks/f12ff_next_dist_compiled_react-dom_7b2f6d3d._.js:9456:40)
    at renderRootSync (http://localhost:3001/_next/static/chunks/f12ff_next_dist_compiled_react-dom_7b2f6d3d._.js:9440:13)
    at performWorkOnRoot (http://localhost:3001/_next/static/chunks/f12ff_next_dist_compiled_react-dom_7b2f6d3d._.js:9068:186)
    at performSyncWorkOnRoot (http://localhost:3001/_next/static/chunks/f12ff_next_dist_compiled_react-dom_7b2f6d3d._.js:10238:9)
    at flushSyncWorkAcrossRoots_impl (http://localhost:3001/_next/static/chunks/f12ff_next_dist_compiled_react-dom_7b2f6d3d._.js:10154:316)
    at flushSpawnedWork (http://localhost:3001/_next/static/chunks/f12ff_next_dist_compiled_react-dom_7b2f6d3d._.js:9914:13)
    at commitRoot (http://localhost:3001/_next/static/chunks/f12ff_next_dist_compiled_react-dom_7b2f6d3d._.js:9720:432)
    at commitRootWhenReady (http://localhost:3001/_next/static/chunks/f12ff_next_dist_compiled_react-dom_7b2f6d3d._.js:9194:9)
    at performWorkOnRoot (http://localhost:3001/_next/static/chunks/f12ff_next_dist_compiled_react-dom_7b2f6d3d._.js:9166:25)
    at performWorkOnRootViaSchedulerTask (http://localhost:3001/_next/static/chunks/f12ff_next_dist_compiled_react-dom_7b2f6d3d._.js:10230:9)
    at MessagePort.performWorkUntilDeadline (http://localhost:3001/_next/static/chunks/f12ff_next_dist_compiled_cd863794._.js:2647:64) @ http://localhost:3001/_next/static/chunks/f12ff_next_dist_95687940._.js:3132
[    1783ms] [ERROR] IntlError: MISSING_MESSAGE: Cannot read properties of undefined (reading 'split')
    at getFallbackFromErrorAndNotify (http://localhost:3001/_next/static/chunks/node_modules__pnpm_a92eadf3._.js:7251:23)
    at translateBaseFn (http://localhost:3001/_next/static/chunks/node_modules__pnpm_a92eadf3._.js:7281:28)
    at translateFn (http://localhost:3001/_next/static/chunks/node_modules__pnpm_a92eadf3._.js:7343:24)
    at labelFor (http://localhost:3001/_next/static/chunks/_2015e761._.js:485:30)
    at http://localhost:3001/_next/static/chunks/_2015e761._.js:142:34
    at Array.map (<anonymous>)
    at RegionChoropleth (http://localhost:3001/_next/static/chunks/_2015e761._.js:134:43)
    at Object.react_stack_bottom_frame (http://localhost:3001/_next/static/chunks/f12ff_next_dist_compiled_react-dom_7b2f6d3d._.js:14826:24)
    at renderWithHooks (http://localhost:3001/_next/static/chunks/f12ff_next_dist_compiled_react-dom_7b2f6d3d._.js:4651:24)
    at updateFunctionComponent (http://localhost:3001/_next/static/chunks/f12ff_next_dist_compiled_react-dom_7b2f6d3d._.js:6112:21)
    at beginWork (http://localhost:3001/_next/static/chunks/f12ff_next_dist_compiled_react-dom_7b2f6d3d._.js:6708:24)
    at runWithFiberInDEV (http://localhost:3001/_next/static/chunks/f12ff_next_dist_compiled_react-dom_7b2f6d3d._.js:965:74)
    at performUnitOfWork (http://localhost:3001/_next/static/chunks/f12ff_next_dist_compiled_react-dom_7b2f6d3d._.js:9562:97)
    at workLoopSync (http://localhost:3001/_next/static/chunks/f12ff_next_dist_compiled_react-dom_7b2f6d3d._.js:9456:40)
    at renderRootSync (http://localhost:3001/_next/static/chunks/f12ff_next_dist_compiled_react-dom_7b2f6d3d._.js:9440:13)
    at performWorkOnRoot (http://localhost:3001/_next/static/chunks/f12ff_next_dist_compiled_react-dom_7b2f6d3d._.js:9068:186)
    at performSyncWorkOnRoot (http://localhost:3001/_next/static/chunks/f12ff_next_dist_compiled_react-dom_7b2f6d3d._.js:10238:9)
    at flushSyncWorkAcrossRoots_impl (http://localhost:3001/_next/static/chunks/f12ff_next_dist_compiled_react-dom_7b2f6d3d._.js:10154:316)
    at flushSpawnedWork (http://localhost:3001/_next/static/chunks/f12ff_next_dist_compiled_react-dom_7b2f6d3d._.js:9914:13)
    at commitRoot (http://localhost:3001/_next/static/chunks/f12ff_next_dist_compiled_react-dom_7b2f6d3d._.js:9720:432)
    at commitRootWhenReady (http://localhost:3001/_next/static/chunks/f12ff_next_dist_compiled_react-dom_7b2f6d3d._.js:9194:9)
    at performWorkOnRoot (http://localhost:3001/_next/static/chunks/f12ff_next_dist_compiled_react-dom_7b2f6d3d._.js:9166:25)
    at performWorkOnRootViaSchedulerTask (http://localhost:3001/_next/static/chunks/f12ff_next_dist_compiled_react-dom_7b2f6d3d._.js:10230:9)
    at MessagePort.performWorkUntilDeadline (http://localhost:3001/_next/static/chunks/f12ff_next_dist_compiled_cd863794._.js:2647:64) @ http://localhost:3001/_next/static/chunks/f12ff_next_dist_95687940._.js:3132
[    1783ms] [ERROR] IntlError: MISSING_MESSAGE: Cannot read properties of undefined (reading 'split')
    at getFallbackFromErrorAndNotify (http://localhost:3001/_next/static/chunks/node_modules__pnpm_a92eadf3._.js:7251:23)
    at translateBaseFn (http://localhost:3001/_next/static/chunks/node_modules__pnpm_a92eadf3._.js:7281:28)
    at translateFn (http://localhost:3001/_next/static/chunks/node_modules__pnpm_a92eadf3._.js:7343:24)
    at labelFor (http://localhost:3001/_next/static/chunks/_2015e761._.js:485:30)
    at http://localhost:3001/_next/static/chunks/_2015e761._.js:142:34
    at Array.map (<anonymous>)
    at RegionChoropleth (http://localhost:3001/_next/static/chunks/_2015e761._.js:134:43)
    at Object.react_stack_bottom_frame (http://localhost:3001/_next/static/chunks/f12ff_next_dist_compiled_react-dom_7b2f6d3d._.js:14826:24)
    at renderWithHooks (http://localhost:3001/_next/static/chunks/f12ff_next_dist_compiled_react-dom_7b2f6d3d._.js:4651:24)
    at updateFunctionComponent (http://localhost:3001/_next/static/chunks/f12ff_next_dist_compiled_react-dom_7b2f6d3d._.js:6112:21)
    at beginWork (http://localhost:3001/_next/static/chunks/f12ff_next_dist_compiled_react-dom_7b2f6d3d._.js:6708:24)
    at runWithFiberInDEV (http://localhost:3001/_next/static/chunks/f12ff_next_dist_compiled_react-dom_7b2f6d3d._.js:965:74)
    at performUnitOfWork (http://localhost:3001/_next/static/chunks/f12ff_next_dist_compiled_react-dom_7b2f6d3d._.js:9562:97)
    at workLoopSync (http://localhost:3001/_next/static/chunks/f12ff_next_dist_compiled_react-dom_7b2f6d3d._.js:9456:40)
    at renderRootSync (http://localhost:3001/_next/static/chunks/f12ff_next_dist_compiled_react-dom_7b2f6d3d._.js:9440:13)
    at performWorkOnRoot (http://localhost:3001/_next/static/chunks/f12ff_next_dist_compiled_react-dom_7b2f6d3d._.js:9068:186)
    at performSyncWorkOnRoot (http://localhost:3001/_next/static/chunks/f12ff_next_dist_compiled_react-dom_7b2f6d3d._.js:10238:9)
    at flushSyncWorkAcrossRoots_impl (http://localhost:3001/_next/static/chunks/f12ff_next_dist_compiled_react-dom_7b2f6d3d._.js:10154:316)
    at flushSpawnedWork (http://localhost:3001/_next/static/chunks/f12ff_next_dist_compiled_react-dom_7b2f6d3d._.js:9914:13)
    at commitRoot (http://localhost:3001/_next/static/chunks/f12ff_next_dist_compiled_react-dom_7b2f6d3d._.js:9720:432)
    at commitRootWhenReady (http://localhost:3001/_next/static/chunks/f12ff_next_dist_compiled_react-dom_7b2f6d3d._.js:9194:9)
    at performWorkOnRoot (http://localhost:3001/_next/static/chunks/f12ff_next_dist_compiled_react-dom_7b2f6d3d._.js:9166:25)
    at performWorkOnRootViaSchedulerTask (http://localhost:3001/_next/static/chunks/f12ff_next_dist_compiled_react-dom_7b2f6d3d._.js:10230:9)
    at MessagePort.performWorkUntilDeadline (http://localhost:3001/_next/static/chunks/f12ff_next_dist_compiled_cd863794._.js:2647:64) @ http://localhost:3001/_next/static/chunks/f12ff_next_dist_95687940._.js:3132
[    1786ms] [ERROR] IntlError: MISSING_MESSAGE: Cannot read properties of undefined (reading 'split')
    at getFallbackFromErrorAndNotify (http://localhost:3001/_next/static/chunks/node_modules__pnpm_a92eadf3._.js:7251:23)
    at translateBaseFn (http://localhost:3001/_next/static/chunks/node_modules__pnpm_a92eadf3._.js:7281:28)
    at translateFn (http://localhost:3001/_next/static/chunks/node_modules__pnpm_a92eadf3._.js:7343:24)
    at labelFor (http://localhost:3001/_next/static/chunks/_2015e761._.js:485:30)
    at http://localhost:3001/_next/static/chunks/_2015e761._.js:142:34
    at Array.map (<anonymous>)
    at RegionChoropleth (http://localhost:3001/_next/static/chunks/_2015e761._.js:134:43)
    at Object.react_stack_bottom_frame (http://localhost:3001/_next/static/chunks/f12ff_next_dist_compiled_react-dom_7b2f6d3d._.js:14826:24)
    at renderWithHooks (http://localhost:3001/_next/static/chunks/f12ff_next_dist_compiled_react-dom_7b2f6d3d._.js:4651:24)
    at updateFunctionComponent (http://localhost:3001/_next/static/chunks/f12ff_next_dist_compiled_react-dom_7b2f6d3d._.js:6112:21)
    at beginWork (http://localhost:3001/_next/static/chunks/f12ff_next_dist_compiled_react-dom_7b2f6d3d._.js:6708:24)
    at runWithFiberInDEV (http://localhost:3001/_next/static/chunks/f12ff_next_dist_compiled_react-dom_7b2f6d3d._.js:965:74)
    at performUnitOfWork (http://localhost:3001/_next/static/chunks/f12ff_next_dist_compiled_react-dom_7b2f6d3d._.js:9562:97)
    at workLoopSync (http://localhost:3001/_next/static/chunks/f12ff_next_dist_compiled_react-dom_7b2f6d3d._.js:9456:40)
    at renderRootSync (http://localhost:3001/_next/static/chunks/f12ff_next_dist_compiled_react-dom_7b2f6d3d._.js:9440:13)
    at performWorkOnRoot (http://localhost:3001/_next/static/chunks/f12ff_next_dist_compiled_react-dom_7b2f6d3d._.js:9068:186)
    at performSyncWorkOnRoot (http://localhost:3001/_next/static/chunks/f12ff_next_dist_compiled_react-dom_7b2f6d3d._.js:10238:9)
    at flushSyncWorkAcrossRoots_impl (http://localhost:3001/_next/static/chunks/f12ff_next_dist_compiled_react-dom_7b2f6d3d._.js:10154:316)
    at flushSpawnedWork (http://localhost:3001/_next/static/chunks/f12ff_next_dist_compiled_react-dom_7b2f6d3d._.js:9914:13)
    at commitRoot (http://localhost:3001/_next/static/chunks/f12ff_next_dist_compiled_react-dom_7b2f6d3d._.js:9720:432)
    at commitRootWhenReady (http://localhost:3001/_next/static/chunks/f12ff_next_dist_compiled_react-dom_7b2f6d3d._.js:9194:9)
    at performWorkOnRoot (http://localhost:3001/_next/static/chunks/f12ff_next_dist_compiled_react-dom_7b2f6d3d._.js:9166:25)
    at performWorkOnRootViaSchedulerTask (http://localhost:3001/_next/static/chunks/f12ff_next_dist_compiled_react-dom_7b2f6d3d._.js:10230:9)
    at MessagePort.performWorkUntilDeadline (http://localhost:3001/_next/static/chunks/f12ff_next_dist_compiled_cd863794._.js:2647:64) @ http://localhost:3001/_next/static/chunks/f12ff_next_dist_95687940._.js:3132
[    1786ms] [ERROR] IntlError: MISSING_MESSAGE: Cannot read properties of undefined (reading 'split')
    at getFallbackFromErrorAndNotify (http://localhost:3001/_next/static/chunks/node_modules__pnpm_a92eadf3._.js:7251:23)
    at translateBaseFn (http://localhost:3001/_next/static/chunks/node_modules__pnpm_a92eadf3._.js:7281:28)
    at translateFn (http://localhost:3001/_next/static/chunks/node_modules__pnpm_a92eadf3._.js:7343:24)
    at labelFor (http://localhost:3001/_next/static/chunks/_2015e761._.js:485:30)
    at http://localhost:3001/_next/static/chunks/_2015e761._.js:142:34
    at Array.map (<anonymous>)
    at RegionChoropleth (http://localhost:3001/_next/static/chunks/_2015e761._.js:134:43)
    at Object.react_stack_bottom_frame (http://localhost:3001/_next/static/chunks/f12ff_next_dist_compiled_react-dom_7b2f6d3d._.js:14826:24)
    at renderWithHooks (http://localhost:3001/_next/static/chunks/f12ff_next_dist_compiled_react-dom_7b2f6d3d._.js:4651:24)
    at updateFunctionComponent (http://localhost:3001/_next/static/chunks/f12ff_next_dist_compiled_react-dom_7b2f6d3d._.js:6112:21)
    at beginWork (http://localhost:3001/_next/static/chunks/f12ff_next_dist_compiled_react-dom_7b2f6d3d._.js:6708:24)
    at runWithFiberInDEV (http://localhost:3001/_next/static/chunks/f12ff_next_dist_compiled_react-dom_7b2f6d3d._.js:965:74)
    at performUnitOfWork (http://localhost:3001/_next/static/chunks/f12ff_next_dist_compiled_react-dom_7b2f6d3d._.js:9562:97)
    at workLoopSync (http://localhost:3001/_next/static/chunks/f12ff_next_dist_compiled_react-dom_7b2f6d3d._.js:9456:40)
    at renderRootSync (http://localhost:3001/_next/static/chunks/f12ff_next_dist_compiled_react-dom_7b2f6d3d._.js:9440:13)
    at performWorkOnRoot (http://localhost:3001/_next/static/chunks/f12ff_next_dist_compiled_react-dom_7b2f6d3d._.js:9068:186)
    at performSyncWorkOnRoot (http://localhost:3001/_next/static/chunks/f12ff_next_dist_compiled_react-dom_7b2f6d3d._.js:10238:9)
    at flushSyncWorkAcrossRoots_impl (http://localhost:3001/_next/static/chunks/f12ff_next_dist_compiled_react-dom_7b2f6d3d._.js:10154:316)
    at flushSpawnedWork (http://localhost:3001/_next/static/chunks/f12ff_next_dist_compiled_react-dom_7b2f6d3d._.js:9914:13)
    at commitRoot (http://localhost:3001/_next/static/chunks/f12ff_next_dist_compiled_react-dom_7b2f6d3d._.js:9720:432)
    at commitRootWhenReady (http://localhost:3001/_next/static/chunks/f12ff_next_dist_compiled_react-dom_7b2f6d3d._.js:9194:9)
    at performWorkOnRoot (http://localhost:3001/_next/static/chunks/f12ff_next_dist_compiled_react-dom_7b2f6d3d._.js:9166:25)
    at performWorkOnRootViaSchedulerTask (http://localhost:3001/_next/static/chunks/f12ff_next_dist_compiled_react-dom_7b2f6d3d._.js:10230:9)
    at MessagePort.performWorkUntilDeadline (http://localhost:3001/_next/static/chunks/f12ff_next_dist_compiled_cd863794._.js:2647:64) @ http://localhost:3001/_next/static/chunks/f12ff_next_dist_95687940._.js:3132
[    1788ms] [ERROR] IntlError: MISSING_MESSAGE: Cannot read properties of undefined (reading 'split')
    at getFallbackFromErrorAndNotify (http://localhost:3001/_next/static/chunks/node_modules__pnpm_a92eadf3._.js:7251:23)
    at translateBaseFn (http://localhost:3001/_next/static/chunks/node_modules__pnpm_a92eadf3._.js:7281:28)
    at translateFn (http://localhost:3001/_next/static/chunks/node_modules__pnpm_a92eadf3._.js:7343:24)
    at labelFor (http://localhost:3001/_next/static/chunks/_2015e761._.js:485:30)
    at http://localhost:3001/_next/static/chunks/_2015e761._.js:142:34
    at Array.map (<anonymous>)
    at RegionChoropleth (http://localhost:3001/_next/static/chunks/_2015e761._.js:134:43)
    at Object.react_stack_bottom_frame (http://localhost:3001/_next/static/chunks/f12ff_next_dist_compiled_react-dom_7b2f6d3d._.js:14826:24)
    at renderWithHooksAgain (http://localhost:3001/_next/static/chunks/f12ff_next_dist_compiled_react-dom_7b2f6d3d._.js:4706:24)
    at renderWithHooks (http://localhost:3001/_next/static/chunks/f12ff_next_dist_compiled_react-dom_7b2f6d3d._.js:4657:28)
    at updateFunctionComponent (http://localhost:3001/_next/static/chunks/f12ff_next_dist_compiled_react-dom_7b2f6d3d._.js:6112:21)
    at beginWork (http://localhost:3001/_next/static/chunks/f12ff_next_dist_compiled_react-dom_7b2f6d3d._.js:6708:24)
    at runWithFiberInDEV (http://localhost:3001/_next/static/chunks/f12ff_next_dist_compiled_react-dom_7b2f6d3d._.js:965:74)
    at performUnitOfWork (http://localhost:3001/_next/static/chunks/f12ff_next_dist_compiled_react-dom_7b2f6d3d._.js:9562:97)
    at workLoopSync (http://localhost:3001/_next/static/chunks/f12ff_next_dist_compiled_react-dom_7b2f6d3d._.js:9456:40)
    at renderRootSync (http://localhost:3001/_next/static/chunks/f12ff_next_dist_compiled_react-dom_7b2f6d3d._.js:9440:13)
    at performWorkOnRoot (http://localhost:3001/_next/static/chunks/f12ff_next_dist_compiled_react-dom_7b2f6d3d._.js:9068:186)
    at performSyncWorkOnRoot (http://localhost:3001/_next/static/chunks/f12ff_next_dist_compiled_react-dom_7b2f6d3d._.js:10238:9)
    at flushSyncWorkAcrossRoots_impl (http://localhost:3001/_next/static/chunks/f12ff_next_dist_compiled_react-dom_7b2f6d3d._.js:10154:316)
    at flushSpawnedWork (http://localhost:3001/_next/static/chunks/f12ff_next_dist_compiled_react-dom_7b2f6d3d._.js:9914:13)
    at commitRoot (http://localhost:3001/_next/static/chunks/f12ff_next_dist_compiled_react-dom_7b2f6d3d._.js:9720:432)
    at commitRootWhenReady (http://localhost:3001/_next/static/chunks/f12ff_next_dist_compiled_react-dom_7b2f6d3d._.js:9194:9)
    at performWorkOnRoot (http://localhost:3001/_next/static/chunks/f12ff_next_dist_compiled_react-dom_7b2f6d3d._.js:9166:25)
    at performWorkOnRootViaSchedulerTask (http://localhost:3001/_next/static/chunks/f12ff_next_dist_compiled_react-dom_7b2f6d3d._.js:10230:9)
    at MessagePort.performWorkUntilDeadline (http://localhost:3001/_next/static/chunks/f12ff_next_dist_compiled_cd863794._.js:2647:64) @ http://localhost:3001/_next/static/chunks/f12ff_next_dist_95687940._.js:3132
[    1788ms] [ERROR] IntlError: MISSING_MESSAGE: Cannot read properties of undefined (reading 'split')
    at getFallbackFromErrorAndNotify (http://localhost:3001/_next/static/chunks/node_modules__pnpm_a92eadf3._.js:7251:23)
    at translateBaseFn (http://localhost:3001/_next/static/chunks/node_modules__pnpm_a92eadf3._.js:7281:28)
    at translateFn (http://localhost:3001/_next/static/chunks/node_modules__pnpm_a92eadf3._.js:7343:24)
    at labelFor (http://localhost:3001/_next/static/chunks/_2015e761._.js:485:30)
    at http://localhost:3001/_next/static/chunks/_2015e761._.js:142:34
    at Array.map (<anonymous>)
    at RegionChoropleth (http://localhost:3001/_next/static/chunks/_2015e761._.js:134:43)
    at Object.react_stack_bottom_frame (http://localhost:3001/_next/static/chunks/f12ff_next_dist_compiled_react-dom_7b2f6d3d._.js:14826:24)
    at renderWithHooksAgain (http://localhost:3001/_next/static/chunks/f12ff_next_dist_compiled_react-dom_7b2f6d3d._.js:4706:24)
    at renderWithHooks (http://localhost:3001/_next/static/chunks/f12ff_next_dist_compiled_react-dom_7b2f6d3d._.js:4657:28)
    at updateFunctionComponent (http://localhost:3001/_next/static/chunks/f12ff_next_dist_compiled_react-dom_7b2f6d3d._.js:6112:21)
    at beginWork (http://localhost:3001/_next/static/chunks/f12ff_next_dist_compiled_react-dom_7b2f6d3d._.js:6708:24)
    at runWithFiberInDEV (http://localhost:3001/_next/static/chunks/f12ff_next_dist_compiled_react-dom_7b2f6d3d._.js:965:74)
    at performUnitOfWork (http://localhost:3001/_next/static/chunks/f12ff_next_dist_compiled_react-dom_7b2f6d3d._.js:9562:97)
    at workLoopSync (http://localhost:3001/_next/static/chunks/f12ff_next_dist_compiled_react-dom_7b2f6d3d._.js:9456:40)
    at renderRootSync (http://localhost:3001/_next/static/chunks/f12ff_next_dist_compiled_react-dom_7b2f6d3d._.js:9440:13)
    at performWorkOnRoot (http://localhost:3001/_next/static/chunks/f12ff_next_dist_compiled_react-dom_7b2f6d3d._.js:9068:186)
    at performSyncWorkOnRoot (http://localhost:3001/_next/static/chunks/f12ff_next_dist_compiled_react-dom_7b2f6d3d._.js:10238:9)
    at flushSyncWorkAcrossRoots_impl (http://localhost:3001/_next/static/chunks/f12ff_next_dist_compiled_react-dom_7b2f6d3d._.js:10154:316)
    at flushSpawnedWork (http://localhost:3001/_next/static/chunks/f12ff_next_dist_compiled_react-dom_7b2f6d3d._.js:9914:13)
    at commitRoot (http://localhost:3001/_next/static/chunks/f12ff_next_dist_compiled_react-dom_7b2f6d3d._.js:9720:432)
    at commitRootWhenReady (http://localhost:3001/_next/static/chunks/f12ff_next_dist_compiled_react-dom_7b2f6d3d._.js:9194:9)
    at performWorkOnRoot (http://localhost:3001/_next/static/chunks/f12ff_next_dist_compiled_react-dom_7b2f6d3d._.js:9166:25)
    at performWorkOnRootViaSchedulerTask (http://localhost:3001/_next/static/chunks/f12ff_next_dist_compiled_react-dom_7b2f6d3d._.js:10230:9)
    at MessagePort.performWorkUntilDeadline (http://localhost:3001/_next/static/chunks/f12ff_next_dist_compiled_cd863794._.js:2647:64) @ http://localhost:3001/_next/static/chunks/f12ff_next_dist_95687940._.js:3132
[    1789ms] [ERROR] IntlError: MISSING_MESSAGE: Cannot read properties of undefined (reading 'split')
    at getFallbackFromErrorAndNotify (http://localhost:3001/_next/static/chunks/node_modules__pnpm_a92eadf3._.js:7251:23)
    at translateBaseFn (http://localhost:3001/_next/static/chunks/node_modules__pnpm_a92eadf3._.js:7281:28)
    at translateFn (http://localhost:3001/_next/static/chunks/node_modules__pnpm_a92eadf3._.js:7343:24)
    at labelFor (http://localhost:3001/_next/static/chunks/_2015e761._.js:485:30)
    at http://localhost:3001/_next/static/chunks/_2015e761._.js:142:34
    at Array.map (<anonymous>)
    at RegionChoropleth (http://localhost:3001/_next/static/chunks/_2015e761._.js:134:43)
    at Object.react_stack_bottom_frame (http://localhost:3001/_next/static/chunks/f12ff_next_dist_compiled_react-dom_7b2f6d3d._.js:14826:24)
    at renderWithHooksAgain (http://localhost:3001/_next/static/chunks/f12ff_next_dist_compiled_react-dom_7b2f6d3d._.js:4706:24)
    at renderWithHooks (http://localhost:3001/_next/static/chunks/f12ff_next_dist_compiled_react-dom_7b2f6d3d._.js:4657:28)
    at updateFunctionComponent (http://localhost:3001/_next/static/chunks/f12ff_next_dist_compiled_react-dom_7b2f6d3d._.js:6112:21)
    at beginWork (http://localhost:3001/_next/static/chunks/f12ff_next_dist_compiled_react-dom_7b2f6d3d._.js:6708:24)
    at runWithFiberInDEV (http://localhost:3001/_next/static/chunks/f12ff_next_dist_compiled_react-dom_7b2f6d3d._.js:965:74)
    at performUnitOfWork (http://localhost:3001/_next/static/chunks/f12ff_next_dist_compiled_react-dom_7b2f6d3d._.js:9562:97)
    at workLoopSync (http://localhost:3001/_next/static/chunks/f12ff_next_dist_compiled_react-dom_7b2f6d3d._.js:9456:40)
    at renderRootSync (http://localhost:3001/_next/static/chunks/f12ff_next_dist_compiled_react-dom_7b2f6d3d._.js:9440:13)
    at performWorkOnRoot (http://localhost:3001/_next/static/chunks/f12ff_next_dist_compiled_react-dom_7b2f6d3d._.js:9068:186)
    at performSyncWorkOnRoot (http://localhost:3001/_next/static/chunks/f12ff_next_dist_compiled_react-dom_7b2f6d3d._.js:10238:9)
    at flushSyncWorkAcrossRoots_impl (http://localhost:3001/_next/static/chunks/f12ff_next_dist_compiled_react-dom_7b2f6d3d._.js:10154:316)
    at flushSpawnedWork (http://localhost:3001/_next/static/chunks/f12ff_next_dist_compiled_react-dom_7b2f6d3d._.js:9914:13)
    at commitRoot (http://localhost:3001/_next/static/chunks/f12ff_next_dist_compiled_react-dom_7b2f6d3d._.js:9720:432)
    at commitRootWhenReady (http://localhost:3001/_next/static/chunks/f12ff_next_dist_compiled_react-dom_7b2f6d3d._.js:9194:9)
    at performWorkOnRoot (http://localhost:3001/_next/static/chunks/f12ff_next_dist_compiled_react-dom_7b2f6d3d._.js:9166:25)
    at performWorkOnRootViaSchedulerTask (http://localhost:3001/_next/static/chunks/f12ff_next_dist_compiled_react-dom_7b2f6d3d._.js:10230:9)
    at MessagePort.performWorkUntilDeadline (http://localhost:3001/_next/static/chunks/f12ff_next_dist_compiled_cd863794._.js:2647:64) @ http://localhost:3001/_next/static/chunks/f12ff_next_dist_95687940._.js:3132
[    1790ms] [ERROR] IntlError: MISSING_MESSAGE: Cannot read properties of undefined (reading 'split')
    at getFallbackFromErrorAndNotify (http://localhost:3001/_next/static/chunks/node_modules__pnpm_a92eadf3._.js:7251:23)
    at translateBaseFn (http://localhost:3001/_next/static/chunks/node_modules__pnpm_a92eadf3._.js:7281:28)
    at translateFn (http://localhost:3001/_next/static/chunks/node_modules__pnpm_a92eadf3._.js:7343:24)
    at labelFor (http://localhost:3001/_next/static/chunks/_2015e761._.js:485:30)
    at http://localhost:3001/_next/static/chunks/_2015e761._.js:142:34
    at Array.map (<anonymous>)
    at RegionChoropleth (http://localhost:3001/_next/static/chunks/_2015e761._.js:134:43)
    at Object.react_stack_bottom_frame (http://localhost:3001/_next/static/chunks/f12ff_next_dist_compiled_react-dom_7b2f6d3d._.js:14826:24)
    at renderWithHooksAgain (http://localhost:3001/_next/static/chunks/f12ff_next_dist_compiled_react-dom_7b2f6d3d._.js:4706:24)
    at renderWithHooks (http://localhost:3001/_next/static/chunks/f12ff_next_dist_compiled_react-dom_7b2f6d3d._.js:4657:28)
    at updateFunctionComponent (http://localhost:3001/_next/static/chunks/f12ff_next_dist_compiled_react-dom_7b2f6d3d._.js:6112:21)
    at beginWork (http://localhost:3001/_next/static/chunks/f12ff_next_dist_compiled_react-dom_7b2f6d3d._.js:6708:24)
    at runWithFiberInDEV (http://localhost:3001/_next/static/chunks/f12ff_next_dist_compiled_react-dom_7b2f6d3d._.js:965:74)
    at performUnitOfWork (http://localhost:3001/_next/static/chunks/f12ff_next_dist_compiled_react-dom_7b2f6d3d._.js:9562:97)
    at workLoopSync (http://localhost:3001/_next/static/chunks/f12ff_next_dist_compiled_react-dom_7b2f6d3d._.js:9456:40)
    at renderRootSync (http://localhost:3001/_next/static/chunks/f12ff_next_dist_compiled_react-dom_7b2f6d3d._.js:9440:13)
    at performWorkOnRoot (http://localhost:3001/_next/static/chunks/f12ff_next_dist_compiled_react-dom_7b2f6d3d._.js:9068:186)
    at performSyncWorkOnRoot (http://localhost:3001/_next/static/chunks/f12ff_next_dist_compiled_react-dom_7b2f6d3d._.js:10238:9)
    at flushSyncWorkAcrossRoots_impl (http://localhost:3001/_next/static/chunks/f12ff_next_dist_compiled_react-dom_7b2f6d3d._.js:10154:316)
    at flushSpawnedWork (http://localhost:3001/_next/static/chunks/f12ff_next_dist_compiled_react-dom_7b2f6d3d._.js:9914:13)
    at commitRoot (http://localhost:3001/_next/static/chunks/f12ff_next_dist_compiled_react-dom_7b2f6d3d._.js:9720:432)
    at commitRootWhenReady (http://localhost:3001/_next/static/chunks/f12ff_next_dist_compiled_react-dom_7b2f6d3d._.js:9194:9)
    at performWorkOnRoot (http://localhost:3001/_next/static/chunks/f12ff_next_dist_compiled_react-dom_7b2f6d3d._.js:9166:25)
    at performWorkOnRootViaSchedulerTask (http://localhost:3001/_next/static/chunks/f12ff_next_dist_compiled_react-dom_7b2f6d3d._.js:10230:9)
    at MessagePort.performWorkUntilDeadline (http://localhost:3001/_next/static/chunks/f12ff_next_dist_compiled_cd863794._.js:2647:64) @ http://localhost:3001/_next/static/chunks/f12ff_next_dist_95687940._.js:3132
[    1790ms] [ERROR] IntlError: MISSING_MESSAGE: Cannot read properties of undefined (reading 'split')
    at getFallbackFromErrorAndNotify (http://localhost:3001/_next/static/chunks/node_modules__pnpm_a92eadf3._.js:7251:23)
    at translateBaseFn (http://localhost:3001/_next/static/chunks/node_modules__pnpm_a92eadf3._.js:7281:28)
    at translateFn (http://localhost:3001/_next/static/chunks/node_modules__pnpm_a92eadf3._.js:7343:24)
    at labelFor (http://localhost:3001/_next/static/chunks/_2015e761._.js:485:30)
    at http://localhost:3001/_next/static/chunks/_2015e761._.js:142:34
    at Array.map (<anonymous>)
    at RegionChoropleth (http://localhost:3001/_next/static/chunks/_2015e761._.js:134:43)
    at Object.react_stack_bottom_frame (http://localhost:3001/_next/static/chunks/f12ff_next_dist_compiled_react-dom_7b2f6d3d._.js:14826:24)
    at renderWithHooksAgain (http://localhost:3001/_next/static/chunks/f12ff_next_dist_compiled_react-dom_7b2f6d3d._.js:4706:24)
    at renderWithHooks (http://localhost:3001/_next/static/chunks/f12ff_next_dist_compiled_react-dom_7b2f6d3d._.js:4657:28)
    at updateFunctionComponent (http://localhost:3001/_next/static/chunks/f12ff_next_dist_compiled_react-dom_7b2f6d3d._.js:6112:21)
    at beginWork (http://localhost:3001/_next/static/chunks/f12ff_next_dist_compiled_react-dom_7b2f6d3d._.js:6708:24)
    at runWithFiberInDEV (http://localhost:3001/_next/static/chunks/f12ff_next_dist_compiled_react-dom_7b2f6d3d._.js:965:74)
    at performUnitOfWork (http://localhost:3001/_next/static/chunks/f12ff_next_dist_compiled_react-dom_7b2f6d3d._.js:9562:97)
    at workLoopSync (http://localhost:3001/_next/static/chunks/f12ff_next_dist_compiled_react-dom_7b2f6d3d._.js:9456:40)
    at renderRootSync (http://localhost:3001/_next/static/chunks/f12ff_next_dist_compiled_react-dom_7b2f6d3d._.js:9440:13)
    at performWorkOnRoot (http://localhost:3001/_next/static/chunks/f12ff_next_dist_compiled_react-dom_7b2f6d3d._.js:9068:186)
    at performSyncWorkOnRoot (http://localhost:3001/_next/static/chunks/f12ff_next_dist_compiled_react-dom_7b2f6d3d._.js:10238:9)
    at flushSyncWorkAcrossRoots_impl (http://localhost:3001/_next/static/chunks/f12ff_next_dist_compiled_react-dom_7b2f6d3d._.js:10154:316)
    at flushSpawnedWork (http://localhost:3001/_next/static/chunks/f12ff_next_dist_compiled_react-dom_7b2f6d3d._.js:9914:13)
    at commitRoot (http://localhost:3001/_next/static/chunks/f12ff_next_dist_compiled_react-dom_7b2f6d3d._.js:9720:432)
    at commitRootWhenReady (http://localhost:3001/_next/static/chunks/f12ff_next_dist_compiled_react-dom_7b2f6d3d._.js:9194:9)
    at performWorkOnRoot (http://localhost:3001/_next/static/chunks/f12ff_next_dist_compiled_react-dom_7b2f6d3d._.js:9166:25)
    at performWorkOnRootViaSchedulerTask (http://localhost:3001/_next/static/chunks/f12ff_next_dist_compiled_react-dom_7b2f6d3d._.js:10230:9)
    at MessagePort.performWorkUntilDeadline (http://localhost:3001/_next/static/chunks/f12ff_next_dist_compiled_cd863794._.js:2647:64) @ http://localhost:3001/_next/static/chunks/f12ff_next_dist_95687940._.js:3132
[    1792ms] [ERROR] IntlError: MISSING_MESSAGE: Cannot read properties of undefined (reading 'split')
    at getFallbackFromErrorAndNotify (http://localhost:3001/_next/static/chunks/node_modules__pnpm_a92eadf3._.js:7251:23)
    at translateBaseFn (http://localhost:3001/_next/static/chunks/node_modules__pnpm_a92eadf3._.js:7281:28)
    at translateFn (http://localhost:3001/_next/static/chunks/node_modules__pnpm_a92eadf3._.js:7343:24)
    at labelFor (http://localhost:3001/_next/static/chunks/_2015e761._.js:485:30)
    at http://localhost:3001/_next/static/chunks/_2015e761._.js:142:34
    at Array.map (<anonymous>)
    at RegionChoropleth (http://localhost:3001/_next/static/chunks/_2015e761._.js:134:43)
    at Object.react_stack_bottom_frame (http://localhost:3001/_next/static/chunks/f12ff_next_dist_compiled_react-dom_7b2f6d3d._.js:14826:24)
    at renderWithHooksAgain (http://localhost:3001/_next/static/chunks/f12ff_next_dist_compiled_react-dom_7b2f6d3d._.js:4706:24)
    at renderWithHooks (http://localhost:3001/_next/static/chunks/f12ff_next_dist_compiled_react-dom_7b2f6d3d._.js:4657:28)
    at updateFunctionComponent (http://localhost:3001/_next/static/chunks/f12ff_next_dist_compiled_react-dom_7b2f6d3d._.js:6112:21)
    at beginWork (http://localhost:3001/_next/static/chunks/f12ff_next_dist_compiled_react-dom_7b2f6d3d._.js:6708:24)
    at runWithFiberInDEV (http://localhost:3001/_next/static/chunks/f12ff_next_dist_compiled_react-dom_7b2f6d3d._.js:965:74)
    at performUnitOfWork (http://localhost:3001/_next/static/chunks/f12ff_next_dist_compiled_react-dom_7b2f6d3d._.js:9562:97)
    at workLoopSync (http://localhost:3001/_next/static/chunks/f12ff_next_dist_compiled_react-dom_7b2f6d3d._.js:9456:40)
    at renderRootSync (http://localhost:3001/_next/static/chunks/f12ff_next_dist_compiled_react-dom_7b2f6d3d._.js:9440:13)
    at performWorkOnRoot (http://localhost:3001/_next/static/chunks/f12ff_next_dist_compiled_react-dom_7b2f6d3d._.js:9068:186)
    at performSyncWorkOnRoot (http://localhost:3001/_next/static/chunks/f12ff_next_dist_compiled_react-dom_7b2f6d3d._.js:10238:9)
    at flushSyncWorkAcrossRoots_impl (http://localhost:3001/_next/static/chunks/f12ff_next_dist_compiled_react-dom_7b2f6d3d._.js:10154:316)
    at flushSpawnedWork (http://localhost:3001/_next/static/chunks/f12ff_next_dist_compiled_react-dom_7b2f6d3d._.js:9914:13)
    at commitRoot (http://localhost:3001/_next/static/chunks/f12ff_next_dist_compiled_react-dom_7b2f6d3d._.js:9720:432)
    at commitRootWhenReady (http://localhost:3001/_next/static/chunks/f12ff_next_dist_compiled_react-dom_7b2f6d3d._.js:9194:9)
    at performWorkOnRoot (http://localhost:3001/_next/static/chunks/f12ff_next_dist_compiled_react-dom_7b2f6d3d._.js:9166:25)
    at performWorkOnRootViaSchedulerTask (http://localhost:3001/_next/static/chunks/f12ff_next_dist_compiled_react-dom_7b2f6d3d._.js:10230:9)
    at MessagePort.performWorkUntilDeadline (http://localhost:3001/_next/static/chunks/f12ff_next_dist_compiled_cd863794._.js:2647:64) @ http://localhost:3001/_next/static/chunks/f12ff_next_dist_95687940._.js:3132
[    1792ms] [ERROR] IntlError: MISSING_MESSAGE: Cannot read properties of undefined (reading 'split')
    at getFallbackFromErrorAndNotify (http://localhost:3001/_next/static/chunks/node_modules__pnpm_a92eadf3._.js:7251:23)
    at translateBaseFn (http://localhost:3001/_next/static/chunks/node_modules__pnpm_a92eadf3._.js:7281:28)
    at translateFn (http://localhost:3001/_next/static/chunks/node_modules__pnpm_a92eadf3._.js:7343:24)
    at labelFor (http://localhost:3001/_next/static/chunks/_2015e761._.js:485:30)
    at http://localhost:3001/_next/static/chunks/_2015e761._.js:142:34
    at Array.map (<anonymous>)
    at RegionChoropleth (http://localhost:3001/_next/static/chunks/_2015e761._.js:134:43)
    at Object.react_stack_bottom_frame (http://localhost:3001/_next/static/chunks/f12ff_next_dist_compiled_react-dom_7b2f6d3d._.js:14826:24)
    at renderWithHooksAgain (http://localhost:3001/_next/static/chunks/f12ff_next_dist_compiled_react-dom_7b2f6d3d._.js:4706:24)
    at renderWithHooks (http://localhost:3001/_next/static/chunks/f12ff_next_dist_compiled_react-dom_7b2f6d3d._.js:4657:28)
    at updateFunctionComponent (http://localhost:3001/_next/static/chunks/f12ff_next_dist_compiled_react-dom_7b2f6d3d._.js:6112:21)
    at beginWork (http://localhost:3001/_next/static/chunks/f12ff_next_dist_compiled_react-dom_7b2f6d3d._.js:6708:24)
    at runWithFiberInDEV (http://localhost:3001/_next/static/chunks/f12ff_next_dist_compiled_react-dom_7b2f6d3d._.js:965:74)
    at performUnitOfWork (http://localhost:3001/_next/static/chunks/f12ff_next_dist_compiled_react-dom_7b2f6d3d._.js:9562:97)
    at workLoopSync (http://localhost:3001/_next/static/chunks/f12ff_next_dist_compiled_react-dom_7b2f6d3d._.js:9456:40)
    at renderRootSync (http://localhost:3001/_next/static/chunks/f12ff_next_dist_compiled_react-dom_7b2f6d3d._.js:9440:13)
    at performWorkOnRoot (http://localhost:3001/_next/static/chunks/f12ff_next_dist_compiled_react-dom_7b2f6d3d._.js:9068:186)
    at performSyncWorkOnRoot (http://localhost:3001/_next/static/chunks/f12ff_next_dist_compiled_react-dom_7b2f6d3d._.js:10238:9)
    at flushSyncWorkAcrossRoots_impl (http://localhost:3001/_next/static/chunks/f12ff_next_dist_compiled_react-dom_7b2f6d3d._.js:10154:316)
    at flushSpawnedWork (http://localhost:3001/_next/static/chunks/f12ff_next_dist_compiled_react-dom_7b2f6d3d._.js:9914:13)
    at commitRoot (http://localhost:3001/_next/static/chunks/f12ff_next_dist_compiled_react-dom_7b2f6d3d._.js:9720:432)
    at commitRootWhenReady (http://localhost:3001/_next/static/chunks/f12ff_next_dist_compiled_react-dom_7b2f6d3d._.js:9194:9)
    at performWorkOnRoot (http://localhost:3001/_next/static/chunks/f12ff_next_dist_compiled_react-dom_7b2f6d3d._.js:9166:25)
    at performWorkOnRootViaSchedulerTask (http://localhost:3001/_next/static/chunks/f12ff_next_dist_compiled_react-dom_7b2f6d3d._.js:10230:9)
    at MessagePort.performWorkUntilDeadline (http://localhost:3001/_next/static/chunks/f12ff_next_dist_compiled_cd863794._.js:2647:64) @ http://localhost:3001/_next/static/chunks/f12ff_next_dist_95687940._.js:3132
[    1826ms] [ERROR] IntlError: MISSING_MESSAGE: Cannot read properties of undefined (reading 'split')
    at getFallbackFromErrorAndNotify (http://localhost:3001/_next/static/chunks/node_modules__pnpm_a92eadf3._.js:7251:23)
    at translateBaseFn (http://localhost:3001/_next/static/chunks/node_modules__pnpm_a92eadf3._.js:7281:28)
    at translateFn (http://localhost:3001/_next/static/chunks/node_modules__pnpm_a92eadf3._.js:7343:24)
    at labelFor (http://localhost:3001/_next/static/chunks/_2015e761._.js:485:30)
    at http://localhost:3001/_next/static/chunks/_2015e761._.js:142:34
    at Array.map (<anonymous>)
    at RegionChoropleth (http://localhost:3001/_next/static/chunks/_2015e761._.js:134:43)
    at Object.react_stack_bottom_frame (http://localhost:3001/_next/static/chunks/f12ff_next_dist_compiled_react-dom_7b2f6d3d._.js:14826:24)
    at renderWithHooks (http://localhost:3001/_next/static/chunks/f12ff_next_dist_compiled_react-dom_7b2f6d3d._.js:4651:24)
    at updateFunctionComponent (http://localhost:3001/_next/static/chunks/f12ff_next_dist_compiled_react-dom_7b2f6d3d._.js:6112:21)
    at beginWork (http://localhost:3001/_next/static/chunks/f12ff_next_dist_compiled_react-dom_7b2f6d3d._.js:6708:24)
    at runWithFiberInDEV (http://localhost:3001/_next/static/chunks/f12ff_next_dist_compiled_react-dom_7b2f6d3d._.js:965:74)
    at performUnitOfWork (http://localhost:3001/_next/static/chunks/f12ff_next_dist_compiled_react-dom_7b2f6d3d._.js:9562:97)
    at workLoopSync (http://localhost:3001/_next/static/chunks/f12ff_next_dist_compiled_react-dom_7b2f6d3d._.js:9456:40)
    at renderRootSync (http://localhost:3001/_next/static/chunks/f12ff_next_dist_compiled_react-dom_7b2f6d3d._.js:9440:13)
    at performWorkOnRoot (http://localhost:3001/_next/static/chunks/f12ff_next_dist_compiled_react-dom_7b2f6d3d._.js:9068:186)
    at performSyncWorkOnRoot (http://localhost:3001/_next/static/chunks/f12ff_next_dist_compiled_react-dom_7b2f6d3d._.js:10238:9)
    at flushSyncWorkAcrossRoots_impl (http://localhost:3001/_next/static/chunks/f12ff_next_dist_compiled_react-dom_7b2f6d3d._.js:10154:316)
    at flushSpawnedWork (http://localhost:3001/_next/static/chunks/f12ff_next_dist_compiled_react-dom_7b2f6d3d._.js:9914:13)
    at commitRoot (http://localhost:3001/_next/static/chunks/f12ff_next_dist_compiled_react-dom_7b2f6d3d._.js:9720:432)
    at commitRootWhenReady (http://localhost:3001/_next/static/chunks/f12ff_next_dist_compiled_react-dom_7b2f6d3d._.js:9194:9)
    at performWorkOnRoot (http://localhost:3001/_next/static/chunks/f12ff_next_dist_compiled_react-dom_7b2f6d3d._.js:9166:25)
    at performWorkOnRootViaSchedulerTask (http://localhost:3001/_next/static/chunks/f12ff_next_dist_compiled_react-dom_7b2f6d3d._.js:10230:9)
    at MessagePort.performWorkUntilDeadline (http://localhost:3001/_next/static/chunks/f12ff_next_dist_compiled_cd863794._.js:2647:64) @ http://localhost:3001/_next/static/chunks/f12ff_next_dist_95687940._.js:3132
[    1827ms] [ERROR] IntlError: MISSING_MESSAGE: Cannot read properties of undefined (reading 'split')
    at getFallbackFromErrorAndNotify (http://localhost:3001/_next/static/chunks/node_modules__pnpm_a92eadf3._.js:7251:23)
    at translateBaseFn (http://localhost:3001/_next/static/chunks/node_modules__pnpm_a92eadf3._.js:7281:28)
    at translateFn (http://localhost:3001/_next/static/chunks/node_modules__pnpm_a92eadf3._.js:7343:24)
    at labelFor (http://localhost:3001/_next/static/chunks/_2015e761._.js:485:30)
    at http://localhost:3001/_next/static/chunks/_2015e761._.js:142:34
    at Array.map (<anonymous>)
    at RegionChoropleth (http://localhost:3001/_next/static/chunks/_2015e761._.js:134:43)
    at Object.react_stack_bottom_frame (http://localhost:3001/_next/static/chunks/f12ff_next_dist_compiled_react-dom_7b2f6d3d._.js:14826:24)
    at renderWithHooks (http://localhost:3001/_next/static/chunks/f12ff_next_dist_compiled_react-dom_7b2f6d3d._.js:4651:24)
    at updateFunctionComponent (http://localhost:3001/_next/static/chunks/f12ff_next_dist_compiled_react-dom_7b2f6d3d._.js:6112:21)
    at beginWork (http://localhost:3001/_next/static/chunks/f12ff_next_dist_compiled_react-dom_7b2f6d3d._.js:6708:24)
    at runWithFiberInDEV (http://localhost:3001/_next/static/chunks/f12ff_next_dist_compiled_react-dom_7b2f6d3d._.js:965:74)
    at performUnitOfWork (http://localhost:3001/_next/static/chunks/f12ff_next_dist_compiled_react-dom_7b2f6d3d._.js:9562:97)
    at workLoopSync (http://localhost:3001/_next/static/chunks/f12ff_next_dist_compiled_react-dom_7b2f6d3d._.js:9456:40)
    at renderRootSync (http://localhost:3001/_next/static/chunks/f12ff_next_dist_compiled_react-dom_7b2f6d3d._.js:9440:13)
    at performWorkOnRoot (http://localhost:3001/_next/static/chunks/f12ff_next_dist_compiled_react-dom_7b2f6d3d._.js:9068:186)
    at performSyncWorkOnRoot (http://localhost:3001/_next/static/chunks/f12ff_next_dist_compiled_react-dom_7b2f6d3d._.js:10238:9)
    at flushSyncWorkAcrossRoots_impl (http://localhost:3001/_next/static/chunks/f12ff_next_dist_compiled_react-dom_7b2f6d3d._.js:10154:316)
    at flushSpawnedWork (http://localhost:3001/_next/static/chunks/f12ff_next_dist_compiled_react-dom_7b2f6d3d._.js:9914:13)
    at commitRoot (http://localhost:3001/_next/static/chunks/f12ff_next_dist_compiled_react-dom_7b2f6d3d._.js:9720:432)
    at commitRootWhenReady (http://localhost:3001/_next/static/chunks/f12ff_next_dist_compiled_react-dom_7b2f6d3d._.js:9194:9)
    at performWorkOnRoot (http://localhost:3001/_next/static/chunks/f12ff_next_dist_compiled_react-dom_7b2f6d3d._.js:9166:25)
    at performWorkOnRootViaSchedulerTask (http://localhost:3001/_next/static/chunks/f12ff_next_dist_compiled_react-dom_7b2f6d3d._.js:10230:9)
    at MessagePort.performWorkUntilDeadline (http://localhost:3001/_next/static/chunks/f12ff_next_dist_compiled_cd863794._.js:2647:64) @ http://localhost:3001/_next/static/chunks/f12ff_next_dist_95687940._.js:3132
[    1827ms] [ERROR] IntlError: MISSING_MESSAGE: Cannot read properties of undefined (reading 'split')
    at getFallbackFromErrorAndNotify (http://localhost:3001/_next/static/chunks/node_modules__pnpm_a92eadf3._.js:7251:23)
    at translateBaseFn (http://localhost:3001/_next/static/chunks/node_modules__pnpm_a92eadf3._.js:7281:28)
    at translateFn (http://localhost:3001/_next/static/chunks/node_modules__pnpm_a92eadf3._.js:7343:24)
    at labelFor (http://localhost:3001/_next/static/chunks/_2015e761._.js:485:30)
    at http://localhost:3001/_next/static/chunks/_2015e761._.js:142:34
    at Array.map (<anonymous>)
    at RegionChoropleth (http://localhost:3001/_next/static/chunks/_2015e761._.js:134:43)
    at Object.react_stack_bottom_frame (http://localhost:3001/_next/static/chunks/f12ff_next_dist_compiled_react-dom_7b2f6d3d._.js:14826:24)
    at renderWithHooks (http://localhost:3001/_next/static/chunks/f12ff_next_dist_compiled_react-dom_7b2f6d3d._.js:4651:24)
    at updateFunctionComponent (http://localhost:3001/_next/static/chunks/f12ff_next_dist_compiled_react-dom_7b2f6d3d._.js:6112:21)
    at beginWork (http://localhost:3001/_next/static/chunks/f12ff_next_dist_compiled_react-dom_7b2f6d3d._.js:6708:24)
    at runWithFiberInDEV (http://localhost:3001/_next/static/chunks/f12ff_next_dist_compiled_react-dom_7b2f6d3d._.js:965:74)
    at performUnitOfWork (http://localhost:3001/_next/static/chunks/f12ff_next_dist_compiled_react-dom_7b2f6d3d._.js:9562:97)
    at workLoopSync (http://localhost:3001/_next/static/chunks/f12ff_next_dist_compiled_react-dom_7b2f6d3d._.js:9456:40)
    at renderRootSync (http://localhost:3001/_next/static/chunks/f12ff_next_dist_compiled_react-dom_7b2f6d3d._.js:9440:13)
    at performWorkOnRoot (http://localhost:3001/_next/static/chunks/f12ff_next_dist_compiled_react-dom_7b2f6d3d._.js:9068:186)
    at performSyncWorkOnRoot (http://localhost:3001/_next/static/chunks/f12ff_next_dist_compiled_react-dom_7b2f6d3d._.js:10238:9)
    at flushSyncWorkAcrossRoots_impl (http://localhost:3001/_next/static/chunks/f12ff_next_dist_compiled_react-dom_7b2f6d3d._.js:10154:316)
    at flushSpawnedWork (http://localhost:3001/_next/static/chunks/f12ff_next_dist_compiled_react-dom_7b2f6d3d._.js:9914:13)
    at commitRoot (http://localhost:3001/_next/static/chunks/f12ff_next_dist_compiled_react-dom_7b2f6d3d._.js:9720:432)
    at commitRootWhenReady (http://localhost:3001/_next/static/chunks/f12ff_next_dist_compiled_react-dom_7b2f6d3d._.js:9194:9)
    at performWorkOnRoot (http://localhost:3001/_next/static/chunks/f12ff_next_dist_compiled_react-dom_7b2f6d3d._.js:9166:25)
    at performWorkOnRootViaSchedulerTask (http://localhost:3001/_next/static/chunks/f12ff_next_dist_compiled_react-dom_7b2f6d3d._.js:10230:9)
    at MessagePort.performWorkUntilDeadline (http://localhost:3001/_next/static/chunks/f12ff_next_dist_compiled_cd863794._.js:2647:64) @ http://localhost:3001/_next/static/chunks/f12ff_next_dist_95687940._.js:3132
[    1827ms] [ERROR] IntlError: MISSING_MESSAGE: Cannot read properties of undefined (reading 'split')
    at getFallbackFromErrorAndNotify (http://localhost:3001/_next/static/chunks/node_modules__pnpm_a92eadf3._.js:7251:23)
    at translateBaseFn (http://localhost:3001/_next/static/chunks/node_modules__pnpm_a92eadf3._.js:7281:28)
    at translateFn (http://localhost:3001/_next/static/chunks/node_modules__pnpm_a92eadf3._.js:7343:24)
    at labelFor (http://localhost:3001/_next/static/chunks/_2015e761._.js:485:30)
    at http://localhost:3001/_next/static/chunks/_2015e761._.js:142:34
    at Array.map (<anonymous>)
    at RegionChoropleth (http://localhost:3001/_next/static/chunks/_2015e761._.js:134:43)
    at Object.react_stack_bottom_frame (http://localhost:3001/_next/static/chunks/f12ff_next_dist_compiled_react-dom_7b2f6d3d._.js:14826:24)
    at renderWithHooks (http://localhost:3001/_next/static/chunks/f12ff_next_dist_compiled_react-dom_7b2f6d3d._.js:4651:24)
    at updateFunctionComponent (http://localhost:3001/_next/static/chunks/f12ff_next_dist_compiled_react-dom_7b2f6d3d._.js:6112:21)
    at beginWork (http://localhost:3001/_next/static/chunks/f12ff_next_dist_compiled_react-dom_7b2f6d3d._.js:6708:24)
    at runWithFiberInDEV (http://localhost:3001/_next/static/chunks/f12ff_next_dist_compiled_react-dom_7b2f6d3d._.js:965:74)
    at performUnitOfWork (http://localhost:3001/_next/static/chunks/f12ff_next_dist_compiled_react-dom_7b2f6d3d._.js:9562:97)
    at workLoopSync (http://localhost:3001/_next/static/chunks/f12ff_next_dist_compiled_react-dom_7b2f6d3d._.js:9456:40)
    at renderRootSync (http://localhost:3001/_next/static/chunks/f12ff_next_dist_compiled_react-dom_7b2f6d3d._.js:9440:13)
    at performWorkOnRoot (http://localhost:3001/_next/static/chunks/f12ff_next_dist_compiled_react-dom_7b2f6d3d._.js:9068:186)
    at performSyncWorkOnRoot (http://localhost:3001/_next/static/chunks/f12ff_next_dist_compiled_react-dom_7b2f6d3d._.js:10238:9)
    at flushSyncWorkAcrossRoots_impl (http://localhost:3001/_next/static/chunks/f12ff_next_dist_compiled_react-dom_7b2f6d3d._.js:10154:316)
    at flushSpawnedWork (http://localhost:3001/_next/static/chunks/f12ff_next_dist_compiled_react-dom_7b2f6d3d._.js:9914:13)
    at commitRoot (http://localhost:3001/_next/static/chunks/f12ff_next_dist_compiled_react-dom_7b2f6d3d._.js:9720:432)
    at commitRootWhenReady (http://localhost:3001/_next/static/chunks/f12ff_next_dist_compiled_react-dom_7b2f6d3d._.js:9194:9)
    at performWorkOnRoot (http://localhost:3001/_next/static/chunks/f12ff_next_dist_compiled_react-dom_7b2f6d3d._.js:9166:25)
    at performWorkOnRootViaSchedulerTask (http://localhost:3001/_next/static/chunks/f12ff_next_dist_compiled_react-dom_7b2f6d3d._.js:10230:9)
    at MessagePort.performWorkUntilDeadline (http://localhost:3001/_next/static/chunks/f12ff_next_dist_compiled_cd863794._.js:2647:64) @ http://localhost:3001/_next/static/chunks/f12ff_next_dist_95687940._.js:3132
[    1827ms] [ERROR] IntlError: MISSING_MESSAGE: Cannot read properties of undefined (reading 'split')
    at getFallbackFromErrorAndNotify (http://localhost:3001/_next/static/chunks/node_modules__pnpm_a92eadf3._.js:7251:23)
    at translateBaseFn (http://localhost:3001/_next/static/chunks/node_modules__pnpm_a92eadf3._.js:7281:28)
    at translateFn (http://localhost:3001/_next/static/chunks/node_modules__pnpm_a92eadf3._.js:7343:24)
    at labelFor (http://localhost:3001/_next/static/chunks/_2015e761._.js:485:30)
    at http://localhost:3001/_next/static/chunks/_2015e761._.js:142:34
    at Array.map (<anonymous>)
    at RegionChoropleth (http://localhost:3001/_next/static/chunks/_2015e761._.js:134:43)
    at Object.react_stack_bottom_frame (http://localhost:3001/_next/static/chunks/f12ff_next_dist_compiled_react-dom_7b2f6d3d._.js:14826:24)
    at renderWithHooks (http://localhost:3001/_next/static/chunks/f12ff_next_dist_compiled_react-dom_7b2f6d3d._.js:4651:24)
    at updateFunctionComponent (http://localhost:3001/_next/static/chunks/f12ff_next_dist_compiled_react-dom_7b2f6d3d._.js:6112:21)
    at beginWork (http://localhost:3001/_next/static/chunks/f12ff_next_dist_compiled_react-dom_7b2f6d3d._.js:6708:24)
    at runWithFiberInDEV (http://localhost:3001/_next/static/chunks/f12ff_next_dist_compiled_react-dom_7b2f6d3d._.js:965:74)
    at performUnitOfWork (http://localhost:3001/_next/static/chunks/f12ff_next_dist_compiled_react-dom_7b2f6d3d._.js:9562:97)
    at workLoopSync (http://localhost:3001/_next/static/chunks/f12ff_next_dist_compiled_react-dom_7b2f6d3d._.js:9456:40)
    at renderRootSync (http://localhost:3001/_next/static/chunks/f12ff_next_dist_compiled_react-dom_7b2f6d3d._.js:9440:13)
    at performWorkOnRoot (http://localhost:3001/_next/static/chunks/f12ff_next_dist_compiled_react-dom_7b2f6d3d._.js:9068:186)
    at performSyncWorkOnRoot (http://localhost:3001/_next/static/chunks/f12ff_next_dist_compiled_react-dom_7b2f6d3d._.js:10238:9)
    at flushSyncWorkAcrossRoots_impl (http://localhost:3001/_next/static/chunks/f12ff_next_dist_compiled_react-dom_7b2f6d3d._.js:10154:316)
    at flushSpawnedWork (http://localhost:3001/_next/static/chunks/f12ff_next_dist_compiled_react-dom_7b2f6d3d._.js:9914:13)
    at commitRoot (http://localhost:3001/_next/static/chunks/f12ff_next_dist_compiled_react-dom_7b2f6d3d._.js:9720:432)
    at commitRootWhenReady (http://localhost:3001/_next/static/chunks/f12ff_next_dist_compiled_react-dom_7b2f6d3d._.js:9194:9)
    at performWorkOnRoot (http://localhost:3001/_next/static/chunks/f12ff_next_dist_compiled_react-dom_7b2f6d3d._.js:9166:25)
    at performWorkOnRootViaSchedulerTask (http://localhost:3001/_next/static/chunks/f12ff_next_dist_compiled_react-dom_7b2f6d3d._.js:10230:9)
    at MessagePort.performWorkUntilDeadline (http://localhost:3001/_next/static/chunks/f12ff_next_dist_compiled_cd863794._.js:2647:64) @ http://localhost:3001/_next/static/chunks/f12ff_next_dist_95687940._.js:3132
[    1828ms] [ERROR] IntlError: MISSING_MESSAGE: Cannot read properties of undefined (reading 'split')
    at getFallbackFromErrorAndNotify (http://localhost:3001/_next/static/chunks/node_modules__pnpm_a92eadf3._.js:7251:23)
    at translateBaseFn (http://localhost:3001/_next/static/chunks/node_modules__pnpm_a92eadf3._.js:7281:28)
    at translateFn (http://localhost:3001/_next/static/chunks/node_modules__pnpm_a92eadf3._.js:7343:24)
    at labelFor (http://localhost:3001/_next/static/chunks/_2015e761._.js:485:30)
    at http://localhost:3001/_next/static/chunks/_2015e761._.js:142:34
    at Array.map (<anonymous>)
    at RegionChoropleth (http://localhost:3001/_next/static/chunks/_2015e761._.js:134:43)
    at Object.react_stack_bottom_frame (http://localhost:3001/_next/static/chunks/f12ff_next_dist_compiled_react-dom_7b2f6d3d._.js:14826:24)
    at renderWithHooks (http://localhost:3001/_next/static/chunks/f12ff_next_dist_compiled_react-dom_7b2f6d3d._.js:4651:24)
    at updateFunctionComponent (http://localhost:3001/_next/static/chunks/f12ff_next_dist_compiled_react-dom_7b2f6d3d._.js:6112:21)
    at beginWork (http://localhost:3001/_next/static/chunks/f12ff_next_dist_compiled_react-dom_7b2f6d3d._.js:6708:24)
    at runWithFiberInDEV (http://localhost:3001/_next/static/chunks/f12ff_next_dist_compiled_react-dom_7b2f6d3d._.js:965:74)
    at performUnitOfWork (http://localhost:3001/_next/static/chunks/f12ff_next_dist_compiled_react-dom_7b2f6d3d._.js:9562:97)
    at workLoopSync (http://localhost:3001/_next/static/chunks/f12ff_next_dist_compiled_react-dom_7b2f6d3d._.js:9456:40)
    at renderRootSync (http://localhost:3001/_next/static/chunks/f12ff_next_dist_compiled_react-dom_7b2f6d3d._.js:9440:13)
    at performWorkOnRoot (http://localhost:3001/_next/static/chunks/f12ff_next_dist_compiled_react-dom_7b2f6d3d._.js:9068:186)
    at performSyncWorkOnRoot (http://localhost:3001/_next/static/chunks/f12ff_next_dist_compiled_react-dom_7b2f6d3d._.js:10238:9)
    at flushSyncWorkAcrossRoots_impl (http://localhost:3001/_next/static/chunks/f12ff_next_dist_compiled_react-dom_7b2f6d3d._.js:10154:316)
    at flushSpawnedWork (http://localhost:3001/_next/static/chunks/f12ff_next_dist_compiled_react-dom_7b2f6d3d._.js:9914:13)
    at commitRoot (http://localhost:3001/_next/static/chunks/f12ff_next_dist_compiled_react-dom_7b2f6d3d._.js:9720:432)
    at commitRootWhenReady (http://localhost:3001/_next/static/chunks/f12ff_next_dist_compiled_react-dom_7b2f6d3d._.js:9194:9)
    at performWorkOnRoot (http://localhost:3001/_next/static/chunks/f12ff_next_dist_compiled_react-dom_7b2f6d3d._.js:9166:25)
    at performWorkOnRootViaSchedulerTask (http://localhost:3001/_next/static/chunks/f12ff_next_dist_compiled_react-dom_7b2f6d3d._.js:10230:9)
    at MessagePort.performWorkUntilDeadline (http://localhost:3001/_next/static/chunks/f12ff_next_dist_compiled_cd863794._.js:2647:64) @ http://localhost:3001/_next/static/chunks/f12ff_next_dist_95687940._.js:3132
[    1828ms] [ERROR] IntlError: MISSING_MESSAGE: Cannot read properties of undefined (reading 'split')
    at getFallbackFromErrorAndNotify (http://localhost:3001/_next/static/chunks/node_modules__pnpm_a92eadf3._.js:7251:23)
    at translateBaseFn (http://localhost:3001/_next/static/chunks/node_modules__pnpm_a92eadf3._.js:7281:28)
    at translateFn (http://localhost:3001/_next/static/chunks/node_modules__pnpm_a92eadf3._.js:7343:24)
    at labelFor (http://localhost:3001/_next/static/chunks/_2015e761._.js:485:30)
    at http://localhost:3001/_next/static/chunks/_2015e761._.js:142:34
    at Array.map (<anonymous>)
    at RegionChoropleth (http://localhost:3001/_next/static/chunks/_2015e761._.js:134:43)
    at Object.react_stack_bottom_frame (http://localhost:3001/_next/static/chunks/f12ff_next_dist_compiled_react-dom_7b2f6d3d._.js:14826:24)
    at renderWithHooks (http://localhost:3001/_next/static/chunks/f12ff_next_dist_compiled_react-dom_7b2f6d3d._.js:4651:24)
    at updateFunctionComponent (http://localhost:3001/_next/static/chunks/f12ff_next_dist_compiled_react-dom_7b2f6d3d._.js:6112:21)
    at beginWork (http://localhost:3001/_next/static/chunks/f12ff_next_dist_compiled_react-dom_7b2f6d3d._.js:6708:24)
    at runWithFiberInDEV (http://localhost:3001/_next/static/chunks/f12ff_next_dist_compiled_react-dom_7b2f6d3d._.js:965:74)
    at performUnitOfWork (http://localhost:3001/_next/static/chunks/f12ff_next_dist_compiled_react-dom_7b2f6d3d._.js:9562:97)
    at workLoopSync (http://localhost:3001/_next/static/chunks/f12ff_next_dist_compiled_react-dom_7b2f6d3d._.js:9456:40)
    at renderRootSync (http://localhost:3001/_next/static/chunks/f12ff_next_dist_compiled_react-dom_7b2f6d3d._.js:9440:13)
    at performWorkOnRoot (http://localhost:3001/_next/static/chunks/f12ff_next_dist_compiled_react-dom_7b2f6d3d._.js:9068:186)
    at performSyncWorkOnRoot (http://localhost:3001/_next/static/chunks/f12ff_next_dist_compiled_react-dom_7b2f6d3d._.js:10238:9)
    at flushSyncWorkAcrossRoots_impl (http://localhost:3001/_next/static/chunks/f12ff_next_dist_compiled_react-dom_7b2f6d3d._.js:10154:316)
    at flushSpawnedWork (http://localhost:3001/_next/static/chunks/f12ff_next_dist_compiled_react-dom_7b2f6d3d._.js:9914:13)
    at commitRoot (http://localhost:3001/_next/static/chunks/f12ff_next_dist_compiled_react-dom_7b2f6d3d._.js:9720:432)
    at commitRootWhenReady (http://localhost:3001/_next/static/chunks/f12ff_next_dist_compiled_react-dom_7b2f6d3d._.js:9194:9)
    at performWorkOnRoot (http://localhost:3001/_next/static/chunks/f12ff_next_dist_compiled_react-dom_7b2f6d3d._.js:9166:25)
    at performWorkOnRootViaSchedulerTask (http://localhost:3001/_next/static/chunks/f12ff_next_dist_compiled_react-dom_7b2f6d3d._.js:10230:9)
    at MessagePort.performWorkUntilDeadline (http://localhost:3001/_next/static/chunks/f12ff_next_dist_compiled_cd863794._.js:2647:64) @ http://localhost:3001/_next/static/chunks/f12ff_next_dist_95687940._.js:3132
[    1828ms] [ERROR] IntlError: MISSING_MESSAGE: Cannot read properties of undefined (reading 'split')
    at getFallbackFromErrorAndNotify (http://localhost:3001/_next/static/chunks/node_modules__pnpm_a92eadf3._.js:7251:23)
    at translateBaseFn (http://localhost:3001/_next/static/chunks/node_modules__pnpm_a92eadf3._.js:7281:28)
    at translateFn (http://localhost:3001/_next/static/chunks/node_modules__pnpm_a92eadf3._.js:7343:24)
    at labelFor (http://localhost:3001/_next/static/chunks/_2015e761._.js:485:30)
    at http://localhost:3001/_next/static/chunks/_2015e761._.js:142:34
    at Array.map (<anonymous>)
    at RegionChoropleth (http://localhost:3001/_next/static/chunks/_2015e761._.js:134:43)
    at Object.react_stack_bottom_frame (http://localhost:3001/_next/static/chunks/f12ff_next_dist_compiled_react-dom_7b2f6d3d._.js:14826:24)
    at renderWithHooksAgain (http://localhost:3001/_next/static/chunks/f12ff_next_dist_compiled_react-dom_7b2f6d3d._.js:4706:24)
    at renderWithHooks (http://localhost:3001/_next/static/chunks/f12ff_next_dist_compiled_react-dom_7b2f6d3d._.js:4657:28)
    at updateFunctionComponent (http://localhost:3001/_next/static/chunks/f12ff_next_dist_compiled_react-dom_7b2f6d3d._.js:6112:21)
    at beginWork (http://localhost:3001/_next/static/chunks/f12ff_next_dist_compiled_react-dom_7b2f6d3d._.js:6708:24)
    at runWithFiberInDEV (http://localhost:3001/_next/static/chunks/f12ff_next_dist_compiled_react-dom_7b2f6d3d._.js:965:74)
    at performUnitOfWork (http://localhost:3001/_next/static/chunks/f12ff_next_dist_compiled_react-dom_7b2f6d3d._.js:9562:97)
    at workLoopSync (http://localhost:3001/_next/static/chunks/f12ff_next_dist_compiled_react-dom_7b2f6d3d._.js:9456:40)
    at renderRootSync (http://localhost:3001/_next/static/chunks/f12ff_next_dist_compiled_react-dom_7b2f6d3d._.js:9440:13)
    at performWorkOnRoot (http://localhost:3001/_next/static/chunks/f12ff_next_dist_compiled_react-dom_7b2f6d3d._.js:9068:186)
    at performSyncWorkOnRoot (http://localhost:3001/_next/static/chunks/f12ff_next_dist_compiled_react-dom_7b2f6d3d._.js:10238:9)
    at flushSyncWorkAcrossRoots_impl (http://localhost:3001/_next/static/chunks/f12ff_next_dist_compiled_react-dom_7b2f6d3d._.js:10154:316)
    at flushSpawnedWork (http://localhost:3001/_next/static/chunks/f12ff_next_dist_compiled_react-dom_7b2f6d3d._.js:9914:13)
    at commitRoot (http://localhost:3001/_next/static/chunks/f12ff_next_dist_compiled_react-dom_7b2f6d3d._.js:9720:432)
    at commitRootWhenReady (http://localhost:3001/_next/static/chunks/f12ff_next_dist_compiled_react-dom_7b2f6d3d._.js:9194:9)
    at performWorkOnRoot (http://localhost:3001/_next/static/chunks/f12ff_next_dist_compiled_react-dom_7b2f6d3d._.js:9166:25)
    at performWorkOnRootViaSchedulerTask (http://localhost:3001/_next/static/chunks/f12ff_next_dist_compiled_react-dom_7b2f6d3d._.js:10230:9)
    at MessagePort.performWorkUntilDeadline (http://localhost:3001/_next/static/chunks/f12ff_next_dist_compiled_cd863794._.js:2647:64) @ http://localhost:3001/_next/static/chunks/f12ff_next_dist_95687940._.js:3132
[    1828ms] [ERROR] IntlError: MISSING_MESSAGE: Cannot read properties of undefined (reading 'split')
    at getFallbackFromErrorAndNotify (http://localhost:3001/_next/static/chunks/node_modules__pnpm_a92eadf3._.js:7251:23)
    at translateBaseFn (http://localhost:3001/_next/static/chunks/node_modules__pnpm_a92eadf3._.js:7281:28)
    at translateFn (http://localhost:3001/_next/static/chunks/node_modules__pnpm_a92eadf3._.js:7343:24)
    at labelFor (http://localhost:3001/_next/static/chunks/_2015e761._.js:485:30)
    at http://localhost:3001/_next/static/chunks/_2015e761._.js:142:34
    at Array.map (<anonymous>)
    at RegionChoropleth (http://localhost:3001/_next/static/chunks/_2015e761._.js:134:43)
    at Object.react_stack_bottom_frame (http://localhost:3001/_next/static/chunks/f12ff_next_dist_compiled_react-dom_7b2f6d3d._.js:14826:24)
    at renderWithHooksAgain (http://localhost:3001/_next/static/chunks/f12ff_next_dist_compiled_react-dom_7b2f6d3d._.js:4706:24)
    at renderWithHooks (http://localhost:3001/_next/static/chunks/f12ff_next_dist_compiled_react-dom_7b2f6d3d._.js:4657:28)
    at updateFunctionComponent (http://localhost:3001/_next/static/chunks/f12ff_next_dist_compiled_react-dom_7b2f6d3d._.js:6112:21)
    at beginWork (http://localhost:3001/_next/static/chunks/f12ff_next_dist_compiled_react-dom_7b2f6d3d._.js:6708:24)
    at runWithFiberInDEV (http://localhost:3001/_next/static/chunks/f12ff_next_dist_compiled_react-dom_7b2f6d3d._.js:965:74)
    at performUnitOfWork (http://localhost:3001/_next/static/chunks/f12ff_next_dist_compiled_react-dom_7b2f6d3d._.js:9562:97)
    at workLoopSync (http://localhost:3001/_next/static/chunks/f12ff_next_dist_compiled_react-dom_7b2f6d3d._.js:9456:40)
    at renderRootSync (http://localhost:3001/_next/static/chunks/f12ff_next_dist_compiled_react-dom_7b2f6d3d._.js:9440:13)
    at performWorkOnRoot (http://localhost:3001/_next/static/chunks/f12ff_next_dist_compiled_react-dom_7b2f6d3d._.js:9068:186)
    at performSyncWorkOnRoot (http://localhost:3001/_next/static/chunks/f12ff_next_dist_compiled_react-dom_7b2f6d3d._.js:10238:9)
    at flushSyncWorkAcrossRoots_impl (http://localhost:3001/_next/static/chunks/f12ff_next_dist_compiled_react-dom_7b2f6d3d._.js:10154:316)
    at flushSpawnedWork (http://localhost:3001/_next/static/chunks/f12ff_next_dist_compiled_react-dom_7b2f6d3d._.js:9914:13)
    at commitRoot (http://localhost:3001/_next/static/chunks/f12ff_next_dist_compiled_react-dom_7b2f6d3d._.js:9720:432)
    at commitRootWhenReady (http://localhost:3001/_next/static/chunks/f12ff_next_dist_compiled_react-dom_7b2f6d3d._.js:9194:9)
    at performWorkOnRoot (http://localhost:3001/_next/static/chunks/f12ff_next_dist_compiled_react-dom_7b2f6d3d._.js:9166:25)
    at performWorkOnRootViaSchedulerTask (http://localhost:3001/_next/static/chunks/f12ff_next_dist_compiled_react-dom_7b2f6d3d._.js:10230:9)
    at MessagePort.performWorkUntilDeadline (http://localhost:3001/_next/static/chunks/f12ff_next_dist_compiled_cd863794._.js:2647:64) @ http://localhost:3001/_next/static/chunks/f12ff_next_dist_95687940._.js:3132
[    1828ms] [ERROR] IntlError: MISSING_MESSAGE: Cannot read properties of undefined (reading 'split')
    at getFallbackFromErrorAndNotify (http://localhost:3001/_next/static/chunks/node_modules__pnpm_a92eadf3._.js:7251:23)
    at translateBaseFn (http://localhost:3001/_next/static/chunks/node_modules__pnpm_a92eadf3._.js:7281:28)
    at translateFn (http://localhost:3001/_next/static/chunks/node_modules__pnpm_a92eadf3._.js:7343:24)
    at labelFor (http://localhost:3001/_next/static/chunks/_2015e761._.js:485:30)
    at http://localhost:3001/_next/static/chunks/_2015e761._.js:142:34
    at Array.map (<anonymous>)
    at RegionChoropleth (http://localhost:3001/_next/static/chunks/_2015e761._.js:134:43)
    at Object.react_stack_bottom_frame (http://localhost:3001/_next/static/chunks/f12ff_next_dist_compiled_react-dom_7b2f6d3d._.js:14826:24)
    at renderWithHooksAgain (http://localhost:3001/_next/static/chunks/f12ff_next_dist_compiled_react-dom_7b2f6d3d._.js:4706:24)
    at renderWithHooks (http://localhost:3001/_next/static/chunks/f12ff_next_dist_compiled_react-dom_7b2f6d3d._.js:4657:28)
    at updateFunctionComponent (http://localhost:3001/_next/static/chunks/f12ff_next_dist_compiled_react-dom_7b2f6d3d._.js:6112:21)
    at beginWork (http://localhost:3001/_next/static/chunks/f12ff_next_dist_compiled_react-dom_7b2f6d3d._.js:6708:24)
    at runWithFiberInDEV (http://localhost:3001/_next/static/chunks/f12ff_next_dist_compiled_react-dom_7b2f6d3d._.js:965:74)
    at performUnitOfWork (http://localhost:3001/_next/static/chunks/f12ff_next_dist_compiled_react-dom_7b2f6d3d._.js:9562:97)
    at workLoopSync (http://localhost:3001/_next/static/chunks/f12ff_next_dist_compiled_react-dom_7b2f6d3d._.js:9456:40)
    at renderRootSync (http://localhost:3001/_next/static/chunks/f12ff_next_dist_compiled_react-dom_7b2f6d3d._.js:9440:13)
    at performWorkOnRoot (http://localhost:3001/_next/static/chunks/f12ff_next_dist_compiled_react-dom_7b2f6d3d._.js:9068:186)
    at performSyncWorkOnRoot (http://localhost:3001/_next/static/chunks/f12ff_next_dist_compiled_react-dom_7b2f6d3d._.js:10238:9)
    at flushSyncWorkAcrossRoots_impl (http://localhost:3001/_next/static/chunks/f12ff_next_dist_compiled_react-dom_7b2f6d3d._.js:10154:316)
    at flushSpawnedWork (http://localhost:3001/_next/static/chunks/f12ff_next_dist_compiled_react-dom_7b2f6d3d._.js:9914:13)
    at commitRoot (http://localhost:3001/_next/static/chunks/f12ff_next_dist_compiled_react-dom_7b2f6d3d._.js:9720:432)
    at commitRootWhenReady (http://localhost:3001/_next/static/chunks/f12ff_next_dist_compiled_react-dom_7b2f6d3d._.js:9194:9)
    at performWorkOnRoot (http://localhost:3001/_next/static/chunks/f12ff_next_dist_compiled_react-dom_7b2f6d3d._.js:9166:25)
    at performWorkOnRootViaSchedulerTask (http://localhost:3001/_next/static/chunks/f12ff_next_dist_compiled_react-dom_7b2f6d3d._.js:10230:9)
    at MessagePort.performWorkUntilDeadline (http://localhost:3001/_next/static/chunks/f12ff_next_dist_compiled_cd863794._.js:2647:64) @ http://localhost:3001/_next/static/chunks/f12ff_next_dist_95687940._.js:3132
[    1828ms] [ERROR] IntlError: MISSING_MESSAGE: Cannot read properties of undefined (reading 'split')
    at getFallbackFromErrorAndNotify (http://localhost:3001/_next/static/chunks/node_modules__pnpm_a92eadf3._.js:7251:23)
    at translateBaseFn (http://localhost:3001/_next/static/chunks/node_modules__pnpm_a92eadf3._.js:7281:28)
    at translateFn (http://localhost:3001/_next/static/chunks/node_modules__pnpm_a92eadf3._.js:7343:24)
    at labelFor (http://localhost:3001/_next/static/chunks/_2015e761._.js:485:30)
    at http://localhost:3001/_next/static/chunks/_2015e761._.js:142:34
    at Array.map (<anonymous>)
    at RegionChoropleth (http://localhost:3001/_next/static/chunks/_2015e761._.js:134:43)
    at Object.react_stack_bottom_frame (http://localhost:3001/_next/static/chunks/f12ff_next_dist_compiled_react-dom_7b2f6d3d._.js:14826:24)
    at renderWithHooksAgain (http://localhost:3001/_next/static/chunks/f12ff_next_dist_compiled_react-dom_7b2f6d3d._.js:4706:24)
    at renderWithHooks (http://localhost:3001/_next/static/chunks/f12ff_next_dist_compiled_react-dom_7b2f6d3d._.js:4657:28)
    at updateFunctionComponent (http://localhost:3001/_next/static/chunks/f12ff_next_dist_compiled_react-dom_7b2f6d3d._.js:6112:21)
    at beginWork (http://localhost:3001/_next/static/chunks/f12ff_next_dist_compiled_react-dom_7b2f6d3d._.js:6708:24)
    at runWithFiberInDEV (http://localhost:3001/_next/static/chunks/f12ff_next_dist_compiled_react-dom_7b2f6d3d._.js:965:74)
    at performUnitOfWork (http://localhost:3001/_next/static/chunks/f12ff_next_dist_compiled_react-dom_7b2f6d3d._.js:9562:97)
    at workLoopSync (http://localhost:3001/_next/static/chunks/f12ff_next_dist_compiled_react-dom_7b2f6d3d._.js:9456:40)
    at renderRootSync (http://localhost:3001/_next/static/chunks/f12ff_next_dist_compiled_react-dom_7b2f6d3d._.js:9440:13)
    at performWorkOnRoot (http://localhost:3001/_next/static/chunks/f12ff_next_dist_compiled_react-dom_7b2f6d3d._.js:9068:186)
    at performSyncWorkOnRoot (http://localhost:3001/_next/static/chunks/f12ff_next_dist_compiled_react-dom_7b2f6d3d._.js:10238:9)
    at flushSyncWorkAcrossRoots_impl (http://localhost:3001/_next/static/chunks/f12ff_next_dist_compiled_react-dom_7b2f6d3d._.js:10154:316)
    at flushSpawnedWork (http://localhost:3001/_next/static/chunks/f12ff_next_dist_compiled_react-dom_7b2f6d3d._.js:9914:13)
    at commitRoot (http://localhost:3001/_next/static/chunks/f12ff_next_dist_compiled_react-dom_7b2f6d3d._.js:9720:432)
    at commitRootWhenReady (http://localhost:3001/_next/static/chunks/f12ff_next_dist_compiled_react-dom_7b2f6d3d._.js:9194:9)
    at performWorkOnRoot (http://localhost:3001/_next/static/chunks/f12ff_next_dist_compiled_react-dom_7b2f6d3d._.js:9166:25)
    at performWorkOnRootViaSchedulerTask (http://localhost:3001/_next/static/chunks/f12ff_next_dist_compiled_react-dom_7b2f6d3d._.js:10230:9)
    at MessagePort.performWorkUntilDeadline (http://localhost:3001/_next/static/chunks/f12ff_next_dist_compiled_cd863794._.js:2647:64) @ http://localhost:3001/_next/static/chunks/f12ff_next_dist_95687940._.js:3132
[    1829ms] [ERROR] IntlError: MISSING_MESSAGE: Cannot read properties of undefined (reading 'split')
    at getFallbackFromErrorAndNotify (http://localhost:3001/_next/static/chunks/node_modules__pnpm_a92eadf3._.js:7251:23)
    at translateBaseFn (http://localhost:3001/_next/static/chunks/node_modules__pnpm_a92eadf3._.js:7281:28)
    at translateFn (http://localhost:3001/_next/static/chunks/node_modules__pnpm_a92eadf3._.js:7343:24)
    at labelFor (http://localhost:3001/_next/static/chunks/_2015e761._.js:485:30)
    at http://localhost:3001/_next/static/chunks/_2015e761._.js:142:34
    at Array.map (<anonymous>)
    at RegionChoropleth (http://localhost:3001/_next/static/chunks/_2015e761._.js:134:43)
    at Object.react_stack_bottom_frame (http://localhost:3001/_next/static/chunks/f12ff_next_dist_compiled_react-dom_7b2f6d3d._.js:14826:24)
    at renderWithHooksAgain (http://localhost:3001/_next/static/chunks/f12ff_next_dist_compiled_react-dom_7b2f6d3d._.js:4706:24)
    at renderWithHooks (http://localhost:3001/_next/static/chunks/f12ff_next_dist_compiled_react-dom_7b2f6d3d._.js:4657:28)
    at updateFunctionComponent (http://localhost:3001/_next/static/chunks/f12ff_next_dist_compiled_react-dom_7b2f6d3d._.js:6112:21)
    at beginWork (http://localhost:3001/_next/static/chunks/f12ff_next_dist_compiled_react-dom_7b2f6d3d._.js:6708:24)
    at runWithFiberInDEV (http://localhost:3001/_next/static/chunks/f12ff_next_dist_compiled_react-dom_7b2f6d3d._.js:965:74)
    at performUnitOfWork (http://localhost:3001/_next/static/chunks/f12ff_next_dist_compiled_react-dom_7b2f6d3d._.js:9562:97)
    at workLoopSync (http://localhost:3001/_next/static/chunks/f12ff_next_dist_compiled_react-dom_7b2f6d3d._.js:9456:40)
    at renderRootSync (http://localhost:3001/_next/static/chunks/f12ff_next_dist_compiled_react-dom_7b2f6d3d._.js:9440:13)
    at performWorkOnRoot (http://localhost:3001/_next/static/chunks/f12ff_next_dist_compiled_react-dom_7b2f6d3d._.js:9068:186)
    at performSyncWorkOnRoot (http://localhost:3001/_next/static/chunks/f12ff_next_dist_compiled_react-dom_7b2f6d3d._.js:10238:9)
    at flushSyncWorkAcrossRoots_impl (http://localhost:3001/_next/static/chunks/f12ff_next_dist_compiled_react-dom_7b2f6d3d._.js:10154:316)
    at flushSpawnedWork (http://localhost:3001/_next/static/chunks/f12ff_next_dist_compiled_react-dom_7b2f6d3d._.js:9914:13)
    at commitRoot (http://localhost:3001/_next/static/chunks/f12ff_next_dist_compiled_react-dom_7b2f6d3d._.js:9720:432)
    at commitRootWhenReady (http://localhost:3001/_next/static/chunks/f12ff_next_dist_compiled_react-dom_7b2f6d3d._.js:9194:9)
    at performWorkOnRoot (http://localhost:3001/_next/static/chunks/f12ff_next_dist_compiled_react-dom_7b2f6d3d._.js:9166:25)
    at performWorkOnRootViaSchedulerTask (http://localhost:3001/_next/static/chunks/f12ff_next_dist_compiled_react-dom_7b2f6d3d._.js:10230:9)
    at MessagePort.performWorkUntilDeadline (http://localhost:3001/_next/static/chunks/f12ff_next_dist_compiled_cd863794._.js:2647:64) @ http://localhost:3001/_next/static/chunks/f12ff_next_dist_95687940._.js:3132
[    1829ms] [ERROR] IntlError: MISSING_MESSAGE: Cannot read properties of undefined (reading 'split')
    at getFallbackFromErrorAndNotify (http://localhost:3001/_next/static/chunks/node_modules__pnpm_a92eadf3._.js:7251:23)
    at translateBaseFn (http://localhost:3001/_next/static/chunks/node_modules__pnpm_a92eadf3._.js:7281:28)
    at translateFn (http://localhost:3001/_next/static/chunks/node_modules__pnpm_a92eadf3._.js:7343:24)
    at labelFor (http://localhost:3001/_next/static/chunks/_2015e761._.js:485:30)
    at http://localhost:3001/_next/static/chunks/_2015e761._.js:142:34
    at Array.map (<anonymous>)
    at RegionChoropleth (http://localhost:3001/_next/static/chunks/_2015e761._.js:134:43)
    at Object.react_stack_bottom_frame (http://localhost:3001/_next/static/chunks/f12ff_next_dist_compiled_react-dom_7b2f6d3d._.js:14826:24)
    at renderWithHooksAgain (http://localhost:3001/_next/static/chunks/f12ff_next_dist_compiled_react-dom_7b2f6d3d._.js:4706:24)
    at renderWithHooks (http://localhost:3001/_next/static/chunks/f12ff_next_dist_compiled_react-dom_7b2f6d3d._.js:4657:28)
    at updateFunctionComponent (http://localhost:3001/_next/static/chunks/f12ff_next_dist_compiled_react-dom_7b2f6d3d._.js:6112:21)
    at beginWork (http://localhost:3001/_next/static/chunks/f12ff_next_dist_compiled_react-dom_7b2f6d3d._.js:6708:24)
    at runWithFiberInDEV (http://localhost:3001/_next/static/chunks/f12ff_next_dist_compiled_react-dom_7b2f6d3d._.js:965:74)
    at performUnitOfWork (http://localhost:3001/_next/static/chunks/f12ff_next_dist_compiled_react-dom_7b2f6d3d._.js:9562:97)
    at workLoopSync (http://localhost:3001/_next/static/chunks/f12ff_next_dist_compiled_react-dom_7b2f6d3d._.js:9456:40)
    at renderRootSync (http://localhost:3001/_next/static/chunks/f12ff_next_dist_compiled_react-dom_7b2f6d3d._.js:9440:13)
    at performWorkOnRoot (http://localhost:3001/_next/static/chunks/f12ff_next_dist_compiled_react-dom_7b2f6d3d._.js:9068:186)
    at performSyncWorkOnRoot (http://localhost:3001/_next/static/chunks/f12ff_next_dist_compiled_react-dom_7b2f6d3d._.js:10238:9)
    at flushSyncWorkAcrossRoots_impl (http://localhost:3001/_next/static/chunks/f12ff_next_dist_compiled_react-dom_7b2f6d3d._.js:10154:316)
    at flushSpawnedWork (http://localhost:3001/_next/static/chunks/f12ff_next_dist_compiled_react-dom_7b2f6d3d._.js:9914:13)
    at commitRoot (http://localhost:3001/_next/static/chunks/f12ff_next_dist_compiled_react-dom_7b2f6d3d._.js:9720:432)
    at commitRootWhenReady (http://localhost:3001/_next/static/chunks/f12ff_next_dist_compiled_react-dom_7b2f6d3d._.js:9194:9)
    at performWorkOnRoot (http://localhost:3001/_next/static/chunks/f12ff_next_dist_compiled_react-dom_7b2f6d3d._.js:9166:25)
    at performWorkOnRootViaSchedulerTask (http://localhost:3001/_next/static/chunks/f12ff_next_dist_compiled_react-dom_7b2f6d3d._.js:10230:9)
    at MessagePort.performWorkUntilDeadline (http://localhost:3001/_next/static/chunks/f12ff_next_dist_compiled_cd863794._.js:2647:64) @ http://localhost:3001/_next/static/chunks/f12ff_next_dist_95687940._.js:3132
[    1829ms] [ERROR] IntlError: MISSING_MESSAGE: Cannot read properties of undefined (reading 'split')
    at getFallbackFromErrorAndNotify (http://localhost:3001/_next/static/chunks/node_modules__pnpm_a92eadf3._.js:7251:23)
    at translateBaseFn (http://localhost:3001/_next/static/chunks/node_modules__pnpm_a92eadf3._.js:7281:28)
    at translateFn (http://localhost:3001/_next/static/chunks/node_modules__pnpm_a92eadf3._.js:7343:24)
    at labelFor (http://localhost:3001/_next/static/chunks/_2015e761._.js:485:30)
    at http://localhost:3001/_next/static/chunks/_2015e761._.js:142:34
    at Array.map (<anonymous>)
    at RegionChoropleth (http://localhost:3001/_next/static/chunks/_2015e761._.js:134:43)
    at Object.react_stack_bottom_frame (http://localhost:3001/_next/static/chunks/f12ff_next_dist_compiled_react-dom_7b2f6d3d._.js:14826:24)
    at renderWithHooksAgain (http://localhost:3001/_next/static/chunks/f12ff_next_dist_compiled_react-dom_7b2f6d3d._.js:4706:24)
    at renderWithHooks (http://localhost:3001/_next/static/chunks/f12ff_next_dist_compiled_react-dom_7b2f6d3d._.js:4657:28)
    at updateFunctionComponent (http://localhost:3001/_next/static/chunks/f12ff_next_dist_compiled_react-dom_7b2f6d3d._.js:6112:21)
    at beginWork (http://localhost:3001/_next/static/chunks/f12ff_next_dist_compiled_react-dom_7b2f6d3d._.js:6708:24)
    at runWithFiberInDEV (http://localhost:3001/_next/static/chunks/f12ff_next_dist_compiled_react-dom_7b2f6d3d._.js:965:74)
    at performUnitOfWork (http://localhost:3001/_next/static/chunks/f12ff_next_dist_compiled_react-dom_7b2f6d3d._.js:9562:97)
    at workLoopSync (http://localhost:3001/_next/static/chunks/f12ff_next_dist_compiled_react-dom_7b2f6d3d._.js:9456:40)
    at renderRootSync (http://localhost:3001/_next/static/chunks/f12ff_next_dist_compiled_react-dom_7b2f6d3d._.js:9440:13)
    at performWorkOnRoot (http://localhost:3001/_next/static/chunks/f12ff_next_dist_compiled_react-dom_7b2f6d3d._.js:9068:186)
    at performSyncWorkOnRoot (http://localhost:3001/_next/static/chunks/f12ff_next_dist_compiled_react-dom_7b2f6d3d._.js:10238:9)
    at flushSyncWorkAcrossRoots_impl (http://localhost:3001/_next/static/chunks/f12ff_next_dist_compiled_react-dom_7b2f6d3d._.js:10154:316)
    at flushSpawnedWork (http://localhost:3001/_next/static/chunks/f12ff_next_dist_compiled_react-dom_7b2f6d3d._.js:9914:13)
    at commitRoot (http://localhost:3001/_next/static/chunks/f12ff_next_dist_compiled_react-dom_7b2f6d3d._.js:9720:432)
    at commitRootWhenReady (http://localhost:3001/_next/static/chunks/f12ff_next_dist_compiled_react-dom_7b2f6d3d._.js:9194:9)
    at performWorkOnRoot (http://localhost:3001/_next/static/chunks/f12ff_next_dist_compiled_react-dom_7b2f6d3d._.js:9166:25)
    at performWorkOnRootViaSchedulerTask (http://localhost:3001/_next/static/chunks/f12ff_next_dist_compiled_react-dom_7b2f6d3d._.js:10230:9)
    at MessagePort.performWorkUntilDeadline (http://localhost:3001/_next/static/chunks/f12ff_next_dist_compiled_cd863794._.js:2647:64) @ http://localhost:3001/_next/static/chunks/f12ff_next_dist_95687940._.js:3132
[    1845ms] [WARNING] Ignoring Event: localhost @ http://localhost:3001/_next/static/chunks/f12ff_next_dist_95687940._.js:2302
[    1959ms] [WARNING] Clerk: Clerk has been loaded with development keys. Development instances have strict usage limits and should not be used when deploying your application to production. Learn more: https://clerk.com/docs/deployments/overview @ http://localhost:3001/_next/static/chunks/f12ff_next_dist_95687940._.js:2302
[    2025ms] [ERROR] Access to resource at 'https://gm67v7rk.api.sanity.io/v2024-04-24/data/live/events/development?tag=next-loader.live' from origin 'http://localhost:3001' has been blocked by CORS policy: No 'Access-Control-Allow-Origin' header is present on the requested resource. @ http://localhost:3001/en/atlas:0
[    2026ms] [ERROR] Failed to load resource: net::ERR_FAILED @ https://gm67v7rk.api.sanity.io/v2024-04-24/data/live/events/development?tag=next-loader.live:0
[    2030ms] [LOG] [Fast Refresh] rebuilding @ http://localhost:3001/_next/static/chunks/f12ff_next_dist_95687940._.js:2302
[    2080ms] [LOG] [Fast Refresh] done in 151ms @ http://localhost:3001/_next/static/chunks/f12ff_next_dist_95687940._.js:2302
[    2137ms] [ERROR] Access to fetch at 'https://gm67v7rk.api.sanity.io/v2024-04-24/data/live/events/development?tag=next-loader.live' from origin 'http://localhost:3001' has been blocked by CORS policy: Response to preflight request doesn't pass access control check: No 'Access-Control-Allow-Origin' header is present on the requested resource. @ http://localhost:3001/en/atlas:0
[    2137ms] [ERROR] Failed to load resource: net::ERR_FAILED @ https://gm67v7rk.api.sanity.io/v2024-04-24/data/live/events/development?tag=next-loader.live:0
[    2161ms] [ERROR] IntlError: MISSING_MESSAGE: Cannot read properties of undefined (reading 'split')
    at getFallbackFromErrorAndNotify (http://localhost:3001/_next/static/chunks/node_modules__pnpm_a92eadf3._.js:7251:23)
    at translateBaseFn (http://localhost:3001/_next/static/chunks/node_modules__pnpm_a92eadf3._.js:7281:28)
    at translateFn (http://localhost:3001/_next/static/chunks/node_modules__pnpm_a92eadf3._.js:7343:24)
    at labelFor (http://localhost:3001/_next/static/chunks/_2015e761._.js:485:30)
    at http://localhost:3001/_next/static/chunks/_2015e761._.js:142:34
    at Array.map (<anonymous>)
    at RegionChoropleth (http://localhost:3001/_next/static/chunks/_2015e761._.js:134:43)
    at Object.react_stack_bottom_frame (http://localhost:3001/_next/static/chunks/f12ff_next_dist_compiled_react-dom_7b2f6d3d._.js:14826:24)
    at renderWithHooks (http://localhost:3001/_next/static/chunks/f12ff_next_dist_compiled_react-dom_7b2f6d3d._.js:4651:24)
    at updateFunctionComponent (http://localhost:3001/_next/static/chunks/f12ff_next_dist_compiled_react-dom_7b2f6d3d._.js:6112:21)
    at beginWork (http://localhost:3001/_next/static/chunks/f12ff_next_dist_compiled_react-dom_7b2f6d3d._.js:6708:24)
    at runWithFiberInDEV (http://localhost:3001/_next/static/chunks/f12ff_next_dist_compiled_react-dom_7b2f6d3d._.js:965:74)
    at performUnitOfWork (http://localhost:3001/_next/static/chunks/f12ff_next_dist_compiled_react-dom_7b2f6d3d._.js:9562:97)
    at workLoopSync (http://localhost:3001/_next/static/chunks/f12ff_next_dist_compiled_react-dom_7b2f6d3d._.js:9456:40)
    at renderRootSync (http://localhost:3001/_next/static/chunks/f12ff_next_dist_compiled_react-dom_7b2f6d3d._.js:9440:13)
    at performWorkOnRoot (http://localhost:3001/_next/static/chunks/f12ff_next_dist_compiled_react-dom_7b2f6d3d._.js:9068:186)
    at performSyncWorkOnRoot (http://localhost:3001/_next/static/chunks/f12ff_next_dist_compiled_react-dom_7b2f6d3d._.js:10238:9)
    at flushSyncWorkAcrossRoots_impl (http://localhost:3001/_next/static/chunks/f12ff_next_dist_compiled_react-dom_7b2f6d3d._.js:10154:316)
    at processRootScheduleInMicrotask (http://localhost:3001/_next/static/chunks/f12ff_next_dist_compiled_react-dom_7b2f6d3d._.js:10175:106)
    at http://localhost:3001/_next/static/chunks/f12ff_next_dist_compiled_react-dom_7b2f6d3d._.js:10249:158 @ http://localhost:3001/_next/static/chunks/f12ff_next_dist_95687940._.js:3132
[    2161ms] [ERROR] IntlError: MISSING_MESSAGE: Cannot read properties of undefined (reading 'split')
    at getFallbackFromErrorAndNotify (http://localhost:3001/_next/static/chunks/node_modules__pnpm_a92eadf3._.js:7251:23)
    at translateBaseFn (http://localhost:3001/_next/static/chunks/node_modules__pnpm_a92eadf3._.js:7281:28)
    at translateFn (http://localhost:3001/_next/static/chunks/node_modules__pnpm_a92eadf3._.js:7343:24)
    at labelFor (http://localhost:3001/_next/static/chunks/_2015e761._.js:485:30)
    at http://localhost:3001/_next/static/chunks/_2015e761._.js:142:34
    at Array.map (<anonymous>)
    at RegionChoropleth (http://localhost:3001/_next/static/chunks/_2015e761._.js:134:43)
    at Object.react_stack_bottom_frame (http://localhost:3001/_next/static/chunks/f12ff_next_dist_compiled_react-dom_7b2f6d3d._.js:14826:24)
    at renderWithHooks (http://localhost:3001/_next/static/chunks/f12ff_next_dist_compiled_react-dom_7b2f6d3d._.js:4651:24)
    at updateFunctionComponent (http://localhost:3001/_next/static/chunks/f12ff_next_dist_compiled_react-dom_7b2f6d3d._.js:6112:21)
    at beginWork (http://localhost:3001/_next/static/chunks/f12ff_next_dist_compiled_react-dom_7b2f6d3d._.js:6708:24)
    at runWithFiberInDEV (http://localhost:3001/_next/static/chunks/f12ff_next_dist_compiled_react-dom_7b2f6d3d._.js:965:74)
    at performUnitOfWork (http://localhost:3001/_next/static/chunks/f12ff_next_dist_compiled_react-dom_7b2f6d3d._.js:9562:97)
    at workLoopSync (http://localhost:3001/_next/static/chunks/f12ff_next_dist_compiled_react-dom_7b2f6d3d._.js:9456:40)
    at renderRootSync (http://localhost:3001/_next/static/chunks/f12ff_next_dist_compiled_react-dom_7b2f6d3d._.js:9440:13)
    at performWorkOnRoot (http://localhost:3001/_next/static/chunks/f12ff_next_dist_compiled_react-dom_7b2f6d3d._.js:9068:186)
    at performSyncWorkOnRoot (http://localhost:3001/_next/static/chunks/f12ff_next_dist_compiled_react-dom_7b2f6d3d._.js:10238:9)
    at flushSyncWorkAcrossRoots_impl (http://localhost:3001/_next/static/chunks/f12ff_next_dist_compiled_react-dom_7b2f6d3d._.js:10154:316)
    at processRootScheduleInMicrotask (http://localhost:3001/_next/static/chunks/f12ff_next_dist_compiled_react-dom_7b2f6d3d._.js:10175:106)
    at http://localhost:3001/_next/static/chunks/f12ff_next_dist_compiled_react-dom_7b2f6d3d._.js:10249:158 @ http://localhost:3001/_next/static/chunks/f12ff_next_dist_95687940._.js:3132
[    2161ms] [ERROR] IntlError: MISSING_MESSAGE: Cannot read properties of undefined (reading 'split')
    at getFallbackFromErrorAndNotify (http://localhost:3001/_next/static/chunks/node_modules__pnpm_a92eadf3._.js:7251:23)
    at translateBaseFn (http://localhost:3001/_next/static/chunks/node_modules__pnpm_a92eadf3._.js:7281:28)
    at translateFn (http://localhost:3001/_next/static/chunks/node_modules__pnpm_a92eadf3._.js:7343:24)
    at labelFor (http://localhost:3001/_next/static/chunks/_2015e761._.js:485:30)
    at http://localhost:3001/_next/static/chunks/_2015e761._.js:142:34
    at Array.map (<anonymous>)
    at RegionChoropleth (http://localhost:3001/_next/static/chunks/_2015e761._.js:134:43)
    at Object.react_stack_bottom_frame (http://localhost:3001/_next/static/chunks/f12ff_next_dist_compiled_react-dom_7b2f6d3d._.js:14826:24)
    at renderWithHooks (http://localhost:3001/_next/static/chunks/f12ff_next_dist_compiled_react-dom_7b2f6d3d._.js:4651:24)
    at updateFunctionComponent (http://localhost:3001/_next/static/chunks/f12ff_next_dist_compiled_react-dom_7b2f6d3d._.js:6112:21)
    at beginWork (http://localhost:3001/_next/static/chunks/f12ff_next_dist_compiled_react-dom_7b2f6d3d._.js:6708:24)
    at runWithFiberInDEV (http://localhost:3001/_next/static/chunks/f12ff_next_dist_compiled_react-dom_7b2f6d3d._.js:965:74)
    at performUnitOfWork (http://localhost:3001/_next/static/chunks/f12ff_next_dist_compiled_react-dom_7b2f6d3d._.js:9562:97)
    at workLoopSync (http://localhost:3001/_next/static/chunks/f12ff_next_dist_compiled_react-dom_7b2f6d3d._.js:9456:40)
    at renderRootSync (http://localhost:3001/_next/static/chunks/f12ff_next_dist_compiled_react-dom_7b2f6d3d._.js:9440:13)
    at performWorkOnRoot (http://localhost:3001/_next/static/chunks/f12ff_next_dist_compiled_react-dom_7b2f6d3d._.js:9068:186)
    at performSyncWorkOnRoot (http://localhost:3001/_next/static/chunks/f12ff_next_dist_compiled_react-dom_7b2f6d3d._.js:10238:9)
    at flushSyncWorkAcrossRoots_impl (http://localhost:3001/_next/static/chunks/f12ff_next_dist_compiled_react-dom_7b2f6d3d._.js:10154:316)
    at processRootScheduleInMicrotask (http://localhost:3001/_next/static/chunks/f12ff_next_dist_compiled_react-dom_7b2f6d3d._.js:10175:106)
    at http://localhost:3001/_next/static/chunks/f12ff_next_dist_compiled_react-dom_7b2f6d3d._.js:10249:158 @ http://localhost:3001/_next/static/chunks/f12ff_next_dist_95687940._.js:3132
[    2162ms] [ERROR] IntlError: MISSING_MESSAGE: Cannot read properties of undefined (reading 'split')
    at getFallbackFromErrorAndNotify (http://localhost:3001/_next/static/chunks/node_modules__pnpm_a92eadf3._.js:7251:23)
    at translateBaseFn (http://localhost:3001/_next/static/chunks/node_modules__pnpm_a92eadf3._.js:7281:28)
    at translateFn (http://localhost:3001/_next/static/chunks/node_modules__pnpm_a92eadf3._.js:7343:24)
    at labelFor (http://localhost:3001/_next/static/chunks/_2015e761._.js:485:30)
    at http://localhost:3001/_next/static/chunks/_2015e761._.js:142:34
    at Array.map (<anonymous>)
    at RegionChoropleth (http://localhost:3001/_next/static/chunks/_2015e761._.js:134:43)
    at Object.react_stack_bottom_frame (http://localhost:3001/_next/static/chunks/f12ff_next_dist_compiled_react-dom_7b2f6d3d._.js:14826:24)
    at renderWithHooks (http://localhost:3001/_next/static/chunks/f12ff_next_dist_compiled_react-dom_7b2f6d3d._.js:4651:24)
    at updateFunctionComponent (http://localhost:3001/_next/static/chunks/f12ff_next_dist_compiled_react-dom_7b2f6d3d._.js:6112:21)
    at beginWork (http://localhost:3001/_next/static/chunks/f12ff_next_dist_compiled_react-dom_7b2f6d3d._.js:6708:24)
    at runWithFiberInDEV (http://localhost:3001/_next/static/chunks/f12ff_next_dist_compiled_react-dom_7b2f6d3d._.js:965:74)
    at performUnitOfWork (http://localhost:3001/_next/static/chunks/f12ff_next_dist_compiled_react-dom_7b2f6d3d._.js:9562:97)
    at workLoopSync (http://localhost:3001/_next/static/chunks/f12ff_next_dist_compiled_react-dom_7b2f6d3d._.js:9456:40)
    at renderRootSync (http://localhost:3001/_next/static/chunks/f12ff_next_dist_compiled_react-dom_7b2f6d3d._.js:9440:13)
    at performWorkOnRoot (http://localhost:3001/_next/static/chunks/f12ff_next_dist_compiled_react-dom_7b2f6d3d._.js:9068:186)
    at performSyncWorkOnRoot (http://localhost:3001/_next/static/chunks/f12ff_next_dist_compiled_react-dom_7b2f6d3d._.js:10238:9)
    at flushSyncWorkAcrossRoots_impl (http://localhost:3001/_next/static/chunks/f12ff_next_dist_compiled_react-dom_7b2f6d3d._.js:10154:316)
    at processRootScheduleInMicrotask (http://localhost:3001/_next/static/chunks/f12ff_next_dist_compiled_react-dom_7b2f6d3d._.js:10175:106)
    at http://localhost:3001/_next/static/chunks/f12ff_next_dist_compiled_react-dom_7b2f6d3d._.js:10249:158 @ http://localhost:3001/_next/static/chunks/f12ff_next_dist_95687940._.js:3132
[    2162ms] [ERROR] IntlError: MISSING_MESSAGE: Cannot read properties of undefined (reading 'split')
    at getFallbackFromErrorAndNotify (http://localhost:3001/_next/static/chunks/node_modules__pnpm_a92eadf3._.js:7251:23)
    at translateBaseFn (http://localhost:3001/_next/static/chunks/node_modules__pnpm_a92eadf3._.js:7281:28)
    at translateFn (http://localhost:3001/_next/static/chunks/node_modules__pnpm_a92eadf3._.js:7343:24)
    at labelFor (http://localhost:3001/_next/static/chunks/_2015e761._.js:485:30)
    at http://localhost:3001/_next/static/chunks/_2015e761._.js:142:34
    at Array.map (<anonymous>)
    at RegionChoropleth (http://localhost:3001/_next/static/chunks/_2015e761._.js:134:43)
    at Object.react_stack_bottom_frame (http://localhost:3001/_next/static/chunks/f12ff_next_dist_compiled_react-dom_7b2f6d3d._.js:14826:24)
    at renderWithHooks (http://localhost:3001/_next/static/chunks/f12ff_next_dist_compiled_react-dom_7b2f6d3d._.js:4651:24)
    at updateFunctionComponent (http://localhost:3001/_next/static/chunks/f12ff_next_dist_compiled_react-dom_7b2f6d3d._.js:6112:21)
    at beginWork (http://localhost:3001/_next/static/chunks/f12ff_next_dist_compiled_react-dom_7b2f6d3d._.js:6708:24)
    at runWithFiberInDEV (http://localhost:3001/_next/static/chunks/f12ff_next_dist_compiled_react-dom_7b2f6d3d._.js:965:74)
    at performUnitOfWork (http://localhost:3001/_next/static/chunks/f12ff_next_dist_compiled_react-dom_7b2f6d3d._.js:9562:97)
    at workLoopSync (http://localhost:3001/_next/static/chunks/f12ff_next_dist_compiled_react-dom_7b2f6d3d._.js:9456:40)
    at renderRootSync (http://localhost:3001/_next/static/chunks/f12ff_next_dist_compiled_react-dom_7b2f6d3d._.js:9440:13)
    at performWorkOnRoot (http://localhost:3001/_next/static/chunks/f12ff_next_dist_compiled_react-dom_7b2f6d3d._.js:9068:186)
    at performSyncWorkOnRoot (http://localhost:3001/_next/static/chunks/f12ff_next_dist_compiled_react-dom_7b2f6d3d._.js:10238:9)
    at flushSyncWorkAcrossRoots_impl (http://localhost:3001/_next/static/chunks/f12ff_next_dist_compiled_react-dom_7b2f6d3d._.js:10154:316)
    at processRootScheduleInMicrotask (http://localhost:3001/_next/static/chunks/f12ff_next_dist_compiled_react-dom_7b2f6d3d._.js:10175:106)
    at http://localhost:3001/_next/static/chunks/f12ff_next_dist_compiled_react-dom_7b2f6d3d._.js:10249:158 @ http://localhost:3001/_next/static/chunks/f12ff_next_dist_95687940._.js:3132
[    2162ms] [ERROR] IntlError: MISSING_MESSAGE: Cannot read properties of undefined (reading 'split')
    at getFallbackFromErrorAndNotify (http://localhost:3001/_next/static/chunks/node_modules__pnpm_a92eadf3._.js:7251:23)
    at translateBaseFn (http://localhost:3001/_next/static/chunks/node_modules__pnpm_a92eadf3._.js:7281:28)
    at translateFn (http://localhost:3001/_next/static/chunks/node_modules__pnpm_a92eadf3._.js:7343:24)
    at labelFor (http://localhost:3001/_next/static/chunks/_2015e761._.js:485:30)
    at http://localhost:3001/_next/static/chunks/_2015e761._.js:142:34
    at Array.map (<anonymous>)
    at RegionChoropleth (http://localhost:3001/_next/static/chunks/_2015e761._.js:134:43)
    at Object.react_stack_bottom_frame (http://localhost:3001/_next/static/chunks/f12ff_next_dist_compiled_react-dom_7b2f6d3d._.js:14826:24)
    at renderWithHooks (http://localhost:3001/_next/static/chunks/f12ff_next_dist_compiled_react-dom_7b2f6d3d._.js:4651:24)
    at updateFunctionComponent (http://localhost:3001/_next/static/chunks/f12ff_next_dist_compiled_react-dom_7b2f6d3d._.js:6112:21)
    at beginWork (http://localhost:3001/_next/static/chunks/f12ff_next_dist_compiled_react-dom_7b2f6d3d._.js:6708:24)
    at runWithFiberInDEV (http://localhost:3001/_next/static/chunks/f12ff_next_dist_compiled_react-dom_7b2f6d3d._.js:965:74)
    at performUnitOfWork (http://localhost:3001/_next/static/chunks/f12ff_next_dist_compiled_react-dom_7b2f6d3d._.js:9562:97)
    at workLoopSync (http://localhost:3001/_next/static/chunks/f12ff_next_dist_compiled_react-dom_7b2f6d3d._.js:9456:40)
    at renderRootSync (http://localhost:3001/_next/static/chunks/f12ff_next_dist_compiled_react-dom_7b2f6d3d._.js:9440:13)
    at performWorkOnRoot (http://localhost:3001/_next/static/chunks/f12ff_next_dist_compiled_react-dom_7b2f6d3d._.js:9068:186)
    at performSyncWorkOnRoot (http://localhost:3001/_next/static/chunks/f12ff_next_dist_compiled_react-dom_7b2f6d3d._.js:10238:9)
    at flushSyncWorkAcrossRoots_impl (http://localhost:3001/_next/static/chunks/f12ff_next_dist_compiled_react-dom_7b2f6d3d._.js:10154:316)
    at processRootScheduleInMicrotask (http://localhost:3001/_next/static/chunks/f12ff_next_dist_compiled_react-dom_7b2f6d3d._.js:10175:106)
    at http://localhost:3001/_next/static/chunks/f12ff_next_dist_compiled_react-dom_7b2f6d3d._.js:10249:158 @ http://localhost:3001/_next/static/chunks/f12ff_next_dist_95687940._.js:3132
[    2162ms] [ERROR] IntlError: MISSING_MESSAGE: Cannot read properties of undefined (reading 'split')
    at getFallbackFromErrorAndNotify (http://localhost:3001/_next/static/chunks/node_modules__pnpm_a92eadf3._.js:7251:23)
    at translateBaseFn (http://localhost:3001/_next/static/chunks/node_modules__pnpm_a92eadf3._.js:7281:28)
    at translateFn (http://localhost:3001/_next/static/chunks/node_modules__pnpm_a92eadf3._.js:7343:24)
    at labelFor (http://localhost:3001/_next/static/chunks/_2015e761._.js:485:30)
    at http://localhost:3001/_next/static/chunks/_2015e761._.js:142:34
    at Array.map (<anonymous>)
    at RegionChoropleth (http://localhost:3001/_next/static/chunks/_2015e761._.js:134:43)
    at Object.react_stack_bottom_frame (http://localhost:3001/_next/static/chunks/f12ff_next_dist_compiled_react-dom_7b2f6d3d._.js:14826:24)
    at renderWithHooks (http://localhost:3001/_next/static/chunks/f12ff_next_dist_compiled_react-dom_7b2f6d3d._.js:4651:24)
    at updateFunctionComponent (http://localhost:3001/_next/static/chunks/f12ff_next_dist_compiled_react-dom_7b2f6d3d._.js:6112:21)
    at beginWork (http://localhost:3001/_next/static/chunks/f12ff_next_dist_compiled_react-dom_7b2f6d3d._.js:6708:24)
    at runWithFiberInDEV (http://localhost:3001/_next/static/chunks/f12ff_next_dist_compiled_react-dom_7b2f6d3d._.js:965:74)
    at performUnitOfWork (http://localhost:3001/_next/static/chunks/f12ff_next_dist_compiled_react-dom_7b2f6d3d._.js:9562:97)
    at workLoopSync (http://localhost:3001/_next/static/chunks/f12ff_next_dist_compiled_react-dom_7b2f6d3d._.js:9456:40)
    at renderRootSync (http://localhost:3001/_next/static/chunks/f12ff_next_dist_compiled_react-dom_7b2f6d3d._.js:9440:13)
    at performWorkOnRoot (http://localhost:3001/_next/static/chunks/f12ff_next_dist_compiled_react-dom_7b2f6d3d._.js:9068:186)
    at performSyncWorkOnRoot (http://localhost:3001/_next/static/chunks/f12ff_next_dist_compiled_react-dom_7b2f6d3d._.js:10238:9)
    at flushSyncWorkAcrossRoots_impl (http://localhost:3001/_next/static/chunks/f12ff_next_dist_compiled_react-dom_7b2f6d3d._.js:10154:316)
    at processRootScheduleInMicrotask (http://localhost:3001/_next/static/chunks/f12ff_next_dist_compiled_react-dom_7b2f6d3d._.js:10175:106)
    at http://localhost:3001/_next/static/chunks/f12ff_next_dist_compiled_react-dom_7b2f6d3d._.js:10249:158 @ http://localhost:3001/_next/static/chunks/f12ff_next_dist_95687940._.js:3132
[    2162ms] [ERROR] IntlError: MISSING_MESSAGE: Cannot read properties of undefined (reading 'split')
    at getFallbackFromErrorAndNotify (http://localhost:3001/_next/static/chunks/node_modules__pnpm_a92eadf3._.js:7251:23)
    at translateBaseFn (http://localhost:3001/_next/static/chunks/node_modules__pnpm_a92eadf3._.js:7281:28)
    at translateFn (http://localhost:3001/_next/static/chunks/node_modules__pnpm_a92eadf3._.js:7343:24)
    at labelFor (http://localhost:3001/_next/static/chunks/_2015e761._.js:485:30)
    at http://localhost:3001/_next/static/chunks/_2015e761._.js:142:34
    at Array.map (<anonymous>)
    at RegionChoropleth (http://localhost:3001/_next/static/chunks/_2015e761._.js:134:43)
    at Object.react_stack_bottom_frame (http://localhost:3001/_next/static/chunks/f12ff_next_dist_compiled_react-dom_7b2f6d3d._.js:14826:24)
    at renderWithHooksAgain (http://localhost:3001/_next/static/chunks/f12ff_next_dist_compiled_react-dom_7b2f6d3d._.js:4706:24)
    at renderWithHooks (http://localhost:3001/_next/static/chunks/f12ff_next_dist_compiled_react-dom_7b2f6d3d._.js:4657:28)
    at updateFunctionComponent (http://localhost:3001/_next/static/chunks/f12ff_next_dist_compiled_react-dom_7b2f6d3d._.js:6112:21)
    at beginWork (http://localhost:3001/_next/static/chunks/f12ff_next_dist_compiled_react-dom_7b2f6d3d._.js:6708:24)
    at runWithFiberInDEV (http://localhost:3001/_next/static/chunks/f12ff_next_dist_compiled_react-dom_7b2f6d3d._.js:965:74)
    at performUnitOfWork (http://localhost:3001/_next/static/chunks/f12ff_next_dist_compiled_react-dom_7b2f6d3d._.js:9562:97)
    at workLoopSync (http://localhost:3001/_next/static/chunks/f12ff_next_dist_compiled_react-dom_7b2f6d3d._.js:9456:40)
    at renderRootSync (http://localhost:3001/_next/static/chunks/f12ff_next_dist_compiled_react-dom_7b2f6d3d._.js:9440:13)
    at performWorkOnRoot (http://localhost:3001/_next/static/chunks/f12ff_next_dist_compiled_react-dom_7b2f6d3d._.js:9068:186)
    at performSyncWorkOnRoot (http://localhost:3001/_next/static/chunks/f12ff_next_dist_compiled_react-dom_7b2f6d3d._.js:10238:9)
    at flushSyncWorkAcrossRoots_impl (http://localhost:3001/_next/static/chunks/f12ff_next_dist_compiled_react-dom_7b2f6d3d._.js:10154:316)
    at processRootScheduleInMicrotask (http://localhost:3001/_next/static/chunks/f12ff_next_dist_compiled_react-dom_7b2f6d3d._.js:10175:106)
    at http://localhost:3001/_next/static/chunks/f12ff_next_dist_compiled_react-dom_7b2f6d3d._.js:10249:158 @ http://localhost:3001/_next/static/chunks/f12ff_next_dist_95687940._.js:3132
[    2162ms] [ERROR] IntlError: MISSING_MESSAGE: Cannot read properties of undefined (reading 'split')
    at getFallbackFromErrorAndNotify (http://localhost:3001/_next/static/chunks/node_modules__pnpm_a92eadf3._.js:7251:23)
    at translateBaseFn (http://localhost:3001/_next/static/chunks/node_modules__pnpm_a92eadf3._.js:7281:28)
    at translateFn (http://localhost:3001/_next/static/chunks/node_modules__pnpm_a92eadf3._.js:7343:24)
    at labelFor (http://localhost:3001/_next/static/chunks/_2015e761._.js:485:30)
    at http://localhost:3001/_next/static/chunks/_2015e761._.js:142:34
    at Array.map (<anonymous>)
    at RegionChoropleth (http://localhost:3001/_next/static/chunks/_2015e761._.js:134:43)
    at Object.react_stack_bottom_frame (http://localhost:3001/_next/static/chunks/f12ff_next_dist_compiled_react-dom_7b2f6d3d._.js:14826:24)
    at renderWithHooksAgain (http://localhost:3001/_next/static/chunks/f12ff_next_dist_compiled_react-dom_7b2f6d3d._.js:4706:24)
    at renderWithHooks (http://localhost:3001/_next/static/chunks/f12ff_next_dist_compiled_react-dom_7b2f6d3d._.js:4657:28)
    at updateFunctionComponent (http://localhost:3001/_next/static/chunks/f12ff_next_dist_compiled_react-dom_7b2f6d3d._.js:6112:21)
    at beginWork (http://localhost:3001/_next/static/chunks/f12ff_next_dist_compiled_react-dom_7b2f6d3d._.js:6708:24)
    at runWithFiberInDEV (http://localhost:3001/_next/static/chunks/f12ff_next_dist_compiled_react-dom_7b2f6d3d._.js:965:74)
    at performUnitOfWork (http://localhost:3001/_next/static/chunks/f12ff_next_dist_compiled_react-dom_7b2f6d3d._.js:9562:97)
    at workLoopSync (http://localhost:3001/_next/static/chunks/f12ff_next_dist_compiled_react-dom_7b2f6d3d._.js:9456:40)
    at renderRootSync (http://localhost:3001/_next/static/chunks/f12ff_next_dist_compiled_react-dom_7b2f6d3d._.js:9440:13)
    at performWorkOnRoot (http://localhost:3001/_next/static/chunks/f12ff_next_dist_compiled_react-dom_7b2f6d3d._.js:9068:186)
    at performSyncWorkOnRoot (http://localhost:3001/_next/static/chunks/f12ff_next_dist_compiled_react-dom_7b2f6d3d._.js:10238:9)
    at flushSyncWorkAcrossRoots_impl (http://localhost:3001/_next/static/chunks/f12ff_next_dist_compiled_react-dom_7b2f6d3d._.js:10154:316)
    at processRootScheduleInMicrotask (http://localhost:3001/_next/static/chunks/f12ff_next_dist_compiled_react-dom_7b2f6d3d._.js:10175:106)
    at http://localhost:3001/_next/static/chunks/f12ff_next_dist_compiled_react-dom_7b2f6d3d._.js:10249:158 @ http://localhost:3001/_next/static/chunks/f12ff_next_dist_95687940._.js:3132
[    2162ms] [ERROR] IntlError: MISSING_MESSAGE: Cannot read properties of undefined (reading 'split')
    at getFallbackFromErrorAndNotify (http://localhost:3001/_next/static/chunks/node_modules__pnpm_a92eadf3._.js:7251:23)
    at translateBaseFn (http://localhost:3001/_next/static/chunks/node_modules__pnpm_a92eadf3._.js:7281:28)
    at translateFn (http://localhost:3001/_next/static/chunks/node_modules__pnpm_a92eadf3._.js:7343:24)
    at labelFor (http://localhost:3001/_next/static/chunks/_2015e761._.js:485:30)
    at http://localhost:3001/_next/static/chunks/_2015e761._.js:142:34
    at Array.map (<anonymous>)
    at RegionChoropleth (http://localhost:3001/_next/static/chunks/_2015e761._.js:134:43)
    at Object.react_stack_bottom_frame (http://localhost:3001/_next/static/chunks/f12ff_next_dist_compiled_react-dom_7b2f6d3d._.js:14826:24)
    at renderWithHooksAgain (http://localhost:3001/_next/static/chunks/f12ff_next_dist_compiled_react-dom_7b2f6d3d._.js:4706:24)
    at renderWithHooks (http://localhost:3001/_next/static/chunks/f12ff_next_dist_compiled_react-dom_7b2f6d3d._.js:4657:28)
    at updateFunctionComponent (http://localhost:3001/_next/static/chunks/f12ff_next_dist_compiled_react-dom_7b2f6d3d._.js:6112:21)
    at beginWork (http://localhost:3001/_next/static/chunks/f12ff_next_dist_compiled_react-dom_7b2f6d3d._.js:6708:24)
    at runWithFiberInDEV (http://localhost:3001/_next/static/chunks/f12ff_next_dist_compiled_react-dom_7b2f6d3d._.js:965:74)
    at performUnitOfWork (http://localhost:3001/_next/static/chunks/f12ff_next_dist_compiled_react-dom_7b2f6d3d._.js:9562:97)
    at workLoopSync (http://localhost:3001/_next/static/chunks/f12ff_next_dist_compiled_react-dom_7b2f6d3d._.js:9456:40)
    at renderRootSync (http://localhost:3001/_next/static/chunks/f12ff_next_dist_compiled_react-dom_7b2f6d3d._.js:9440:13)
    at performWorkOnRoot (http://localhost:3001/_next/static/chunks/f12ff_next_dist_compiled_react-dom_7b2f6d3d._.js:9068:186)
    at performSyncWorkOnRoot (http://localhost:3001/_next/static/chunks/f12ff_next_dist_compiled_react-dom_7b2f6d3d._.js:10238:9)
    at flushSyncWorkAcrossRoots_impl (http://localhost:3001/_next/static/chunks/f12ff_next_dist_compiled_react-dom_7b2f6d3d._.js:10154:316)
    at processRootScheduleInMicrotask (http://localhost:3001/_next/static/chunks/f12ff_next_dist_compiled_react-dom_7b2f6d3d._.js:10175:106)
    at http://localhost:3001/_next/static/chunks/f12ff_next_dist_compiled_react-dom_7b2f6d3d._.js:10249:158 @ http://localhost:3001/_next/static/chunks/f12ff_next_dist_95687940._.js:3132
[    2163ms] [ERROR] IntlError: MISSING_MESSAGE: Cannot read properties of undefined (reading 'split')
    at getFallbackFromErrorAndNotify (http://localhost:3001/_next/static/chunks/node_modules__pnpm_a92eadf3._.js:7251:23)
    at translateBaseFn (http://localhost:3001/_next/static/chunks/node_modules__pnpm_a92eadf3._.js:7281:28)
    at translateFn (http://localhost:3001/_next/static/chunks/node_modules__pnpm_a92eadf3._.js:7343:24)
    at labelFor (http://localhost:3001/_next/static/chunks/_2015e761._.js:485:30)
    at http://localhost:3001/_next/static/chunks/_2015e761._.js:142:34
    at Array.map (<anonymous>)
    at RegionChoropleth (http://localhost:3001/_next/static/chunks/_2015e761._.js:134:43)
    at Object.react_stack_bottom_frame (http://localhost:3001/_next/static/chunks/f12ff_next_dist_compiled_react-dom_7b2f6d3d._.js:14826:24)
    at renderWithHooksAgain (http://localhost:3001/_next/static/chunks/f12ff_next_dist_compiled_react-dom_7b2f6d3d._.js:4706:24)
    at renderWithHooks (http://localhost:3001/_next/static/chunks/f12ff_next_dist_compiled_react-dom_7b2f6d3d._.js:4657:28)
    at updateFunctionComponent (http://localhost:3001/_next/static/chunks/f12ff_next_dist_compiled_react-dom_7b2f6d3d._.js:6112:21)
    at beginWork (http://localhost:3001/_next/static/chunks/f12ff_next_dist_compiled_react-dom_7b2f6d3d._.js:6708:24)
    at runWithFiberInDEV (http://localhost:3001/_next/static/chunks/f12ff_next_dist_compiled_react-dom_7b2f6d3d._.js:965:74)
    at performUnitOfWork (http://localhost:3001/_next/static/chunks/f12ff_next_dist_compiled_react-dom_7b2f6d3d._.js:9562:97)
    at workLoopSync (http://localhost:3001/_next/static/chunks/f12ff_next_dist_compiled_react-dom_7b2f6d3d._.js:9456:40)
    at renderRootSync (http://localhost:3001/_next/static/chunks/f12ff_next_dist_compiled_react-dom_7b2f6d3d._.js:9440:13)
    at performWorkOnRoot (http://localhost:3001/_next/static/chunks/f12ff_next_dist_compiled_react-dom_7b2f6d3d._.js:9068:186)
    at performSyncWorkOnRoot (http://localhost:3001/_next/static/chunks/f12ff_next_dist_compiled_react-dom_7b2f6d3d._.js:10238:9)
    at flushSyncWorkAcrossRoots_impl (http://localhost:3001/_next/static/chunks/f12ff_next_dist_compiled_react-dom_7b2f6d3d._.js:10154:316)
    at processRootScheduleInMicrotask (http://localhost:3001/_next/static/chunks/f12ff_next_dist_compiled_react-dom_7b2f6d3d._.js:10175:106)
    at http://localhost:3001/_next/static/chunks/f12ff_next_dist_compiled_react-dom_7b2f6d3d._.js:10249:158 @ http://localhost:3001/_next/static/chunks/f12ff_next_dist_95687940._.js:3132
[    2163ms] [ERROR] IntlError: MISSING_MESSAGE: Cannot read properties of undefined (reading 'split')
    at getFallbackFromErrorAndNotify (http://localhost:3001/_next/static/chunks/node_modules__pnpm_a92eadf3._.js:7251:23)
    at translateBaseFn (http://localhost:3001/_next/static/chunks/node_modules__pnpm_a92eadf3._.js:7281:28)
    at translateFn (http://localhost:3001/_next/static/chunks/node_modules__pnpm_a92eadf3._.js:7343:24)
    at labelFor (http://localhost:3001/_next/static/chunks/_2015e761._.js:485:30)
    at http://localhost:3001/_next/static/chunks/_2015e761._.js:142:34
    at Array.map (<anonymous>)
    at RegionChoropleth (http://localhost:3001/_next/static/chunks/_2015e761._.js:134:43)
    at Object.react_stack_bottom_frame (http://localhost:3001/_next/static/chunks/f12ff_next_dist_compiled_react-dom_7b2f6d3d._.js:14826:24)
    at renderWithHooksAgain (http://localhost:3001/_next/static/chunks/f12ff_next_dist_compiled_react-dom_7b2f6d3d._.js:4706:24)
    at renderWithHooks (http://localhost:3001/_next/static/chunks/f12ff_next_dist_compiled_react-dom_7b2f6d3d._.js:4657:28)
    at updateFunctionComponent (http://localhost:3001/_next/static/chunks/f12ff_next_dist_compiled_react-dom_7b2f6d3d._.js:6112:21)
    at beginWork (http://localhost:3001/_next/static/chunks/f12ff_next_dist_compiled_react-dom_7b2f6d3d._.js:6708:24)
    at runWithFiberInDEV (http://localhost:3001/_next/static/chunks/f12ff_next_dist_compiled_react-dom_7b2f6d3d._.js:965:74)
    at performUnitOfWork (http://localhost:3001/_next/static/chunks/f12ff_next_dist_compiled_react-dom_7b2f6d3d._.js:9562:97)
    at workLoopSync (http://localhost:3001/_next/static/chunks/f12ff_next_dist_compiled_react-dom_7b2f6d3d._.js:9456:40)
    at renderRootSync (http://localhost:3001/_next/static/chunks/f12ff_next_dist_compiled_react-dom_7b2f6d3d._.js:9440:13)
    at performWorkOnRoot (http://localhost:3001/_next/static/chunks/f12ff_next_dist_compiled_react-dom_7b2f6d3d._.js:9068:186)
    at performSyncWorkOnRoot (http://localhost:3001/_next/static/chunks/f12ff_next_dist_compiled_react-dom_7b2f6d3d._.js:10238:9)
    at flushSyncWorkAcrossRoots_impl (http://localhost:3001/_next/static/chunks/f12ff_next_dist_compiled_react-dom_7b2f6d3d._.js:10154:316)
    at processRootScheduleInMicrotask (http://localhost:3001/_next/static/chunks/f12ff_next_dist_compiled_react-dom_7b2f6d3d._.js:10175:106)
    at http://localhost:3001/_next/static/chunks/f12ff_next_dist_compiled_react-dom_7b2f6d3d._.js:10249:158 @ http://localhost:3001/_next/static/chunks/f12ff_next_dist_95687940._.js:3132
[    2163ms] [ERROR] IntlError: MISSING_MESSAGE: Cannot read properties of undefined (reading 'split')
    at getFallbackFromErrorAndNotify (http://localhost:3001/_next/static/chunks/node_modules__pnpm_a92eadf3._.js:7251:23)
    at translateBaseFn (http://localhost:3001/_next/static/chunks/node_modules__pnpm_a92eadf3._.js:7281:28)
    at translateFn (http://localhost:3001/_next/static/chunks/node_modules__pnpm_a92eadf3._.js:7343:24)
    at labelFor (http://localhost:3001/_next/static/chunks/_2015e761._.js:485:30)
    at http://localhost:3001/_next/static/chunks/_2015e761._.js:142:34
    at Array.map (<anonymous>)
    at RegionChoropleth (http://localhost:3001/_next/static/chunks/_2015e761._.js:134:43)
    at Object.react_stack_bottom_frame (http://localhost:3001/_next/static/chunks/f12ff_next_dist_compiled_react-dom_7b2f6d3d._.js:14826:24)
    at renderWithHooksAgain (http://localhost:3001/_next/static/chunks/f12ff_next_dist_compiled_react-dom_7b2f6d3d._.js:4706:24)
    at renderWithHooks (http://localhost:3001/_next/static/chunks/f12ff_next_dist_compiled_react-dom_7b2f6d3d._.js:4657:28)
    at updateFunctionComponent (http://localhost:3001/_next/static/chunks/f12ff_next_dist_compiled_react-dom_7b2f6d3d._.js:6112:21)
    at beginWork (http://localhost:3001/_next/static/chunks/f12ff_next_dist_compiled_react-dom_7b2f6d3d._.js:6708:24)
    at runWithFiberInDEV (http://localhost:3001/_next/static/chunks/f12ff_next_dist_compiled_react-dom_7b2f6d3d._.js:965:74)
    at performUnitOfWork (http://localhost:3001/_next/static/chunks/f12ff_next_dist_compiled_react-dom_7b2f6d3d._.js:9562:97)
    at workLoopSync (http://localhost:3001/_next/static/chunks/f12ff_next_dist_compiled_react-dom_7b2f6d3d._.js:9456:40)
    at renderRootSync (http://localhost:3001/_next/static/chunks/f12ff_next_dist_compiled_react-dom_7b2f6d3d._.js:9440:13)
    at performWorkOnRoot (http://localhost:3001/_next/static/chunks/f12ff_next_dist_compiled_react-dom_7b2f6d3d._.js:9068:186)
    at performSyncWorkOnRoot (http://localhost:3001/_next/static/chunks/f12ff_next_dist_compiled_react-dom_7b2f6d3d._.js:10238:9)
    at flushSyncWorkAcrossRoots_impl (http://localhost:3001/_next/static/chunks/f12ff_next_dist_compiled_react-dom_7b2f6d3d._.js:10154:316)
    at processRootScheduleInMicrotask (http://localhost:3001/_next/static/chunks/f12ff_next_dist_compiled_react-dom_7b2f6d3d._.js:10175:106)
    at http://localhost:3001/_next/static/chunks/f12ff_next_dist_compiled_react-dom_7b2f6d3d._.js:10249:158 @ http://localhost:3001/_next/static/chunks/f12ff_next_dist_95687940._.js:3132
[    2163ms] [ERROR] IntlError: MISSING_MESSAGE: Cannot read properties of undefined (reading 'split')
    at getFallbackFromErrorAndNotify (http://localhost:3001/_next/static/chunks/node_modules__pnpm_a92eadf3._.js:7251:23)
    at translateBaseFn (http://localhost:3001/_next/static/chunks/node_modules__pnpm_a92eadf3._.js:7281:28)
    at translateFn (http://localhost:3001/_next/static/chunks/node_modules__pnpm_a92eadf3._.js:7343:24)
    at labelFor (http://localhost:3001/_next/static/chunks/_2015e761._.js:485:30)
    at http://localhost:3001/_next/static/chunks/_2015e761._.js:142:34
    at Array.map (<anonymous>)
    at RegionChoropleth (http://localhost:3001/_next/static/chunks/_2015e761._.js:134:43)
    at Object.react_stack_bottom_frame (http://localhost:3001/_next/static/chunks/f12ff_next_dist_compiled_react-dom_7b2f6d3d._.js:14826:24)
    at renderWithHooksAgain (http://localhost:3001/_next/static/chunks/f12ff_next_dist_compiled_react-dom_7b2f6d3d._.js:4706:24)
    at renderWithHooks (http://localhost:3001/_next/static/chunks/f12ff_next_dist_compiled_react-dom_7b2f6d3d._.js:4657:28)
    at updateFunctionComponent (http://localhost:3001/_next/static/chunks/f12ff_next_dist_compiled_react-dom_7b2f6d3d._.js:6112:21)
    at beginWork (http://localhost:3001/_next/static/chunks/f12ff_next_dist_compiled_react-dom_7b2f6d3d._.js:6708:24)
    at runWithFiberInDEV (http://localhost:3001/_next/static/chunks/f12ff_next_dist_compiled_react-dom_7b2f6d3d._.js:965:74)
    at performUnitOfWork (http://localhost:3001/_next/static/chunks/f12ff_next_dist_compiled_react-dom_7b2f6d3d._.js:9562:97)
    at workLoopSync (http://localhost:3001/_next/static/chunks/f12ff_next_dist_compiled_react-dom_7b2f6d3d._.js:9456:40)
    at renderRootSync (http://localhost:3001/_next/static/chunks/f12ff_next_dist_compiled_react-dom_7b2f6d3d._.js:9440:13)
    at performWorkOnRoot (http://localhost:3001/_next/static/chunks/f12ff_next_dist_compiled_react-dom_7b2f6d3d._.js:9068:186)
    at performSyncWorkOnRoot (http://localhost:3001/_next/static/chunks/f12ff_next_dist_compiled_react-dom_7b2f6d3d._.js:10238:9)
    at flushSyncWorkAcrossRoots_impl (http://localhost:3001/_next/static/chunks/f12ff_next_dist_compiled_react-dom_7b2f6d3d._.js:10154:316)
    at processRootScheduleInMicrotask (http://localhost:3001/_next/static/chunks/f12ff_next_dist_compiled_react-dom_7b2f6d3d._.js:10175:106)
    at http://localhost:3001/_next/static/chunks/f12ff_next_dist_compiled_react-dom_7b2f6d3d._.js:10249:158 @ http://localhost:3001/_next/static/chunks/f12ff_next_dist_95687940._.js:3132
[    2254ms] [ERROR] Access to fetch at 'https://gm67v7rk.api.sanity.io/v2024-04-24/data/live/events/development?tag=next-loader.live' from origin 'http://localhost:3001' has been blocked by CORS policy: Response to preflight request doesn't pass access control check: No 'Access-Control-Allow-Origin' header is present on the requested resource. @ http://localhost:3001/en/atlas:0
[    2254ms] [ERROR] Failed to load resource: net::ERR_FAILED @ https://gm67v7rk.api.sanity.io/v2024-04-24/data/live/events/development?tag=next-loader.live:0
[    2254ms] [WARNING] Sanity Live is unable to connect to the Sanity API as the current origin - http://localhost:3001 - is not in the list of allowed CORS origins for this Sanity Project. Add it here: https://sanity.io/manage/project/gm67v7rk/api?cors=add&origin=http%3A%2F%2Flocalhost%3A3001 @ http://localhost:3001/_next/static/chunks/f12ff_next_dist_95687940._.js:2302
[  137695ms] [INFO] %cDownload the React DevTools for a better development experience: https://react.dev/link/react-devtools font-weight:bold @ http://localhost:3001/_next/static/chunks/f12ff_next_dist_95687940._.js:2302
[  137807ms] [LOG] [HMR] connected @ http://localhost:3001/_next/static/chunks/f12ff_next_dist_95687940._.js:2302
[  137833ms] [WARNING] Clerk: Clerk has been loaded with development keys. Development instances have strict usage limits and should not be used when deploying your application to production. Learn more: https://clerk.com/docs/deployments/overview @ http://localhost:3001/_next/static/chunks/f12ff_next_dist_95687940._.js:2302
[  137869ms] [WARNING] Missing Algolia environment variables: ALGOLIA_API_KEY @ http://localhost:3001/_next/static/chunks/f12ff_next_dist_95687940._.js:2302
[  137869ms] [WARNING] Algolia admin client not available - missing credentials @ http://localhost:3001/_next/static/chunks/f12ff_next_dist_95687940._.js:2302
[  137869ms] [LOG] ✅ Algolia search client initialized successfully @ http://localhost:3001/_next/static/chunks/f12ff_next_dist_95687940._.js:2302
[  137882ms] [WARNING] Image with src "/connecting-climate-minds-logo-white.png" was detected as the Largest Contentful Paint (LCP). Please add the `loading="eager"` property if this image is above the fold.
Read more: https://nextjs.org/docs/app/api-reference/components/image#loading @ http://localhost:3001/_next/static/chunks/f12ff_next_dist_95687940._.js:2302
[  137918ms] [ERROR] IntlError: MISSING_MESSAGE: Cannot read properties of undefined (reading 'split')
    at getFallbackFromErrorAndNotify (http://localhost:3001/_next/static/chunks/node_modules__pnpm_a92eadf3._.js:7251:23)
    at translateBaseFn (http://localhost:3001/_next/static/chunks/node_modules__pnpm_a92eadf3._.js:7281:28)
    at translateFn (http://localhost:3001/_next/static/chunks/node_modules__pnpm_a92eadf3._.js:7343:24)
    at labelFor (http://localhost:3001/_next/static/chunks/_2015e761._.js:485:30)
    at http://localhost:3001/_next/static/chunks/_2015e761._.js:142:34
    at Array.map (<anonymous>)
    at RegionChoropleth (http://localhost:3001/_next/static/chunks/_2015e761._.js:134:43)
    at Object.react_stack_bottom_frame (http://localhost:3001/_next/static/chunks/f12ff_next_dist_compiled_react-dom_7b2f6d3d._.js:14826:24)
    at renderWithHooks (http://localhost:3001/_next/static/chunks/f12ff_next_dist_compiled_react-dom_7b2f6d3d._.js:4651:24)
    at updateFunctionComponent (http://localhost:3001/_next/static/chunks/f12ff_next_dist_compiled_react-dom_7b2f6d3d._.js:6112:21)
    at beginWork (http://localhost:3001/_next/static/chunks/f12ff_next_dist_compiled_react-dom_7b2f6d3d._.js:6708:24)
    at runWithFiberInDEV (http://localhost:3001/_next/static/chunks/f12ff_next_dist_compiled_react-dom_7b2f6d3d._.js:965:74)
    at performUnitOfWork (http://localhost:3001/_next/static/chunks/f12ff_next_dist_compiled_react-dom_7b2f6d3d._.js:9562:97)
    at workLoopConcurrentByScheduler (http://localhost:3001/_next/static/chunks/f12ff_next_dist_compiled_react-dom_7b2f6d3d._.js:9558:58)
    at renderRootConcurrent (http://localhost:3001/_next/static/chunks/f12ff_next_dist_compiled_react-dom_7b2f6d3d._.js:9541:71)
    at performWorkOnRoot (http://localhost:3001/_next/static/chunks/f12ff_next_dist_compiled_react-dom_7b2f6d3d._.js:9068:150)
    at performWorkOnRootViaSchedulerTask (http://localhost:3001/_next/static/chunks/f12ff_next_dist_compiled_react-dom_7b2f6d3d._.js:10230:9)
    at MessagePort.performWorkUntilDeadline (http://localhost:3001/_next/static/chunks/f12ff_next_dist_compiled_cd863794._.js:2647:64) @ http://localhost:3001/_next/static/chunks/f12ff_next_dist_95687940._.js:3132
[  137922ms] [ERROR] IntlError: MISSING_MESSAGE: Cannot read properties of undefined (reading 'split')
    at getFallbackFromErrorAndNotify (http://localhost:3001/_next/static/chunks/node_modules__pnpm_a92eadf3._.js:7251:23)
    at translateBaseFn (http://localhost:3001/_next/static/chunks/node_modules__pnpm_a92eadf3._.js:7281:28)
    at translateFn (http://localhost:3001/_next/static/chunks/node_modules__pnpm_a92eadf3._.js:7343:24)
    at labelFor (http://localhost:3001/_next/static/chunks/_2015e761._.js:485:30)
    at http://localhost:3001/_next/static/chunks/_2015e761._.js:142:34
    at Array.map (<anonymous>)
    at RegionChoropleth (http://localhost:3001/_next/static/chunks/_2015e761._.js:134:43)
    at Object.react_stack_bottom_frame (http://localhost:3001/_next/static/chunks/f12ff_next_dist_compiled_react-dom_7b2f6d3d._.js:14826:24)
    at renderWithHooks (http://localhost:3001/_next/static/chunks/f12ff_next_dist_compiled_react-dom_7b2f6d3d._.js:4651:24)
    at updateFunctionComponent (http://localhost:3001/_next/static/chunks/f12ff_next_dist_compiled_react-dom_7b2f6d3d._.js:6112:21)
    at beginWork (http://localhost:3001/_next/static/chunks/f12ff_next_dist_compiled_react-dom_7b2f6d3d._.js:6708:24)
    at runWithFiberInDEV (http://localhost:3001/_next/static/chunks/f12ff_next_dist_compiled_react-dom_7b2f6d3d._.js:965:74)
    at performUnitOfWork (http://localhost:3001/_next/static/chunks/f12ff_next_dist_compiled_react-dom_7b2f6d3d._.js:9562:97)
    at workLoopConcurrentByScheduler (http://localhost:3001/_next/static/chunks/f12ff_next_dist_compiled_react-dom_7b2f6d3d._.js:9558:58)
    at renderRootConcurrent (http://localhost:3001/_next/static/chunks/f12ff_next_dist_compiled_react-dom_7b2f6d3d._.js:9541:71)
    at performWorkOnRoot (http://localhost:3001/_next/static/chunks/f12ff_next_dist_compiled_react-dom_7b2f6d3d._.js:9068:150)
    at performWorkOnRootViaSchedulerTask (http://localhost:3001/_next/static/chunks/f12ff_next_dist_compiled_react-dom_7b2f6d3d._.js:10230:9)
    at MessagePort.performWorkUntilDeadline (http://localhost:3001/_next/static/chunks/f12ff_next_dist_compiled_cd863794._.js:2647:64) @ http://localhost:3001/_next/static/chunks/f12ff_next_dist_95687940._.js:3132
[  137922ms] [ERROR] IntlError: MISSING_MESSAGE: Cannot read properties of undefined (reading 'split')
    at getFallbackFromErrorAndNotify (http://localhost:3001/_next/static/chunks/node_modules__pnpm_a92eadf3._.js:7251:23)
    at translateBaseFn (http://localhost:3001/_next/static/chunks/node_modules__pnpm_a92eadf3._.js:7281:28)
    at translateFn (http://localhost:3001/_next/static/chunks/node_modules__pnpm_a92eadf3._.js:7343:24)
    at labelFor (http://localhost:3001/_next/static/chunks/_2015e761._.js:485:30)
    at http://localhost:3001/_next/static/chunks/_2015e761._.js:142:34
    at Array.map (<anonymous>)
    at RegionChoropleth (http://localhost:3001/_next/static/chunks/_2015e761._.js:134:43)
    at Object.react_stack_bottom_frame (http://localhost:3001/_next/static/chunks/f12ff_next_dist_compiled_react-dom_7b2f6d3d._.js:14826:24)
    at renderWithHooks (http://localhost:3001/_next/static/chunks/f12ff_next_dist_compiled_react-dom_7b2f6d3d._.js:4651:24)
    at updateFunctionComponent (http://localhost:3001/_next/static/chunks/f12ff_next_dist_compiled_react-dom_7b2f6d3d._.js:6112:21)
    at beginWork (http://localhost:3001/_next/static/chunks/f12ff_next_dist_compiled_react-dom_7b2f6d3d._.js:6708:24)
    at runWithFiberInDEV (http://localhost:3001/_next/static/chunks/f12ff_next_dist_compiled_react-dom_7b2f6d3d._.js:965:74)
    at performUnitOfWork (http://localhost:3001/_next/static/chunks/f12ff_next_dist_compiled_react-dom_7b2f6d3d._.js:9562:97)
    at workLoopConcurrentByScheduler (http://localhost:3001/_next/static/chunks/f12ff_next_dist_compiled_react-dom_7b2f6d3d._.js:9558:58)
    at renderRootConcurrent (http://localhost:3001/_next/static/chunks/f12ff_next_dist_compiled_react-dom_7b2f6d3d._.js:9541:71)
    at performWorkOnRoot (http://localhost:3001/_next/static/chunks/f12ff_next_dist_compiled_react-dom_7b2f6d3d._.js:9068:150)
    at performWorkOnRootViaSchedulerTask (http://localhost:3001/_next/static/chunks/f12ff_next_dist_compiled_react-dom_7b2f6d3d._.js:10230:9)
    at MessagePort.performWorkUntilDeadline (http://localhost:3001/_next/static/chunks/f12ff_next_dist_compiled_cd863794._.js:2647:64) @ http://localhost:3001/_next/static/chunks/f12ff_next_dist_95687940._.js:3132
[  137922ms] [ERROR] IntlError: MISSING_MESSAGE: Cannot read properties of undefined (reading 'split')
    at getFallbackFromErrorAndNotify (http://localhost:3001/_next/static/chunks/node_modules__pnpm_a92eadf3._.js:7251:23)
    at translateBaseFn (http://localhost:3001/_next/static/chunks/node_modules__pnpm_a92eadf3._.js:7281:28)
    at translateFn (http://localhost:3001/_next/static/chunks/node_modules__pnpm_a92eadf3._.js:7343:24)
    at labelFor (http://localhost:3001/_next/static/chunks/_2015e761._.js:485:30)
    at http://localhost:3001/_next/static/chunks/_2015e761._.js:142:34
    at Array.map (<anonymous>)
    at RegionChoropleth (http://localhost:3001/_next/static/chunks/_2015e761._.js:134:43)
    at Object.react_stack_bottom_frame (http://localhost:3001/_next/static/chunks/f12ff_next_dist_compiled_react-dom_7b2f6d3d._.js:14826:24)
    at renderWithHooks (http://localhost:3001/_next/static/chunks/f12ff_next_dist_compiled_react-dom_7b2f6d3d._.js:4651:24)
    at updateFunctionComponent (http://localhost:3001/_next/static/chunks/f12ff_next_dist_compiled_react-dom_7b2f6d3d._.js:6112:21)
    at beginWork (http://localhost:3001/_next/static/chunks/f12ff_next_dist_compiled_react-dom_7b2f6d3d._.js:6708:24)
    at runWithFiberInDEV (http://localhost:3001/_next/static/chunks/f12ff_next_dist_compiled_react-dom_7b2f6d3d._.js:965:74)
    at performUnitOfWork (http://localhost:3001/_next/static/chunks/f12ff_next_dist_compiled_react-dom_7b2f6d3d._.js:9562:97)
    at workLoopConcurrentByScheduler (http://localhost:3001/_next/static/chunks/f12ff_next_dist_compiled_react-dom_7b2f6d3d._.js:9558:58)
    at renderRootConcurrent (http://localhost:3001/_next/static/chunks/f12ff_next_dist_compiled_react-dom_7b2f6d3d._.js:9541:71)
    at performWorkOnRoot (http://localhost:3001/_next/static/chunks/f12ff_next_dist_compiled_react-dom_7b2f6d3d._.js:9068:150)
    at performWorkOnRootViaSchedulerTask (http://localhost:3001/_next/static/chunks/f12ff_next_dist_compiled_react-dom_7b2f6d3d._.js:10230:9)
    at MessagePort.performWorkUntilDeadline (http://localhost:3001/_next/static/chunks/f12ff_next_dist_compiled_cd863794._.js:2647:64) @ http://localhost:3001/_next/static/chunks/f12ff_next_dist_95687940._.js:3132
[  137922ms] [ERROR] IntlError: MISSING_MESSAGE: Cannot read properties of undefined (reading 'split')
    at getFallbackFromErrorAndNotify (http://localhost:3001/_next/static/chunks/node_modules__pnpm_a92eadf3._.js:7251:23)
    at translateBaseFn (http://localhost:3001/_next/static/chunks/node_modules__pnpm_a92eadf3._.js:7281:28)
    at translateFn (http://localhost:3001/_next/static/chunks/node_modules__pnpm_a92eadf3._.js:7343:24)
    at labelFor (http://localhost:3001/_next/static/chunks/_2015e761._.js:485:30)
    at http://localhost:3001/_next/static/chunks/_2015e761._.js:142:34
    at Array.map (<anonymous>)
    at RegionChoropleth (http://localhost:3001/_next/static/chunks/_2015e761._.js:134:43)
    at Object.react_stack_bottom_frame (http://localhost:3001/_next/static/chunks/f12ff_next_dist_compiled_react-dom_7b2f6d3d._.js:14826:24)
    at renderWithHooks (http://localhost:3001/_next/static/chunks/f12ff_next_dist_compiled_react-dom_7b2f6d3d._.js:4651:24)
    at updateFunctionComponent (http://localhost:3001/_next/static/chunks/f12ff_next_dist_compiled_react-dom_7b2f6d3d._.js:6112:21)
    at beginWork (http://localhost:3001/_next/static/chunks/f12ff_next_dist_compiled_react-dom_7b2f6d3d._.js:6708:24)
    at runWithFiberInDEV (http://localhost:3001/_next/static/chunks/f12ff_next_dist_compiled_react-dom_7b2f6d3d._.js:965:74)
    at performUnitOfWork (http://localhost:3001/_next/static/chunks/f12ff_next_dist_compiled_react-dom_7b2f6d3d._.js:9562:97)
    at workLoopConcurrentByScheduler (http://localhost:3001/_next/static/chunks/f12ff_next_dist_compiled_react-dom_7b2f6d3d._.js:9558:58)
    at renderRootConcurrent (http://localhost:3001/_next/static/chunks/f12ff_next_dist_compiled_react-dom_7b2f6d3d._.js:9541:71)
    at performWorkOnRoot (http://localhost:3001/_next/static/chunks/f12ff_next_dist_compiled_react-dom_7b2f6d3d._.js:9068:150)
    at performWorkOnRootViaSchedulerTask (http://localhost:3001/_next/static/chunks/f12ff_next_dist_compiled_react-dom_7b2f6d3d._.js:10230:9)
    at MessagePort.performWorkUntilDeadline (http://localhost:3001/_next/static/chunks/f12ff_next_dist_compiled_cd863794._.js:2647:64) @ http://localhost:3001/_next/static/chunks/f12ff_next_dist_95687940._.js:3132
[  137923ms] [ERROR] IntlError: MISSING_MESSAGE: Cannot read properties of undefined (reading 'split')
    at getFallbackFromErrorAndNotify (http://localhost:3001/_next/static/chunks/node_modules__pnpm_a92eadf3._.js:7251:23)
    at translateBaseFn (http://localhost:3001/_next/static/chunks/node_modules__pnpm_a92eadf3._.js:7281:28)
    at translateFn (http://localhost:3001/_next/static/chunks/node_modules__pnpm_a92eadf3._.js:7343:24)
    at labelFor (http://localhost:3001/_next/static/chunks/_2015e761._.js:485:30)
    at http://localhost:3001/_next/static/chunks/_2015e761._.js:142:34
    at Array.map (<anonymous>)
    at RegionChoropleth (http://localhost:3001/_next/static/chunks/_2015e761._.js:134:43)
    at Object.react_stack_bottom_frame (http://localhost:3001/_next/static/chunks/f12ff_next_dist_compiled_react-dom_7b2f6d3d._.js:14826:24)
    at renderWithHooks (http://localhost:3001/_next/static/chunks/f12ff_next_dist_compiled_react-dom_7b2f6d3d._.js:4651:24)
    at updateFunctionComponent (http://localhost:3001/_next/static/chunks/f12ff_next_dist_compiled_react-dom_7b2f6d3d._.js:6112:21)
    at beginWork (http://localhost:3001/_next/static/chunks/f12ff_next_dist_compiled_react-dom_7b2f6d3d._.js:6708:24)
    at runWithFiberInDEV (http://localhost:3001/_next/static/chunks/f12ff_next_dist_compiled_react-dom_7b2f6d3d._.js:965:74)
    at performUnitOfWork (http://localhost:3001/_next/static/chunks/f12ff_next_dist_compiled_react-dom_7b2f6d3d._.js:9562:97)
    at workLoopConcurrentByScheduler (http://localhost:3001/_next/static/chunks/f12ff_next_dist_compiled_react-dom_7b2f6d3d._.js:9558:58)
    at renderRootConcurrent (http://localhost:3001/_next/static/chunks/f12ff_next_dist_compiled_react-dom_7b2f6d3d._.js:9541:71)
    at performWorkOnRoot (http://localhost:3001/_next/static/chunks/f12ff_next_dist_compiled_react-dom_7b2f6d3d._.js:9068:150)
    at performWorkOnRootViaSchedulerTask (http://localhost:3001/_next/static/chunks/f12ff_next_dist_compiled_react-dom_7b2f6d3d._.js:10230:9)
    at MessagePort.performWorkUntilDeadline (http://localhost:3001/_next/static/chunks/f12ff_next_dist_compiled_cd863794._.js:2647:64) @ http://localhost:3001/_next/static/chunks/f12ff_next_dist_95687940._.js:3132
[  137923ms] [ERROR] IntlError: MISSING_MESSAGE: Cannot read properties of undefined (reading 'split')
    at getFallbackFromErrorAndNotify (http://localhost:3001/_next/static/chunks/node_modules__pnpm_a92eadf3._.js:7251:23)
    at translateBaseFn (http://localhost:3001/_next/static/chunks/node_modules__pnpm_a92eadf3._.js:7281:28)
    at translateFn (http://localhost:3001/_next/static/chunks/node_modules__pnpm_a92eadf3._.js:7343:24)
    at labelFor (http://localhost:3001/_next/static/chunks/_2015e761._.js:485:30)
    at http://localhost:3001/_next/static/chunks/_2015e761._.js:142:34
    at Array.map (<anonymous>)
    at RegionChoropleth (http://localhost:3001/_next/static/chunks/_2015e761._.js:134:43)
    at Object.react_stack_bottom_frame (http://localhost:3001/_next/static/chunks/f12ff_next_dist_compiled_react-dom_7b2f6d3d._.js:14826:24)
    at renderWithHooks (http://localhost:3001/_next/static/chunks/f12ff_next_dist_compiled_react-dom_7b2f6d3d._.js:4651:24)
    at updateFunctionComponent (http://localhost:3001/_next/static/chunks/f12ff_next_dist_compiled_react-dom_7b2f6d3d._.js:6112:21)
    at beginWork (http://localhost:3001/_next/static/chunks/f12ff_next_dist_compiled_react-dom_7b2f6d3d._.js:6708:24)
    at runWithFiberInDEV (http://localhost:3001/_next/static/chunks/f12ff_next_dist_compiled_react-dom_7b2f6d3d._.js:965:74)
    at performUnitOfWork (http://localhost:3001/_next/static/chunks/f12ff_next_dist_compiled_react-dom_7b2f6d3d._.js:9562:97)
    at workLoopConcurrentByScheduler (http://localhost:3001/_next/static/chunks/f12ff_next_dist_compiled_react-dom_7b2f6d3d._.js:9558:58)
    at renderRootConcurrent (http://localhost:3001/_next/static/chunks/f12ff_next_dist_compiled_react-dom_7b2f6d3d._.js:9541:71)
    at performWorkOnRoot (http://localhost:3001/_next/static/chunks/f12ff_next_dist_compiled_react-dom_7b2f6d3d._.js:9068:150)
    at performWorkOnRootViaSchedulerTask (http://localhost:3001/_next/static/chunks/f12ff_next_dist_compiled_react-dom_7b2f6d3d._.js:10230:9)
    at MessagePort.performWorkUntilDeadline (http://localhost:3001/_next/static/chunks/f12ff_next_dist_compiled_cd863794._.js:2647:64) @ http://localhost:3001/_next/static/chunks/f12ff_next_dist_95687940._.js:3132
[  137923ms] [ERROR] IntlError: MISSING_MESSAGE: Cannot read properties of undefined (reading 'split')
    at getFallbackFromErrorAndNotify (http://localhost:3001/_next/static/chunks/node_modules__pnpm_a92eadf3._.js:7251:23)
    at translateBaseFn (http://localhost:3001/_next/static/chunks/node_modules__pnpm_a92eadf3._.js:7281:28)
    at translateFn (http://localhost:3001/_next/static/chunks/node_modules__pnpm_a92eadf3._.js:7343:24)
    at labelFor (http://localhost:3001/_next/static/chunks/_2015e761._.js:485:30)
    at http://localhost:3001/_next/static/chunks/_2015e761._.js:142:34
    at Array.map (<anonymous>)
    at RegionChoropleth (http://localhost:3001/_next/static/chunks/_2015e761._.js:134:43)
    at Object.react_stack_bottom_frame (http://localhost:3001/_next/static/chunks/f12ff_next_dist_compiled_react-dom_7b2f6d3d._.js:14826:24)
    at renderWithHooksAgain (http://localhost:3001/_next/static/chunks/f12ff_next_dist_compiled_react-dom_7b2f6d3d._.js:4706:24)
    at renderWithHooks (http://localhost:3001/_next/static/chunks/f12ff_next_dist_compiled_react-dom_7b2f6d3d._.js:4657:28)
    at updateFunctionComponent (http://localhost:3001/_next/static/chunks/f12ff_next_dist_compiled_react-dom_7b2f6d3d._.js:6112:21)
    at beginWork (http://localhost:3001/_next/static/chunks/f12ff_next_dist_compiled_react-dom_7b2f6d3d._.js:6708:24)
    at runWithFiberInDEV (http://localhost:3001/_next/static/chunks/f12ff_next_dist_compiled_react-dom_7b2f6d3d._.js:965:74)
    at performUnitOfWork (http://localhost:3001/_next/static/chunks/f12ff_next_dist_compiled_react-dom_7b2f6d3d._.js:9562:97)
    at workLoopConcurrentByScheduler (http://localhost:3001/_next/static/chunks/f12ff_next_dist_compiled_react-dom_7b2f6d3d._.js:9558:58)
    at renderRootConcurrent (http://localhost:3001/_next/static/chunks/f12ff_next_dist_compiled_react-dom_7b2f6d3d._.js:9541:71)
    at performWorkOnRoot (http://localhost:3001/_next/static/chunks/f12ff_next_dist_compiled_react-dom_7b2f6d3d._.js:9068:150)
    at performWorkOnRootViaSchedulerTask (http://localhost:3001/_next/static/chunks/f12ff_next_dist_compiled_react-dom_7b2f6d3d._.js:10230:9)
    at MessagePort.performWorkUntilDeadline (http://localhost:3001/_next/static/chunks/f12ff_next_dist_compiled_cd863794._.js:2647:64) @ http://localhost:3001/_next/static/chunks/f12ff_next_dist_95687940._.js:3132
[  137923ms] [ERROR] IntlError: MISSING_MESSAGE: Cannot read properties of undefined (reading 'split')
    at getFallbackFromErrorAndNotify (http://localhost:3001/_next/static/chunks/node_modules__pnpm_a92eadf3._.js:7251:23)
    at translateBaseFn (http://localhost:3001/_next/static/chunks/node_modules__pnpm_a92eadf3._.js:7281:28)
    at translateFn (http://localhost:3001/_next/static/chunks/node_modules__pnpm_a92eadf3._.js:7343:24)
    at labelFor (http://localhost:3001/_next/static/chunks/_2015e761._.js:485:30)
    at http://localhost:3001/_next/static/chunks/_2015e761._.js:142:34
    at Array.map (<anonymous>)
    at RegionChoropleth (http://localhost:3001/_next/static/chunks/_2015e761._.js:134:43)
    at Object.react_stack_bottom_frame (http://localhost:3001/_next/static/chunks/f12ff_next_dist_compiled_react-dom_7b2f6d3d._.js:14826:24)
    at renderWithHooksAgain (http://localhost:3001/_next/static/chunks/f12ff_next_dist_compiled_react-dom_7b2f6d3d._.js:4706:24)
    at renderWithHooks (http://localhost:3001/_next/static/chunks/f12ff_next_dist_compiled_react-dom_7b2f6d3d._.js:4657:28)
    at updateFunctionComponent (http://localhost:3001/_next/static/chunks/f12ff_next_dist_compiled_react-dom_7b2f6d3d._.js:6112:21)
    at beginWork (http://localhost:3001/_next/static/chunks/f12ff_next_dist_compiled_react-dom_7b2f6d3d._.js:6708:24)
    at runWithFiberInDEV (http://localhost:3001/_next/static/chunks/f12ff_next_dist_compiled_react-dom_7b2f6d3d._.js:965:74)
    at performUnitOfWork (http://localhost:3001/_next/static/chunks/f12ff_next_dist_compiled_react-dom_7b2f6d3d._.js:9562:97)
    at workLoopConcurrentByScheduler (http://localhost:3001/_next/static/chunks/f12ff_next_dist_compiled_react-dom_7b2f6d3d._.js:9558:58)
    at renderRootConcurrent (http://localhost:3001/_next/static/chunks/f12ff_next_dist_compiled_react-dom_7b2f6d3d._.js:9541:71)
    at performWorkOnRoot (http://localhost:3001/_next/static/chunks/f12ff_next_dist_compiled_react-dom_7b2f6d3d._.js:9068:150)
    at performWorkOnRootViaSchedulerTask (http://localhost:3001/_next/static/chunks/f12ff_next_dist_compiled_react-dom_7b2f6d3d._.js:10230:9)
    at MessagePort.performWorkUntilDeadline (http://localhost:3001/_next/static/chunks/f12ff_next_dist_compiled_cd863794._.js:2647:64) @ http://localhost:3001/_next/static/chunks/f12ff_next_dist_95687940._.js:3132
[  137923ms] [ERROR] IntlError: MISSING_MESSAGE: Cannot read properties of undefined (reading 'split')
    at getFallbackFromErrorAndNotify (http://localhost:3001/_next/static/chunks/node_modules__pnpm_a92eadf3._.js:7251:23)
    at translateBaseFn (http://localhost:3001/_next/static/chunks/node_modules__pnpm_a92eadf3._.js:7281:28)
    at translateFn (http://localhost:3001/_next/static/chunks/node_modules__pnpm_a92eadf3._.js:7343:24)
    at labelFor (http://localhost:3001/_next/static/chunks/_2015e761._.js:485:30)
    at http://localhost:3001/_next/static/chunks/_2015e761._.js:142:34
    at Array.map (<anonymous>)
    at RegionChoropleth (http://localhost:3001/_next/static/chunks/_2015e761._.js:134:43)
    at Object.react_stack_bottom_frame (http://localhost:3001/_next/static/chunks/f12ff_next_dist_compiled_react-dom_7b2f6d3d._.js:14826:24)
    at renderWithHooksAgain (http://localhost:3001/_next/static/chunks/f12ff_next_dist_compiled_react-dom_7b2f6d3d._.js:4706:24)
    at renderWithHooks (http://localhost:3001/_next/static/chunks/f12ff_next_dist_compiled_react-dom_7b2f6d3d._.js:4657:28)
    at updateFunctionComponent (http://localhost:3001/_next/static/chunks/f12ff_next_dist_compiled_react-dom_7b2f6d3d._.js:6112:21)
    at beginWork (http://localhost:3001/_next/static/chunks/f12ff_next_dist_compiled_react-dom_7b2f6d3d._.js:6708:24)
    at runWithFiberInDEV (http://localhost:3001/_next/static/chunks/f12ff_next_dist_compiled_react-dom_7b2f6d3d._.js:965:74)
    at performUnitOfWork (http://localhost:3001/_next/static/chunks/f12ff_next_dist_compiled_react-dom_7b2f6d3d._.js:9562:97)
    at workLoopConcurrentByScheduler (http://localhost:3001/_next/static/chunks/f12ff_next_dist_compiled_react-dom_7b2f6d3d._.js:9558:58)
    at renderRootConcurrent (http://localhost:3001/_next/static/chunks/f12ff_next_dist_compiled_react-dom_7b2f6d3d._.js:9541:71)
    at performWorkOnRoot (http://localhost:3001/_next/static/chunks/f12ff_next_dist_compiled_react-dom_7b2f6d3d._.js:9068:150)
    at performWorkOnRootViaSchedulerTask (http://localhost:3001/_next/static/chunks/f12ff_next_dist_compiled_react-dom_7b2f6d3d._.js:10230:9)
    at MessagePort.performWorkUntilDeadline (http://localhost:3001/_next/static/chunks/f12ff_next_dist_compiled_cd863794._.js:2647:64) @ http://localhost:3001/_next/static/chunks/f12ff_next_dist_95687940._.js:3132
[  137923ms] [ERROR] IntlError: MISSING_MESSAGE: Cannot read properties of undefined (reading 'split')
    at getFallbackFromErrorAndNotify (http://localhost:3001/_next/static/chunks/node_modules__pnpm_a92eadf3._.js:7251:23)
    at translateBaseFn (http://localhost:3001/_next/static/chunks/node_modules__pnpm_a92eadf3._.js:7281:28)
    at translateFn (http://localhost:3001/_next/static/chunks/node_modules__pnpm_a92eadf3._.js:7343:24)
    at labelFor (http://localhost:3001/_next/static/chunks/_2015e761._.js:485:30)
    at http://localhost:3001/_next/static/chunks/_2015e761._.js:142:34
    at Array.map (<anonymous>)
    at RegionChoropleth (http://localhost:3001/_next/static/chunks/_2015e761._.js:134:43)
    at Object.react_stack_bottom_frame (http://localhost:3001/_next/static/chunks/f12ff_next_dist_compiled_react-dom_7b2f6d3d._.js:14826:24)
    at renderWithHooksAgain (http://localhost:3001/_next/static/chunks/f12ff_next_dist_compiled_react-dom_7b2f6d3d._.js:4706:24)
    at renderWithHooks (http://localhost:3001/_next/static/chunks/f12ff_next_dist_compiled_react-dom_7b2f6d3d._.js:4657:28)
    at updateFunctionComponent (http://localhost:3001/_next/static/chunks/f12ff_next_dist_compiled_react-dom_7b2f6d3d._.js:6112:21)
    at beginWork (http://localhost:3001/_next/static/chunks/f12ff_next_dist_compiled_react-dom_7b2f6d3d._.js:6708:24)
    at runWithFiberInDEV (http://localhost:3001/_next/static/chunks/f12ff_next_dist_compiled_react-dom_7b2f6d3d._.js:965:74)
    at performUnitOfWork (http://localhost:3001/_next/static/chunks/f12ff_next_dist_compiled_react-dom_7b2f6d3d._.js:9562:97)
    at workLoopConcurrentByScheduler (http://localhost:3001/_next/static/chunks/f12ff_next_dist_compiled_react-dom_7b2f6d3d._.js:9558:58)
    at renderRootConcurrent (http://localhost:3001/_next/static/chunks/f12ff_next_dist_compiled_react-dom_7b2f6d3d._.js:9541:71)
    at performWorkOnRoot (http://localhost:3001/_next/static/chunks/f12ff_next_dist_compiled_react-dom_7b2f6d3d._.js:9068:150)
    at performWorkOnRootViaSchedulerTask (http://localhost:3001/_next/static/chunks/f12ff_next_dist_compiled_react-dom_7b2f6d3d._.js:10230:9)
    at MessagePort.performWorkUntilDeadline (http://localhost:3001/_next/static/chunks/f12ff_next_dist_compiled_cd863794._.js:2647:64) @ http://localhost:3001/_next/static/chunks/f12ff_next_dist_95687940._.js:3132
[  137923ms] [ERROR] IntlError: MISSING_MESSAGE: Cannot read properties of undefined (reading 'split')
    at getFallbackFromErrorAndNotify (http://localhost:3001/_next/static/chunks/node_modules__pnpm_a92eadf3._.js:7251:23)
    at translateBaseFn (http://localhost:3001/_next/static/chunks/node_modules__pnpm_a92eadf3._.js:7281:28)
    at translateFn (http://localhost:3001/_next/static/chunks/node_modules__pnpm_a92eadf3._.js:7343:24)
    at labelFor (http://localhost:3001/_next/static/chunks/_2015e761._.js:485:30)
    at http://localhost:3001/_next/static/chunks/_2015e761._.js:142:34
    at Array.map (<anonymous>)
    at RegionChoropleth (http://localhost:3001/_next/static/chunks/_2015e761._.js:134:43)
    at Object.react_stack_bottom_frame (http://localhost:3001/_next/static/chunks/f12ff_next_dist_compiled_react-dom_7b2f6d3d._.js:14826:24)
    at renderWithHooksAgain (http://localhost:3001/_next/static/chunks/f12ff_next_dist_compiled_react-dom_7b2f6d3d._.js:4706:24)
    at renderWithHooks (http://localhost:3001/_next/static/chunks/f12ff_next_dist_compiled_react-dom_7b2f6d3d._.js:4657:28)
    at updateFunctionComponent (http://localhost:3001/_next/static/chunks/f12ff_next_dist_compiled_react-dom_7b2f6d3d._.js:6112:21)
    at beginWork (http://localhost:3001/_next/static/chunks/f12ff_next_dist_compiled_react-dom_7b2f6d3d._.js:6708:24)
    at runWithFiberInDEV (http://localhost:3001/_next/static/chunks/f12ff_next_dist_compiled_react-dom_7b2f6d3d._.js:965:74)
    at performUnitOfWork (http://localhost:3001/_next/static/chunks/f12ff_next_dist_compiled_react-dom_7b2f6d3d._.js:9562:97)
    at workLoopConcurrentByScheduler (http://localhost:3001/_next/static/chunks/f12ff_next_dist_compiled_react-dom_7b2f6d3d._.js:9558:58)
    at renderRootConcurrent (http://localhost:3001/_next/static/chunks/f12ff_next_dist_compiled_react-dom_7b2f6d3d._.js:9541:71)
    at performWorkOnRoot (http://localhost:3001/_next/static/chunks/f12ff_next_dist_compiled_react-dom_7b2f6d3d._.js:9068:150)
    at performWorkOnRootViaSchedulerTask (http://localhost:3001/_next/static/chunks/f12ff_next_dist_compiled_react-dom_7b2f6d3d._.js:10230:9)
    at MessagePort.performWorkUntilDeadline (http://localhost:3001/_next/static/chunks/f12ff_next_dist_compiled_cd863794._.js:2647:64) @ http://localhost:3001/_next/static/chunks/f12ff_next_dist_95687940._.js:3132
[  137923ms] [ERROR] IntlError: MISSING_MESSAGE: Cannot read properties of undefined (reading 'split')
    at getFallbackFromErrorAndNotify (http://localhost:3001/_next/static/chunks/node_modules__pnpm_a92eadf3._.js:7251:23)
    at translateBaseFn (http://localhost:3001/_next/static/chunks/node_modules__pnpm_a92eadf3._.js:7281:28)
    at translateFn (http://localhost:3001/_next/static/chunks/node_modules__pnpm_a92eadf3._.js:7343:24)
    at labelFor (http://localhost:3001/_next/static/chunks/_2015e761._.js:485:30)
    at http://localhost:3001/_next/static/chunks/_2015e761._.js:142:34
    at Array.map (<anonymous>)
    at RegionChoropleth (http://localhost:3001/_next/static/chunks/_2015e761._.js:134:43)
    at Object.react_stack_bottom_frame (http://localhost:3001/_next/static/chunks/f12ff_next_dist_compiled_react-dom_7b2f6d3d._.js:14826:24)
    at renderWithHooksAgain (http://localhost:3001/_next/static/chunks/f12ff_next_dist_compiled_react-dom_7b2f6d3d._.js:4706:24)
    at renderWithHooks (http://localhost:3001/_next/static/chunks/f12ff_next_dist_compiled_react-dom_7b2f6d3d._.js:4657:28)
    at updateFunctionComponent (http://localhost:3001/_next/static/chunks/f12ff_next_dist_compiled_react-dom_7b2f6d3d._.js:6112:21)
    at beginWork (http://localhost:3001/_next/static/chunks/f12ff_next_dist_compiled_react-dom_7b2f6d3d._.js:6708:24)
    at runWithFiberInDEV (http://localhost:3001/_next/static/chunks/f12ff_next_dist_compiled_react-dom_7b2f6d3d._.js:965:74)
    at performUnitOfWork (http://localhost:3001/_next/static/chunks/f12ff_next_dist_compiled_react-dom_7b2f6d3d._.js:9562:97)
    at workLoopConcurrentByScheduler (http://localhost:3001/_next/static/chunks/f12ff_next_dist_compiled_react-dom_7b2f6d3d._.js:9558:58)
    at renderRootConcurrent (http://localhost:3001/_next/static/chunks/f12ff_next_dist_compiled_react-dom_7b2f6d3d._.js:9541:71)
    at performWorkOnRoot (http://localhost:3001/_next/static/chunks/f12ff_next_dist_compiled_react-dom_7b2f6d3d._.js:9068:150)
    at performWorkOnRootViaSchedulerTask (http://localhost:3001/_next/static/chunks/f12ff_next_dist_compiled_react-dom_7b2f6d3d._.js:10230:9)
    at MessagePort.performWorkUntilDeadline (http://localhost:3001/_next/static/chunks/f12ff_next_dist_compiled_cd863794._.js:2647:64) @ http://localhost:3001/_next/static/chunks/f12ff_next_dist_95687940._.js:3132
[  137923ms] [ERROR] IntlError: MISSING_MESSAGE: Cannot read properties of undefined (reading 'split')
    at getFallbackFromErrorAndNotify (http://localhost:3001/_next/static/chunks/node_modules__pnpm_a92eadf3._.js:7251:23)
    at translateBaseFn (http://localhost:3001/_next/static/chunks/node_modules__pnpm_a92eadf3._.js:7281:28)
    at translateFn (http://localhost:3001/_next/static/chunks/node_modules__pnpm_a92eadf3._.js:7343:24)
    at labelFor (http://localhost:3001/_next/static/chunks/_2015e761._.js:485:30)
    at http://localhost:3001/_next/static/chunks/_2015e761._.js:142:34
    at Array.map (<anonymous>)
    at RegionChoropleth (http://localhost:3001/_next/static/chunks/_2015e761._.js:134:43)
    at Object.react_stack_bottom_frame (http://localhost:3001/_next/static/chunks/f12ff_next_dist_compiled_react-dom_7b2f6d3d._.js:14826:24)
    at renderWithHooksAgain (http://localhost:3001/_next/static/chunks/f12ff_next_dist_compiled_react-dom_7b2f6d3d._.js:4706:24)
    at renderWithHooks (http://localhost:3001/_next/static/chunks/f12ff_next_dist_compiled_react-dom_7b2f6d3d._.js:4657:28)
    at updateFunctionComponent (http://localhost:3001/_next/static/chunks/f12ff_next_dist_compiled_react-dom_7b2f6d3d._.js:6112:21)
    at beginWork (http://localhost:3001/_next/static/chunks/f12ff_next_dist_compiled_react-dom_7b2f6d3d._.js:6708:24)
    at runWithFiberInDEV (http://localhost:3001/_next/static/chunks/f12ff_next_dist_compiled_react-dom_7b2f6d3d._.js:965:74)
    at performUnitOfWork (http://localhost:3001/_next/static/chunks/f12ff_next_dist_compiled_react-dom_7b2f6d3d._.js:9562:97)
    at workLoopConcurrentByScheduler (http://localhost:3001/_next/static/chunks/f12ff_next_dist_compiled_react-dom_7b2f6d3d._.js:9558:58)
    at renderRootConcurrent (http://localhost:3001/_next/static/chunks/f12ff_next_dist_compiled_react-dom_7b2f6d3d._.js:9541:71)
    at performWorkOnRoot (http://localhost:3001/_next/static/chunks/f12ff_next_dist_compiled_react-dom_7b2f6d3d._.js:9068:150)
    at performWorkOnRootViaSchedulerTask (http://localhost:3001/_next/static/chunks/f12ff_next_dist_compiled_react-dom_7b2f6d3d._.js:10230:9)
    at MessagePort.performWorkUntilDeadline (http://localhost:3001/_next/static/chunks/f12ff_next_dist_compiled_cd863794._.js:2647:64) @ http://localhost:3001/_next/static/chunks/f12ff_next_dist_95687940._.js:3132
[  137970ms] [ERROR] IntlError: MISSING_MESSAGE: Cannot read properties of undefined (reading 'split')
    at getFallbackFromErrorAndNotify (http://localhost:3001/_next/static/chunks/node_modules__pnpm_a92eadf3._.js:7251:23)
    at translateBaseFn (http://localhost:3001/_next/static/chunks/node_modules__pnpm_a92eadf3._.js:7281:28)
    at translateFn (http://localhost:3001/_next/static/chunks/node_modules__pnpm_a92eadf3._.js:7343:24)
    at labelFor (http://localhost:3001/_next/static/chunks/_2015e761._.js:485:30)
    at http://localhost:3001/_next/static/chunks/_2015e761._.js:142:34
    at Array.map (<anonymous>)
    at RegionChoropleth (http://localhost:3001/_next/static/chunks/_2015e761._.js:134:43)
    at Object.react_stack_bottom_frame (http://localhost:3001/_next/static/chunks/f12ff_next_dist_compiled_react-dom_7b2f6d3d._.js:14826:24)
    at renderWithHooks (http://localhost:3001/_next/static/chunks/f12ff_next_dist_compiled_react-dom_7b2f6d3d._.js:4651:24)
    at updateFunctionComponent (http://localhost:3001/_next/static/chunks/f12ff_next_dist_compiled_react-dom_7b2f6d3d._.js:6112:21)
    at beginWork (http://localhost:3001/_next/static/chunks/f12ff_next_dist_compiled_react-dom_7b2f6d3d._.js:6708:24)
    at runWithFiberInDEV (http://localhost:3001/_next/static/chunks/f12ff_next_dist_compiled_react-dom_7b2f6d3d._.js:965:74)
    at performUnitOfWork (http://localhost:3001/_next/static/chunks/f12ff_next_dist_compiled_react-dom_7b2f6d3d._.js:9562:97)
    at workLoopSync (http://localhost:3001/_next/static/chunks/f12ff_next_dist_compiled_react-dom_7b2f6d3d._.js:9456:40)
    at renderRootSync (http://localhost:3001/_next/static/chunks/f12ff_next_dist_compiled_react-dom_7b2f6d3d._.js:9440:13)
    at performWorkOnRoot (http://localhost:3001/_next/static/chunks/f12ff_next_dist_compiled_react-dom_7b2f6d3d._.js:9068:186)
    at performSyncWorkOnRoot (http://localhost:3001/_next/static/chunks/f12ff_next_dist_compiled_react-dom_7b2f6d3d._.js:10238:9)
    at flushSyncWorkAcrossRoots_impl (http://localhost:3001/_next/static/chunks/f12ff_next_dist_compiled_react-dom_7b2f6d3d._.js:10154:316)
    at flushSpawnedWork (http://localhost:3001/_next/static/chunks/f12ff_next_dist_compiled_react-dom_7b2f6d3d._.js:9914:13)
    at commitRoot (http://localhost:3001/_next/static/chunks/f12ff_next_dist_compiled_react-dom_7b2f6d3d._.js:9720:432)
    at commitRootWhenReady (http://localhost:3001/_next/static/chunks/f12ff_next_dist_compiled_react-dom_7b2f6d3d._.js:9194:9)
    at performWorkOnRoot (http://localhost:3001/_next/static/chunks/f12ff_next_dist_compiled_react-dom_7b2f6d3d._.js:9166:25)
    at performWorkOnRootViaSchedulerTask (http://localhost:3001/_next/static/chunks/f12ff_next_dist_compiled_react-dom_7b2f6d3d._.js:10230:9)
    at MessagePort.performWorkUntilDeadline (http://localhost:3001/_next/static/chunks/f12ff_next_dist_compiled_cd863794._.js:2647:64) @ http://localhost:3001/_next/static/chunks/f12ff_next_dist_95687940._.js:3132
[  137970ms] [ERROR] IntlError: MISSING_MESSAGE: Cannot read properties of undefined (reading 'split')
    at getFallbackFromErrorAndNotify (http://localhost:3001/_next/static/chunks/node_modules__pnpm_a92eadf3._.js:7251:23)
    at translateBaseFn (http://localhost:3001/_next/static/chunks/node_modules__pnpm_a92eadf3._.js:7281:28)
    at translateFn (http://localhost:3001/_next/static/chunks/node_modules__pnpm_a92eadf3._.js:7343:24)
    at labelFor (http://localhost:3001/_next/static/chunks/_2015e761._.js:485:30)
    at http://localhost:3001/_next/static/chunks/_2015e761._.js:142:34
    at Array.map (<anonymous>)
    at RegionChoropleth (http://localhost:3001/_next/static/chunks/_2015e761._.js:134:43)
    at Object.react_stack_bottom_frame (http://localhost:3001/_next/static/chunks/f12ff_next_dist_compiled_react-dom_7b2f6d3d._.js:14826:24)
    at renderWithHooks (http://localhost:3001/_next/static/chunks/f12ff_next_dist_compiled_react-dom_7b2f6d3d._.js:4651:24)
    at updateFunctionComponent (http://localhost:3001/_next/static/chunks/f12ff_next_dist_compiled_react-dom_7b2f6d3d._.js:6112:21)
    at beginWork (http://localhost:3001/_next/static/chunks/f12ff_next_dist_compiled_react-dom_7b2f6d3d._.js:6708:24)
    at runWithFiberInDEV (http://localhost:3001/_next/static/chunks/f12ff_next_dist_compiled_react-dom_7b2f6d3d._.js:965:74)
    at performUnitOfWork (http://localhost:3001/_next/static/chunks/f12ff_next_dist_compiled_react-dom_7b2f6d3d._.js:9562:97)
    at workLoopSync (http://localhost:3001/_next/static/chunks/f12ff_next_dist_compiled_react-dom_7b2f6d3d._.js:9456:40)
    at renderRootSync (http://localhost:3001/_next/static/chunks/f12ff_next_dist_compiled_react-dom_7b2f6d3d._.js:9440:13)
    at performWorkOnRoot (http://localhost:3001/_next/static/chunks/f12ff_next_dist_compiled_react-dom_7b2f6d3d._.js:9068:186)
    at performSyncWorkOnRoot (http://localhost:3001/_next/static/chunks/f12ff_next_dist_compiled_react-dom_7b2f6d3d._.js:10238:9)
    at flushSyncWorkAcrossRoots_impl (http://localhost:3001/_next/static/chunks/f12ff_next_dist_compiled_react-dom_7b2f6d3d._.js:10154:316)
    at flushSpawnedWork (http://localhost:3001/_next/static/chunks/f12ff_next_dist_compiled_react-dom_7b2f6d3d._.js:9914:13)
    at commitRoot (http://localhost:3001/_next/static/chunks/f12ff_next_dist_compiled_react-dom_7b2f6d3d._.js:9720:432)
    at commitRootWhenReady (http://localhost:3001/_next/static/chunks/f12ff_next_dist_compiled_react-dom_7b2f6d3d._.js:9194:9)
    at performWorkOnRoot (http://localhost:3001/_next/static/chunks/f12ff_next_dist_compiled_react-dom_7b2f6d3d._.js:9166:25)
    at performWorkOnRootViaSchedulerTask (http://localhost:3001/_next/static/chunks/f12ff_next_dist_compiled_react-dom_7b2f6d3d._.js:10230:9)
    at MessagePort.performWorkUntilDeadline (http://localhost:3001/_next/static/chunks/f12ff_next_dist_compiled_cd863794._.js:2647:64) @ http://localhost:3001/_next/static/chunks/f12ff_next_dist_95687940._.js:3132
[  137970ms] [ERROR] IntlError: MISSING_MESSAGE: Cannot read properties of undefined (reading 'split')
    at getFallbackFromErrorAndNotify (http://localhost:3001/_next/static/chunks/node_modules__pnpm_a92eadf3._.js:7251:23)
    at translateBaseFn (http://localhost:3001/_next/static/chunks/node_modules__pnpm_a92eadf3._.js:7281:28)
    at translateFn (http://localhost:3001/_next/static/chunks/node_modules__pnpm_a92eadf3._.js:7343:24)
    at labelFor (http://localhost:3001/_next/static/chunks/_2015e761._.js:485:30)
    at http://localhost:3001/_next/static/chunks/_2015e761._.js:142:34
    at Array.map (<anonymous>)
    at RegionChoropleth (http://localhost:3001/_next/static/chunks/_2015e761._.js:134:43)
    at Object.react_stack_bottom_frame (http://localhost:3001/_next/static/chunks/f12ff_next_dist_compiled_react-dom_7b2f6d3d._.js:14826:24)
    at renderWithHooks (http://localhost:3001/_next/static/chunks/f12ff_next_dist_compiled_react-dom_7b2f6d3d._.js:4651:24)
    at updateFunctionComponent (http://localhost:3001/_next/static/chunks/f12ff_next_dist_compiled_react-dom_7b2f6d3d._.js:6112:21)
    at beginWork (http://localhost:3001/_next/static/chunks/f12ff_next_dist_compiled_react-dom_7b2f6d3d._.js:6708:24)
    at runWithFiberInDEV (http://localhost:3001/_next/static/chunks/f12ff_next_dist_compiled_react-dom_7b2f6d3d._.js:965:74)
    at performUnitOfWork (http://localhost:3001/_next/static/chunks/f12ff_next_dist_compiled_react-dom_7b2f6d3d._.js:9562:97)
    at workLoopSync (http://localhost:3001/_next/static/chunks/f12ff_next_dist_compiled_react-dom_7b2f6d3d._.js:9456:40)
    at renderRootSync (http://localhost:3001/_next/static/chunks/f12ff_next_dist_compiled_react-dom_7b2f6d3d._.js:9440:13)
    at performWorkOnRoot (http://localhost:3001/_next/static/chunks/f12ff_next_dist_compiled_react-dom_7b2f6d3d._.js:9068:186)
    at performSyncWorkOnRoot (http://localhost:3001/_next/static/chunks/f12ff_next_dist_compiled_react-dom_7b2f6d3d._.js:10238:9)
    at flushSyncWorkAcrossRoots_impl (http://localhost:3001/_next/static/chunks/f12ff_next_dist_compiled_react-dom_7b2f6d3d._.js:10154:316)
    at flushSpawnedWork (http://localhost:3001/_next/static/chunks/f12ff_next_dist_compiled_react-dom_7b2f6d3d._.js:9914:13)
    at commitRoot (http://localhost:3001/_next/static/chunks/f12ff_next_dist_compiled_react-dom_7b2f6d3d._.js:9720:432)
    at commitRootWhenReady (http://localhost:3001/_next/static/chunks/f12ff_next_dist_compiled_react-dom_7b2f6d3d._.js:9194:9)
    at performWorkOnRoot (http://localhost:3001/_next/static/chunks/f12ff_next_dist_compiled_react-dom_7b2f6d3d._.js:9166:25)
    at performWorkOnRootViaSchedulerTask (http://localhost:3001/_next/static/chunks/f12ff_next_dist_compiled_react-dom_7b2f6d3d._.js:10230:9)
    at MessagePort.performWorkUntilDeadline (http://localhost:3001/_next/static/chunks/f12ff_next_dist_compiled_cd863794._.js:2647:64) @ http://localhost:3001/_next/static/chunks/f12ff_next_dist_95687940._.js:3132
[  137971ms] [ERROR] IntlError: MISSING_MESSAGE: Cannot read properties of undefined (reading 'split')
    at getFallbackFromErrorAndNotify (http://localhost:3001/_next/static/chunks/node_modules__pnpm_a92eadf3._.js:7251:23)
    at translateBaseFn (http://localhost:3001/_next/static/chunks/node_modules__pnpm_a92eadf3._.js:7281:28)
    at translateFn (http://localhost:3001/_next/static/chunks/node_modules__pnpm_a92eadf3._.js:7343:24)
    at labelFor (http://localhost:3001/_next/static/chunks/_2015e761._.js:485:30)
    at http://localhost:3001/_next/static/chunks/_2015e761._.js:142:34
    at Array.map (<anonymous>)
    at RegionChoropleth (http://localhost:3001/_next/static/chunks/_2015e761._.js:134:43)
    at Object.react_stack_bottom_frame (http://localhost:3001/_next/static/chunks/f12ff_next_dist_compiled_react-dom_7b2f6d3d._.js:14826:24)
    at renderWithHooks (http://localhost:3001/_next/static/chunks/f12ff_next_dist_compiled_react-dom_7b2f6d3d._.js:4651:24)
    at updateFunctionComponent (http://localhost:3001/_next/static/chunks/f12ff_next_dist_compiled_react-dom_7b2f6d3d._.js:6112:21)
    at beginWork (http://localhost:3001/_next/static/chunks/f12ff_next_dist_compiled_react-dom_7b2f6d3d._.js:6708:24)
    at runWithFiberInDEV (http://localhost:3001/_next/static/chunks/f12ff_next_dist_compiled_react-dom_7b2f6d3d._.js:965:74)
    at performUnitOfWork (http://localhost:3001/_next/static/chunks/f12ff_next_dist_compiled_react-dom_7b2f6d3d._.js:9562:97)
    at workLoopSync (http://localhost:3001/_next/static/chunks/f12ff_next_dist_compiled_react-dom_7b2f6d3d._.js:9456:40)
    at renderRootSync (http://localhost:3001/_next/static/chunks/f12ff_next_dist_compiled_react-dom_7b2f6d3d._.js:9440:13)
    at performWorkOnRoot (http://localhost:3001/_next/static/chunks/f12ff_next_dist_compiled_react-dom_7b2f6d3d._.js:9068:186)
    at performSyncWorkOnRoot (http://localhost:3001/_next/static/chunks/f12ff_next_dist_compiled_react-dom_7b2f6d3d._.js:10238:9)
    at flushSyncWorkAcrossRoots_impl (http://localhost:3001/_next/static/chunks/f12ff_next_dist_compiled_react-dom_7b2f6d3d._.js:10154:316)
    at flushSpawnedWork (http://localhost:3001/_next/static/chunks/f12ff_next_dist_compiled_react-dom_7b2f6d3d._.js:9914:13)
    at commitRoot (http://localhost:3001/_next/static/chunks/f12ff_next_dist_compiled_react-dom_7b2f6d3d._.js:9720:432)
    at commitRootWhenReady (http://localhost:3001/_next/static/chunks/f12ff_next_dist_compiled_react-dom_7b2f6d3d._.js:9194:9)
    at performWorkOnRoot (http://localhost:3001/_next/static/chunks/f12ff_next_dist_compiled_react-dom_7b2f6d3d._.js:9166:25)
    at performWorkOnRootViaSchedulerTask (http://localhost:3001/_next/static/chunks/f12ff_next_dist_compiled_react-dom_7b2f6d3d._.js:10230:9)
    at MessagePort.performWorkUntilDeadline (http://localhost:3001/_next/static/chunks/f12ff_next_dist_compiled_cd863794._.js:2647:64) @ http://localhost:3001/_next/static/chunks/f12ff_next_dist_95687940._.js:3132
[  137971ms] [ERROR] IntlError: MISSING_MESSAGE: Cannot read properties of undefined (reading 'split')
    at getFallbackFromErrorAndNotify (http://localhost:3001/_next/static/chunks/node_modules__pnpm_a92eadf3._.js:7251:23)
    at translateBaseFn (http://localhost:3001/_next/static/chunks/node_modules__pnpm_a92eadf3._.js:7281:28)
    at translateFn (http://localhost:3001/_next/static/chunks/node_modules__pnpm_a92eadf3._.js:7343:24)
    at labelFor (http://localhost:3001/_next/static/chunks/_2015e761._.js:485:30)
    at http://localhost:3001/_next/static/chunks/_2015e761._.js:142:34
    at Array.map (<anonymous>)
    at RegionChoropleth (http://localhost:3001/_next/static/chunks/_2015e761._.js:134:43)
    at Object.react_stack_bottom_frame (http://localhost:3001/_next/static/chunks/f12ff_next_dist_compiled_react-dom_7b2f6d3d._.js:14826:24)
    at renderWithHooks (http://localhost:3001/_next/static/chunks/f12ff_next_dist_compiled_react-dom_7b2f6d3d._.js:4651:24)
    at updateFunctionComponent (http://localhost:3001/_next/static/chunks/f12ff_next_dist_compiled_react-dom_7b2f6d3d._.js:6112:21)
    at beginWork (http://localhost:3001/_next/static/chunks/f12ff_next_dist_compiled_react-dom_7b2f6d3d._.js:6708:24)
    at runWithFiberInDEV (http://localhost:3001/_next/static/chunks/f12ff_next_dist_compiled_react-dom_7b2f6d3d._.js:965:74)
    at performUnitOfWork (http://localhost:3001/_next/static/chunks/f12ff_next_dist_compiled_react-dom_7b2f6d3d._.js:9562:97)
    at workLoopSync (http://localhost:3001/_next/static/chunks/f12ff_next_dist_compiled_react-dom_7b2f6d3d._.js:9456:40)
    at renderRootSync (http://localhost:3001/_next/static/chunks/f12ff_next_dist_compiled_react-dom_7b2f6d3d._.js:9440:13)
    at performWorkOnRoot (http://localhost:3001/_next/static/chunks/f12ff_next_dist_compiled_react-dom_7b2f6d3d._.js:9068:186)
    at performSyncWorkOnRoot (http://localhost:3001/_next/static/chunks/f12ff_next_dist_compiled_react-dom_7b2f6d3d._.js:10238:9)
    at flushSyncWorkAcrossRoots_impl (http://localhost:3001/_next/static/chunks/f12ff_next_dist_compiled_react-dom_7b2f6d3d._.js:10154:316)
    at flushSpawnedWork (http://localhost:3001/_next/static/chunks/f12ff_next_dist_compiled_react-dom_7b2f6d3d._.js:9914:13)
    at commitRoot (http://localhost:3001/_next/static/chunks/f12ff_next_dist_compiled_react-dom_7b2f6d3d._.js:9720:432)
    at commitRootWhenReady (http://localhost:3001/_next/static/chunks/f12ff_next_dist_compiled_react-dom_7b2f6d3d._.js:9194:9)
    at performWorkOnRoot (http://localhost:3001/_next/static/chunks/f12ff_next_dist_compiled_react-dom_7b2f6d3d._.js:9166:25)
    at performWorkOnRootViaSchedulerTask (http://localhost:3001/_next/static/chunks/f12ff_next_dist_compiled_react-dom_7b2f6d3d._.js:10230:9)
    at MessagePort.performWorkUntilDeadline (http://localhost:3001/_next/static/chunks/f12ff_next_dist_compiled_cd863794._.js:2647:64) @ http://localhost:3001/_next/static/chunks/f12ff_next_dist_95687940._.js:3132
[  137971ms] [ERROR] IntlError: MISSING_MESSAGE: Cannot read properties of undefined (reading 'split')
    at getFallbackFromErrorAndNotify (http://localhost:3001/_next/static/chunks/node_modules__pnpm_a92eadf3._.js:7251:23)
    at translateBaseFn (http://localhost:3001/_next/static/chunks/node_modules__pnpm_a92eadf3._.js:7281:28)
    at translateFn (http://localhost:3001/_next/static/chunks/node_modules__pnpm_a92eadf3._.js:7343:24)
    at labelFor (http://localhost:3001/_next/static/chunks/_2015e761._.js:485:30)
    at http://localhost:3001/_next/static/chunks/_2015e761._.js:142:34
    at Array.map (<anonymous>)
    at RegionChoropleth (http://localhost:3001/_next/static/chunks/_2015e761._.js:134:43)
    at Object.react_stack_bottom_frame (http://localhost:3001/_next/static/chunks/f12ff_next_dist_compiled_react-dom_7b2f6d3d._.js:14826:24)
    at renderWithHooks (http://localhost:3001/_next/static/chunks/f12ff_next_dist_compiled_react-dom_7b2f6d3d._.js:4651:24)
    at updateFunctionComponent (http://localhost:3001/_next/static/chunks/f12ff_next_dist_compiled_react-dom_7b2f6d3d._.js:6112:21)
    at beginWork (http://localhost:3001/_next/static/chunks/f12ff_next_dist_compiled_react-dom_7b2f6d3d._.js:6708:24)
    at runWithFiberInDEV (http://localhost:3001/_next/static/chunks/f12ff_next_dist_compiled_react-dom_7b2f6d3d._.js:965:74)
    at performUnitOfWork (http://localhost:3001/_next/static/chunks/f12ff_next_dist_compiled_react-dom_7b2f6d3d._.js:9562:97)
    at workLoopSync (http://localhost:3001/_next/static/chunks/f12ff_next_dist_compiled_react-dom_7b2f6d3d._.js:9456:40)
    at renderRootSync (http://localhost:3001/_next/static/chunks/f12ff_next_dist_compiled_react-dom_7b2f6d3d._.js:9440:13)
    at performWorkOnRoot (http://localhost:3001/_next/static/chunks/f12ff_next_dist_compiled_react-dom_7b2f6d3d._.js:9068:186)
    at performSyncWorkOnRoot (http://localhost:3001/_next/static/chunks/f12ff_next_dist_compiled_react-dom_7b2f6d3d._.js:10238:9)
    at flushSyncWorkAcrossRoots_impl (http://localhost:3001/_next/static/chunks/f12ff_next_dist_compiled_react-dom_7b2f6d3d._.js:10154:316)
    at flushSpawnedWork (http://localhost:3001/_next/static/chunks/f12ff_next_dist_compiled_react-dom_7b2f6d3d._.js:9914:13)
    at commitRoot (http://localhost:3001/_next/static/chunks/f12ff_next_dist_compiled_react-dom_7b2f6d3d._.js:9720:432)
    at commitRootWhenReady (http://localhost:3001/_next/static/chunks/f12ff_next_dist_compiled_react-dom_7b2f6d3d._.js:9194:9)
    at performWorkOnRoot (http://localhost:3001/_next/static/chunks/f12ff_next_dist_compiled_react-dom_7b2f6d3d._.js:9166:25)
    at performWorkOnRootViaSchedulerTask (http://localhost:3001/_next/static/chunks/f12ff_next_dist_compiled_react-dom_7b2f6d3d._.js:10230:9)
    at MessagePort.performWorkUntilDeadline (http://localhost:3001/_next/static/chunks/f12ff_next_dist_compiled_cd863794._.js:2647:64) @ http://localhost:3001/_next/static/chunks/f12ff_next_dist_95687940._.js:3132
[  137971ms] [ERROR] IntlError: MISSING_MESSAGE: Cannot read properties of undefined (reading 'split')
    at getFallbackFromErrorAndNotify (http://localhost:3001/_next/static/chunks/node_modules__pnpm_a92eadf3._.js:7251:23)
    at translateBaseFn (http://localhost:3001/_next/static/chunks/node_modules__pnpm_a92eadf3._.js:7281:28)
    at translateFn (http://localhost:3001/_next/static/chunks/node_modules__pnpm_a92eadf3._.js:7343:24)
    at labelFor (http://localhost:3001/_next/static/chunks/_2015e761._.js:485:30)
    at http://localhost:3001/_next/static/chunks/_2015e761._.js:142:34
    at Array.map (<anonymous>)
    at RegionChoropleth (http://localhost:3001/_next/static/chunks/_2015e761._.js:134:43)
    at Object.react_stack_bottom_frame (http://localhost:3001/_next/static/chunks/f12ff_next_dist_compiled_react-dom_7b2f6d3d._.js:14826:24)
    at renderWithHooks (http://localhost:3001/_next/static/chunks/f12ff_next_dist_compiled_react-dom_7b2f6d3d._.js:4651:24)
    at updateFunctionComponent (http://localhost:3001/_next/static/chunks/f12ff_next_dist_compiled_react-dom_7b2f6d3d._.js:6112:21)
    at beginWork (http://localhost:3001/_next/static/chunks/f12ff_next_dist_compiled_react-dom_7b2f6d3d._.js:6708:24)
    at runWithFiberInDEV (http://localhost:3001/_next/static/chunks/f12ff_next_dist_compiled_react-dom_7b2f6d3d._.js:965:74)
    at performUnitOfWork (http://localhost:3001/_next/static/chunks/f12ff_next_dist_compiled_react-dom_7b2f6d3d._.js:9562:97)
    at workLoopSync (http://localhost:3001/_next/static/chunks/f12ff_next_dist_compiled_react-dom_7b2f6d3d._.js:9456:40)
    at renderRootSync (http://localhost:3001/_next/static/chunks/f12ff_next_dist_compiled_react-dom_7b2f6d3d._.js:9440:13)
    at performWorkOnRoot (http://localhost:3001/_next/static/chunks/f12ff_next_dist_compiled_react-dom_7b2f6d3d._.js:9068:186)
    at performSyncWorkOnRoot (http://localhost:3001/_next/static/chunks/f12ff_next_dist_compiled_react-dom_7b2f6d3d._.js:10238:9)
    at flushSyncWorkAcrossRoots_impl (http://localhost:3001/_next/static/chunks/f12ff_next_dist_compiled_react-dom_7b2f6d3d._.js:10154:316)
    at flushSpawnedWork (http://localhost:3001/_next/static/chunks/f12ff_next_dist_compiled_react-dom_7b2f6d3d._.js:9914:13)
    at commitRoot (http://localhost:3001/_next/static/chunks/f12ff_next_dist_compiled_react-dom_7b2f6d3d._.js:9720:432)
    at commitRootWhenReady (http://localhost:3001/_next/static/chunks/f12ff_next_dist_compiled_react-dom_7b2f6d3d._.js:9194:9)
    at performWorkOnRoot (http://localhost:3001/_next/static/chunks/f12ff_next_dist_compiled_react-dom_7b2f6d3d._.js:9166:25)
    at performWorkOnRootViaSchedulerTask (http://localhost:3001/_next/static/chunks/f12ff_next_dist_compiled_react-dom_7b2f6d3d._.js:10230:9)
    at MessagePort.performWorkUntilDeadline (http://localhost:3001/_next/static/chunks/f12ff_next_dist_compiled_cd863794._.js:2647:64) @ http://localhost:3001/_next/static/chunks/f12ff_next_dist_95687940._.js:3132
[  137971ms] [ERROR] IntlError: MISSING_MESSAGE: Cannot read properties of undefined (reading 'split')
    at getFallbackFromErrorAndNotify (http://localhost:3001/_next/static/chunks/node_modules__pnpm_a92eadf3._.js:7251:23)
    at translateBaseFn (http://localhost:3001/_next/static/chunks/node_modules__pnpm_a92eadf3._.js:7281:28)
    at translateFn (http://localhost:3001/_next/static/chunks/node_modules__pnpm_a92eadf3._.js:7343:24)
    at labelFor (http://localhost:3001/_next/static/chunks/_2015e761._.js:485:30)
    at http://localhost:3001/_next/static/chunks/_2015e761._.js:142:34
    at Array.map (<anonymous>)
    at RegionChoropleth (http://localhost:3001/_next/static/chunks/_2015e761._.js:134:43)
    at Object.react_stack_bottom_frame (http://localhost:3001/_next/static/chunks/f12ff_next_dist_compiled_react-dom_7b2f6d3d._.js:14826:24)
    at renderWithHooksAgain (http://localhost:3001/_next/static/chunks/f12ff_next_dist_compiled_react-dom_7b2f6d3d._.js:4706:24)
    at renderWithHooks (http://localhost:3001/_next/static/chunks/f12ff_next_dist_compiled_react-dom_7b2f6d3d._.js:4657:28)
    at updateFunctionComponent (http://localhost:3001/_next/static/chunks/f12ff_next_dist_compiled_react-dom_7b2f6d3d._.js:6112:21)
    at beginWork (http://localhost:3001/_next/static/chunks/f12ff_next_dist_compiled_react-dom_7b2f6d3d._.js:6708:24)
    at runWithFiberInDEV (http://localhost:3001/_next/static/chunks/f12ff_next_dist_compiled_react-dom_7b2f6d3d._.js:965:74)
    at performUnitOfWork (http://localhost:3001/_next/static/chunks/f12ff_next_dist_compiled_react-dom_7b2f6d3d._.js:9562:97)
    at workLoopSync (http://localhost:3001/_next/static/chunks/f12ff_next_dist_compiled_react-dom_7b2f6d3d._.js:9456:40)
    at renderRootSync (http://localhost:3001/_next/static/chunks/f12ff_next_dist_compiled_react-dom_7b2f6d3d._.js:9440:13)
    at performWorkOnRoot (http://localhost:3001/_next/static/chunks/f12ff_next_dist_compiled_react-dom_7b2f6d3d._.js:9068:186)
    at performSyncWorkOnRoot (http://localhost:3001/_next/static/chunks/f12ff_next_dist_compiled_react-dom_7b2f6d3d._.js:10238:9)
    at flushSyncWorkAcrossRoots_impl (http://localhost:3001/_next/static/chunks/f12ff_next_dist_compiled_react-dom_7b2f6d3d._.js:10154:316)
    at flushSpawnedWork (http://localhost:3001/_next/static/chunks/f12ff_next_dist_compiled_react-dom_7b2f6d3d._.js:9914:13)
    at commitRoot (http://localhost:3001/_next/static/chunks/f12ff_next_dist_compiled_react-dom_7b2f6d3d._.js:9720:432)
    at commitRootWhenReady (http://localhost:3001/_next/static/chunks/f12ff_next_dist_compiled_react-dom_7b2f6d3d._.js:9194:9)
    at performWorkOnRoot (http://localhost:3001/_next/static/chunks/f12ff_next_dist_compiled_react-dom_7b2f6d3d._.js:9166:25)
    at performWorkOnRootViaSchedulerTask (http://localhost:3001/_next/static/chunks/f12ff_next_dist_compiled_react-dom_7b2f6d3d._.js:10230:9)
    at MessagePort.performWorkUntilDeadline (http://localhost:3001/_next/static/chunks/f12ff_next_dist_compiled_cd863794._.js:2647:64) @ http://localhost:3001/_next/static/chunks/f12ff_next_dist_95687940._.js:3132
[  137971ms] [ERROR] IntlError: MISSING_MESSAGE: Cannot read properties of undefined (reading 'split')
    at getFallbackFromErrorAndNotify (http://localhost:3001/_next/static/chunks/node_modules__pnpm_a92eadf3._.js:7251:23)
    at translateBaseFn (http://localhost:3001/_next/static/chunks/node_modules__pnpm_a92eadf3._.js:7281:28)
    at translateFn (http://localhost:3001/_next/static/chunks/node_modules__pnpm_a92eadf3._.js:7343:24)
    at labelFor (http://localhost:3001/_next/static/chunks/_2015e761._.js:485:30)
    at http://localhost:3001/_next/static/chunks/_2015e761._.js:142:34
    at Array.map (<anonymous>)
    at RegionChoropleth (http://localhost:3001/_next/static/chunks/_2015e761._.js:134:43)
    at Object.react_stack_bottom_frame (http://localhost:3001/_next/static/chunks/f12ff_next_dist_compiled_react-dom_7b2f6d3d._.js:14826:24)
    at renderWithHooksAgain (http://localhost:3001/_next/static/chunks/f12ff_next_dist_compiled_react-dom_7b2f6d3d._.js:4706:24)
    at renderWithHooks (http://localhost:3001/_next/static/chunks/f12ff_next_dist_compiled_react-dom_7b2f6d3d._.js:4657:28)
    at updateFunctionComponent (http://localhost:3001/_next/static/chunks/f12ff_next_dist_compiled_react-dom_7b2f6d3d._.js:6112:21)
    at beginWork (http://localhost:3001/_next/static/chunks/f12ff_next_dist_compiled_react-dom_7b2f6d3d._.js:6708:24)
    at runWithFiberInDEV (http://localhost:3001/_next/static/chunks/f12ff_next_dist_compiled_react-dom_7b2f6d3d._.js:965:74)
    at performUnitOfWork (http://localhost:3001/_next/static/chunks/f12ff_next_dist_compiled_react-dom_7b2f6d3d._.js:9562:97)
    at workLoopSync (http://localhost:3001/_next/static/chunks/f12ff_next_dist_compiled_react-dom_7b2f6d3d._.js:9456:40)
    at renderRootSync (http://localhost:3001/_next/static/chunks/f12ff_next_dist_compiled_react-dom_7b2f6d3d._.js:9440:13)
    at performWorkOnRoot (http://localhost:3001/_next/static/chunks/f12ff_next_dist_compiled_react-dom_7b2f6d3d._.js:9068:186)
    at performSyncWorkOnRoot (http://localhost:3001/_next/static/chunks/f12ff_next_dist_compiled_react-dom_7b2f6d3d._.js:10238:9)
    at flushSyncWorkAcrossRoots_impl (http://localhost:3001/_next/static/chunks/f12ff_next_dist_compiled_react-dom_7b2f6d3d._.js:10154:316)
    at flushSpawnedWork (http://localhost:3001/_next/static/chunks/f12ff_next_dist_compiled_react-dom_7b2f6d3d._.js:9914:13)
    at commitRoot (http://localhost:3001/_next/static/chunks/f12ff_next_dist_compiled_react-dom_7b2f6d3d._.js:9720:432)
    at commitRootWhenReady (http://localhost:3001/_next/static/chunks/f12ff_next_dist_compiled_react-dom_7b2f6d3d._.js:9194:9)
    at performWorkOnRoot (http://localhost:3001/_next/static/chunks/f12ff_next_dist_compiled_react-dom_7b2f6d3d._.js:9166:25)
    at performWorkOnRootViaSchedulerTask (http://localhost:3001/_next/static/chunks/f12ff_next_dist_compiled_react-dom_7b2f6d3d._.js:10230:9)
    at MessagePort.performWorkUntilDeadline (http://localhost:3001/_next/static/chunks/f12ff_next_dist_compiled_cd863794._.js:2647:64) @ http://localhost:3001/_next/static/chunks/f12ff_next_dist_95687940._.js:3132
[  137972ms] [ERROR] IntlError: MISSING_MESSAGE: Cannot read properties of undefined (reading 'split')
    at getFallbackFromErrorAndNotify (http://localhost:3001/_next/static/chunks/node_modules__pnpm_a92eadf3._.js:7251:23)
    at translateBaseFn (http://localhost:3001/_next/static/chunks/node_modules__pnpm_a92eadf3._.js:7281:28)
    at translateFn (http://localhost:3001/_next/static/chunks/node_modules__pnpm_a92eadf3._.js:7343:24)
    at labelFor (http://localhost:3001/_next/static/chunks/_2015e761._.js:485:30)
    at http://localhost:3001/_next/static/chunks/_2015e761._.js:142:34
    at Array.map (<anonymous>)
    at RegionChoropleth (http://localhost:3001/_next/static/chunks/_2015e761._.js:134:43)
    at Object.react_stack_bottom_frame (http://localhost:3001/_next/static/chunks/f12ff_next_dist_compiled_react-dom_7b2f6d3d._.js:14826:24)
    at renderWithHooksAgain (http://localhost:3001/_next/static/chunks/f12ff_next_dist_compiled_react-dom_7b2f6d3d._.js:4706:24)
    at renderWithHooks (http://localhost:3001/_next/static/chunks/f12ff_next_dist_compiled_react-dom_7b2f6d3d._.js:4657:28)
    at updateFunctionComponent (http://localhost:3001/_next/static/chunks/f12ff_next_dist_compiled_react-dom_7b2f6d3d._.js:6112:21)
    at beginWork (http://localhost:3001/_next/static/chunks/f12ff_next_dist_compiled_react-dom_7b2f6d3d._.js:6708:24)
    at runWithFiberInDEV (http://localhost:3001/_next/static/chunks/f12ff_next_dist_compiled_react-dom_7b2f6d3d._.js:965:74)
    at performUnitOfWork (http://localhost:3001/_next/static/chunks/f12ff_next_dist_compiled_react-dom_7b2f6d3d._.js:9562:97)
    at workLoopSync (http://localhost:3001/_next/static/chunks/f12ff_next_dist_compiled_react-dom_7b2f6d3d._.js:9456:40)
    at renderRootSync (http://localhost:3001/_next/static/chunks/f12ff_next_dist_compiled_react-dom_7b2f6d3d._.js:9440:13)
    at performWorkOnRoot (http://localhost:3001/_next/static/chunks/f12ff_next_dist_compiled_react-dom_7b2f6d3d._.js:9068:186)
    at performSyncWorkOnRoot (http://localhost:3001/_next/static/chunks/f12ff_next_dist_compiled_react-dom_7b2f6d3d._.js:10238:9)
    at flushSyncWorkAcrossRoots_impl (http://localhost:3001/_next/static/chunks/f12ff_next_dist_compiled_react-dom_7b2f6d3d._.js:10154:316)
    at flushSpawnedWork (http://localhost:3001/_next/static/chunks/f12ff_next_dist_compiled_react-dom_7b2f6d3d._.js:9914:13)
    at commitRoot (http://localhost:3001/_next/static/chunks/f12ff_next_dist_compiled_react-dom_7b2f6d3d._.js:9720:432)
    at commitRootWhenReady (http://localhost:3001/_next/static/chunks/f12ff_next_dist_compiled_react-dom_7b2f6d3d._.js:9194:9)
    at performWorkOnRoot (http://localhost:3001/_next/static/chunks/f12ff_next_dist_compiled_react-dom_7b2f6d3d._.js:9166:25)
    at performWorkOnRootViaSchedulerTask (http://localhost:3001/_next/static/chunks/f12ff_next_dist_compiled_react-dom_7b2f6d3d._.js:10230:9)
    at MessagePort.performWorkUntilDeadline (http://localhost:3001/_next/static/chunks/f12ff_next_dist_compiled_cd863794._.js:2647:64) @ http://localhost:3001/_next/static/chunks/f12ff_next_dist_95687940._.js:3132
[  137972ms] [ERROR] IntlError: MISSING_MESSAGE: Cannot read properties of undefined (reading 'split')
    at getFallbackFromErrorAndNotify (http://localhost:3001/_next/static/chunks/node_modules__pnpm_a92eadf3._.js:7251:23)
    at translateBaseFn (http://localhost:3001/_next/static/chunks/node_modules__pnpm_a92eadf3._.js:7281:28)
    at translateFn (http://localhost:3001/_next/static/chunks/node_modules__pnpm_a92eadf3._.js:7343:24)
    at labelFor (http://localhost:3001/_next/static/chunks/_2015e761._.js:485:30)
    at http://localhost:3001/_next/static/chunks/_2015e761._.js:142:34
    at Array.map (<anonymous>)
    at RegionChoropleth (http://localhost:3001/_next/static/chunks/_2015e761._.js:134:43)
    at Object.react_stack_bottom_frame (http://localhost:3001/_next/static/chunks/f12ff_next_dist_compiled_react-dom_7b2f6d3d._.js:14826:24)
    at renderWithHooksAgain (http://localhost:3001/_next/static/chunks/f12ff_next_dist_compiled_react-dom_7b2f6d3d._.js:4706:24)
    at renderWithHooks (http://localhost:3001/_next/static/chunks/f12ff_next_dist_compiled_react-dom_7b2f6d3d._.js:4657:28)
    at updateFunctionComponent (http://localhost:3001/_next/static/chunks/f12ff_next_dist_compiled_react-dom_7b2f6d3d._.js:6112:21)
    at beginWork (http://localhost:3001/_next/static/chunks/f12ff_next_dist_compiled_react-dom_7b2f6d3d._.js:6708:24)
    at runWithFiberInDEV (http://localhost:3001/_next/static/chunks/f12ff_next_dist_compiled_react-dom_7b2f6d3d._.js:965:74)
    at performUnitOfWork (http://localhost:3001/_next/static/chunks/f12ff_next_dist_compiled_react-dom_7b2f6d3d._.js:9562:97)
    at workLoopSync (http://localhost:3001/_next/static/chunks/f12ff_next_dist_compiled_react-dom_7b2f6d3d._.js:9456:40)
    at renderRootSync (http://localhost:3001/_next/static/chunks/f12ff_next_dist_compiled_react-dom_7b2f6d3d._.js:9440:13)
    at performWorkOnRoot (http://localhost:3001/_next/static/chunks/f12ff_next_dist_compiled_react-dom_7b2f6d3d._.js:9068:186)
    at performSyncWorkOnRoot (http://localhost:3001/_next/static/chunks/f12ff_next_dist_compiled_react-dom_7b2f6d3d._.js:10238:9)
    at flushSyncWorkAcrossRoots_impl (http://localhost:3001/_next/static/chunks/f12ff_next_dist_compiled_react-dom_7b2f6d3d._.js:10154:316)
    at flushSpawnedWork (http://localhost:3001/_next/static/chunks/f12ff_next_dist_compiled_react-dom_7b2f6d3d._.js:9914:13)
    at commitRoot (http://localhost:3001/_next/static/chunks/f12ff_next_dist_compiled_react-dom_7b2f6d3d._.js:9720:432)
    at commitRootWhenReady (http://localhost:3001/_next/static/chunks/f12ff_next_dist_compiled_react-dom_7b2f6d3d._.js:9194:9)
    at performWorkOnRoot (http://localhost:3001/_next/static/chunks/f12ff_next_dist_compiled_react-dom_7b2f6d3d._.js:9166:25)
    at performWorkOnRootViaSchedulerTask (http://localhost:3001/_next/static/chunks/f12ff_next_dist_compiled_react-dom_7b2f6d3d._.js:10230:9)
    at MessagePort.performWorkUntilDeadline (http://localhost:3001/_next/static/chunks/f12ff_next_dist_compiled_cd863794._.js:2647:64) @ http://localhost:3001/_next/static/chunks/f12ff_next_dist_95687940._.js:3132
[  137972ms] [ERROR] IntlError: MISSING_MESSAGE: Cannot read properties of undefined (reading 'split')
    at getFallbackFromErrorAndNotify (http://localhost:3001/_next/static/chunks/node_modules__pnpm_a92eadf3._.js:7251:23)
    at translateBaseFn (http://localhost:3001/_next/static/chunks/node_modules__pnpm_a92eadf3._.js:7281:28)
    at translateFn (http://localhost:3001/_next/static/chunks/node_modules__pnpm_a92eadf3._.js:7343:24)
    at labelFor (http://localhost:3001/_next/static/chunks/_2015e761._.js:485:30)
    at http://localhost:3001/_next/static/chunks/_2015e761._.js:142:34
    at Array.map (<anonymous>)
    at RegionChoropleth (http://localhost:3001/_next/static/chunks/_2015e761._.js:134:43)
    at Object.react_stack_bottom_frame (http://localhost:3001/_next/static/chunks/f12ff_next_dist_compiled_react-dom_7b2f6d3d._.js:14826:24)
    at renderWithHooksAgain (http://localhost:3001/_next/static/chunks/f12ff_next_dist_compiled_react-dom_7b2f6d3d._.js:4706:24)
    at renderWithHooks (http://localhost:3001/_next/static/chunks/f12ff_next_dist_compiled_react-dom_7b2f6d3d._.js:4657:28)
    at updateFunctionComponent (http://localhost:3001/_next/static/chunks/f12ff_next_dist_compiled_react-dom_7b2f6d3d._.js:6112:21)
    at beginWork (http://localhost:3001/_next/static/chunks/f12ff_next_dist_compiled_react-dom_7b2f6d3d._.js:6708:24)
    at runWithFiberInDEV (http://localhost:3001/_next/static/chunks/f12ff_next_dist_compiled_react-dom_7b2f6d3d._.js:965:74)
    at performUnitOfWork (http://localhost:3001/_next/static/chunks/f12ff_next_dist_compiled_react-dom_7b2f6d3d._.js:9562:97)
    at workLoopSync (http://localhost:3001/_next/static/chunks/f12ff_next_dist_compiled_react-dom_7b2f6d3d._.js:9456:40)
    at renderRootSync (http://localhost:3001/_next/static/chunks/f12ff_next_dist_compiled_react-dom_7b2f6d3d._.js:9440:13)
    at performWorkOnRoot (http://localhost:3001/_next/static/chunks/f12ff_next_dist_compiled_react-dom_7b2f6d3d._.js:9068:186)
    at performSyncWorkOnRoot (http://localhost:3001/_next/static/chunks/f12ff_next_dist_compiled_react-dom_7b2f6d3d._.js:10238:9)
    at flushSyncWorkAcrossRoots_impl (http://localhost:3001/_next/static/chunks/f12ff_next_dist_compiled_react-dom_7b2f6d3d._.js:10154:316)
    at flushSpawnedWork (http://localhost:3001/_next/static/chunks/f12ff_next_dist_compiled_react-dom_7b2f6d3d._.js:9914:13)
    at commitRoot (http://localhost:3001/_next/static/chunks/f12ff_next_dist_compiled_react-dom_7b2f6d3d._.js:9720:432)
    at commitRootWhenReady (http://localhost:3001/_next/static/chunks/f12ff_next_dist_compiled_react-dom_7b2f6d3d._.js:9194:9)
    at performWorkOnRoot (http://localhost:3001/_next/static/chunks/f12ff_next_dist_compiled_react-dom_7b2f6d3d._.js:9166:25)
    at performWorkOnRootViaSchedulerTask (http://localhost:3001/_next/static/chunks/f12ff_next_dist_compiled_react-dom_7b2f6d3d._.js:10230:9)
    at MessagePort.performWorkUntilDeadline (http://localhost:3001/_next/static/chunks/f12ff_next_dist_compiled_cd863794._.js:2647:64) @ http://localhost:3001/_next/static/chunks/f12ff_next_dist_95687940._.js:3132
[  137972ms] [ERROR] IntlError: MISSING_MESSAGE: Cannot read properties of undefined (reading 'split')
    at getFallbackFromErrorAndNotify (http://localhost:3001/_next/static/chunks/node_modules__pnpm_a92eadf3._.js:7251:23)
    at translateBaseFn (http://localhost:3001/_next/static/chunks/node_modules__pnpm_a92eadf3._.js:7281:28)
    at translateFn (http://localhost:3001/_next/static/chunks/node_modules__pnpm_a92eadf3._.js:7343:24)
    at labelFor (http://localhost:3001/_next/static/chunks/_2015e761._.js:485:30)
    at http://localhost:3001/_next/static/chunks/_2015e761._.js:142:34
    at Array.map (<anonymous>)
    at RegionChoropleth (http://localhost:3001/_next/static/chunks/_2015e761._.js:134:43)
    at Object.react_stack_bottom_frame (http://localhost:3001/_next/static/chunks/f12ff_next_dist_compiled_react-dom_7b2f6d3d._.js:14826:24)
    at renderWithHooksAgain (http://localhost:3001/_next/static/chunks/f12ff_next_dist_compiled_react-dom_7b2f6d3d._.js:4706:24)
    at renderWithHooks (http://localhost:3001/_next/static/chunks/f12ff_next_dist_compiled_react-dom_7b2f6d3d._.js:4657:28)
    at updateFunctionComponent (http://localhost:3001/_next/static/chunks/f12ff_next_dist_compiled_react-dom_7b2f6d3d._.js:6112:21)
    at beginWork (http://localhost:3001/_next/static/chunks/f12ff_next_dist_compiled_react-dom_7b2f6d3d._.js:6708:24)
    at runWithFiberInDEV (http://localhost:3001/_next/static/chunks/f12ff_next_dist_compiled_react-dom_7b2f6d3d._.js:965:74)
    at performUnitOfWork (http://localhost:3001/_next/static/chunks/f12ff_next_dist_compiled_react-dom_7b2f6d3d._.js:9562:97)
    at workLoopSync (http://localhost:3001/_next/static/chunks/f12ff_next_dist_compiled_react-dom_7b2f6d3d._.js:9456:40)
    at renderRootSync (http://localhost:3001/_next/static/chunks/f12ff_next_dist_compiled_react-dom_7b2f6d3d._.js:9440:13)
    at performWorkOnRoot (http://localhost:3001/_next/static/chunks/f12ff_next_dist_compiled_react-dom_7b2f6d3d._.js:9068:186)
    at performSyncWorkOnRoot (http://localhost:3001/_next/static/chunks/f12ff_next_dist_compiled_react-dom_7b2f6d3d._.js:10238:9)
    at flushSyncWorkAcrossRoots_impl (http://localhost:3001/_next/static/chunks/f12ff_next_dist_compiled_react-dom_7b2f6d3d._.js:10154:316)
    at flushSpawnedWork (http://localhost:3001/_next/static/chunks/f12ff_next_dist_compiled_react-dom_7b2f6d3d._.js:9914:13)
    at commitRoot (http://localhost:3001/_next/static/chunks/f12ff_next_dist_compiled_react-dom_7b2f6d3d._.js:9720:432)
    at commitRootWhenReady (http://localhost:3001/_next/static/chunks/f12ff_next_dist_compiled_react-dom_7b2f6d3d._.js:9194:9)
    at performWorkOnRoot (http://localhost:3001/_next/static/chunks/f12ff_next_dist_compiled_react-dom_7b2f6d3d._.js:9166:25)
    at performWorkOnRootViaSchedulerTask (http://localhost:3001/_next/static/chunks/f12ff_next_dist_compiled_react-dom_7b2f6d3d._.js:10230:9)
    at MessagePort.performWorkUntilDeadline (http://localhost:3001/_next/static/chunks/f12ff_next_dist_compiled_cd863794._.js:2647:64) @ http://localhost:3001/_next/static/chunks/f12ff_next_dist_95687940._.js:3132
[  137972ms] [ERROR] IntlError: MISSING_MESSAGE: Cannot read properties of undefined (reading 'split')
    at getFallbackFromErrorAndNotify (http://localhost:3001/_next/static/chunks/node_modules__pnpm_a92eadf3._.js:7251:23)
    at translateBaseFn (http://localhost:3001/_next/static/chunks/node_modules__pnpm_a92eadf3._.js:7281:28)
    at translateFn (http://localhost:3001/_next/static/chunks/node_modules__pnpm_a92eadf3._.js:7343:24)
    at labelFor (http://localhost:3001/_next/static/chunks/_2015e761._.js:485:30)
    at http://localhost:3001/_next/static/chunks/_2015e761._.js:142:34
    at Array.map (<anonymous>)
    at RegionChoropleth (http://localhost:3001/_next/static/chunks/_2015e761._.js:134:43)
    at Object.react_stack_bottom_frame (http://localhost:3001/_next/static/chunks/f12ff_next_dist_compiled_react-dom_7b2f6d3d._.js:14826:24)
    at renderWithHooksAgain (http://localhost:3001/_next/static/chunks/f12ff_next_dist_compiled_react-dom_7b2f6d3d._.js:4706:24)
    at renderWithHooks (http://localhost:3001/_next/static/chunks/f12ff_next_dist_compiled_react-dom_7b2f6d3d._.js:4657:28)
    at updateFunctionComponent (http://localhost:3001/_next/static/chunks/f12ff_next_dist_compiled_react-dom_7b2f6d3d._.js:6112:21)
    at beginWork (http://localhost:3001/_next/static/chunks/f12ff_next_dist_compiled_react-dom_7b2f6d3d._.js:6708:24)
    at runWithFiberInDEV (http://localhost:3001/_next/static/chunks/f12ff_next_dist_compiled_react-dom_7b2f6d3d._.js:965:74)
    at performUnitOfWork (http://localhost:3001/_next/static/chunks/f12ff_next_dist_compiled_react-dom_7b2f6d3d._.js:9562:97)
    at workLoopSync (http://localhost:3001/_next/static/chunks/f12ff_next_dist_compiled_react-dom_7b2f6d3d._.js:9456:40)
    at renderRootSync (http://localhost:3001/_next/static/chunks/f12ff_next_dist_compiled_react-dom_7b2f6d3d._.js:9440:13)
    at performWorkOnRoot (http://localhost:3001/_next/static/chunks/f12ff_next_dist_compiled_react-dom_7b2f6d3d._.js:9068:186)
    at performSyncWorkOnRoot (http://localhost:3001/_next/static/chunks/f12ff_next_dist_compiled_react-dom_7b2f6d3d._.js:10238:9)
    at flushSyncWorkAcrossRoots_impl (http://localhost:3001/_next/static/chunks/f12ff_next_dist_compiled_react-dom_7b2f6d3d._.js:10154:316)
    at flushSpawnedWork (http://localhost:3001/_next/static/chunks/f12ff_next_dist_compiled_react-dom_7b2f6d3d._.js:9914:13)
    at commitRoot (http://localhost:3001/_next/static/chunks/f12ff_next_dist_compiled_react-dom_7b2f6d3d._.js:9720:432)
    at commitRootWhenReady (http://localhost:3001/_next/static/chunks/f12ff_next_dist_compiled_react-dom_7b2f6d3d._.js:9194:9)
    at performWorkOnRoot (http://localhost:3001/_next/static/chunks/f12ff_next_dist_compiled_react-dom_7b2f6d3d._.js:9166:25)
    at performWorkOnRootViaSchedulerTask (http://localhost:3001/_next/static/chunks/f12ff_next_dist_compiled_react-dom_7b2f6d3d._.js:10230:9)
    at MessagePort.performWorkUntilDeadline (http://localhost:3001/_next/static/chunks/f12ff_next_dist_compiled_cd863794._.js:2647:64) @ http://localhost:3001/_next/static/chunks/f12ff_next_dist_95687940._.js:3132
[  137988ms] [ERROR] IntlError: MISSING_MESSAGE: Cannot read properties of undefined (reading 'split')
    at getFallbackFromErrorAndNotify (http://localhost:3001/_next/static/chunks/node_modules__pnpm_a92eadf3._.js:7251:23)
    at translateBaseFn (http://localhost:3001/_next/static/chunks/node_modules__pnpm_a92eadf3._.js:7281:28)
    at translateFn (http://localhost:3001/_next/static/chunks/node_modules__pnpm_a92eadf3._.js:7343:24)
    at labelFor (http://localhost:3001/_next/static/chunks/_2015e761._.js:485:30)
    at http://localhost:3001/_next/static/chunks/_2015e761._.js:142:34
    at Array.map (<anonymous>)
    at RegionChoropleth (http://localhost:3001/_next/static/chunks/_2015e761._.js:134:43)
    at Object.react_stack_bottom_frame (http://localhost:3001/_next/static/chunks/f12ff_next_dist_compiled_react-dom_7b2f6d3d._.js:14826:24)
    at renderWithHooks (http://localhost:3001/_next/static/chunks/f12ff_next_dist_compiled_react-dom_7b2f6d3d._.js:4651:24)
    at updateFunctionComponent (http://localhost:3001/_next/static/chunks/f12ff_next_dist_compiled_react-dom_7b2f6d3d._.js:6112:21)
    at beginWork (http://localhost:3001/_next/static/chunks/f12ff_next_dist_compiled_react-dom_7b2f6d3d._.js:6708:24)
    at runWithFiberInDEV (http://localhost:3001/_next/static/chunks/f12ff_next_dist_compiled_react-dom_7b2f6d3d._.js:965:74)
    at performUnitOfWork (http://localhost:3001/_next/static/chunks/f12ff_next_dist_compiled_react-dom_7b2f6d3d._.js:9562:97)
    at workLoopSync (http://localhost:3001/_next/static/chunks/f12ff_next_dist_compiled_react-dom_7b2f6d3d._.js:9456:40)
    at renderRootSync (http://localhost:3001/_next/static/chunks/f12ff_next_dist_compiled_react-dom_7b2f6d3d._.js:9440:13)
    at performWorkOnRoot (http://localhost:3001/_next/static/chunks/f12ff_next_dist_compiled_react-dom_7b2f6d3d._.js:9068:186)
    at performSyncWorkOnRoot (http://localhost:3001/_next/static/chunks/f12ff_next_dist_compiled_react-dom_7b2f6d3d._.js:10238:9)
    at flushSyncWorkAcrossRoots_impl (http://localhost:3001/_next/static/chunks/f12ff_next_dist_compiled_react-dom_7b2f6d3d._.js:10154:316)
    at flushSpawnedWork (http://localhost:3001/_next/static/chunks/f12ff_next_dist_compiled_react-dom_7b2f6d3d._.js:9914:13)
    at commitRoot (http://localhost:3001/_next/static/chunks/f12ff_next_dist_compiled_react-dom_7b2f6d3d._.js:9720:432)
    at commitRootWhenReady (http://localhost:3001/_next/static/chunks/f12ff_next_dist_compiled_react-dom_7b2f6d3d._.js:9194:9)
    at performWorkOnRoot (http://localhost:3001/_next/static/chunks/f12ff_next_dist_compiled_react-dom_7b2f6d3d._.js:9166:25)
    at performWorkOnRootViaSchedulerTask (http://localhost:3001/_next/static/chunks/f12ff_next_dist_compiled_react-dom_7b2f6d3d._.js:10230:9)
    at MessagePort.performWorkUntilDeadline (http://localhost:3001/_next/static/chunks/f12ff_next_dist_compiled_cd863794._.js:2647:64) @ http://localhost:3001/_next/static/chunks/f12ff_next_dist_95687940._.js:3132
[  137988ms] [ERROR] IntlError: MISSING_MESSAGE: Cannot read properties of undefined (reading 'split')
    at getFallbackFromErrorAndNotify (http://localhost:3001/_next/static/chunks/node_modules__pnpm_a92eadf3._.js:7251:23)
    at translateBaseFn (http://localhost:3001/_next/static/chunks/node_modules__pnpm_a92eadf3._.js:7281:28)
    at translateFn (http://localhost:3001/_next/static/chunks/node_modules__pnpm_a92eadf3._.js:7343:24)
    at labelFor (http://localhost:3001/_next/static/chunks/_2015e761._.js:485:30)
    at http://localhost:3001/_next/static/chunks/_2015e761._.js:142:34
    at Array.map (<anonymous>)
    at RegionChoropleth (http://localhost:3001/_next/static/chunks/_2015e761._.js:134:43)
    at Object.react_stack_bottom_frame (http://localhost:3001/_next/static/chunks/f12ff_next_dist_compiled_react-dom_7b2f6d3d._.js:14826:24)
    at renderWithHooks (http://localhost:3001/_next/static/chunks/f12ff_next_dist_compiled_react-dom_7b2f6d3d._.js:4651:24)
    at updateFunctionComponent (http://localhost:3001/_next/static/chunks/f12ff_next_dist_compiled_react-dom_7b2f6d3d._.js:6112:21)
    at beginWork (http://localhost:3001/_next/static/chunks/f12ff_next_dist_compiled_react-dom_7b2f6d3d._.js:6708:24)
    at runWithFiberInDEV (http://localhost:3001/_next/static/chunks/f12ff_next_dist_compiled_react-dom_7b2f6d3d._.js:965:74)
    at performUnitOfWork (http://localhost:3001/_next/static/chunks/f12ff_next_dist_compiled_react-dom_7b2f6d3d._.js:9562:97)
    at workLoopSync (http://localhost:3001/_next/static/chunks/f12ff_next_dist_compiled_react-dom_7b2f6d3d._.js:9456:40)
    at renderRootSync (http://localhost:3001/_next/static/chunks/f12ff_next_dist_compiled_react-dom_7b2f6d3d._.js:9440:13)
    at performWorkOnRoot (http://localhost:3001/_next/static/chunks/f12ff_next_dist_compiled_react-dom_7b2f6d3d._.js:9068:186)
    at performSyncWorkOnRoot (http://localhost:3001/_next/static/chunks/f12ff_next_dist_compiled_react-dom_7b2f6d3d._.js:10238:9)
    at flushSyncWorkAcrossRoots_impl (http://localhost:3001/_next/static/chunks/f12ff_next_dist_compiled_react-dom_7b2f6d3d._.js:10154:316)
    at flushSpawnedWork (http://localhost:3001/_next/static/chunks/f12ff_next_dist_compiled_react-dom_7b2f6d3d._.js:9914:13)
    at commitRoot (http://localhost:3001/_next/static/chunks/f12ff_next_dist_compiled_react-dom_7b2f6d3d._.js:9720:432)
    at commitRootWhenReady (http://localhost:3001/_next/static/chunks/f12ff_next_dist_compiled_react-dom_7b2f6d3d._.js:9194:9)
    at performWorkOnRoot (http://localhost:3001/_next/static/chunks/f12ff_next_dist_compiled_react-dom_7b2f6d3d._.js:9166:25)
    at performWorkOnRootViaSchedulerTask (http://localhost:3001/_next/static/chunks/f12ff_next_dist_compiled_react-dom_7b2f6d3d._.js:10230:9)
    at MessagePort.performWorkUntilDeadline (http://localhost:3001/_next/static/chunks/f12ff_next_dist_compiled_cd863794._.js:2647:64) @ http://localhost:3001/_next/static/chunks/f12ff_next_dist_95687940._.js:3132
[  137989ms] [ERROR] IntlError: MISSING_MESSAGE: Cannot read properties of undefined (reading 'split')
    at getFallbackFromErrorAndNotify (http://localhost:3001/_next/static/chunks/node_modules__pnpm_a92eadf3._.js:7251:23)
    at translateBaseFn (http://localhost:3001/_next/static/chunks/node_modules__pnpm_a92eadf3._.js:7281:28)
    at translateFn (http://localhost:3001/_next/static/chunks/node_modules__pnpm_a92eadf3._.js:7343:24)
    at labelFor (http://localhost:3001/_next/static/chunks/_2015e761._.js:485:30)
    at http://localhost:3001/_next/static/chunks/_2015e761._.js:142:34
    at Array.map (<anonymous>)
    at RegionChoropleth (http://localhost:3001/_next/static/chunks/_2015e761._.js:134:43)
    at Object.react_stack_bottom_frame (http://localhost:3001/_next/static/chunks/f12ff_next_dist_compiled_react-dom_7b2f6d3d._.js:14826:24)
    at renderWithHooks (http://localhost:3001/_next/static/chunks/f12ff_next_dist_compiled_react-dom_7b2f6d3d._.js:4651:24)
    at updateFunctionComponent (http://localhost:3001/_next/static/chunks/f12ff_next_dist_compiled_react-dom_7b2f6d3d._.js:6112:21)
    at beginWork (http://localhost:3001/_next/static/chunks/f12ff_next_dist_compiled_react-dom_7b2f6d3d._.js:6708:24)
    at runWithFiberInDEV (http://localhost:3001/_next/static/chunks/f12ff_next_dist_compiled_react-dom_7b2f6d3d._.js:965:74)
    at performUnitOfWork (http://localhost:3001/_next/static/chunks/f12ff_next_dist_compiled_react-dom_7b2f6d3d._.js:9562:97)
    at workLoopSync (http://localhost:3001/_next/static/chunks/f12ff_next_dist_compiled_react-dom_7b2f6d3d._.js:9456:40)
    at renderRootSync (http://localhost:3001/_next/static/chunks/f12ff_next_dist_compiled_react-dom_7b2f6d3d._.js:9440:13)
    at performWorkOnRoot (http://localhost:3001/_next/static/chunks/f12ff_next_dist_compiled_react-dom_7b2f6d3d._.js:9068:186)
    at performSyncWorkOnRoot (http://localhost:3001/_next/static/chunks/f12ff_next_dist_compiled_react-dom_7b2f6d3d._.js:10238:9)
    at flushSyncWorkAcrossRoots_impl (http://localhost:3001/_next/static/chunks/f12ff_next_dist_compiled_react-dom_7b2f6d3d._.js:10154:316)
    at flushSpawnedWork (http://localhost:3001/_next/static/chunks/f12ff_next_dist_compiled_react-dom_7b2f6d3d._.js:9914:13)
    at commitRoot (http://localhost:3001/_next/static/chunks/f12ff_next_dist_compiled_react-dom_7b2f6d3d._.js:9720:432)
    at commitRootWhenReady (http://localhost:3001/_next/static/chunks/f12ff_next_dist_compiled_react-dom_7b2f6d3d._.js:9194:9)
    at performWorkOnRoot (http://localhost:3001/_next/static/chunks/f12ff_next_dist_compiled_react-dom_7b2f6d3d._.js:9166:25)
    at performWorkOnRootViaSchedulerTask (http://localhost:3001/_next/static/chunks/f12ff_next_dist_compiled_react-dom_7b2f6d3d._.js:10230:9)
    at MessagePort.performWorkUntilDeadline (http://localhost:3001/_next/static/chunks/f12ff_next_dist_compiled_cd863794._.js:2647:64) @ http://localhost:3001/_next/static/chunks/f12ff_next_dist_95687940._.js:3132
[  137989ms] [ERROR] IntlError: MISSING_MESSAGE: Cannot read properties of undefined (reading 'split')
    at getFallbackFromErrorAndNotify (http://localhost:3001/_next/static/chunks/node_modules__pnpm_a92eadf3._.js:7251:23)
    at translateBaseFn (http://localhost:3001/_next/static/chunks/node_modules__pnpm_a92eadf3._.js:7281:28)
    at translateFn (http://localhost:3001/_next/static/chunks/node_modules__pnpm_a92eadf3._.js:7343:24)
    at labelFor (http://localhost:3001/_next/static/chunks/_2015e761._.js:485:30)
    at http://localhost:3001/_next/static/chunks/_2015e761._.js:142:34
    at Array.map (<anonymous>)
    at RegionChoropleth (http://localhost:3001/_next/static/chunks/_2015e761._.js:134:43)
    at Object.react_stack_bottom_frame (http://localhost:3001/_next/static/chunks/f12ff_next_dist_compiled_react-dom_7b2f6d3d._.js:14826:24)
    at renderWithHooks (http://localhost:3001/_next/static/chunks/f12ff_next_dist_compiled_react-dom_7b2f6d3d._.js:4651:24)
    at updateFunctionComponent (http://localhost:3001/_next/static/chunks/f12ff_next_dist_compiled_react-dom_7b2f6d3d._.js:6112:21)
    at beginWork (http://localhost:3001/_next/static/chunks/f12ff_next_dist_compiled_react-dom_7b2f6d3d._.js:6708:24)
    at runWithFiberInDEV (http://localhost:3001/_next/static/chunks/f12ff_next_dist_compiled_react-dom_7b2f6d3d._.js:965:74)
    at performUnitOfWork (http://localhost:3001/_next/static/chunks/f12ff_next_dist_compiled_react-dom_7b2f6d3d._.js:9562:97)
    at workLoopSync (http://localhost:3001/_next/static/chunks/f12ff_next_dist_compiled_react-dom_7b2f6d3d._.js:9456:40)
    at renderRootSync (http://localhost:3001/_next/static/chunks/f12ff_next_dist_compiled_react-dom_7b2f6d3d._.js:9440:13)
    at performWorkOnRoot (http://localhost:3001/_next/static/chunks/f12ff_next_dist_compiled_react-dom_7b2f6d3d._.js:9068:186)
    at performSyncWorkOnRoot (http://localhost:3001/_next/static/chunks/f12ff_next_dist_compiled_react-dom_7b2f6d3d._.js:10238:9)
    at flushSyncWorkAcrossRoots_impl (http://localhost:3001/_next/static/chunks/f12ff_next_dist_compiled_react-dom_7b2f6d3d._.js:10154:316)
    at flushSpawnedWork (http://localhost:3001/_next/static/chunks/f12ff_next_dist_compiled_react-dom_7b2f6d3d._.js:9914:13)
    at commitRoot (http://localhost:3001/_next/static/chunks/f12ff_next_dist_compiled_react-dom_7b2f6d3d._.js:9720:432)
    at commitRootWhenReady (http://localhost:3001/_next/static/chunks/f12ff_next_dist_compiled_react-dom_7b2f6d3d._.js:9194:9)
    at performWorkOnRoot (http://localhost:3001/_next/static/chunks/f12ff_next_dist_compiled_react-dom_7b2f6d3d._.js:9166:25)
    at performWorkOnRootViaSchedulerTask (http://localhost:3001/_next/static/chunks/f12ff_next_dist_compiled_react-dom_7b2f6d3d._.js:10230:9)
    at MessagePort.performWorkUntilDeadline (http://localhost:3001/_next/static/chunks/f12ff_next_dist_compiled_cd863794._.js:2647:64) @ http://localhost:3001/_next/static/chunks/f12ff_next_dist_95687940._.js:3132
[  137989ms] [ERROR] IntlError: MISSING_MESSAGE: Cannot read properties of undefined (reading 'split')
    at getFallbackFromErrorAndNotify (http://localhost:3001/_next/static/chunks/node_modules__pnpm_a92eadf3._.js:7251:23)
    at translateBaseFn (http://localhost:3001/_next/static/chunks/node_modules__pnpm_a92eadf3._.js:7281:28)
    at translateFn (http://localhost:3001/_next/static/chunks/node_modules__pnpm_a92eadf3._.js:7343:24)
    at labelFor (http://localhost:3001/_next/static/chunks/_2015e761._.js:485:30)
    at http://localhost:3001/_next/static/chunks/_2015e761._.js:142:34
    at Array.map (<anonymous>)
    at RegionChoropleth (http://localhost:3001/_next/static/chunks/_2015e761._.js:134:43)
    at Object.react_stack_bottom_frame (http://localhost:3001/_next/static/chunks/f12ff_next_dist_compiled_react-dom_7b2f6d3d._.js:14826:24)
    at renderWithHooks (http://localhost:3001/_next/static/chunks/f12ff_next_dist_compiled_react-dom_7b2f6d3d._.js:4651:24)
    at updateFunctionComponent (http://localhost:3001/_next/static/chunks/f12ff_next_dist_compiled_react-dom_7b2f6d3d._.js:6112:21)
    at beginWork (http://localhost:3001/_next/static/chunks/f12ff_next_dist_compiled_react-dom_7b2f6d3d._.js:6708:24)
    at runWithFiberInDEV (http://localhost:3001/_next/static/chunks/f12ff_next_dist_compiled_react-dom_7b2f6d3d._.js:965:74)
    at performUnitOfWork (http://localhost:3001/_next/static/chunks/f12ff_next_dist_compiled_react-dom_7b2f6d3d._.js:9562:97)
    at workLoopSync (http://localhost:3001/_next/static/chunks/f12ff_next_dist_compiled_react-dom_7b2f6d3d._.js:9456:40)
    at renderRootSync (http://localhost:3001/_next/static/chunks/f12ff_next_dist_compiled_react-dom_7b2f6d3d._.js:9440:13)
    at performWorkOnRoot (http://localhost:3001/_next/static/chunks/f12ff_next_dist_compiled_react-dom_7b2f6d3d._.js:9068:186)
    at performSyncWorkOnRoot (http://localhost:3001/_next/static/chunks/f12ff_next_dist_compiled_react-dom_7b2f6d3d._.js:10238:9)
    at flushSyncWorkAcrossRoots_impl (http://localhost:3001/_next/static/chunks/f12ff_next_dist_compiled_react-dom_7b2f6d3d._.js:10154:316)
    at flushSpawnedWork (http://localhost:3001/_next/static/chunks/f12ff_next_dist_compiled_react-dom_7b2f6d3d._.js:9914:13)
    at commitRoot (http://localhost:3001/_next/static/chunks/f12ff_next_dist_compiled_react-dom_7b2f6d3d._.js:9720:432)
    at commitRootWhenReady (http://localhost:3001/_next/static/chunks/f12ff_next_dist_compiled_react-dom_7b2f6d3d._.js:9194:9)
    at performWorkOnRoot (http://localhost:3001/_next/static/chunks/f12ff_next_dist_compiled_react-dom_7b2f6d3d._.js:9166:25)
    at performWorkOnRootViaSchedulerTask (http://localhost:3001/_next/static/chunks/f12ff_next_dist_compiled_react-dom_7b2f6d3d._.js:10230:9)
    at MessagePort.performWorkUntilDeadline (http://localhost:3001/_next/static/chunks/f12ff_next_dist_compiled_cd863794._.js:2647:64) @ http://localhost:3001/_next/static/chunks/f12ff_next_dist_95687940._.js:3132
[  137989ms] [ERROR] IntlError: MISSING_MESSAGE: Cannot read properties of undefined (reading 'split')
    at getFallbackFromErrorAndNotify (http://localhost:3001/_next/static/chunks/node_modules__pnpm_a92eadf3._.js:7251:23)
    at translateBaseFn (http://localhost:3001/_next/static/chunks/node_modules__pnpm_a92eadf3._.js:7281:28)
    at translateFn (http://localhost:3001/_next/static/chunks/node_modules__pnpm_a92eadf3._.js:7343:24)
    at labelFor (http://localhost:3001/_next/static/chunks/_2015e761._.js:485:30)
    at http://localhost:3001/_next/static/chunks/_2015e761._.js:142:34
    at Array.map (<anonymous>)
    at RegionChoropleth (http://localhost:3001/_next/static/chunks/_2015e761._.js:134:43)
    at Object.react_stack_bottom_frame (http://localhost:3001/_next/static/chunks/f12ff_next_dist_compiled_react-dom_7b2f6d3d._.js:14826:24)
    at renderWithHooks (http://localhost:3001/_next/static/chunks/f12ff_next_dist_compiled_react-dom_7b2f6d3d._.js:4651:24)
    at updateFunctionComponent (http://localhost:3001/_next/static/chunks/f12ff_next_dist_compiled_react-dom_7b2f6d3d._.js:6112:21)
    at beginWork (http://localhost:3001/_next/static/chunks/f12ff_next_dist_compiled_react-dom_7b2f6d3d._.js:6708:24)
    at runWithFiberInDEV (http://localhost:3001/_next/static/chunks/f12ff_next_dist_compiled_react-dom_7b2f6d3d._.js:965:74)
    at performUnitOfWork (http://localhost:3001/_next/static/chunks/f12ff_next_dist_compiled_react-dom_7b2f6d3d._.js:9562:97)
    at workLoopSync (http://localhost:3001/_next/static/chunks/f12ff_next_dist_compiled_react-dom_7b2f6d3d._.js:9456:40)
    at renderRootSync (http://localhost:3001/_next/static/chunks/f12ff_next_dist_compiled_react-dom_7b2f6d3d._.js:9440:13)
    at performWorkOnRoot (http://localhost:3001/_next/static/chunks/f12ff_next_dist_compiled_react-dom_7b2f6d3d._.js:9068:186)
    at performSyncWorkOnRoot (http://localhost:3001/_next/static/chunks/f12ff_next_dist_compiled_react-dom_7b2f6d3d._.js:10238:9)
    at flushSyncWorkAcrossRoots_impl (http://localhost:3001/_next/static/chunks/f12ff_next_dist_compiled_react-dom_7b2f6d3d._.js:10154:316)
    at flushSpawnedWork (http://localhost:3001/_next/static/chunks/f12ff_next_dist_compiled_react-dom_7b2f6d3d._.js:9914:13)
    at commitRoot (http://localhost:3001/_next/static/chunks/f12ff_next_dist_compiled_react-dom_7b2f6d3d._.js:9720:432)
    at commitRootWhenReady (http://localhost:3001/_next/static/chunks/f12ff_next_dist_compiled_react-dom_7b2f6d3d._.js:9194:9)
    at performWorkOnRoot (http://localhost:3001/_next/static/chunks/f12ff_next_dist_compiled_react-dom_7b2f6d3d._.js:9166:25)
    at performWorkOnRootViaSchedulerTask (http://localhost:3001/_next/static/chunks/f12ff_next_dist_compiled_react-dom_7b2f6d3d._.js:10230:9)
    at MessagePort.performWorkUntilDeadline (http://localhost:3001/_next/static/chunks/f12ff_next_dist_compiled_cd863794._.js:2647:64) @ http://localhost:3001/_next/static/chunks/f12ff_next_dist_95687940._.js:3132
[  137989ms] [ERROR] IntlError: MISSING_MESSAGE: Cannot read properties of undefined (reading 'split')
    at getFallbackFromErrorAndNotify (http://localhost:3001/_next/static/chunks/node_modules__pnpm_a92eadf3._.js:7251:23)
    at translateBaseFn (http://localhost:3001/_next/static/chunks/node_modules__pnpm_a92eadf3._.js:7281:28)
    at translateFn (http://localhost:3001/_next/static/chunks/node_modules__pnpm_a92eadf3._.js:7343:24)
    at labelFor (http://localhost:3001/_next/static/chunks/_2015e761._.js:485:30)
    at http://localhost:3001/_next/static/chunks/_2015e761._.js:142:34
    at Array.map (<anonymous>)
    at RegionChoropleth (http://localhost:3001/_next/static/chunks/_2015e761._.js:134:43)
    at Object.react_stack_bottom_frame (http://localhost:3001/_next/static/chunks/f12ff_next_dist_compiled_react-dom_7b2f6d3d._.js:14826:24)
    at renderWithHooks (http://localhost:3001/_next/static/chunks/f12ff_next_dist_compiled_react-dom_7b2f6d3d._.js:4651:24)
    at updateFunctionComponent (http://localhost:3001/_next/static/chunks/f12ff_next_dist_compiled_react-dom_7b2f6d3d._.js:6112:21)
    at beginWork (http://localhost:3001/_next/static/chunks/f12ff_next_dist_compiled_react-dom_7b2f6d3d._.js:6708:24)
    at runWithFiberInDEV (http://localhost:3001/_next/static/chunks/f12ff_next_dist_compiled_react-dom_7b2f6d3d._.js:965:74)
    at performUnitOfWork (http://localhost:3001/_next/static/chunks/f12ff_next_dist_compiled_react-dom_7b2f6d3d._.js:9562:97)
    at workLoopSync (http://localhost:3001/_next/static/chunks/f12ff_next_dist_compiled_react-dom_7b2f6d3d._.js:9456:40)
    at renderRootSync (http://localhost:3001/_next/static/chunks/f12ff_next_dist_compiled_react-dom_7b2f6d3d._.js:9440:13)
    at performWorkOnRoot (http://localhost:3001/_next/static/chunks/f12ff_next_dist_compiled_react-dom_7b2f6d3d._.js:9068:186)
    at performSyncWorkOnRoot (http://localhost:3001/_next/static/chunks/f12ff_next_dist_compiled_react-dom_7b2f6d3d._.js:10238:9)
    at flushSyncWorkAcrossRoots_impl (http://localhost:3001/_next/static/chunks/f12ff_next_dist_compiled_react-dom_7b2f6d3d._.js:10154:316)
    at flushSpawnedWork (http://localhost:3001/_next/static/chunks/f12ff_next_dist_compiled_react-dom_7b2f6d3d._.js:9914:13)
    at commitRoot (http://localhost:3001/_next/static/chunks/f12ff_next_dist_compiled_react-dom_7b2f6d3d._.js:9720:432)
    at commitRootWhenReady (http://localhost:3001/_next/static/chunks/f12ff_next_dist_compiled_react-dom_7b2f6d3d._.js:9194:9)
    at performWorkOnRoot (http://localhost:3001/_next/static/chunks/f12ff_next_dist_compiled_react-dom_7b2f6d3d._.js:9166:25)
    at performWorkOnRootViaSchedulerTask (http://localhost:3001/_next/static/chunks/f12ff_next_dist_compiled_react-dom_7b2f6d3d._.js:10230:9)
    at MessagePort.performWorkUntilDeadline (http://localhost:3001/_next/static/chunks/f12ff_next_dist_compiled_cd863794._.js:2647:64) @ http://localhost:3001/_next/static/chunks/f12ff_next_dist_95687940._.js:3132
[  137990ms] [ERROR] IntlError: MISSING_MESSAGE: Cannot read properties of undefined (reading 'split')
    at getFallbackFromErrorAndNotify (http://localhost:3001/_next/static/chunks/node_modules__pnpm_a92eadf3._.js:7251:23)
    at translateBaseFn (http://localhost:3001/_next/static/chunks/node_modules__pnpm_a92eadf3._.js:7281:28)
    at translateFn (http://localhost:3001/_next/static/chunks/node_modules__pnpm_a92eadf3._.js:7343:24)
    at labelFor (http://localhost:3001/_next/static/chunks/_2015e761._.js:485:30)
    at http://localhost:3001/_next/static/chunks/_2015e761._.js:142:34
    at Array.map (<anonymous>)
    at RegionChoropleth (http://localhost:3001/_next/static/chunks/_2015e761._.js:134:43)
    at Object.react_stack_bottom_frame (http://localhost:3001/_next/static/chunks/f12ff_next_dist_compiled_react-dom_7b2f6d3d._.js:14826:24)
    at renderWithHooksAgain (http://localhost:3001/_next/static/chunks/f12ff_next_dist_compiled_react-dom_7b2f6d3d._.js:4706:24)
    at renderWithHooks (http://localhost:3001/_next/static/chunks/f12ff_next_dist_compiled_react-dom_7b2f6d3d._.js:4657:28)
    at updateFunctionComponent (http://localhost:3001/_next/static/chunks/f12ff_next_dist_compiled_react-dom_7b2f6d3d._.js:6112:21)
    at beginWork (http://localhost:3001/_next/static/chunks/f12ff_next_dist_compiled_react-dom_7b2f6d3d._.js:6708:24)
    at runWithFiberInDEV (http://localhost:3001/_next/static/chunks/f12ff_next_dist_compiled_react-dom_7b2f6d3d._.js:965:74)
    at performUnitOfWork (http://localhost:3001/_next/static/chunks/f12ff_next_dist_compiled_react-dom_7b2f6d3d._.js:9562:97)
    at workLoopSync (http://localhost:3001/_next/static/chunks/f12ff_next_dist_compiled_react-dom_7b2f6d3d._.js:9456:40)
    at renderRootSync (http://localhost:3001/_next/static/chunks/f12ff_next_dist_compiled_react-dom_7b2f6d3d._.js:9440:13)
    at performWorkOnRoot (http://localhost:3001/_next/static/chunks/f12ff_next_dist_compiled_react-dom_7b2f6d3d._.js:9068:186)
    at performSyncWorkOnRoot (http://localhost:3001/_next/static/chunks/f12ff_next_dist_compiled_react-dom_7b2f6d3d._.js:10238:9)
    at flushSyncWorkAcrossRoots_impl (http://localhost:3001/_next/static/chunks/f12ff_next_dist_compiled_react-dom_7b2f6d3d._.js:10154:316)
    at flushSpawnedWork (http://localhost:3001/_next/static/chunks/f12ff_next_dist_compiled_react-dom_7b2f6d3d._.js:9914:13)
    at commitRoot (http://localhost:3001/_next/static/chunks/f12ff_next_dist_compiled_react-dom_7b2f6d3d._.js:9720:432)
    at commitRootWhenReady (http://localhost:3001/_next/static/chunks/f12ff_next_dist_compiled_react-dom_7b2f6d3d._.js:9194:9)
    at performWorkOnRoot (http://localhost:3001/_next/static/chunks/f12ff_next_dist_compiled_react-dom_7b2f6d3d._.js:9166:25)
    at performWorkOnRootViaSchedulerTask (http://localhost:3001/_next/static/chunks/f12ff_next_dist_compiled_react-dom_7b2f6d3d._.js:10230:9)
    at MessagePort.performWorkUntilDeadline (http://localhost:3001/_next/static/chunks/f12ff_next_dist_compiled_cd863794._.js:2647:64) @ http://localhost:3001/_next/static/chunks/f12ff_next_dist_95687940._.js:3132
[  137990ms] [ERROR] IntlError: MISSING_MESSAGE: Cannot read properties of undefined (reading 'split')
    at getFallbackFromErrorAndNotify (http://localhost:3001/_next/static/chunks/node_modules__pnpm_a92eadf3._.js:7251:23)
    at translateBaseFn (http://localhost:3001/_next/static/chunks/node_modules__pnpm_a92eadf3._.js:7281:28)
    at translateFn (http://localhost:3001/_next/static/chunks/node_modules__pnpm_a92eadf3._.js:7343:24)
    at labelFor (http://localhost:3001/_next/static/chunks/_2015e761._.js:485:30)
    at http://localhost:3001/_next/static/chunks/_2015e761._.js:142:34
    at Array.map (<anonymous>)
    at RegionChoropleth (http://localhost:3001/_next/static/chunks/_2015e761._.js:134:43)
    at Object.react_stack_bottom_frame (http://localhost:3001/_next/static/chunks/f12ff_next_dist_compiled_react-dom_7b2f6d3d._.js:14826:24)
    at renderWithHooksAgain (http://localhost:3001/_next/static/chunks/f12ff_next_dist_compiled_react-dom_7b2f6d3d._.js:4706:24)
    at renderWithHooks (http://localhost:3001/_next/static/chunks/f12ff_next_dist_compiled_react-dom_7b2f6d3d._.js:4657:28)
    at updateFunctionComponent (http://localhost:3001/_next/static/chunks/f12ff_next_dist_compiled_react-dom_7b2f6d3d._.js:6112:21)
    at beginWork (http://localhost:3001/_next/static/chunks/f12ff_next_dist_compiled_react-dom_7b2f6d3d._.js:6708:24)
    at runWithFiberInDEV (http://localhost:3001/_next/static/chunks/f12ff_next_dist_compiled_react-dom_7b2f6d3d._.js:965:74)
    at performUnitOfWork (http://localhost:3001/_next/static/chunks/f12ff_next_dist_compiled_react-dom_7b2f6d3d._.js:9562:97)
    at workLoopSync (http://localhost:3001/_next/static/chunks/f12ff_next_dist_compiled_react-dom_7b2f6d3d._.js:9456:40)
    at renderRootSync (http://localhost:3001/_next/static/chunks/f12ff_next_dist_compiled_react-dom_7b2f6d3d._.js:9440:13)
    at performWorkOnRoot (http://localhost:3001/_next/static/chunks/f12ff_next_dist_compiled_react-dom_7b2f6d3d._.js:9068:186)
    at performSyncWorkOnRoot (http://localhost:3001/_next/static/chunks/f12ff_next_dist_compiled_react-dom_7b2f6d3d._.js:10238:9)
    at flushSyncWorkAcrossRoots_impl (http://localhost:3001/_next/static/chunks/f12ff_next_dist_compiled_react-dom_7b2f6d3d._.js:10154:316)
    at flushSpawnedWork (http://localhost:3001/_next/static/chunks/f12ff_next_dist_compiled_react-dom_7b2f6d3d._.js:9914:13)
    at commitRoot (http://localhost:3001/_next/static/chunks/f12ff_next_dist_compiled_react-dom_7b2f6d3d._.js:9720:432)
    at commitRootWhenReady (http://localhost:3001/_next/static/chunks/f12ff_next_dist_compiled_react-dom_7b2f6d3d._.js:9194:9)
    at performWorkOnRoot (http://localhost:3001/_next/static/chunks/f12ff_next_dist_compiled_react-dom_7b2f6d3d._.js:9166:25)
    at performWorkOnRootViaSchedulerTask (http://localhost:3001/_next/static/chunks/f12ff_next_dist_compiled_react-dom_7b2f6d3d._.js:10230:9)
    at MessagePort.performWorkUntilDeadline (http://localhost:3001/_next/static/chunks/f12ff_next_dist_compiled_cd863794._.js:2647:64) @ http://localhost:3001/_next/static/chunks/f12ff_next_dist_95687940._.js:3132
[  137990ms] [ERROR] IntlError: MISSING_MESSAGE: Cannot read properties of undefined (reading 'split')
    at getFallbackFromErrorAndNotify (http://localhost:3001/_next/static/chunks/node_modules__pnpm_a92eadf3._.js:7251:23)
    at translateBaseFn (http://localhost:3001/_next/static/chunks/node_modules__pnpm_a92eadf3._.js:7281:28)
    at translateFn (http://localhost:3001/_next/static/chunks/node_modules__pnpm_a92eadf3._.js:7343:24)
    at labelFor (http://localhost:3001/_next/static/chunks/_2015e761._.js:485:30)
    at http://localhost:3001/_next/static/chunks/_2015e761._.js:142:34
    at Array.map (<anonymous>)
    at RegionChoropleth (http://localhost:3001/_next/static/chunks/_2015e761._.js:134:43)
    at Object.react_stack_bottom_frame (http://localhost:3001/_next/static/chunks/f12ff_next_dist_compiled_react-dom_7b2f6d3d._.js:14826:24)
    at renderWithHooksAgain (http://localhost:3001/_next/static/chunks/f12ff_next_dist_compiled_react-dom_7b2f6d3d._.js:4706:24)
    at renderWithHooks (http://localhost:3001/_next/static/chunks/f12ff_next_dist_compiled_react-dom_7b2f6d3d._.js:4657:28)
    at updateFunctionComponent (http://localhost:3001/_next/static/chunks/f12ff_next_dist_compiled_react-dom_7b2f6d3d._.js:6112:21)
    at beginWork (http://localhost:3001/_next/static/chunks/f12ff_next_dist_compiled_react-dom_7b2f6d3d._.js:6708:24)
    at runWithFiberInDEV (http://localhost:3001/_next/static/chunks/f12ff_next_dist_compiled_react-dom_7b2f6d3d._.js:965:74)
    at performUnitOfWork (http://localhost:3001/_next/static/chunks/f12ff_next_dist_compiled_react-dom_7b2f6d3d._.js:9562:97)
    at workLoopSync (http://localhost:3001/_next/static/chunks/f12ff_next_dist_compiled_react-dom_7b2f6d3d._.js:9456:40)
    at renderRootSync (http://localhost:3001/_next/static/chunks/f12ff_next_dist_compiled_react-dom_7b2f6d3d._.js:9440:13)
    at performWorkOnRoot (http://localhost:3001/_next/static/chunks/f12ff_next_dist_compiled_react-dom_7b2f6d3d._.js:9068:186)
    at performSyncWorkOnRoot (http://localhost:3001/_next/static/chunks/f12ff_next_dist_compiled_react-dom_7b2f6d3d._.js:10238:9)
    at flushSyncWorkAcrossRoots_impl (http://localhost:3001/_next/static/chunks/f12ff_next_dist_compiled_react-dom_7b2f6d3d._.js:10154:316)
    at flushSpawnedWork (http://localhost:3001/_next/static/chunks/f12ff_next_dist_compiled_react-dom_7b2f6d3d._.js:9914:13)
    at commitRoot (http://localhost:3001/_next/static/chunks/f12ff_next_dist_compiled_react-dom_7b2f6d3d._.js:9720:432)
    at commitRootWhenReady (http://localhost:3001/_next/static/chunks/f12ff_next_dist_compiled_react-dom_7b2f6d3d._.js:9194:9)
    at performWorkOnRoot (http://localhost:3001/_next/static/chunks/f12ff_next_dist_compiled_react-dom_7b2f6d3d._.js:9166:25)
    at performWorkOnRootViaSchedulerTask (http://localhost:3001/_next/static/chunks/f12ff_next_dist_compiled_react-dom_7b2f6d3d._.js:10230:9)
    at MessagePort.performWorkUntilDeadline (http://localhost:3001/_next/static/chunks/f12ff_next_dist_compiled_cd863794._.js:2647:64) @ http://localhost:3001/_next/static/chunks/f12ff_next_dist_95687940._.js:3132
[  137990ms] [ERROR] IntlError: MISSING_MESSAGE: Cannot read properties of undefined (reading 'split')
    at getFallbackFromErrorAndNotify (http://localhost:3001/_next/static/chunks/node_modules__pnpm_a92eadf3._.js:7251:23)
    at translateBaseFn (http://localhost:3001/_next/static/chunks/node_modules__pnpm_a92eadf3._.js:7281:28)
    at translateFn (http://localhost:3001/_next/static/chunks/node_modules__pnpm_a92eadf3._.js:7343:24)
    at labelFor (http://localhost:3001/_next/static/chunks/_2015e761._.js:485:30)
    at http://localhost:3001/_next/static/chunks/_2015e761._.js:142:34
    at Array.map (<anonymous>)
    at RegionChoropleth (http://localhost:3001/_next/static/chunks/_2015e761._.js:134:43)
    at Object.react_stack_bottom_frame (http://localhost:3001/_next/static/chunks/f12ff_next_dist_compiled_react-dom_7b2f6d3d._.js:14826:24)
    at renderWithHooksAgain (http://localhost:3001/_next/static/chunks/f12ff_next_dist_compiled_react-dom_7b2f6d3d._.js:4706:24)
    at renderWithHooks (http://localhost:3001/_next/static/chunks/f12ff_next_dist_compiled_react-dom_7b2f6d3d._.js:4657:28)
    at updateFunctionComponent (http://localhost:3001/_next/static/chunks/f12ff_next_dist_compiled_react-dom_7b2f6d3d._.js:6112:21)
    at beginWork (http://localhost:3001/_next/static/chunks/f12ff_next_dist_compiled_react-dom_7b2f6d3d._.js:6708:24)
    at runWithFiberInDEV (http://localhost:3001/_next/static/chunks/f12ff_next_dist_compiled_react-dom_7b2f6d3d._.js:965:74)
    at performUnitOfWork (http://localhost:3001/_next/static/chunks/f12ff_next_dist_compiled_react-dom_7b2f6d3d._.js:9562:97)
    at workLoopSync (http://localhost:3001/_next/static/chunks/f12ff_next_dist_compiled_react-dom_7b2f6d3d._.js:9456:40)
    at renderRootSync (http://localhost:3001/_next/static/chunks/f12ff_next_dist_compiled_react-dom_7b2f6d3d._.js:9440:13)
    at performWorkOnRoot (http://localhost:3001/_next/static/chunks/f12ff_next_dist_compiled_react-dom_7b2f6d3d._.js:9068:186)
    at performSyncWorkOnRoot (http://localhost:3001/_next/static/chunks/f12ff_next_dist_compiled_react-dom_7b2f6d3d._.js:10238:9)
    at flushSyncWorkAcrossRoots_impl (http://localhost:3001/_next/static/chunks/f12ff_next_dist_compiled_react-dom_7b2f6d3d._.js:10154:316)
    at flushSpawnedWork (http://localhost:3001/_next/static/chunks/f12ff_next_dist_compiled_react-dom_7b2f6d3d._.js:9914:13)
    at commitRoot (http://localhost:3001/_next/static/chunks/f12ff_next_dist_compiled_react-dom_7b2f6d3d._.js:9720:432)
    at commitRootWhenReady (http://localhost:3001/_next/static/chunks/f12ff_next_dist_compiled_react-dom_7b2f6d3d._.js:9194:9)
    at performWorkOnRoot (http://localhost:3001/_next/static/chunks/f12ff_next_dist_compiled_react-dom_7b2f6d3d._.js:9166:25)
    at performWorkOnRootViaSchedulerTask (http://localhost:3001/_next/static/chunks/f12ff_next_dist_compiled_react-dom_7b2f6d3d._.js:10230:9)
    at MessagePort.performWorkUntilDeadline (http://localhost:3001/_next/static/chunks/f12ff_next_dist_compiled_cd863794._.js:2647:64) @ http://localhost:3001/_next/static/chunks/f12ff_next_dist_95687940._.js:3132
[  137990ms] [ERROR] IntlError: MISSING_MESSAGE: Cannot read properties of undefined (reading 'split')
    at getFallbackFromErrorAndNotify (http://localhost:3001/_next/static/chunks/node_modules__pnpm_a92eadf3._.js:7251:23)
    at translateBaseFn (http://localhost:3001/_next/static/chunks/node_modules__pnpm_a92eadf3._.js:7281:28)
    at translateFn (http://localhost:3001/_next/static/chunks/node_modules__pnpm_a92eadf3._.js:7343:24)
    at labelFor (http://localhost:3001/_next/static/chunks/_2015e761._.js:485:30)
    at http://localhost:3001/_next/static/chunks/_2015e761._.js:142:34
    at Array.map (<anonymous>)
    at RegionChoropleth (http://localhost:3001/_next/static/chunks/_2015e761._.js:134:43)
    at Object.react_stack_bottom_frame (http://localhost:3001/_next/static/chunks/f12ff_next_dist_compiled_react-dom_7b2f6d3d._.js:14826:24)
    at renderWithHooksAgain (http://localhost:3001/_next/static/chunks/f12ff_next_dist_compiled_react-dom_7b2f6d3d._.js:4706:24)
    at renderWithHooks (http://localhost:3001/_next/static/chunks/f12ff_next_dist_compiled_react-dom_7b2f6d3d._.js:4657:28)
    at updateFunctionComponent (http://localhost:3001/_next/static/chunks/f12ff_next_dist_compiled_react-dom_7b2f6d3d._.js:6112:21)
    at beginWork (http://localhost:3001/_next/static/chunks/f12ff_next_dist_compiled_react-dom_7b2f6d3d._.js:6708:24)
    at runWithFiberInDEV (http://localhost:3001/_next/static/chunks/f12ff_next_dist_compiled_react-dom_7b2f6d3d._.js:965:74)
    at performUnitOfWork (http://localhost:3001/_next/static/chunks/f12ff_next_dist_compiled_react-dom_7b2f6d3d._.js:9562:97)
    at workLoopSync (http://localhost:3001/_next/static/chunks/f12ff_next_dist_compiled_react-dom_7b2f6d3d._.js:9456:40)
    at renderRootSync (http://localhost:3001/_next/static/chunks/f12ff_next_dist_compiled_react-dom_7b2f6d3d._.js:9440:13)
    at performWorkOnRoot (http://localhost:3001/_next/static/chunks/f12ff_next_dist_compiled_react-dom_7b2f6d3d._.js:9068:186)
    at performSyncWorkOnRoot (http://localhost:3001/_next/static/chunks/f12ff_next_dist_compiled_react-dom_7b2f6d3d._.js:10238:9)
    at flushSyncWorkAcrossRoots_impl (http://localhost:3001/_next/static/chunks/f12ff_next_dist_compiled_react-dom_7b2f6d3d._.js:10154:316)
    at flushSpawnedWork (http://localhost:3001/_next/static/chunks/f12ff_next_dist_compiled_react-dom_7b2f6d3d._.js:9914:13)
    at commitRoot (http://localhost:3001/_next/static/chunks/f12ff_next_dist_compiled_react-dom_7b2f6d3d._.js:9720:432)
    at commitRootWhenReady (http://localhost:3001/_next/static/chunks/f12ff_next_dist_compiled_react-dom_7b2f6d3d._.js:9194:9)
    at performWorkOnRoot (http://localhost:3001/_next/static/chunks/f12ff_next_dist_compiled_react-dom_7b2f6d3d._.js:9166:25)
    at performWorkOnRootViaSchedulerTask (http://localhost:3001/_next/static/chunks/f12ff_next_dist_compiled_react-dom_7b2f6d3d._.js:10230:9)
    at MessagePort.performWorkUntilDeadline (http://localhost:3001/_next/static/chunks/f12ff_next_dist_compiled_cd863794._.js:2647:64) @ http://localhost:3001/_next/static/chunks/f12ff_next_dist_95687940._.js:3132
[  137991ms] [ERROR] IntlError: MISSING_MESSAGE: Cannot read properties of undefined (reading 'split')
    at getFallbackFromErrorAndNotify (http://localhost:3001/_next/static/chunks/node_modules__pnpm_a92eadf3._.js:7251:23)
    at translateBaseFn (http://localhost:3001/_next/static/chunks/node_modules__pnpm_a92eadf3._.js:7281:28)
    at translateFn (http://localhost:3001/_next/static/chunks/node_modules__pnpm_a92eadf3._.js:7343:24)
    at labelFor (http://localhost:3001/_next/static/chunks/_2015e761._.js:485:30)
    at http://localhost:3001/_next/static/chunks/_2015e761._.js:142:34
    at Array.map (<anonymous>)
    at RegionChoropleth (http://localhost:3001/_next/static/chunks/_2015e761._.js:134:43)
    at Object.react_stack_bottom_frame (http://localhost:3001/_next/static/chunks/f12ff_next_dist_compiled_react-dom_7b2f6d3d._.js:14826:24)
    at renderWithHooksAgain (http://localhost:3001/_next/static/chunks/f12ff_next_dist_compiled_react-dom_7b2f6d3d._.js:4706:24)
    at renderWithHooks (http://localhost:3001/_next/static/chunks/f12ff_next_dist_compiled_react-dom_7b2f6d3d._.js:4657:28)
    at updateFunctionComponent (http://localhost:3001/_next/static/chunks/f12ff_next_dist_compiled_react-dom_7b2f6d3d._.js:6112:21)
    at beginWork (http://localhost:3001/_next/static/chunks/f12ff_next_dist_compiled_react-dom_7b2f6d3d._.js:6708:24)
    at runWithFiberInDEV (http://localhost:3001/_next/static/chunks/f12ff_next_dist_compiled_react-dom_7b2f6d3d._.js:965:74)
    at performUnitOfWork (http://localhost:3001/_next/static/chunks/f12ff_next_dist_compiled_react-dom_7b2f6d3d._.js:9562:97)
    at workLoopSync (http://localhost:3001/_next/static/chunks/f12ff_next_dist_compiled_react-dom_7b2f6d3d._.js:9456:40)
    at renderRootSync (http://localhost:3001/_next/static/chunks/f12ff_next_dist_compiled_react-dom_7b2f6d3d._.js:9440:13)
    at performWorkOnRoot (http://localhost:3001/_next/static/chunks/f12ff_next_dist_compiled_react-dom_7b2f6d3d._.js:9068:186)
    at performSyncWorkOnRoot (http://localhost:3001/_next/static/chunks/f12ff_next_dist_compiled_react-dom_7b2f6d3d._.js:10238:9)
    at flushSyncWorkAcrossRoots_impl (http://localhost:3001/_next/static/chunks/f12ff_next_dist_compiled_react-dom_7b2f6d3d._.js:10154:316)
    at flushSpawnedWork (http://localhost:3001/_next/static/chunks/f12ff_next_dist_compiled_react-dom_7b2f6d3d._.js:9914:13)
    at commitRoot (http://localhost:3001/_next/static/chunks/f12ff_next_dist_compiled_react-dom_7b2f6d3d._.js:9720:432)
    at commitRootWhenReady (http://localhost:3001/_next/static/chunks/f12ff_next_dist_compiled_react-dom_7b2f6d3d._.js:9194:9)
    at performWorkOnRoot (http://localhost:3001/_next/static/chunks/f12ff_next_dist_compiled_react-dom_7b2f6d3d._.js:9166:25)
    at performWorkOnRootViaSchedulerTask (http://localhost:3001/_next/static/chunks/f12ff_next_dist_compiled_react-dom_7b2f6d3d._.js:10230:9)
    at MessagePort.performWorkUntilDeadline (http://localhost:3001/_next/static/chunks/f12ff_next_dist_compiled_cd863794._.js:2647:64) @ http://localhost:3001/_next/static/chunks/f12ff_next_dist_95687940._.js:3132
[  137991ms] [ERROR] IntlError: MISSING_MESSAGE: Cannot read properties of undefined (reading 'split')
    at getFallbackFromErrorAndNotify (http://localhost:3001/_next/static/chunks/node_modules__pnpm_a92eadf3._.js:7251:23)
    at translateBaseFn (http://localhost:3001/_next/static/chunks/node_modules__pnpm_a92eadf3._.js:7281:28)
    at translateFn (http://localhost:3001/_next/static/chunks/node_modules__pnpm_a92eadf3._.js:7343:24)
    at labelFor (http://localhost:3001/_next/static/chunks/_2015e761._.js:485:30)
    at http://localhost:3001/_next/static/chunks/_2015e761._.js:142:34
    at Array.map (<anonymous>)
    at RegionChoropleth (http://localhost:3001/_next/static/chunks/_2015e761._.js:134:43)
    at Object.react_stack_bottom_frame (http://localhost:3001/_next/static/chunks/f12ff_next_dist_compiled_react-dom_7b2f6d3d._.js:14826:24)
    at renderWithHooksAgain (http://localhost:3001/_next/static/chunks/f12ff_next_dist_compiled_react-dom_7b2f6d3d._.js:4706:24)
    at renderWithHooks (http://localhost:3001/_next/static/chunks/f12ff_next_dist_compiled_react-dom_7b2f6d3d._.js:4657:28)
    at updateFunctionComponent (http://localhost:3001/_next/static/chunks/f12ff_next_dist_compiled_react-dom_7b2f6d3d._.js:6112:21)
    at beginWork (http://localhost:3001/_next/static/chunks/f12ff_next_dist_compiled_react-dom_7b2f6d3d._.js:6708:24)
    at runWithFiberInDEV (http://localhost:3001/_next/static/chunks/f12ff_next_dist_compiled_react-dom_7b2f6d3d._.js:965:74)
    at performUnitOfWork (http://localhost:3001/_next/static/chunks/f12ff_next_dist_compiled_react-dom_7b2f6d3d._.js:9562:97)
    at workLoopSync (http://localhost:3001/_next/static/chunks/f12ff_next_dist_compiled_react-dom_7b2f6d3d._.js:9456:40)
    at renderRootSync (http://localhost:3001/_next/static/chunks/f12ff_next_dist_compiled_react-dom_7b2f6d3d._.js:9440:13)
    at performWorkOnRoot (http://localhost:3001/_next/static/chunks/f12ff_next_dist_compiled_react-dom_7b2f6d3d._.js:9068:186)
    at performSyncWorkOnRoot (http://localhost:3001/_next/static/chunks/f12ff_next_dist_compiled_react-dom_7b2f6d3d._.js:10238:9)
    at flushSyncWorkAcrossRoots_impl (http://localhost:3001/_next/static/chunks/f12ff_next_dist_compiled_react-dom_7b2f6d3d._.js:10154:316)
    at flushSpawnedWork (http://localhost:3001/_next/static/chunks/f12ff_next_dist_compiled_react-dom_7b2f6d3d._.js:9914:13)
    at commitRoot (http://localhost:3001/_next/static/chunks/f12ff_next_dist_compiled_react-dom_7b2f6d3d._.js:9720:432)
    at commitRootWhenReady (http://localhost:3001/_next/static/chunks/f12ff_next_dist_compiled_react-dom_7b2f6d3d._.js:9194:9)
    at performWorkOnRoot (http://localhost:3001/_next/static/chunks/f12ff_next_dist_compiled_react-dom_7b2f6d3d._.js:9166:25)
    at performWorkOnRootViaSchedulerTask (http://localhost:3001/_next/static/chunks/f12ff_next_dist_compiled_react-dom_7b2f6d3d._.js:10230:9)
    at MessagePort.performWorkUntilDeadline (http://localhost:3001/_next/static/chunks/f12ff_next_dist_compiled_cd863794._.js:2647:64) @ http://localhost:3001/_next/static/chunks/f12ff_next_dist_95687940._.js:3132
[  138013ms] [WARNING] Ignoring Event: localhost @ http://localhost:3001/_next/static/chunks/f12ff_next_dist_95687940._.js:2302
[  138107ms] [ERROR] Access to resource at 'https://gm67v7rk.api.sanity.io/v2024-04-24/data/live/events/development?tag=next-loader.live' from origin 'http://localhost:3001' has been blocked by CORS policy: No 'Access-Control-Allow-Origin' header is present on the requested resource. @ http://localhost:3001/en/atlas:0
[  138107ms] [ERROR] Failed to load resource: net::ERR_FAILED @ https://gm67v7rk.api.sanity.io/v2024-04-24/data/live/events/development?tag=next-loader.live:0
[  138223ms] [ERROR] Access to fetch at 'https://gm67v7rk.api.sanity.io/v2024-04-24/data/live/events/development?tag=next-loader.live' from origin 'http://localhost:3001' has been blocked by CORS policy: Response to preflight request doesn't pass access control check: No 'Access-Control-Allow-Origin' header is present on the requested resource. @ http://localhost:3001/en/atlas:0
[  138223ms] [ERROR] Failed to load resource: net::ERR_FAILED @ https://gm67v7rk.api.sanity.io/v2024-04-24/data/live/events/development?tag=next-loader.live:0
[  138277ms] [ERROR] Connecting to 'https://clerk-telemetry.com/v1/event' violates the following Content Security Policy directive: "connect-src 'self' https://*.clerk.com https://clerk.connectingclimateminds.org https://*.clerk.accounts.dev https://*.algolia.net https://*.algolianet.com https://plausible.io https://*.sanity.io https://*.r2.cloudflarestorage.com https://*.upstash.io https://*.ingest.sentry.io https://*.ingest.us.sentry.io https://*.ingest.de.sentry.io". The action has been blocked. @ https://generous-hagfish-7.clerk.accounts.dev/npm/@clerk/clerk-js@5/dist/clerk.browser.js:18
[  138278ms] [ERROR] Fetch API cannot load https://clerk-telemetry.com/v1/event. Refused to connect because it violates the document's Content Security Policy. @ https://generous-hagfish-7.clerk.accounts.dev/npm/@clerk/clerk-js@5/dist/clerk.browser.js:18
[  138330ms] [ERROR] Access to fetch at 'https://gm67v7rk.api.sanity.io/v2024-04-24/data/live/events/development?tag=next-loader.live' from origin 'http://localhost:3001' has been blocked by CORS policy: Response to preflight request doesn't pass access control check: No 'Access-Control-Allow-Origin' header is present on the requested resource. @ http://localhost:3001/en/atlas:0
[  138330ms] [ERROR] Failed to load resource: net::ERR_FAILED @ https://gm67v7rk.api.sanity.io/v2024-04-24/data/live/events/development?tag=next-loader.live:0
[  138330ms] [WARNING] Sanity Live is unable to connect to the Sanity API as the current origin - http://localhost:3001 - is not in the list of allowed CORS origins for this Sanity Project. Add it here: https://sanity.io/manage/project/gm67v7rk/api?cors=add&origin=http%3A%2F%2Flocalhost%3A3001 @ http://localhost:3001/_next/static/chunks/f12ff_next_dist_95687940._.js:2302
[  138366ms] [ERROR] IntlError: MISSING_MESSAGE: Cannot read properties of undefined (reading 'split')
    at getFallbackFromErrorAndNotify (http://localhost:3001/_next/static/chunks/node_modules__pnpm_a92eadf3._.js:7251:23)
    at translateBaseFn (http://localhost:3001/_next/static/chunks/node_modules__pnpm_a92eadf3._.js:7281:28)
    at translateFn (http://localhost:3001/_next/static/chunks/node_modules__pnpm_a92eadf3._.js:7343:24)
    at labelFor (http://localhost:3001/_next/static/chunks/_2015e761._.js:485:30)
    at http://localhost:3001/_next/static/chunks/_2015e761._.js:142:34
    at Array.map (<anonymous>)
    at RegionChoropleth (http://localhost:3001/_next/static/chunks/_2015e761._.js:134:43)
    at Object.react_stack_bottom_frame (http://localhost:3001/_next/static/chunks/f12ff_next_dist_compiled_react-dom_7b2f6d3d._.js:14826:24)
    at renderWithHooks (http://localhost:3001/_next/static/chunks/f12ff_next_dist_compiled_react-dom_7b2f6d3d._.js:4651:24)
    at updateFunctionComponent (http://localhost:3001/_next/static/chunks/f12ff_next_dist_compiled_react-dom_7b2f6d3d._.js:6112:21)
    at beginWork (http://localhost:3001/_next/static/chunks/f12ff_next_dist_compiled_react-dom_7b2f6d3d._.js:6708:24)
    at runWithFiberInDEV (http://localhost:3001/_next/static/chunks/f12ff_next_dist_compiled_react-dom_7b2f6d3d._.js:965:74)
    at performUnitOfWork (http://localhost:3001/_next/static/chunks/f12ff_next_dist_compiled_react-dom_7b2f6d3d._.js:9562:97)
    at workLoopSync (http://localhost:3001/_next/static/chunks/f12ff_next_dist_compiled_react-dom_7b2f6d3d._.js:9456:40)
    at renderRootSync (http://localhost:3001/_next/static/chunks/f12ff_next_dist_compiled_react-dom_7b2f6d3d._.js:9440:13)
    at performWorkOnRoot (http://localhost:3001/_next/static/chunks/f12ff_next_dist_compiled_react-dom_7b2f6d3d._.js:9068:186)
    at performSyncWorkOnRoot (http://localhost:3001/_next/static/chunks/f12ff_next_dist_compiled_react-dom_7b2f6d3d._.js:10238:9)
    at flushSyncWorkAcrossRoots_impl (http://localhost:3001/_next/static/chunks/f12ff_next_dist_compiled_react-dom_7b2f6d3d._.js:10154:316)
    at processRootScheduleInMicrotask (http://localhost:3001/_next/static/chunks/f12ff_next_dist_compiled_react-dom_7b2f6d3d._.js:10175:106)
    at http://localhost:3001/_next/static/chunks/f12ff_next_dist_compiled_react-dom_7b2f6d3d._.js:10249:158 @ http://localhost:3001/_next/static/chunks/f12ff_next_dist_95687940._.js:3132
[  138367ms] [ERROR] IntlError: MISSING_MESSAGE: Cannot read properties of undefined (reading 'split')
    at getFallbackFromErrorAndNotify (http://localhost:3001/_next/static/chunks/node_modules__pnpm_a92eadf3._.js:7251:23)
    at translateBaseFn (http://localhost:3001/_next/static/chunks/node_modules__pnpm_a92eadf3._.js:7281:28)
    at translateFn (http://localhost:3001/_next/static/chunks/node_modules__pnpm_a92eadf3._.js:7343:24)
    at labelFor (http://localhost:3001/_next/static/chunks/_2015e761._.js:485:30)
    at http://localhost:3001/_next/static/chunks/_2015e761._.js:142:34
    at Array.map (<anonymous>)
    at RegionChoropleth (http://localhost:3001/_next/static/chunks/_2015e761._.js:134:43)
    at Object.react_stack_bottom_frame (http://localhost:3001/_next/static/chunks/f12ff_next_dist_compiled_react-dom_7b2f6d3d._.js:14826:24)
    at renderWithHooks (http://localhost:3001/_next/static/chunks/f12ff_next_dist_compiled_react-dom_7b2f6d3d._.js:4651:24)
    at updateFunctionComponent (http://localhost:3001/_next/static/chunks/f12ff_next_dist_compiled_react-dom_7b2f6d3d._.js:6112:21)
    at beginWork (http://localhost:3001/_next/static/chunks/f12ff_next_dist_compiled_react-dom_7b2f6d3d._.js:6708:24)
    at runWithFiberInDEV (http://localhost:3001/_next/static/chunks/f12ff_next_dist_compiled_react-dom_7b2f6d3d._.js:965:74)
    at performUnitOfWork (http://localhost:3001/_next/static/chunks/f12ff_next_dist_compiled_react-dom_7b2f6d3d._.js:9562:97)
    at workLoopSync (http://localhost:3001/_next/static/chunks/f12ff_next_dist_compiled_react-dom_7b2f6d3d._.js:9456:40)
    at renderRootSync (http://localhost:3001/_next/static/chunks/f12ff_next_dist_compiled_react-dom_7b2f6d3d._.js:9440:13)
    at performWorkOnRoot (http://localhost:3001/_next/static/chunks/f12ff_next_dist_compiled_react-dom_7b2f6d3d._.js:9068:186)
    at performSyncWorkOnRoot (http://localhost:3001/_next/static/chunks/f12ff_next_dist_compiled_react-dom_7b2f6d3d._.js:10238:9)
    at flushSyncWorkAcrossRoots_impl (http://localhost:3001/_next/static/chunks/f12ff_next_dist_compiled_react-dom_7b2f6d3d._.js:10154:316)
    at processRootScheduleInMicrotask (http://localhost:3001/_next/static/chunks/f12ff_next_dist_compiled_react-dom_7b2f6d3d._.js:10175:106)
    at http://localhost:3001/_next/static/chunks/f12ff_next_dist_compiled_react-dom_7b2f6d3d._.js:10249:158 @ http://localhost:3001/_next/static/chunks/f12ff_next_dist_95687940._.js:3132
[  138367ms] [ERROR] IntlError: MISSING_MESSAGE: Cannot read properties of undefined (reading 'split')
    at getFallbackFromErrorAndNotify (http://localhost:3001/_next/static/chunks/node_modules__pnpm_a92eadf3._.js:7251:23)
    at translateBaseFn (http://localhost:3001/_next/static/chunks/node_modules__pnpm_a92eadf3._.js:7281:28)
    at translateFn (http://localhost:3001/_next/static/chunks/node_modules__pnpm_a92eadf3._.js:7343:24)
    at labelFor (http://localhost:3001/_next/static/chunks/_2015e761._.js:485:30)
    at http://localhost:3001/_next/static/chunks/_2015e761._.js:142:34
    at Array.map (<anonymous>)
    at RegionChoropleth (http://localhost:3001/_next/static/chunks/_2015e761._.js:134:43)
    at Object.react_stack_bottom_frame (http://localhost:3001/_next/static/chunks/f12ff_next_dist_compiled_react-dom_7b2f6d3d._.js:14826:24)
    at renderWithHooks (http://localhost:3001/_next/static/chunks/f12ff_next_dist_compiled_react-dom_7b2f6d3d._.js:4651:24)
    at updateFunctionComponent (http://localhost:3001/_next/static/chunks/f12ff_next_dist_compiled_react-dom_7b2f6d3d._.js:6112:21)
    at beginWork (http://localhost:3001/_next/static/chunks/f12ff_next_dist_compiled_react-dom_7b2f6d3d._.js:6708:24)
    at runWithFiberInDEV (http://localhost:3001/_next/static/chunks/f12ff_next_dist_compiled_react-dom_7b2f6d3d._.js:965:74)
    at performUnitOfWork (http://localhost:3001/_next/static/chunks/f12ff_next_dist_compiled_react-dom_7b2f6d3d._.js:9562:97)
    at workLoopSync (http://localhost:3001/_next/static/chunks/f12ff_next_dist_compiled_react-dom_7b2f6d3d._.js:9456:40)
    at renderRootSync (http://localhost:3001/_next/static/chunks/f12ff_next_dist_compiled_react-dom_7b2f6d3d._.js:9440:13)
    at performWorkOnRoot (http://localhost:3001/_next/static/chunks/f12ff_next_dist_compiled_react-dom_7b2f6d3d._.js:9068:186)
    at performSyncWorkOnRoot (http://localhost:3001/_next/static/chunks/f12ff_next_dist_compiled_react-dom_7b2f6d3d._.js:10238:9)
    at flushSyncWorkAcrossRoots_impl (http://localhost:3001/_next/static/chunks/f12ff_next_dist_compiled_react-dom_7b2f6d3d._.js:10154:316)
    at processRootScheduleInMicrotask (http://localhost:3001/_next/static/chunks/f12ff_next_dist_compiled_react-dom_7b2f6d3d._.js:10175:106)
    at http://localhost:3001/_next/static/chunks/f12ff_next_dist_compiled_react-dom_7b2f6d3d._.js:10249:158 @ http://localhost:3001/_next/static/chunks/f12ff_next_dist_95687940._.js:3132
[  138367ms] [ERROR] IntlError: MISSING_MESSAGE: Cannot read properties of undefined (reading 'split')
    at getFallbackFromErrorAndNotify (http://localhost:3001/_next/static/chunks/node_modules__pnpm_a92eadf3._.js:7251:23)
    at translateBaseFn (http://localhost:3001/_next/static/chunks/node_modules__pnpm_a92eadf3._.js:7281:28)
    at translateFn (http://localhost:3001/_next/static/chunks/node_modules__pnpm_a92eadf3._.js:7343:24)
    at labelFor (http://localhost:3001/_next/static/chunks/_2015e761._.js:485:30)
    at http://localhost:3001/_next/static/chunks/_2015e761._.js:142:34
    at Array.map (<anonymous>)
    at RegionChoropleth (http://localhost:3001/_next/static/chunks/_2015e761._.js:134:43)
    at Object.react_stack_bottom_frame (http://localhost:3001/_next/static/chunks/f12ff_next_dist_compiled_react-dom_7b2f6d3d._.js:14826:24)
    at renderWithHooks (http://localhost:3001/_next/static/chunks/f12ff_next_dist_compiled_react-dom_7b2f6d3d._.js:4651:24)
    at updateFunctionComponent (http://localhost:3001/_next/static/chunks/f12ff_next_dist_compiled_react-dom_7b2f6d3d._.js:6112:21)
    at beginWork (http://localhost:3001/_next/static/chunks/f12ff_next_dist_compiled_react-dom_7b2f6d3d._.js:6708:24)
    at runWithFiberInDEV (http://localhost:3001/_next/static/chunks/f12ff_next_dist_compiled_react-dom_7b2f6d3d._.js:965:74)
    at performUnitOfWork (http://localhost:3001/_next/static/chunks/f12ff_next_dist_compiled_react-dom_7b2f6d3d._.js:9562:97)
    at workLoopSync (http://localhost:3001/_next/static/chunks/f12ff_next_dist_compiled_react-dom_7b2f6d3d._.js:9456:40)
    at renderRootSync (http://localhost:3001/_next/static/chunks/f12ff_next_dist_compiled_react-dom_7b2f6d3d._.js:9440:13)
    at performWorkOnRoot (http://localhost:3001/_next/static/chunks/f12ff_next_dist_compiled_react-dom_7b2f6d3d._.js:9068:186)
    at performSyncWorkOnRoot (http://localhost:3001/_next/static/chunks/f12ff_next_dist_compiled_react-dom_7b2f6d3d._.js:10238:9)
    at flushSyncWorkAcrossRoots_impl (http://localhost:3001/_next/static/chunks/f12ff_next_dist_compiled_react-dom_7b2f6d3d._.js:10154:316)
    at processRootScheduleInMicrotask (http://localhost:3001/_next/static/chunks/f12ff_next_dist_compiled_react-dom_7b2f6d3d._.js:10175:106)
    at http://localhost:3001/_next/static/chunks/f12ff_next_dist_compiled_react-dom_7b2f6d3d._.js:10249:158 @ http://localhost:3001/_next/static/chunks/f12ff_next_dist_95687940._.js:3132
[  138367ms] [ERROR] IntlError: MISSING_MESSAGE: Cannot read properties of undefined (reading 'split')
    at getFallbackFromErrorAndNotify (http://localhost:3001/_next/static/chunks/node_modules__pnpm_a92eadf3._.js:7251:23)
    at translateBaseFn (http://localhost:3001/_next/static/chunks/node_modules__pnpm_a92eadf3._.js:7281:28)
    at translateFn (http://localhost:3001/_next/static/chunks/node_modules__pnpm_a92eadf3._.js:7343:24)
    at labelFor (http://localhost:3001/_next/static/chunks/_2015e761._.js:485:30)
    at http://localhost:3001/_next/static/chunks/_2015e761._.js:142:34
    at Array.map (<anonymous>)
    at RegionChoropleth (http://localhost:3001/_next/static/chunks/_2015e761._.js:134:43)
    at Object.react_stack_bottom_frame (http://localhost:3001/_next/static/chunks/f12ff_next_dist_compiled_react-dom_7b2f6d3d._.js:14826:24)
    at renderWithHooks (http://localhost:3001/_next/static/chunks/f12ff_next_dist_compiled_react-dom_7b2f6d3d._.js:4651:24)
    at updateFunctionComponent (http://localhost:3001/_next/static/chunks/f12ff_next_dist_compiled_react-dom_7b2f6d3d._.js:6112:21)
    at beginWork (http://localhost:3001/_next/static/chunks/f12ff_next_dist_compiled_react-dom_7b2f6d3d._.js:6708:24)
    at runWithFiberInDEV (http://localhost:3001/_next/static/chunks/f12ff_next_dist_compiled_react-dom_7b2f6d3d._.js:965:74)
    at performUnitOfWork (http://localhost:3001/_next/static/chunks/f12ff_next_dist_compiled_react-dom_7b2f6d3d._.js:9562:97)
    at workLoopSync (http://localhost:3001/_next/static/chunks/f12ff_next_dist_compiled_react-dom_7b2f6d3d._.js:9456:40)
    at renderRootSync (http://localhost:3001/_next/static/chunks/f12ff_next_dist_compiled_react-dom_7b2f6d3d._.js:9440:13)
    at performWorkOnRoot (http://localhost:3001/_next/static/chunks/f12ff_next_dist_compiled_react-dom_7b2f6d3d._.js:9068:186)
    at performSyncWorkOnRoot (http://localhost:3001/_next/static/chunks/f12ff_next_dist_compiled_react-dom_7b2f6d3d._.js:10238:9)
    at flushSyncWorkAcrossRoots_impl (http://localhost:3001/_next/static/chunks/f12ff_next_dist_compiled_react-dom_7b2f6d3d._.js:10154:316)
    at processRootScheduleInMicrotask (http://localhost:3001/_next/static/chunks/f12ff_next_dist_compiled_react-dom_7b2f6d3d._.js:10175:106)
    at http://localhost:3001/_next/static/chunks/f12ff_next_dist_compiled_react-dom_7b2f6d3d._.js:10249:158 @ http://localhost:3001/_next/static/chunks/f12ff_next_dist_95687940._.js:3132
[  138367ms] [ERROR] IntlError: MISSING_MESSAGE: Cannot read properties of undefined (reading 'split')
    at getFallbackFromErrorAndNotify (http://localhost:3001/_next/static/chunks/node_modules__pnpm_a92eadf3._.js:7251:23)
    at translateBaseFn (http://localhost:3001/_next/static/chunks/node_modules__pnpm_a92eadf3._.js:7281:28)
    at translateFn (http://localhost:3001/_next/static/chunks/node_modules__pnpm_a92eadf3._.js:7343:24)
    at labelFor (http://localhost:3001/_next/static/chunks/_2015e761._.js:485:30)
    at http://localhost:3001/_next/static/chunks/_2015e761._.js:142:34
    at Array.map (<anonymous>)
    at RegionChoropleth (http://localhost:3001/_next/static/chunks/_2015e761._.js:134:43)
    at Object.react_stack_bottom_frame (http://localhost:3001/_next/static/chunks/f12ff_next_dist_compiled_react-dom_7b2f6d3d._.js:14826:24)
    at renderWithHooks (http://localhost:3001/_next/static/chunks/f12ff_next_dist_compiled_react-dom_7b2f6d3d._.js:4651:24)
    at updateFunctionComponent (http://localhost:3001/_next/static/chunks/f12ff_next_dist_compiled_react-dom_7b2f6d3d._.js:6112:21)
    at beginWork (http://localhost:3001/_next/static/chunks/f12ff_next_dist_compiled_react-dom_7b2f6d3d._.js:6708:24)
    at runWithFiberInDEV (http://localhost:3001/_next/static/chunks/f12ff_next_dist_compiled_react-dom_7b2f6d3d._.js:965:74)
    at performUnitOfWork (http://localhost:3001/_next/static/chunks/f12ff_next_dist_compiled_react-dom_7b2f6d3d._.js:9562:97)
    at workLoopSync (http://localhost:3001/_next/static/chunks/f12ff_next_dist_compiled_react-dom_7b2f6d3d._.js:9456:40)
    at renderRootSync (http://localhost:3001/_next/static/chunks/f12ff_next_dist_compiled_react-dom_7b2f6d3d._.js:9440:13)
    at performWorkOnRoot (http://localhost:3001/_next/static/chunks/f12ff_next_dist_compiled_react-dom_7b2f6d3d._.js:9068:186)
    at performSyncWorkOnRoot (http://localhost:3001/_next/static/chunks/f12ff_next_dist_compiled_react-dom_7b2f6d3d._.js:10238:9)
    at flushSyncWorkAcrossRoots_impl (http://localhost:3001/_next/static/chunks/f12ff_next_dist_compiled_react-dom_7b2f6d3d._.js:10154:316)
    at processRootScheduleInMicrotask (http://localhost:3001/_next/static/chunks/f12ff_next_dist_compiled_react-dom_7b2f6d3d._.js:10175:106)
    at http://localhost:3001/_next/static/chunks/f12ff_next_dist_compiled_react-dom_7b2f6d3d._.js:10249:158 @ http://localhost:3001/_next/static/chunks/f12ff_next_dist_95687940._.js:3132
[  138367ms] [ERROR] IntlError: MISSING_MESSAGE: Cannot read properties of undefined (reading 'split')
    at getFallbackFromErrorAndNotify (http://localhost:3001/_next/static/chunks/node_modules__pnpm_a92eadf3._.js:7251:23)
    at translateBaseFn (http://localhost:3001/_next/static/chunks/node_modules__pnpm_a92eadf3._.js:7281:28)
    at translateFn (http://localhost:3001/_next/static/chunks/node_modules__pnpm_a92eadf3._.js:7343:24)
    at labelFor (http://localhost:3001/_next/static/chunks/_2015e761._.js:485:30)
    at http://localhost:3001/_next/static/chunks/_2015e761._.js:142:34
    at Array.map (<anonymous>)
    at RegionChoropleth (http://localhost:3001/_next/static/chunks/_2015e761._.js:134:43)
    at Object.react_stack_bottom_frame (http://localhost:3001/_next/static/chunks/f12ff_next_dist_compiled_react-dom_7b2f6d3d._.js:14826:24)
    at renderWithHooks (http://localhost:3001/_next/static/chunks/f12ff_next_dist_compiled_react-dom_7b2f6d3d._.js:4651:24)
    at updateFunctionComponent (http://localhost:3001/_next/static/chunks/f12ff_next_dist_compiled_react-dom_7b2f6d3d._.js:6112:21)
    at beginWork (http://localhost:3001/_next/static/chunks/f12ff_next_dist_compiled_react-dom_7b2f6d3d._.js:6708:24)
    at runWithFiberInDEV (http://localhost:3001/_next/static/chunks/f12ff_next_dist_compiled_react-dom_7b2f6d3d._.js:965:74)
    at performUnitOfWork (http://localhost:3001/_next/static/chunks/f12ff_next_dist_compiled_react-dom_7b2f6d3d._.js:9562:97)
    at workLoopSync (http://localhost:3001/_next/static/chunks/f12ff_next_dist_compiled_react-dom_7b2f6d3d._.js:9456:40)
    at renderRootSync (http://localhost:3001/_next/static/chunks/f12ff_next_dist_compiled_react-dom_7b2f6d3d._.js:9440:13)
    at performWorkOnRoot (http://localhost:3001/_next/static/chunks/f12ff_next_dist_compiled_react-dom_7b2f6d3d._.js:9068:186)
    at performSyncWorkOnRoot (http://localhost:3001/_next/static/chunks/f12ff_next_dist_compiled_react-dom_7b2f6d3d._.js:10238:9)
    at flushSyncWorkAcrossRoots_impl (http://localhost:3001/_next/static/chunks/f12ff_next_dist_compiled_react-dom_7b2f6d3d._.js:10154:316)
    at processRootScheduleInMicrotask (http://localhost:3001/_next/static/chunks/f12ff_next_dist_compiled_react-dom_7b2f6d3d._.js:10175:106)
    at http://localhost:3001/_next/static/chunks/f12ff_next_dist_compiled_react-dom_7b2f6d3d._.js:10249:158 @ http://localhost:3001/_next/static/chunks/f12ff_next_dist_95687940._.js:3132
[  138368ms] [ERROR] IntlError: MISSING_MESSAGE: Cannot read properties of undefined (reading 'split')
    at getFallbackFromErrorAndNotify (http://localhost:3001/_next/static/chunks/node_modules__pnpm_a92eadf3._.js:7251:23)
    at translateBaseFn (http://localhost:3001/_next/static/chunks/node_modules__pnpm_a92eadf3._.js:7281:28)
    at translateFn (http://localhost:3001/_next/static/chunks/node_modules__pnpm_a92eadf3._.js:7343:24)
    at labelFor (http://localhost:3001/_next/static/chunks/_2015e761._.js:485:30)
    at http://localhost:3001/_next/static/chunks/_2015e761._.js:142:34
    at Array.map (<anonymous>)
    at RegionChoropleth (http://localhost:3001/_next/static/chunks/_2015e761._.js:134:43)
    at Object.react_stack_bottom_frame (http://localhost:3001/_next/static/chunks/f12ff_next_dist_compiled_react-dom_7b2f6d3d._.js:14826:24)
    at renderWithHooksAgain (http://localhost:3001/_next/static/chunks/f12ff_next_dist_compiled_react-dom_7b2f6d3d._.js:4706:24)
    at renderWithHooks (http://localhost:3001/_next/static/chunks/f12ff_next_dist_compiled_react-dom_7b2f6d3d._.js:4657:28)
    at updateFunctionComponent (http://localhost:3001/_next/static/chunks/f12ff_next_dist_compiled_react-dom_7b2f6d3d._.js:6112:21)
    at beginWork (http://localhost:3001/_next/static/chunks/f12ff_next_dist_compiled_react-dom_7b2f6d3d._.js:6708:24)
    at runWithFiberInDEV (http://localhost:3001/_next/static/chunks/f12ff_next_dist_compiled_react-dom_7b2f6d3d._.js:965:74)
    at performUnitOfWork (http://localhost:3001/_next/static/chunks/f12ff_next_dist_compiled_react-dom_7b2f6d3d._.js:9562:97)
    at workLoopSync (http://localhost:3001/_next/static/chunks/f12ff_next_dist_compiled_react-dom_7b2f6d3d._.js:9456:40)
    at renderRootSync (http://localhost:3001/_next/static/chunks/f12ff_next_dist_compiled_react-dom_7b2f6d3d._.js:9440:13)
    at performWorkOnRoot (http://localhost:3001/_next/static/chunks/f12ff_next_dist_compiled_react-dom_7b2f6d3d._.js:9068:186)
    at performSyncWorkOnRoot (http://localhost:3001/_next/static/chunks/f12ff_next_dist_compiled_react-dom_7b2f6d3d._.js:10238:9)
    at flushSyncWorkAcrossRoots_impl (http://localhost:3001/_next/static/chunks/f12ff_next_dist_compiled_react-dom_7b2f6d3d._.js:10154:316)
    at processRootScheduleInMicrotask (http://localhost:3001/_next/static/chunks/f12ff_next_dist_compiled_react-dom_7b2f6d3d._.js:10175:106)
    at http://localhost:3001/_next/static/chunks/f12ff_next_dist_compiled_react-dom_7b2f6d3d._.js:10249:158 @ http://localhost:3001/_next/static/chunks/f12ff_next_dist_95687940._.js:3132
[  138368ms] [ERROR] IntlError: MISSING_MESSAGE: Cannot read properties of undefined (reading 'split')
    at getFallbackFromErrorAndNotify (http://localhost:3001/_next/static/chunks/node_modules__pnpm_a92eadf3._.js:7251:23)
    at translateBaseFn (http://localhost:3001/_next/static/chunks/node_modules__pnpm_a92eadf3._.js:7281:28)
    at translateFn (http://localhost:3001/_next/static/chunks/node_modules__pnpm_a92eadf3._.js:7343:24)
    at labelFor (http://localhost:3001/_next/static/chunks/_2015e761._.js:485:30)
    at http://localhost:3001/_next/static/chunks/_2015e761._.js:142:34
    at Array.map (<anonymous>)
    at RegionChoropleth (http://localhost:3001/_next/static/chunks/_2015e761._.js:134:43)
    at Object.react_stack_bottom_frame (http://localhost:3001/_next/static/chunks/f12ff_next_dist_compiled_react-dom_7b2f6d3d._.js:14826:24)
    at renderWithHooksAgain (http://localhost:3001/_next/static/chunks/f12ff_next_dist_compiled_react-dom_7b2f6d3d._.js:4706:24)
    at renderWithHooks (http://localhost:3001/_next/static/chunks/f12ff_next_dist_compiled_react-dom_7b2f6d3d._.js:4657:28)
    at updateFunctionComponent (http://localhost:3001/_next/static/chunks/f12ff_next_dist_compiled_react-dom_7b2f6d3d._.js:6112:21)
    at beginWork (http://localhost:3001/_next/static/chunks/f12ff_next_dist_compiled_react-dom_7b2f6d3d._.js:6708:24)
    at runWithFiberInDEV (http://localhost:3001/_next/static/chunks/f12ff_next_dist_compiled_react-dom_7b2f6d3d._.js:965:74)
    at performUnitOfWork (http://localhost:3001/_next/static/chunks/f12ff_next_dist_compiled_react-dom_7b2f6d3d._.js:9562:97)
    at workLoopSync (http://localhost:3001/_next/static/chunks/f12ff_next_dist_compiled_react-dom_7b2f6d3d._.js:9456:40)
    at renderRootSync (http://localhost:3001/_next/static/chunks/f12ff_next_dist_compiled_react-dom_7b2f6d3d._.js:9440:13)
    at performWorkOnRoot (http://localhost:3001/_next/static/chunks/f12ff_next_dist_compiled_react-dom_7b2f6d3d._.js:9068:186)
    at performSyncWorkOnRoot (http://localhost:3001/_next/static/chunks/f12ff_next_dist_compiled_react-dom_7b2f6d3d._.js:10238:9)
    at flushSyncWorkAcrossRoots_impl (http://localhost:3001/_next/static/chunks/f12ff_next_dist_compiled_react-dom_7b2f6d3d._.js:10154:316)
    at processRootScheduleInMicrotask (http://localhost:3001/_next/static/chunks/f12ff_next_dist_compiled_react-dom_7b2f6d3d._.js:10175:106)
    at http://localhost:3001/_next/static/chunks/f12ff_next_dist_compiled_react-dom_7b2f6d3d._.js:10249:158 @ http://localhost:3001/_next/static/chunks/f12ff_next_dist_95687940._.js:3132
[  138368ms] [ERROR] IntlError: MISSING_MESSAGE: Cannot read properties of undefined (reading 'split')
    at getFallbackFromErrorAndNotify (http://localhost:3001/_next/static/chunks/node_modules__pnpm_a92eadf3._.js:7251:23)
    at translateBaseFn (http://localhost:3001/_next/static/chunks/node_modules__pnpm_a92eadf3._.js:7281:28)
    at translateFn (http://localhost:3001/_next/static/chunks/node_modules__pnpm_a92eadf3._.js:7343:24)
    at labelFor (http://localhost:3001/_next/static/chunks/_2015e761._.js:485:30)
    at http://localhost:3001/_next/static/chunks/_2015e761._.js:142:34
    at Array.map (<anonymous>)
    at RegionChoropleth (http://localhost:3001/_next/static/chunks/_2015e761._.js:134:43)
    at Object.react_stack_bottom_frame (http://localhost:3001/_next/static/chunks/f12ff_next_dist_compiled_react-dom_7b2f6d3d._.js:14826:24)
    at renderWithHooksAgain (http://localhost:3001/_next/static/chunks/f12ff_next_dist_compiled_react-dom_7b2f6d3d._.js:4706:24)
    at renderWithHooks (http://localhost:3001/_next/static/chunks/f12ff_next_dist_compiled_react-dom_7b2f6d3d._.js:4657:28)
    at updateFunctionComponent (http://localhost:3001/_next/static/chunks/f12ff_next_dist_compiled_react-dom_7b2f6d3d._.js:6112:21)
    at beginWork (http://localhost:3001/_next/static/chunks/f12ff_next_dist_compiled_react-dom_7b2f6d3d._.js:6708:24)
    at runWithFiberInDEV (http://localhost:3001/_next/static/chunks/f12ff_next_dist_compiled_react-dom_7b2f6d3d._.js:965:74)
    at performUnitOfWork (http://localhost:3001/_next/static/chunks/f12ff_next_dist_compiled_react-dom_7b2f6d3d._.js:9562:97)
    at workLoopSync (http://localhost:3001/_next/static/chunks/f12ff_next_dist_compiled_react-dom_7b2f6d3d._.js:9456:40)
    at renderRootSync (http://localhost:3001/_next/static/chunks/f12ff_next_dist_compiled_react-dom_7b2f6d3d._.js:9440:13)
    at performWorkOnRoot (http://localhost:3001/_next/static/chunks/f12ff_next_dist_compiled_react-dom_7b2f6d3d._.js:9068:186)
    at performSyncWorkOnRoot (http://localhost:3001/_next/static/chunks/f12ff_next_dist_compiled_react-dom_7b2f6d3d._.js:10238:9)
    at flushSyncWorkAcrossRoots_impl (http://localhost:3001/_next/static/chunks/f12ff_next_dist_compiled_react-dom_7b2f6d3d._.js:10154:316)
    at processRootScheduleInMicrotask (http://localhost:3001/_next/static/chunks/f12ff_next_dist_compiled_react-dom_7b2f6d3d._.js:10175:106)
    at http://localhost:3001/_next/static/chunks/f12ff_next_dist_compiled_react-dom_7b2f6d3d._.js:10249:158 @ http://localhost:3001/_next/static/chunks/f12ff_next_dist_95687940._.js:3132
[  138368ms] [ERROR] IntlError: MISSING_MESSAGE: Cannot read properties of undefined (reading 'split')
    at getFallbackFromErrorAndNotify (http://localhost:3001/_next/static/chunks/node_modules__pnpm_a92eadf3._.js:7251:23)
    at translateBaseFn (http://localhost:3001/_next/static/chunks/node_modules__pnpm_a92eadf3._.js:7281:28)
    at translateFn (http://localhost:3001/_next/static/chunks/node_modules__pnpm_a92eadf3._.js:7343:24)
    at labelFor (http://localhost:3001/_next/static/chunks/_2015e761._.js:485:30)
    at http://localhost:3001/_next/static/chunks/_2015e761._.js:142:34
    at Array.map (<anonymous>)
    at RegionChoropleth (http://localhost:3001/_next/static/chunks/_2015e761._.js:134:43)
    at Object.react_stack_bottom_frame (http://localhost:3001/_next/static/chunks/f12ff_next_dist_compiled_react-dom_7b2f6d3d._.js:14826:24)
    at renderWithHooksAgain (http://localhost:3001/_next/static/chunks/f12ff_next_dist_compiled_react-dom_7b2f6d3d._.js:4706:24)
    at renderWithHooks (http://localhost:3001/_next/static/chunks/f12ff_next_dist_compiled_react-dom_7b2f6d3d._.js:4657:28)
    at updateFunctionComponent (http://localhost:3001/_next/static/chunks/f12ff_next_dist_compiled_react-dom_7b2f6d3d._.js:6112:21)
    at beginWork (http://localhost:3001/_next/static/chunks/f12ff_next_dist_compiled_react-dom_7b2f6d3d._.js:6708:24)
    at runWithFiberInDEV (http://localhost:3001/_next/static/chunks/f12ff_next_dist_compiled_react-dom_7b2f6d3d._.js:965:74)
    at performUnitOfWork (http://localhost:3001/_next/static/chunks/f12ff_next_dist_compiled_react-dom_7b2f6d3d._.js:9562:97)
    at workLoopSync (http://localhost:3001/_next/static/chunks/f12ff_next_dist_compiled_react-dom_7b2f6d3d._.js:9456:40)
    at renderRootSync (http://localhost:3001/_next/static/chunks/f12ff_next_dist_compiled_react-dom_7b2f6d3d._.js:9440:13)
    at performWorkOnRoot (http://localhost:3001/_next/static/chunks/f12ff_next_dist_compiled_react-dom_7b2f6d3d._.js:9068:186)
    at performSyncWorkOnRoot (http://localhost:3001/_next/static/chunks/f12ff_next_dist_compiled_react-dom_7b2f6d3d._.js:10238:9)
    at flushSyncWorkAcrossRoots_impl (http://localhost:3001/_next/static/chunks/f12ff_next_dist_compiled_react-dom_7b2f6d3d._.js:10154:316)
    at processRootScheduleInMicrotask (http://localhost:3001/_next/static/chunks/f12ff_next_dist_compiled_react-dom_7b2f6d3d._.js:10175:106)
    at http://localhost:3001/_next/static/chunks/f12ff_next_dist_compiled_react-dom_7b2f6d3d._.js:10249:158 @ http://localhost:3001/_next/static/chunks/f12ff_next_dist_95687940._.js:3132
[  138368ms] [ERROR] IntlError: MISSING_MESSAGE: Cannot read properties of undefined (reading 'split')
    at getFallbackFromErrorAndNotify (http://localhost:3001/_next/static/chunks/node_modules__pnpm_a92eadf3._.js:7251:23)
    at translateBaseFn (http://localhost:3001/_next/static/chunks/node_modules__pnpm_a92eadf3._.js:7281:28)
    at translateFn (http://localhost:3001/_next/static/chunks/node_modules__pnpm_a92eadf3._.js:7343:24)
    at labelFor (http://localhost:3001/_next/static/chunks/_2015e761._.js:485:30)
    at http://localhost:3001/_next/static/chunks/_2015e761._.js:142:34
    at Array.map (<anonymous>)
    at RegionChoropleth (http://localhost:3001/_next/static/chunks/_2015e761._.js:134:43)
    at Object.react_stack_bottom_frame (http://localhost:3001/_next/static/chunks/f12ff_next_dist_compiled_react-dom_7b2f6d3d._.js:14826:24)
    at renderWithHooksAgain (http://localhost:3001/_next/static/chunks/f12ff_next_dist_compiled_react-dom_7b2f6d3d._.js:4706:24)
    at renderWithHooks (http://localhost:3001/_next/static/chunks/f12ff_next_dist_compiled_react-dom_7b2f6d3d._.js:4657:28)
    at updateFunctionComponent (http://localhost:3001/_next/static/chunks/f12ff_next_dist_compiled_react-dom_7b2f6d3d._.js:6112:21)
    at beginWork (http://localhost:3001/_next/static/chunks/f12ff_next_dist_compiled_react-dom_7b2f6d3d._.js:6708:24)
    at runWithFiberInDEV (http://localhost:3001/_next/static/chunks/f12ff_next_dist_compiled_react-dom_7b2f6d3d._.js:965:74)
    at performUnitOfWork (http://localhost:3001/_next/static/chunks/f12ff_next_dist_compiled_react-dom_7b2f6d3d._.js:9562:97)
    at workLoopSync (http://localhost:3001/_next/static/chunks/f12ff_next_dist_compiled_react-dom_7b2f6d3d._.js:9456:40)
    at renderRootSync (http://localhost:3001/_next/static/chunks/f12ff_next_dist_compiled_react-dom_7b2f6d3d._.js:9440:13)
    at performWorkOnRoot (http://localhost:3001/_next/static/chunks/f12ff_next_dist_compiled_react-dom_7b2f6d3d._.js:9068:186)
    at performSyncWorkOnRoot (http://localhost:3001/_next/static/chunks/f12ff_next_dist_compiled_react-dom_7b2f6d3d._.js:10238:9)
    at flushSyncWorkAcrossRoots_impl (http://localhost:3001/_next/static/chunks/f12ff_next_dist_compiled_react-dom_7b2f6d3d._.js:10154:316)
    at processRootScheduleInMicrotask (http://localhost:3001/_next/static/chunks/f12ff_next_dist_compiled_react-dom_7b2f6d3d._.js:10175:106)
    at http://localhost:3001/_next/static/chunks/f12ff_next_dist_compiled_react-dom_7b2f6d3d._.js:10249:158 @ http://localhost:3001/_next/static/chunks/f12ff_next_dist_95687940._.js:3132
[  138368ms] [ERROR] IntlError: MISSING_MESSAGE: Cannot read properties of undefined (reading 'split')
    at getFallbackFromErrorAndNotify (http://localhost:3001/_next/static/chunks/node_modules__pnpm_a92eadf3._.js:7251:23)
    at translateBaseFn (http://localhost:3001/_next/static/chunks/node_modules__pnpm_a92eadf3._.js:7281:28)
    at translateFn (http://localhost:3001/_next/static/chunks/node_modules__pnpm_a92eadf3._.js:7343:24)
    at labelFor (http://localhost:3001/_next/static/chunks/_2015e761._.js:485:30)
    at http://localhost:3001/_next/static/chunks/_2015e761._.js:142:34
    at Array.map (<anonymous>)
    at RegionChoropleth (http://localhost:3001/_next/static/chunks/_2015e761._.js:134:43)
    at Object.react_stack_bottom_frame (http://localhost:3001/_next/static/chunks/f12ff_next_dist_compiled_react-dom_7b2f6d3d._.js:14826:24)
    at renderWithHooksAgain (http://localhost:3001/_next/static/chunks/f12ff_next_dist_compiled_react-dom_7b2f6d3d._.js:4706:24)
    at renderWithHooks (http://localhost:3001/_next/static/chunks/f12ff_next_dist_compiled_react-dom_7b2f6d3d._.js:4657:28)
    at updateFunctionComponent (http://localhost:3001/_next/static/chunks/f12ff_next_dist_compiled_react-dom_7b2f6d3d._.js:6112:21)
    at beginWork (http://localhost:3001/_next/static/chunks/f12ff_next_dist_compiled_react-dom_7b2f6d3d._.js:6708:24)
    at runWithFiberInDEV (http://localhost:3001/_next/static/chunks/f12ff_next_dist_compiled_react-dom_7b2f6d3d._.js:965:74)
    at performUnitOfWork (http://localhost:3001/_next/static/chunks/f12ff_next_dist_compiled_react-dom_7b2f6d3d._.js:9562:97)
    at workLoopSync (http://localhost:3001/_next/static/chunks/f12ff_next_dist_compiled_react-dom_7b2f6d3d._.js:9456:40)
    at renderRootSync (http://localhost:3001/_next/static/chunks/f12ff_next_dist_compiled_react-dom_7b2f6d3d._.js:9440:13)
    at performWorkOnRoot (http://localhost:3001/_next/static/chunks/f12ff_next_dist_compiled_react-dom_7b2f6d3d._.js:9068:186)
    at performSyncWorkOnRoot (http://localhost:3001/_next/static/chunks/f12ff_next_dist_compiled_react-dom_7b2f6d3d._.js:10238:9)
    at flushSyncWorkAcrossRoots_impl (http://localhost:3001/_next/static/chunks/f12ff_next_dist_compiled_react-dom_7b2f6d3d._.js:10154:316)
    at processRootScheduleInMicrotask (http://localhost:3001/_next/static/chunks/f12ff_next_dist_compiled_react-dom_7b2f6d3d._.js:10175:106)
    at http://localhost:3001/_next/static/chunks/f12ff_next_dist_compiled_react-dom_7b2f6d3d._.js:10249:158 @ http://localhost:3001/_next/static/chunks/f12ff_next_dist_95687940._.js:3132
[  138368ms] [ERROR] IntlError: MISSING_MESSAGE: Cannot read properties of undefined (reading 'split')
    at getFallbackFromErrorAndNotify (http://localhost:3001/_next/static/chunks/node_modules__pnpm_a92eadf3._.js:7251:23)
    at translateBaseFn (http://localhost:3001/_next/static/chunks/node_modules__pnpm_a92eadf3._.js:7281:28)
    at translateFn (http://localhost:3001/_next/static/chunks/node_modules__pnpm_a92eadf3._.js:7343:24)
    at labelFor (http://localhost:3001/_next/static/chunks/_2015e761._.js:485:30)
    at http://localhost:3001/_next/static/chunks/_2015e761._.js:142:34
    at Array.map (<anonymous>)
    at RegionChoropleth (http://localhost:3001/_next/static/chunks/_2015e761._.js:134:43)
    at Object.react_stack_bottom_frame (http://localhost:3001/_next/static/chunks/f12ff_next_dist_compiled_react-dom_7b2f6d3d._.js:14826:24)
    at renderWithHooksAgain (http://localhost:3001/_next/static/chunks/f12ff_next_dist_compiled_react-dom_7b2f6d3d._.js:4706:24)
    at renderWithHooks (http://localhost:3001/_next/static/chunks/f12ff_next_dist_compiled_react-dom_7b2f6d3d._.js:4657:28)
    at updateFunctionComponent (http://localhost:3001/_next/static/chunks/f12ff_next_dist_compiled_react-dom_7b2f6d3d._.js:6112:21)
    at beginWork (http://localhost:3001/_next/static/chunks/f12ff_next_dist_compiled_react-dom_7b2f6d3d._.js:6708:24)
    at runWithFiberInDEV (http://localhost:3001/_next/static/chunks/f12ff_next_dist_compiled_react-dom_7b2f6d3d._.js:965:74)
    at performUnitOfWork (http://localhost:3001/_next/static/chunks/f12ff_next_dist_compiled_react-dom_7b2f6d3d._.js:9562:97)
    at workLoopSync (http://localhost:3001/_next/static/chunks/f12ff_next_dist_compiled_react-dom_7b2f6d3d._.js:9456:40)
    at renderRootSync (http://localhost:3001/_next/static/chunks/f12ff_next_dist_compiled_react-dom_7b2f6d3d._.js:9440:13)
    at performWorkOnRoot (http://localhost:3001/_next/static/chunks/f12ff_next_dist_compiled_react-dom_7b2f6d3d._.js:9068:186)
    at performSyncWorkOnRoot (http://localhost:3001/_next/static/chunks/f12ff_next_dist_compiled_react-dom_7b2f6d3d._.js:10238:9)
    at flushSyncWorkAcrossRoots_impl (http://localhost:3001/_next/static/chunks/f12ff_next_dist_compiled_react-dom_7b2f6d3d._.js:10154:316)
    at processRootScheduleInMicrotask (http://localhost:3001/_next/static/chunks/f12ff_next_dist_compiled_react-dom_7b2f6d3d._.js:10175:106)
    at http://localhost:3001/_next/static/chunks/f12ff_next_dist_compiled_react-dom_7b2f6d3d._.js:10249:158 @ http://localhost:3001/_next/static/chunks/f12ff_next_dist_95687940._.js:3132
[  398617ms] [LOG] [Fast Refresh] rebuilding @ http://localhost:3001/_next/static/chunks/f12ff_next_dist_95687940._.js:2302
[  401469ms] [WARNING] Missing Algolia environment variables: ALGOLIA_API_KEY @ http://localhost:3001/_next/static/chunks/f12ff_next_dist_95687940._.js:2302
[  401471ms] [WARNING] Algolia admin client not available - missing credentials @ http://localhost:3001/_next/static/chunks/f12ff_next_dist_95687940._.js:2302
[  401471ms] [LOG] ✅ Algolia search client initialized successfully @ http://localhost:3001/_next/static/chunks/f12ff_next_dist_95687940._.js:2302
[  401596ms] [LOG] [Fast Refresh] done in 2819ms @ http://localhost:3001/_next/static/chunks/f12ff_next_dist_95687940._.js:2302
[  439264ms] [LOG] [Fast Refresh] rebuilding @ http://localhost:3001/_next/static/chunks/f12ff_next_dist_95687940._.js:2302
[  439629ms] [WARNING] Missing Algolia environment variables: ALGOLIA_API_KEY @ http://localhost:3001/_next/static/chunks/f12ff_next_dist_95687940._.js:2302
[  439631ms] [WARNING] Algolia admin client not available - missing credentials @ http://localhost:3001/_next/static/chunks/f12ff_next_dist_95687940._.js:2302
[  439631ms] [LOG] ✅ Algolia search client initialized successfully @ http://localhost:3001/_next/static/chunks/f12ff_next_dist_95687940._.js:2302
[  439747ms] [LOG] [Fast Refresh] done in 453ms @ http://localhost:3001/_next/static/chunks/f12ff_next_dist_95687940._.js:2302
[  486970ms] [LOG] [Fast Refresh] rebuilding @ http://localhost:3001/_next/static/chunks/f12ff_next_dist_95687940._.js:2302
[  487187ms] [LOG] [Fast Refresh] done in 320ms @ http://localhost:3001/_next/static/chunks/f12ff_next_dist_95687940._.js:2302
[  504237ms] [LOG] [Fast Refresh] rebuilding @ http://localhost:3001/_next/static/chunks/f12ff_next_dist_95687940._.js:2302
[  504334ms] [LOG] [Fast Refresh] done in 203ms @ http://localhost:3001/_next/static/chunks/f12ff_next_dist_95687940._.js:2302
[  507492ms] [LOG] [Fast Refresh] rebuilding @ http://localhost:3001/_next/static/chunks/f12ff_next_dist_95687940._.js:2302
[  507796ms] [LOG] [Fast Refresh] done in 407ms @ http://localhost:3001/_next/static/chunks/f12ff_next_dist_95687940._.js:2302
[  567758ms] [LOG] [Fast Refresh] rebuilding @ http://localhost:3001/_next/static/chunks/f12ff_next_dist_95687940._.js:2302
[  567933ms] [LOG] [Fast Refresh] done in 275ms @ http://localhost:3001/_next/static/chunks/f12ff_next_dist_95687940._.js:2302
[  589826ms] [LOG] [Fast Refresh] rebuilding @ http://localhost:3001/_next/static/chunks/f12ff_next_dist_95687940._.js:2302
[  589909ms] [LOG] [Fast Refresh] done in 189ms @ http://localhost:3001/_next/static/chunks/f12ff_next_dist_95687940._.js:2302
[  735616ms] [LOG] [Fast Refresh] rebuilding @ http://localhost:3001/_next/static/chunks/f12ff_next_dist_95687940._.js:2302
[  737867ms] [LOG] [Fast Refresh] done in 2379ms @ http://localhost:3001/_next/static/chunks/f12ff_next_dist_95687940._.js:2302
[ 2290715ms] [LOG] [Fast Refresh] rebuilding @ http://localhost:3001/_next/static/chunks/f12ff_next_dist_95687940._.js:2302
[ 2290827ms] [LOG] [Fast Refresh] done in 214ms @ http://localhost:3001/_next/static/chunks/f12ff_next_dist_95687940._.js:2302
[ 6020393ms] [LOG] [Fast Refresh] rebuilding @ http://localhost:3001/_next/static/chunks/f12ff_next_dist_95687940._.js:2302
[ 6020962ms] [LOG] [Fast Refresh] done in 676ms @ http://localhost:3001/_next/static/chunks/f12ff_next_dist_95687940._.js:2302
[ 6111450ms] [LOG] [Fast Refresh] rebuilding @ http://localhost:3001/_next/static/chunks/f12ff_next_dist_95687940._.js:2302
[ 6117623ms] [LOG] [Fast Refresh] done in 4489ms @ http://localhost:3001/_next/static/chunks/f12ff_next_dist_95687940._.js:2302
[ 6118660ms] [LOG] [Fast Refresh] rebuilding @ http://localhost:3001/_next/static/chunks/f12ff_next_dist_95687940._.js:2302
[ 6118756ms] [LOG] [Fast Refresh] done in 221ms @ http://localhost:3001/_next/static/chunks/f12ff_next_dist_95687940._.js:2302
[ 6119051ms] [LOG] [Fast Refresh] rebuilding @ http://localhost:3001/_next/static/chunks/f12ff_next_dist_95687940._.js:2302
[ 6119108ms] [LOG] [Fast Refresh] done in 163ms @ http://localhost:3001/_next/static/chunks/f12ff_next_dist_95687940._.js:2302
[ 6119208ms] [LOG] [Fast Refresh] rebuilding @ http://localhost:3001/_next/static/chunks/f12ff_next_dist_95687940._.js:2302
[ 6119226ms] [LOG] [Fast Refresh] done in 118ms @ http://localhost:3001/_next/static/chunks/f12ff_next_dist_95687940._.js:2302
[ 6119549ms] [LOG] [Fast Refresh] rebuilding @ http://localhost:3001/_next/static/chunks/f12ff_next_dist_95687940._.js:2302
[ 6119605ms] [LOG] [Fast Refresh] done in 156ms @ http://localhost:3001/_next/static/chunks/f12ff_next_dist_95687940._.js:2302
[ 6119707ms] [LOG] [Fast Refresh] rebuilding @ http://localhost:3001/_next/static/chunks/f12ff_next_dist_95687940._.js:2302
[ 6119721ms] [LOG] [Fast Refresh] done in 116ms @ http://localhost:3001/_next/static/chunks/f12ff_next_dist_95687940._.js:2302
[ 6119903ms] [LOG] [Fast Refresh] rebuilding @ http://localhost:3001/_next/static/chunks/f12ff_next_dist_95687940._.js:2302
[ 6120210ms] [LOG] [Fast Refresh] done in 407ms @ http://localhost:3001/_next/static/chunks/f12ff_next_dist_95687940._.js:2302
[ 6120315ms] [LOG] [Fast Refresh] rebuilding @ http://localhost:3001/_next/static/chunks/f12ff_next_dist_95687940._.js:2302
[ 6120511ms] [LOG] [Fast Refresh] done in 297ms @ http://localhost:3001/_next/static/chunks/f12ff_next_dist_95687940._.js:2302
[ 6120612ms] [LOG] [Fast Refresh] rebuilding @ http://localhost:3001/_next/static/chunks/f12ff_next_dist_95687940._.js:2302
[ 6121125ms] [LOG] [Fast Refresh] done in 614ms @ http://localhost:3001/_next/static/chunks/f12ff_next_dist_95687940._.js:2302
[ 6121227ms] [LOG] [Fast Refresh] rebuilding @ http://localhost:3001/_next/static/chunks/f12ff_next_dist_95687940._.js:2302
[ 6121276ms] [LOG] [Fast Refresh] done in 149ms @ http://localhost:3001/_next/static/chunks/f12ff_next_dist_95687940._.js:2302
[ 6121456ms] [LOG] [Fast Refresh] rebuilding @ http://localhost:3001/_next/static/chunks/f12ff_next_dist_95687940._.js:2302
[ 6121646ms] [LOG] [Fast Refresh] done in 292ms @ http://localhost:3001/_next/static/chunks/f12ff_next_dist_95687940._.js:2302
[ 6121851ms] [LOG] [Fast Refresh] rebuilding @ http://localhost:3001/_next/static/chunks/f12ff_next_dist_95687940._.js:2302
[ 6122030ms] [LOG] [Fast Refresh] done in 280ms @ http://localhost:3001/_next/static/chunks/f12ff_next_dist_95687940._.js:2302
[ 6122132ms] [LOG] [Fast Refresh] rebuilding @ http://localhost:3001/_next/static/chunks/f12ff_next_dist_95687940._.js:2302
[ 6122204ms] [LOG] [Fast Refresh] done in 173ms @ http://localhost:3001/_next/static/chunks/f12ff_next_dist_95687940._.js:2302
[ 6122338ms] [LOG] [Fast Refresh] rebuilding @ http://localhost:3001/_next/static/chunks/f12ff_next_dist_95687940._.js:2302
[ 6122496ms] [LOG] [Fast Refresh] done in 259ms @ http://localhost:3001/_next/static/chunks/f12ff_next_dist_95687940._.js:2302
[ 6122598ms] [LOG] [Fast Refresh] rebuilding @ http://localhost:3001/_next/static/chunks/f12ff_next_dist_95687940._.js:2302
[ 6122754ms] [LOG] [Fast Refresh] done in 257ms @ http://localhost:3001/_next/static/chunks/f12ff_next_dist_95687940._.js:2302
[ 6123970ms] [ERROR] IntlError: MISSING_MESSAGE: Cannot read properties of undefined (reading 'split')
    at getFallbackFromErrorAndNotify (http://localhost:3001/_next/static/chunks/node_modules__pnpm_a92eadf3._.js:7251:23)
    at translateBaseFn (http://localhost:3001/_next/static/chunks/node_modules__pnpm_a92eadf3._.js:7281:28)
    at translateFn (http://localhost:3001/_next/static/chunks/node_modules__pnpm_a92eadf3._.js:7343:24)
    at labelFor (http://localhost:3001/_next/static/chunks/_2015e761._.js:485:30)
    at http://localhost:3001/_next/static/chunks/_2015e761._.js:142:34
    at Array.map (<anonymous>)
    at RegionChoropleth (http://localhost:3001/_next/static/chunks/_2015e761._.js:134:43)
    at Object.react_stack_bottom_frame (http://localhost:3001/_next/static/chunks/f12ff_next_dist_compiled_react-dom_7b2f6d3d._.js:14826:24)
    at renderWithHooks (http://localhost:3001/_next/static/chunks/f12ff_next_dist_compiled_react-dom_7b2f6d3d._.js:4651:24)
    at updateFunctionComponent (http://localhost:3001/_next/static/chunks/f12ff_next_dist_compiled_react-dom_7b2f6d3d._.js:6112:21)
    at beginWork (http://localhost:3001/_next/static/chunks/f12ff_next_dist_compiled_react-dom_7b2f6d3d._.js:6708:24)
    at runWithFiberInDEV (http://localhost:3001/_next/static/chunks/f12ff_next_dist_compiled_react-dom_7b2f6d3d._.js:965:74)
    at performUnitOfWork (http://localhost:3001/_next/static/chunks/f12ff_next_dist_compiled_react-dom_7b2f6d3d._.js:9562:97)
    at workLoopConcurrentByScheduler (http://localhost:3001/_next/static/chunks/f12ff_next_dist_compiled_react-dom_7b2f6d3d._.js:9558:58)
    at renderRootConcurrent (http://localhost:3001/_next/static/chunks/f12ff_next_dist_compiled_react-dom_7b2f6d3d._.js:9541:71)
    at performWorkOnRoot (http://localhost:3001/_next/static/chunks/f12ff_next_dist_compiled_react-dom_7b2f6d3d._.js:9068:150)
    at performWorkOnRootViaSchedulerTask (http://localhost:3001/_next/static/chunks/f12ff_next_dist_compiled_react-dom_7b2f6d3d._.js:10230:9)
    at MessagePort.performWorkUntilDeadline (http://localhost:3001/_next/static/chunks/f12ff_next_dist_compiled_cd863794._.js:2647:64) @ http://localhost:3001/_next/static/chunks/f12ff_next_dist_95687940._.js:3132
[ 6123979ms] [ERROR] IntlError: MISSING_MESSAGE: Cannot read properties of undefined (reading 'split')
    at getFallbackFromErrorAndNotify (http://localhost:3001/_next/static/chunks/node_modules__pnpm_a92eadf3._.js:7251:23)
    at translateBaseFn (http://localhost:3001/_next/static/chunks/node_modules__pnpm_a92eadf3._.js:7281:28)
    at translateFn (http://localhost:3001/_next/static/chunks/node_modules__pnpm_a92eadf3._.js:7343:24)
    at labelFor (http://localhost:3001/_next/static/chunks/_2015e761._.js:485:30)
    at http://localhost:3001/_next/static/chunks/_2015e761._.js:142:34
    at Array.map (<anonymous>)
    at RegionChoropleth (http://localhost:3001/_next/static/chunks/_2015e761._.js:134:43)
    at Object.react_stack_bottom_frame (http://localhost:3001/_next/static/chunks/f12ff_next_dist_compiled_react-dom_7b2f6d3d._.js:14826:24)
    at renderWithHooks (http://localhost:3001/_next/static/chunks/f12ff_next_dist_compiled_react-dom_7b2f6d3d._.js:4651:24)
    at updateFunctionComponent (http://localhost:3001/_next/static/chunks/f12ff_next_dist_compiled_react-dom_7b2f6d3d._.js:6112:21)
    at beginWork (http://localhost:3001/_next/static/chunks/f12ff_next_dist_compiled_react-dom_7b2f6d3d._.js:6708:24)
    at runWithFiberInDEV (http://localhost:3001/_next/static/chunks/f12ff_next_dist_compiled_react-dom_7b2f6d3d._.js:965:74)
    at performUnitOfWork (http://localhost:3001/_next/static/chunks/f12ff_next_dist_compiled_react-dom_7b2f6d3d._.js:9562:97)
    at workLoopConcurrentByScheduler (http://localhost:3001/_next/static/chunks/f12ff_next_dist_compiled_react-dom_7b2f6d3d._.js:9558:58)
    at renderRootConcurrent (http://localhost:3001/_next/static/chunks/f12ff_next_dist_compiled_react-dom_7b2f6d3d._.js:9541:71)
    at performWorkOnRoot (http://localhost:3001/_next/static/chunks/f12ff_next_dist_compiled_react-dom_7b2f6d3d._.js:9068:150)
    at performWorkOnRootViaSchedulerTask (http://localhost:3001/_next/static/chunks/f12ff_next_dist_compiled_react-dom_7b2f6d3d._.js:10230:9)
    at MessagePort.performWorkUntilDeadline (http://localhost:3001/_next/static/chunks/f12ff_next_dist_compiled_cd863794._.js:2647:64) @ http://localhost:3001/_next/static/chunks/f12ff_next_dist_95687940._.js:3132
[ 6123979ms] [ERROR] IntlError: MISSING_MESSAGE: Cannot read properties of undefined (reading 'split')
    at getFallbackFromErrorAndNotify (http://localhost:3001/_next/static/chunks/node_modules__pnpm_a92eadf3._.js:7251:23)
    at translateBaseFn (http://localhost:3001/_next/static/chunks/node_modules__pnpm_a92eadf3._.js:7281:28)
    at translateFn (http://localhost:3001/_next/static/chunks/node_modules__pnpm_a92eadf3._.js:7343:24)
    at labelFor (http://localhost:3001/_next/static/chunks/_2015e761._.js:485:30)
    at http://localhost:3001/_next/static/chunks/_2015e761._.js:142:34
    at Array.map (<anonymous>)
    at RegionChoropleth (http://localhost:3001/_next/static/chunks/_2015e761._.js:134:43)
    at Object.react_stack_bottom_frame (http://localhost:3001/_next/static/chunks/f12ff_next_dist_compiled_react-dom_7b2f6d3d._.js:14826:24)
    at renderWithHooks (http://localhost:3001/_next/static/chunks/f12ff_next_dist_compiled_react-dom_7b2f6d3d._.js:4651:24)
    at updateFunctionComponent (http://localhost:3001/_next/static/chunks/f12ff_next_dist_compiled_react-dom_7b2f6d3d._.js:6112:21)
    at beginWork (http://localhost:3001/_next/static/chunks/f12ff_next_dist_compiled_react-dom_7b2f6d3d._.js:6708:24)
    at runWithFiberInDEV (http://localhost:3001/_next/static/chunks/f12ff_next_dist_compiled_react-dom_7b2f6d3d._.js:965:74)
    at performUnitOfWork (http://localhost:3001/_next/static/chunks/f12ff_next_dist_compiled_react-dom_7b2f6d3d._.js:9562:97)
    at workLoopConcurrentByScheduler (http://localhost:3001/_next/static/chunks/f12ff_next_dist_compiled_react-dom_7b2f6d3d._.js:9558:58)
    at renderRootConcurrent (http://localhost:3001/_next/static/chunks/f12ff_next_dist_compiled_react-dom_7b2f6d3d._.js:9541:71)
    at performWorkOnRoot (http://localhost:3001/_next/static/chunks/f12ff_next_dist_compiled_react-dom_7b2f6d3d._.js:9068:150)
    at performWorkOnRootViaSchedulerTask (http://localhost:3001/_next/static/chunks/f12ff_next_dist_compiled_react-dom_7b2f6d3d._.js:10230:9)
    at MessagePort.performWorkUntilDeadline (http://localhost:3001/_next/static/chunks/f12ff_next_dist_compiled_cd863794._.js:2647:64) @ http://localhost:3001/_next/static/chunks/f12ff_next_dist_95687940._.js:3132
[ 6123979ms] [ERROR] IntlError: MISSING_MESSAGE: Cannot read properties of undefined (reading 'split')
    at getFallbackFromErrorAndNotify (http://localhost:3001/_next/static/chunks/node_modules__pnpm_a92eadf3._.js:7251:23)
    at translateBaseFn (http://localhost:3001/_next/static/chunks/node_modules__pnpm_a92eadf3._.js:7281:28)
    at translateFn (http://localhost:3001/_next/static/chunks/node_modules__pnpm_a92eadf3._.js:7343:24)
    at labelFor (http://localhost:3001/_next/static/chunks/_2015e761._.js:485:30)
    at http://localhost:3001/_next/static/chunks/_2015e761._.js:142:34
    at Array.map (<anonymous>)
    at RegionChoropleth (http://localhost:3001/_next/static/chunks/_2015e761._.js:134:43)
    at Object.react_stack_bottom_frame (http://localhost:3001/_next/static/chunks/f12ff_next_dist_compiled_react-dom_7b2f6d3d._.js:14826:24)
    at renderWithHooks (http://localhost:3001/_next/static/chunks/f12ff_next_dist_compiled_react-dom_7b2f6d3d._.js:4651:24)
    at updateFunctionComponent (http://localhost:3001/_next/static/chunks/f12ff_next_dist_compiled_react-dom_7b2f6d3d._.js:6112:21)
    at beginWork (http://localhost:3001/_next/static/chunks/f12ff_next_dist_compiled_react-dom_7b2f6d3d._.js:6708:24)
    at runWithFiberInDEV (http://localhost:3001/_next/static/chunks/f12ff_next_dist_compiled_react-dom_7b2f6d3d._.js:965:74)
    at performUnitOfWork (http://localhost:3001/_next/static/chunks/f12ff_next_dist_compiled_react-dom_7b2f6d3d._.js:9562:97)
    at workLoopConcurrentByScheduler (http://localhost:3001/_next/static/chunks/f12ff_next_dist_compiled_react-dom_7b2f6d3d._.js:9558:58)
    at renderRootConcurrent (http://localhost:3001/_next/static/chunks/f12ff_next_dist_compiled_react-dom_7b2f6d3d._.js:9541:71)
    at performWorkOnRoot (http://localhost:3001/_next/static/chunks/f12ff_next_dist_compiled_react-dom_7b2f6d3d._.js:9068:150)
    at performWorkOnRootViaSchedulerTask (http://localhost:3001/_next/static/chunks/f12ff_next_dist_compiled_react-dom_7b2f6d3d._.js:10230:9)
    at MessagePort.performWorkUntilDeadline (http://localhost:3001/_next/static/chunks/f12ff_next_dist_compiled_cd863794._.js:2647:64) @ http://localhost:3001/_next/static/chunks/f12ff_next_dist_95687940._.js:3132
[ 6123979ms] [ERROR] IntlError: MISSING_MESSAGE: Cannot read properties of undefined (reading 'split')
    at getFallbackFromErrorAndNotify (http://localhost:3001/_next/static/chunks/node_modules__pnpm_a92eadf3._.js:7251:23)
    at translateBaseFn (http://localhost:3001/_next/static/chunks/node_modules__pnpm_a92eadf3._.js:7281:28)
    at translateFn (http://localhost:3001/_next/static/chunks/node_modules__pnpm_a92eadf3._.js:7343:24)
    at labelFor (http://localhost:3001/_next/static/chunks/_2015e761._.js:485:30)
    at http://localhost:3001/_next/static/chunks/_2015e761._.js:142:34
    at Array.map (<anonymous>)
    at RegionChoropleth (http://localhost:3001/_next/static/chunks/_2015e761._.js:134:43)
    at Object.react_stack_bottom_frame (http://localhost:3001/_next/static/chunks/f12ff_next_dist_compiled_react-dom_7b2f6d3d._.js:14826:24)
    at renderWithHooks (http://localhost:3001/_next/static/chunks/f12ff_next_dist_compiled_react-dom_7b2f6d3d._.js:4651:24)
    at updateFunctionComponent (http://localhost:3001/_next/static/chunks/f12ff_next_dist_compiled_react-dom_7b2f6d3d._.js:6112:21)
    at beginWork (http://localhost:3001/_next/static/chunks/f12ff_next_dist_compiled_react-dom_7b2f6d3d._.js:6708:24)
    at runWithFiberInDEV (http://localhost:3001/_next/static/chunks/f12ff_next_dist_compiled_react-dom_7b2f6d3d._.js:965:74)
    at performUnitOfWork (http://localhost:3001/_next/static/chunks/f12ff_next_dist_compiled_react-dom_7b2f6d3d._.js:9562:97)
    at workLoopConcurrentByScheduler (http://localhost:3001/_next/static/chunks/f12ff_next_dist_compiled_react-dom_7b2f6d3d._.js:9558:58)
    at renderRootConcurrent (http://localhost:3001/_next/static/chunks/f12ff_next_dist_compiled_react-dom_7b2f6d3d._.js:9541:71)
    at performWorkOnRoot (http://localhost:3001/_next/static/chunks/f12ff_next_dist_compiled_react-dom_7b2f6d3d._.js:9068:150)
    at performWorkOnRootViaSchedulerTask (http://localhost:3001/_next/static/chunks/f12ff_next_dist_compiled_react-dom_7b2f6d3d._.js:10230:9)
    at MessagePort.performWorkUntilDeadline (http://localhost:3001/_next/static/chunks/f12ff_next_dist_compiled_cd863794._.js:2647:64) @ http://localhost:3001/_next/static/chunks/f12ff_next_dist_95687940._.js:3132
[ 6123979ms] [ERROR] IntlError: MISSING_MESSAGE: Cannot read properties of undefined (reading 'split')
    at getFallbackFromErrorAndNotify (http://localhost:3001/_next/static/chunks/node_modules__pnpm_a92eadf3._.js:7251:23)
    at translateBaseFn (http://localhost:3001/_next/static/chunks/node_modules__pnpm_a92eadf3._.js:7281:28)
    at translateFn (http://localhost:3001/_next/static/chunks/node_modules__pnpm_a92eadf3._.js:7343:24)
    at labelFor (http://localhost:3001/_next/static/chunks/_2015e761._.js:485:30)
    at http://localhost:3001/_next/static/chunks/_2015e761._.js:142:34
    at Array.map (<anonymous>)
    at RegionChoropleth (http://localhost:3001/_next/static/chunks/_2015e761._.js:134:43)
    at Object.react_stack_bottom_frame (http://localhost:3001/_next/static/chunks/f12ff_next_dist_compiled_react-dom_7b2f6d3d._.js:14826:24)
    at renderWithHooks (http://localhost:3001/_next/static/chunks/f12ff_next_dist_compiled_react-dom_7b2f6d3d._.js:4651:24)
    at updateFunctionComponent (http://localhost:3001/_next/static/chunks/f12ff_next_dist_compiled_react-dom_7b2f6d3d._.js:6112:21)
    at beginWork (http://localhost:3001/_next/static/chunks/f12ff_next_dist_compiled_react-dom_7b2f6d3d._.js:6708:24)
    at runWithFiberInDEV (http://localhost:3001/_next/static/chunks/f12ff_next_dist_compiled_react-dom_7b2f6d3d._.js:965:74)
    at performUnitOfWork (http://localhost:3001/_next/static/chunks/f12ff_next_dist_compiled_react-dom_7b2f6d3d._.js:9562:97)
    at workLoopConcurrentByScheduler (http://localhost:3001/_next/static/chunks/f12ff_next_dist_compiled_react-dom_7b2f6d3d._.js:9558:58)
    at renderRootConcurrent (http://localhost:3001/_next/static/chunks/f12ff_next_dist_compiled_react-dom_7b2f6d3d._.js:9541:71)
    at performWorkOnRoot (http://localhost:3001/_next/static/chunks/f12ff_next_dist_compiled_react-dom_7b2f6d3d._.js:9068:150)
    at performWorkOnRootViaSchedulerTask (http://localhost:3001/_next/static/chunks/f12ff_next_dist_compiled_react-dom_7b2f6d3d._.js:10230:9)
    at MessagePort.performWorkUntilDeadline (http://localhost:3001/_next/static/chunks/f12ff_next_dist_compiled_cd863794._.js:2647:64) @ http://localhost:3001/_next/static/chunks/f12ff_next_dist_95687940._.js:3132
[ 6123979ms] [ERROR] IntlError: MISSING_MESSAGE: Cannot read properties of undefined (reading 'split')
    at getFallbackFromErrorAndNotify (http://localhost:3001/_next/static/chunks/node_modules__pnpm_a92eadf3._.js:7251:23)
    at translateBaseFn (http://localhost:3001/_next/static/chunks/node_modules__pnpm_a92eadf3._.js:7281:28)
    at translateFn (http://localhost:3001/_next/static/chunks/node_modules__pnpm_a92eadf3._.js:7343:24)
    at labelFor (http://localhost:3001/_next/static/chunks/_2015e761._.js:485:30)
    at http://localhost:3001/_next/static/chunks/_2015e761._.js:142:34
    at Array.map (<anonymous>)
    at RegionChoropleth (http://localhost:3001/_next/static/chunks/_2015e761._.js:134:43)
    at Object.react_stack_bottom_frame (http://localhost:3001/_next/static/chunks/f12ff_next_dist_compiled_react-dom_7b2f6d3d._.js:14826:24)
    at renderWithHooks (http://localhost:3001/_next/static/chunks/f12ff_next_dist_compiled_react-dom_7b2f6d3d._.js:4651:24)
    at updateFunctionComponent (http://localhost:3001/_next/static/chunks/f12ff_next_dist_compiled_react-dom_7b2f6d3d._.js:6112:21)
    at beginWork (http://localhost:3001/_next/static/chunks/f12ff_next_dist_compiled_react-dom_7b2f6d3d._.js:6708:24)
    at runWithFiberInDEV (http://localhost:3001/_next/static/chunks/f12ff_next_dist_compiled_react-dom_7b2f6d3d._.js:965:74)
    at performUnitOfWork (http://localhost:3001/_next/static/chunks/f12ff_next_dist_compiled_react-dom_7b2f6d3d._.js:9562:97)
    at workLoopConcurrentByScheduler (http://localhost:3001/_next/static/chunks/f12ff_next_dist_compiled_react-dom_7b2f6d3d._.js:9558:58)
    at renderRootConcurrent (http://localhost:3001/_next/static/chunks/f12ff_next_dist_compiled_react-dom_7b2f6d3d._.js:9541:71)
    at performWorkOnRoot (http://localhost:3001/_next/static/chunks/f12ff_next_dist_compiled_react-dom_7b2f6d3d._.js:9068:150)
    at performWorkOnRootViaSchedulerTask (http://localhost:3001/_next/static/chunks/f12ff_next_dist_compiled_react-dom_7b2f6d3d._.js:10230:9)
    at MessagePort.performWorkUntilDeadline (http://localhost:3001/_next/static/chunks/f12ff_next_dist_compiled_cd863794._.js:2647:64) @ http://localhost:3001/_next/static/chunks/f12ff_next_dist_95687940._.js:3132
[ 6123980ms] [ERROR] IntlError: MISSING_MESSAGE: Cannot read properties of undefined (reading 'split')
    at getFallbackFromErrorAndNotify (http://localhost:3001/_next/static/chunks/node_modules__pnpm_a92eadf3._.js:7251:23)
    at translateBaseFn (http://localhost:3001/_next/static/chunks/node_modules__pnpm_a92eadf3._.js:7281:28)
    at translateFn (http://localhost:3001/_next/static/chunks/node_modules__pnpm_a92eadf3._.js:7343:24)
    at labelFor (http://localhost:3001/_next/static/chunks/_2015e761._.js:485:30)
    at http://localhost:3001/_next/static/chunks/_2015e761._.js:142:34
    at Array.map (<anonymous>)
    at RegionChoropleth (http://localhost:3001/_next/static/chunks/_2015e761._.js:134:43)
    at Object.react_stack_bottom_frame (http://localhost:3001/_next/static/chunks/f12ff_next_dist_compiled_react-dom_7b2f6d3d._.js:14826:24)
    at renderWithHooksAgain (http://localhost:3001/_next/static/chunks/f12ff_next_dist_compiled_react-dom_7b2f6d3d._.js:4706:24)
    at renderWithHooks (http://localhost:3001/_next/static/chunks/f12ff_next_dist_compiled_react-dom_7b2f6d3d._.js:4657:28)
    at updateFunctionComponent (http://localhost:3001/_next/static/chunks/f12ff_next_dist_compiled_react-dom_7b2f6d3d._.js:6112:21)
    at beginWork (http://localhost:3001/_next/static/chunks/f12ff_next_dist_compiled_react-dom_7b2f6d3d._.js:6708:24)
    at runWithFiberInDEV (http://localhost:3001/_next/static/chunks/f12ff_next_dist_compiled_react-dom_7b2f6d3d._.js:965:74)
    at performUnitOfWork (http://localhost:3001/_next/static/chunks/f12ff_next_dist_compiled_react-dom_7b2f6d3d._.js:9562:97)
    at workLoopConcurrentByScheduler (http://localhost:3001/_next/static/chunks/f12ff_next_dist_compiled_react-dom_7b2f6d3d._.js:9558:58)
    at renderRootConcurrent (http://localhost:3001/_next/static/chunks/f12ff_next_dist_compiled_react-dom_7b2f6d3d._.js:9541:71)
    at performWorkOnRoot (http://localhost:3001/_next/static/chunks/f12ff_next_dist_compiled_react-dom_7b2f6d3d._.js:9068:150)
    at performWorkOnRootViaSchedulerTask (http://localhost:3001/_next/static/chunks/f12ff_next_dist_compiled_react-dom_7b2f6d3d._.js:10230:9)
    at MessagePort.performWorkUntilDeadline (http://localhost:3001/_next/static/chunks/f12ff_next_dist_compiled_cd863794._.js:2647:64) @ http://localhost:3001/_next/static/chunks/f12ff_next_dist_95687940._.js:3132
[ 6123980ms] [ERROR] IntlError: MISSING_MESSAGE: Cannot read properties of undefined (reading 'split')
    at getFallbackFromErrorAndNotify (http://localhost:3001/_next/static/chunks/node_modules__pnpm_a92eadf3._.js:7251:23)
    at translateBaseFn (http://localhost:3001/_next/static/chunks/node_modules__pnpm_a92eadf3._.js:7281:28)
    at translateFn (http://localhost:3001/_next/static/chunks/node_modules__pnpm_a92eadf3._.js:7343:24)
    at labelFor (http://localhost:3001/_next/static/chunks/_2015e761._.js:485:30)
    at http://localhost:3001/_next/static/chunks/_2015e761._.js:142:34
    at Array.map (<anonymous>)
    at RegionChoropleth (http://localhost:3001/_next/static/chunks/_2015e761._.js:134:43)
    at Object.react_stack_bottom_frame (http://localhost:3001/_next/static/chunks/f12ff_next_dist_compiled_react-dom_7b2f6d3d._.js:14826:24)
    at renderWithHooksAgain (http://localhost:3001/_next/static/chunks/f12ff_next_dist_compiled_react-dom_7b2f6d3d._.js:4706:24)
    at renderWithHooks (http://localhost:3001/_next/static/chunks/f12ff_next_dist_compiled_react-dom_7b2f6d3d._.js:4657:28)
    at updateFunctionComponent (http://localhost:3001/_next/static/chunks/f12ff_next_dist_compiled_react-dom_7b2f6d3d._.js:6112:21)
    at beginWork (http://localhost:3001/_next/static/chunks/f12ff_next_dist_compiled_react-dom_7b2f6d3d._.js:6708:24)
    at runWithFiberInDEV (http://localhost:3001/_next/static/chunks/f12ff_next_dist_compiled_react-dom_7b2f6d3d._.js:965:74)
    at performUnitOfWork (http://localhost:3001/_next/static/chunks/f12ff_next_dist_compiled_react-dom_7b2f6d3d._.js:9562:97)
    at workLoopConcurrentByScheduler (http://localhost:3001/_next/static/chunks/f12ff_next_dist_compiled_react-dom_7b2f6d3d._.js:9558:58)
    at renderRootConcurrent (http://localhost:3001/_next/static/chunks/f12ff_next_dist_compiled_react-dom_7b2f6d3d._.js:9541:71)
    at performWorkOnRoot (http://localhost:3001/_next/static/chunks/f12ff_next_dist_compiled_react-dom_7b2f6d3d._.js:9068:150)
    at performWorkOnRootViaSchedulerTask (http://localhost:3001/_next/static/chunks/f12ff_next_dist_compiled_react-dom_7b2f6d3d._.js:10230:9)
    at MessagePort.performWorkUntilDeadline (http://localhost:3001/_next/static/chunks/f12ff_next_dist_compiled_cd863794._.js:2647:64) @ http://localhost:3001/_next/static/chunks/f12ff_next_dist_95687940._.js:3132
[ 6123980ms] [ERROR] IntlError: MISSING_MESSAGE: Cannot read properties of undefined (reading 'split')
    at getFallbackFromErrorAndNotify (http://localhost:3001/_next/static/chunks/node_modules__pnpm_a92eadf3._.js:7251:23)
    at translateBaseFn (http://localhost:3001/_next/static/chunks/node_modules__pnpm_a92eadf3._.js:7281:28)
    at translateFn (http://localhost:3001/_next/static/chunks/node_modules__pnpm_a92eadf3._.js:7343:24)
    at labelFor (http://localhost:3001/_next/static/chunks/_2015e761._.js:485:30)
    at http://localhost:3001/_next/static/chunks/_2015e761._.js:142:34
    at Array.map (<anonymous>)
    at RegionChoropleth (http://localhost:3001/_next/static/chunks/_2015e761._.js:134:43)
    at Object.react_stack_bottom_frame (http://localhost:3001/_next/static/chunks/f12ff_next_dist_compiled_react-dom_7b2f6d3d._.js:14826:24)
    at renderWithHooksAgain (http://localhost:3001/_next/static/chunks/f12ff_next_dist_compiled_react-dom_7b2f6d3d._.js:4706:24)
    at renderWithHooks (http://localhost:3001/_next/static/chunks/f12ff_next_dist_compiled_react-dom_7b2f6d3d._.js:4657:28)
    at updateFunctionComponent (http://localhost:3001/_next/static/chunks/f12ff_next_dist_compiled_react-dom_7b2f6d3d._.js:6112:21)
    at beginWork (http://localhost:3001/_next/static/chunks/f12ff_next_dist_compiled_react-dom_7b2f6d3d._.js:6708:24)
    at runWithFiberInDEV (http://localhost:3001/_next/static/chunks/f12ff_next_dist_compiled_react-dom_7b2f6d3d._.js:965:74)
    at performUnitOfWork (http://localhost:3001/_next/static/chunks/f12ff_next_dist_compiled_react-dom_7b2f6d3d._.js:9562:97)
    at workLoopConcurrentByScheduler (http://localhost:3001/_next/static/chunks/f12ff_next_dist_compiled_react-dom_7b2f6d3d._.js:9558:58)
    at renderRootConcurrent (http://localhost:3001/_next/static/chunks/f12ff_next_dist_compiled_react-dom_7b2f6d3d._.js:9541:71)
    at performWorkOnRoot (http://localhost:3001/_next/static/chunks/f12ff_next_dist_compiled_react-dom_7b2f6d3d._.js:9068:150)
    at performWorkOnRootViaSchedulerTask (http://localhost:3001/_next/static/chunks/f12ff_next_dist_compiled_react-dom_7b2f6d3d._.js:10230:9)
    at MessagePort.performWorkUntilDeadline (http://localhost:3001/_next/static/chunks/f12ff_next_dist_compiled_cd863794._.js:2647:64) @ http://localhost:3001/_next/static/chunks/f12ff_next_dist_95687940._.js:3132
[ 6123980ms] [ERROR] IntlError: MISSING_MESSAGE: Cannot read properties of undefined (reading 'split')
    at getFallbackFromErrorAndNotify (http://localhost:3001/_next/static/chunks/node_modules__pnpm_a92eadf3._.js:7251:23)
    at translateBaseFn (http://localhost:3001/_next/static/chunks/node_modules__pnpm_a92eadf3._.js:7281:28)
    at translateFn (http://localhost:3001/_next/static/chunks/node_modules__pnpm_a92eadf3._.js:7343:24)
    at labelFor (http://localhost:3001/_next/static/chunks/_2015e761._.js:485:30)
    at http://localhost:3001/_next/static/chunks/_2015e761._.js:142:34
    at Array.map (<anonymous>)
    at RegionChoropleth (http://localhost:3001/_next/static/chunks/_2015e761._.js:134:43)
    at Object.react_stack_bottom_frame (http://localhost:3001/_next/static/chunks/f12ff_next_dist_compiled_react-dom_7b2f6d3d._.js:14826:24)
    at renderWithHooksAgain (http://localhost:3001/_next/static/chunks/f12ff_next_dist_compiled_react-dom_7b2f6d3d._.js:4706:24)
    at renderWithHooks (http://localhost:3001/_next/static/chunks/f12ff_next_dist_compiled_react-dom_7b2f6d3d._.js:4657:28)
    at updateFunctionComponent (http://localhost:3001/_next/static/chunks/f12ff_next_dist_compiled_react-dom_7b2f6d3d._.js:6112:21)
    at beginWork (http://localhost:3001/_next/static/chunks/f12ff_next_dist_compiled_react-dom_7b2f6d3d._.js:6708:24)
    at runWithFiberInDEV (http://localhost:3001/_next/static/chunks/f12ff_next_dist_compiled_react-dom_7b2f6d3d._.js:965:74)
    at performUnitOfWork (http://localhost:3001/_next/static/chunks/f12ff_next_dist_compiled_react-dom_7b2f6d3d._.js:9562:97)
    at workLoopConcurrentByScheduler (http://localhost:3001/_next/static/chunks/f12ff_next_dist_compiled_react-dom_7b2f6d3d._.js:9558:58)
    at renderRootConcurrent (http://localhost:3001/_next/static/chunks/f12ff_next_dist_compiled_react-dom_7b2f6d3d._.js:9541:71)
    at performWorkOnRoot (http://localhost:3001/_next/static/chunks/f12ff_next_dist_compiled_react-dom_7b2f6d3d._.js:9068:150)
    at performWorkOnRootViaSchedulerTask (http://localhost:3001/_next/static/chunks/f12ff_next_dist_compiled_react-dom_7b2f6d3d._.js:10230:9)
    at MessagePort.performWorkUntilDeadline (http://localhost:3001/_next/static/chunks/f12ff_next_dist_compiled_cd863794._.js:2647:64) @ http://localhost:3001/_next/static/chunks/f12ff_next_dist_95687940._.js:3132
[ 6123980ms] [ERROR] IntlError: MISSING_MESSAGE: Cannot read properties of undefined (reading 'split')
    at getFallbackFromErrorAndNotify (http://localhost:3001/_next/static/chunks/node_modules__pnpm_a92eadf3._.js:7251:23)
    at translateBaseFn (http://localhost:3001/_next/static/chunks/node_modules__pnpm_a92eadf3._.js:7281:28)
    at translateFn (http://localhost:3001/_next/static/chunks/node_modules__pnpm_a92eadf3._.js:7343:24)
    at labelFor (http://localhost:3001/_next/static/chunks/_2015e761._.js:485:30)
    at http://localhost:3001/_next/static/chunks/_2015e761._.js:142:34
    at Array.map (<anonymous>)
    at RegionChoropleth (http://localhost:3001/_next/static/chunks/_2015e761._.js:134:43)
    at Object.react_stack_bottom_frame (http://localhost:3001/_next/static/chunks/f12ff_next_dist_compiled_react-dom_7b2f6d3d._.js:14826:24)
    at renderWithHooksAgain (http://localhost:3001/_next/static/chunks/f12ff_next_dist_compiled_react-dom_7b2f6d3d._.js:4706:24)
    at renderWithHooks (http://localhost:3001/_next/static/chunks/f12ff_next_dist_compiled_react-dom_7b2f6d3d._.js:4657:28)
    at updateFunctionComponent (http://localhost:3001/_next/static/chunks/f12ff_next_dist_compiled_react-dom_7b2f6d3d._.js:6112:21)
    at beginWork (http://localhost:3001/_next/static/chunks/f12ff_next_dist_compiled_react-dom_7b2f6d3d._.js:6708:24)
    at runWithFiberInDEV (http://localhost:3001/_next/static/chunks/f12ff_next_dist_compiled_react-dom_7b2f6d3d._.js:965:74)
    at performUnitOfWork (http://localhost:3001/_next/static/chunks/f12ff_next_dist_compiled_react-dom_7b2f6d3d._.js:9562:97)
    at workLoopConcurrentByScheduler (http://localhost:3001/_next/static/chunks/f12ff_next_dist_compiled_react-dom_7b2f6d3d._.js:9558:58)
    at renderRootConcurrent (http://localhost:3001/_next/static/chunks/f12ff_next_dist_compiled_react-dom_7b2f6d3d._.js:9541:71)
    at performWorkOnRoot (http://localhost:3001/_next/static/chunks/f12ff_next_dist_compiled_react-dom_7b2f6d3d._.js:9068:150)
    at performWorkOnRootViaSchedulerTask (http://localhost:3001/_next/static/chunks/f12ff_next_dist_compiled_react-dom_7b2f6d3d._.js:10230:9)
    at MessagePort.performWorkUntilDeadline (http://localhost:3001/_next/static/chunks/f12ff_next_dist_compiled_cd863794._.js:2647:64) @ http://localhost:3001/_next/static/chunks/f12ff_next_dist_95687940._.js:3132
[ 6123980ms] [ERROR] IntlError: MISSING_MESSAGE: Cannot read properties of undefined (reading 'split')
    at getFallbackFromErrorAndNotify (http://localhost:3001/_next/static/chunks/node_modules__pnpm_a92eadf3._.js:7251:23)
    at translateBaseFn (http://localhost:3001/_next/static/chunks/node_modules__pnpm_a92eadf3._.js:7281:28)
    at translateFn (http://localhost:3001/_next/static/chunks/node_modules__pnpm_a92eadf3._.js:7343:24)
    at labelFor (http://localhost:3001/_next/static/chunks/_2015e761._.js:485:30)
    at http://localhost:3001/_next/static/chunks/_2015e761._.js:142:34
    at Array.map (<anonymous>)
    at RegionChoropleth (http://localhost:3001/_next/static/chunks/_2015e761._.js:134:43)
    at Object.react_stack_bottom_frame (http://localhost:3001/_next/static/chunks/f12ff_next_dist_compiled_react-dom_7b2f6d3d._.js:14826:24)
    at renderWithHooksAgain (http://localhost:3001/_next/static/chunks/f12ff_next_dist_compiled_react-dom_7b2f6d3d._.js:4706:24)
    at renderWithHooks (http://localhost:3001/_next/static/chunks/f12ff_next_dist_compiled_react-dom_7b2f6d3d._.js:4657:28)
    at updateFunctionComponent (http://localhost:3001/_next/static/chunks/f12ff_next_dist_compiled_react-dom_7b2f6d3d._.js:6112:21)
    at beginWork (http://localhost:3001/_next/static/chunks/f12ff_next_dist_compiled_react-dom_7b2f6d3d._.js:6708:24)
    at runWithFiberInDEV (http://localhost:3001/_next/static/chunks/f12ff_next_dist_compiled_react-dom_7b2f6d3d._.js:965:74)
    at performUnitOfWork (http://localhost:3001/_next/static/chunks/f12ff_next_dist_compiled_react-dom_7b2f6d3d._.js:9562:97)
    at workLoopConcurrentByScheduler (http://localhost:3001/_next/static/chunks/f12ff_next_dist_compiled_react-dom_7b2f6d3d._.js:9558:58)
    at renderRootConcurrent (http://localhost:3001/_next/static/chunks/f12ff_next_dist_compiled_react-dom_7b2f6d3d._.js:9541:71)
    at performWorkOnRoot (http://localhost:3001/_next/static/chunks/f12ff_next_dist_compiled_react-dom_7b2f6d3d._.js:9068:150)
    at performWorkOnRootViaSchedulerTask (http://localhost:3001/_next/static/chunks/f12ff_next_dist_compiled_react-dom_7b2f6d3d._.js:10230:9)
    at MessagePort.performWorkUntilDeadline (http://localhost:3001/_next/static/chunks/f12ff_next_dist_compiled_cd863794._.js:2647:64) @ http://localhost:3001/_next/static/chunks/f12ff_next_dist_95687940._.js:3132
[ 6123980ms] [ERROR] IntlError: MISSING_MESSAGE: Cannot read properties of undefined (reading 'split')
    at getFallbackFromErrorAndNotify (http://localhost:3001/_next/static/chunks/node_modules__pnpm_a92eadf3._.js:7251:23)
    at translateBaseFn (http://localhost:3001/_next/static/chunks/node_modules__pnpm_a92eadf3._.js:7281:28)
    at translateFn (http://localhost:3001/_next/static/chunks/node_modules__pnpm_a92eadf3._.js:7343:24)
    at labelFor (http://localhost:3001/_next/static/chunks/_2015e761._.js:485:30)
    at http://localhost:3001/_next/static/chunks/_2015e761._.js:142:34
    at Array.map (<anonymous>)
    at RegionChoropleth (http://localhost:3001/_next/static/chunks/_2015e761._.js:134:43)
    at Object.react_stack_bottom_frame (http://localhost:3001/_next/static/chunks/f12ff_next_dist_compiled_react-dom_7b2f6d3d._.js:14826:24)
    at renderWithHooksAgain (http://localhost:3001/_next/static/chunks/f12ff_next_dist_compiled_react-dom_7b2f6d3d._.js:4706:24)
    at renderWithHooks (http://localhost:3001/_next/static/chunks/f12ff_next_dist_compiled_react-dom_7b2f6d3d._.js:4657:28)
    at updateFunctionComponent (http://localhost:3001/_next/static/chunks/f12ff_next_dist_compiled_react-dom_7b2f6d3d._.js:6112:21)
    at beginWork (http://localhost:3001/_next/static/chunks/f12ff_next_dist_compiled_react-dom_7b2f6d3d._.js:6708:24)
    at runWithFiberInDEV (http://localhost:3001/_next/static/chunks/f12ff_next_dist_compiled_react-dom_7b2f6d3d._.js:965:74)
    at performUnitOfWork (http://localhost:3001/_next/static/chunks/f12ff_next_dist_compiled_react-dom_7b2f6d3d._.js:9562:97)
    at workLoopConcurrentByScheduler (http://localhost:3001/_next/static/chunks/f12ff_next_dist_compiled_react-dom_7b2f6d3d._.js:9558:58)
    at renderRootConcurrent (http://localhost:3001/_next/static/chunks/f12ff_next_dist_compiled_react-dom_7b2f6d3d._.js:9541:71)
    at performWorkOnRoot (http://localhost:3001/_next/static/chunks/f12ff_next_dist_compiled_react-dom_7b2f6d3d._.js:9068:150)
    at performWorkOnRootViaSchedulerTask (http://localhost:3001/_next/static/chunks/f12ff_next_dist_compiled_react-dom_7b2f6d3d._.js:10230:9)
    at MessagePort.performWorkUntilDeadline (http://localhost:3001/_next/static/chunks/f12ff_next_dist_compiled_cd863794._.js:2647:64) @ http://localhost:3001/_next/static/chunks/f12ff_next_dist_95687940._.js:3132
[ 6134831ms] [LOG] [Fast Refresh] rebuilding @ http://localhost:3001/_next/static/chunks/f12ff_next_dist_95687940._.js:2302
[ 6135046ms] [LOG] [Fast Refresh] done in 315ms @ http://localhost:3001/_next/static/chunks/f12ff_next_dist_95687940._.js:2302
[ 6146689ms] [LOG] [Fast Refresh] rebuilding @ http://localhost:3001/_next/static/chunks/f12ff_next_dist_95687940._.js:2302
[ 6146715ms] [LOG] [Fast Refresh] done in 128ms @ http://localhost:3001/_next/static/chunks/f12ff_next_dist_95687940._.js:2302
[ 6157337ms] [LOG] [Fast Refresh] rebuilding @ http://localhost:3001/_next/static/chunks/f12ff_next_dist_95687940._.js:2302
[ 6157395ms] [LOG] [Fast Refresh] done in 160ms @ http://localhost:3001/_next/static/chunks/f12ff_next_dist_95687940._.js:2302
[ 6157576ms] [LOG] [Fast Refresh] rebuilding @ http://localhost:3001/_next/static/chunks/f12ff_next_dist_95687940._.js:2302
[ 6158953ms] [ERROR] IntlError: MISSING_MESSAGE: Cannot read properties of undefined (reading 'split')
    at getFallbackFromErrorAndNotify (http://localhost:3001/_next/static/chunks/node_modules__pnpm_a92eadf3._.js:7251:23)
    at translateBaseFn (http://localhost:3001/_next/static/chunks/node_modules__pnpm_a92eadf3._.js:7281:28)
    at translateFn (http://localhost:3001/_next/static/chunks/node_modules__pnpm_a92eadf3._.js:7343:24)
    at labelFor (http://localhost:3001/_next/static/chunks/_2015e761._.js?id=%255Bproject%255D%252Fcomponents%252Fatlas%252Fatlas-explorer.tsx+%255Bapp-client%255D+%2528ecmascript%2529:61:30)
    at http://localhost:3001/_next/static/chunks/_2015e761._.js:142:34
    at Array.map (<anonymous>)
    at RegionChoropleth (http://localhost:3001/_next/static/chunks/_2015e761._.js:134:43)
    at Object.react_stack_bottom_frame (http://localhost:3001/_next/static/chunks/f12ff_next_dist_compiled_react-dom_7b2f6d3d._.js:14826:24)
    at renderWithHooks (http://localhost:3001/_next/static/chunks/f12ff_next_dist_compiled_react-dom_7b2f6d3d._.js:4651:24)
    at updateFunctionComponent (http://localhost:3001/_next/static/chunks/f12ff_next_dist_compiled_react-dom_7b2f6d3d._.js:6112:21)
    at beginWork (http://localhost:3001/_next/static/chunks/f12ff_next_dist_compiled_react-dom_7b2f6d3d._.js:6708:24)
    at runWithFiberInDEV (http://localhost:3001/_next/static/chunks/f12ff_next_dist_compiled_react-dom_7b2f6d3d._.js:965:74)
    at performUnitOfWork (http://localhost:3001/_next/static/chunks/f12ff_next_dist_compiled_react-dom_7b2f6d3d._.js:9562:97)
    at workLoopSync (http://localhost:3001/_next/static/chunks/f12ff_next_dist_compiled_react-dom_7b2f6d3d._.js:9456:40)
    at renderRootSync (http://localhost:3001/_next/static/chunks/f12ff_next_dist_compiled_react-dom_7b2f6d3d._.js:9440:13)
    at performWorkOnRoot (http://localhost:3001/_next/static/chunks/f12ff_next_dist_compiled_react-dom_7b2f6d3d._.js:9068:186)
    at performSyncWorkOnRoot (http://localhost:3001/_next/static/chunks/f12ff_next_dist_compiled_react-dom_7b2f6d3d._.js:10238:9)
    at flushSyncWorkAcrossRoots_impl (http://localhost:3001/_next/static/chunks/f12ff_next_dist_compiled_react-dom_7b2f6d3d._.js:10154:316)
    at flushSyncWork$1 (http://localhost:3001/_next/static/chunks/f12ff_next_dist_compiled_react-dom_7b2f6d3d._.js:9237:86)
    at Object.scheduleRefresh (http://localhost:3001/_next/static/chunks/f12ff_next_dist_compiled_react-dom_7b2f6d3d._.js:299:13)
    at http://localhost:3001/_next/static/chunks/f12ff_next_dist_compiled_cd863794._.js:391:33
    at Set.forEach (<anonymous>)
    at Object.performReactRefresh (http://localhost:3001/_next/static/chunks/f12ff_next_dist_compiled_cd863794._.js:384:38)
    at applyUpdate (http://localhost:3001/_next/static/chunks/f12ff_next_dist_compiled_cd863794._.js:878:31)
    at http://localhost:3001/_next/static/chunks/f12ff_next_dist_compiled_cd863794._.js:886:13 @ http://localhost:3001/_next/static/chunks/f12ff_next_dist_95687940._.js:3132
[ 6158979ms] [ERROR] IntlError: MISSING_MESSAGE: Cannot read properties of undefined (reading 'split')
    at getFallbackFromErrorAndNotify (http://localhost:3001/_next/static/chunks/node_modules__pnpm_a92eadf3._.js:7251:23)
    at translateBaseFn (http://localhost:3001/_next/static/chunks/node_modules__pnpm_a92eadf3._.js:7281:28)
    at translateFn (http://localhost:3001/_next/static/chunks/node_modules__pnpm_a92eadf3._.js:7343:24)
    at labelFor (http://localhost:3001/_next/static/chunks/_2015e761._.js?id=%255Bproject%255D%252Fcomponents%252Fatlas%252Fatlas-explorer.tsx+%255Bapp-client%255D+%2528ecmascript%2529:61:30)
    at http://localhost:3001/_next/static/chunks/_2015e761._.js:142:34
    at Array.map (<anonymous>)
    at RegionChoropleth (http://localhost:3001/_next/static/chunks/_2015e761._.js:134:43)
    at Object.react_stack_bottom_frame (http://localhost:3001/_next/static/chunks/f12ff_next_dist_compiled_react-dom_7b2f6d3d._.js:14826:24)
    at renderWithHooks (http://localhost:3001/_next/static/chunks/f12ff_next_dist_compiled_react-dom_7b2f6d3d._.js:4651:24)
    at updateFunctionComponent (http://localhost:3001/_next/static/chunks/f12ff_next_dist_compiled_react-dom_7b2f6d3d._.js:6112:21)
    at beginWork (http://localhost:3001/_next/static/chunks/f12ff_next_dist_compiled_react-dom_7b2f6d3d._.js:6708:24)
    at runWithFiberInDEV (http://localhost:3001/_next/static/chunks/f12ff_next_dist_compiled_react-dom_7b2f6d3d._.js:965:74)
    at performUnitOfWork (http://localhost:3001/_next/static/chunks/f12ff_next_dist_compiled_react-dom_7b2f6d3d._.js:9562:97)
    at workLoopSync (http://localhost:3001/_next/static/chunks/f12ff_next_dist_compiled_react-dom_7b2f6d3d._.js:9456:40)
    at renderRootSync (http://localhost:3001/_next/static/chunks/f12ff_next_dist_compiled_react-dom_7b2f6d3d._.js:9440:13)
    at performWorkOnRoot (http://localhost:3001/_next/static/chunks/f12ff_next_dist_compiled_react-dom_7b2f6d3d._.js:9068:186)
    at performSyncWorkOnRoot (http://localhost:3001/_next/static/chunks/f12ff_next_dist_compiled_react-dom_7b2f6d3d._.js:10238:9)
    at flushSyncWorkAcrossRoots_impl (http://localhost:3001/_next/static/chunks/f12ff_next_dist_compiled_react-dom_7b2f6d3d._.js:10154:316)
    at flushSyncWork$1 (http://localhost:3001/_next/static/chunks/f12ff_next_dist_compiled_react-dom_7b2f6d3d._.js:9237:86)
    at Object.scheduleRefresh (http://localhost:3001/_next/static/chunks/f12ff_next_dist_compiled_react-dom_7b2f6d3d._.js:299:13)
    at http://localhost:3001/_next/static/chunks/f12ff_next_dist_compiled_cd863794._.js:391:33
    at Set.forEach (<anonymous>)
    at Object.performReactRefresh (http://localhost:3001/_next/static/chunks/f12ff_next_dist_compiled_cd863794._.js:384:38)
    at applyUpdate (http://localhost:3001/_next/static/chunks/f12ff_next_dist_compiled_cd863794._.js:878:31)
    at http://localhost:3001/_next/static/chunks/f12ff_next_dist_compiled_cd863794._.js:886:13 @ http://localhost:3001/_next/static/chunks/f12ff_next_dist_95687940._.js:3132
[ 6158979ms] [ERROR] IntlError: MISSING_MESSAGE: Cannot read properties of undefined (reading 'split')
    at getFallbackFromErrorAndNotify (http://localhost:3001/_next/static/chunks/node_modules__pnpm_a92eadf3._.js:7251:23)
    at translateBaseFn (http://localhost:3001/_next/static/chunks/node_modules__pnpm_a92eadf3._.js:7281:28)
    at translateFn (http://localhost:3001/_next/static/chunks/node_modules__pnpm_a92eadf3._.js:7343:24)
    at labelFor (http://localhost:3001/_next/static/chunks/_2015e761._.js?id=%255Bproject%255D%252Fcomponents%252Fatlas%252Fatlas-explorer.tsx+%255Bapp-client%255D+%2528ecmascript%2529:61:30)
    at http://localhost:3001/_next/static/chunks/_2015e761._.js:142:34
    at Array.map (<anonymous>)
    at RegionChoropleth (http://localhost:3001/_next/static/chunks/_2015e761._.js:134:43)
    at Object.react_stack_bottom_frame (http://localhost:3001/_next/static/chunks/f12ff_next_dist_compiled_react-dom_7b2f6d3d._.js:14826:24)
    at renderWithHooks (http://localhost:3001/_next/static/chunks/f12ff_next_dist_compiled_react-dom_7b2f6d3d._.js:4651:24)
    at updateFunctionComponent (http://localhost:3001/_next/static/chunks/f12ff_next_dist_compiled_react-dom_7b2f6d3d._.js:6112:21)
    at beginWork (http://localhost:3001/_next/static/chunks/f12ff_next_dist_compiled_react-dom_7b2f6d3d._.js:6708:24)
    at runWithFiberInDEV (http://localhost:3001/_next/static/chunks/f12ff_next_dist_compiled_react-dom_7b2f6d3d._.js:965:74)
    at performUnitOfWork (http://localhost:3001/_next/static/chunks/f12ff_next_dist_compiled_react-dom_7b2f6d3d._.js:9562:97)
    at workLoopSync (http://localhost:3001/_next/static/chunks/f12ff_next_dist_compiled_react-dom_7b2f6d3d._.js:9456:40)
    at renderRootSync (http://localhost:3001/_next/static/chunks/f12ff_next_dist_compiled_react-dom_7b2f6d3d._.js:9440:13)
    at performWorkOnRoot (http://localhost:3001/_next/static/chunks/f12ff_next_dist_compiled_react-dom_7b2f6d3d._.js:9068:186)
    at performSyncWorkOnRoot (http://localhost:3001/_next/static/chunks/f12ff_next_dist_compiled_react-dom_7b2f6d3d._.js:10238:9)
    at flushSyncWorkAcrossRoots_impl (http://localhost:3001/_next/static/chunks/f12ff_next_dist_compiled_react-dom_7b2f6d3d._.js:10154:316)
    at flushSyncWork$1 (http://localhost:3001/_next/static/chunks/f12ff_next_dist_compiled_react-dom_7b2f6d3d._.js:9237:86)
    at Object.scheduleRefresh (http://localhost:3001/_next/static/chunks/f12ff_next_dist_compiled_react-dom_7b2f6d3d._.js:299:13)
    at http://localhost:3001/_next/static/chunks/f12ff_next_dist_compiled_cd863794._.js:391:33
    at Set.forEach (<anonymous>)
    at Object.performReactRefresh (http://localhost:3001/_next/static/chunks/f12ff_next_dist_compiled_cd863794._.js:384:38)
    at applyUpdate (http://localhost:3001/_next/static/chunks/f12ff_next_dist_compiled_cd863794._.js:878:31)
    at http://localhost:3001/_next/static/chunks/f12ff_next_dist_compiled_cd863794._.js:886:13 @ http://localhost:3001/_next/static/chunks/f12ff_next_dist_95687940._.js:3132
[ 6158980ms] [ERROR] IntlError: MISSING_MESSAGE: Cannot read properties of undefined (reading 'split')
    at getFallbackFromErrorAndNotify (http://localhost:3001/_next/static/chunks/node_modules__pnpm_a92eadf3._.js:7251:23)
    at translateBaseFn (http://localhost:3001/_next/static/chunks/node_modules__pnpm_a92eadf3._.js:7281:28)
    at translateFn (http://localhost:3001/_next/static/chunks/node_modules__pnpm_a92eadf3._.js:7343:24)
    at labelFor (http://localhost:3001/_next/static/chunks/_2015e761._.js?id=%255Bproject%255D%252Fcomponents%252Fatlas%252Fatlas-explorer.tsx+%255Bapp-client%255D+%2528ecmascript%2529:61:30)
    at http://localhost:3001/_next/static/chunks/_2015e761._.js:142:34
    at Array.map (<anonymous>)
    at RegionChoropleth (http://localhost:3001/_next/static/chunks/_2015e761._.js:134:43)
    at Object.react_stack_bottom_frame (http://localhost:3001/_next/static/chunks/f12ff_next_dist_compiled_react-dom_7b2f6d3d._.js:14826:24)
    at renderWithHooks (http://localhost:3001/_next/static/chunks/f12ff_next_dist_compiled_react-dom_7b2f6d3d._.js:4651:24)
    at updateFunctionComponent (http://localhost:3001/_next/static/chunks/f12ff_next_dist_compiled_react-dom_7b2f6d3d._.js:6112:21)
    at beginWork (http://localhost:3001/_next/static/chunks/f12ff_next_dist_compiled_react-dom_7b2f6d3d._.js:6708:24)
    at runWithFiberInDEV (http://localhost:3001/_next/static/chunks/f12ff_next_dist_compiled_react-dom_7b2f6d3d._.js:965:74)
    at performUnitOfWork (http://localhost:3001/_next/static/chunks/f12ff_next_dist_compiled_react-dom_7b2f6d3d._.js:9562:97)
    at workLoopSync (http://localhost:3001/_next/static/chunks/f12ff_next_dist_compiled_react-dom_7b2f6d3d._.js:9456:40)
    at renderRootSync (http://localhost:3001/_next/static/chunks/f12ff_next_dist_compiled_react-dom_7b2f6d3d._.js:9440:13)
    at performWorkOnRoot (http://localhost:3001/_next/static/chunks/f12ff_next_dist_compiled_react-dom_7b2f6d3d._.js:9068:186)
    at performSyncWorkOnRoot (http://localhost:3001/_next/static/chunks/f12ff_next_dist_compiled_react-dom_7b2f6d3d._.js:10238:9)
    at flushSyncWorkAcrossRoots_impl (http://localhost:3001/_next/static/chunks/f12ff_next_dist_compiled_react-dom_7b2f6d3d._.js:10154:316)
    at flushSyncWork$1 (http://localhost:3001/_next/static/chunks/f12ff_next_dist_compiled_react-dom_7b2f6d3d._.js:9237:86)
    at Object.scheduleRefresh (http://localhost:3001/_next/static/chunks/f12ff_next_dist_compiled_react-dom_7b2f6d3d._.js:299:13)
    at http://localhost:3001/_next/static/chunks/f12ff_next_dist_compiled_cd863794._.js:391:33
    at Set.forEach (<anonymous>)
    at Object.performReactRefresh (http://localhost:3001/_next/static/chunks/f12ff_next_dist_compiled_cd863794._.js:384:38)
    at applyUpdate (http://localhost:3001/_next/static/chunks/f12ff_next_dist_compiled_cd863794._.js:878:31)
    at http://localhost:3001/_next/static/chunks/f12ff_next_dist_compiled_cd863794._.js:886:13 @ http://localhost:3001/_next/static/chunks/f12ff_next_dist_95687940._.js:3132
[ 6158980ms] [ERROR] IntlError: MISSING_MESSAGE: Cannot read properties of undefined (reading 'split')
    at getFallbackFromErrorAndNotify (http://localhost:3001/_next/static/chunks/node_modules__pnpm_a92eadf3._.js:7251:23)
    at translateBaseFn (http://localhost:3001/_next/static/chunks/node_modules__pnpm_a92eadf3._.js:7281:28)
    at translateFn (http://localhost:3001/_next/static/chunks/node_modules__pnpm_a92eadf3._.js:7343:24)
    at labelFor (http://localhost:3001/_next/static/chunks/_2015e761._.js?id=%255Bproject%255D%252Fcomponents%252Fatlas%252Fatlas-explorer.tsx+%255Bapp-client%255D+%2528ecmascript%2529:61:30)
    at http://localhost:3001/_next/static/chunks/_2015e761._.js:142:34
    at Array.map (<anonymous>)
    at RegionChoropleth (http://localhost:3001/_next/static/chunks/_2015e761._.js:134:43)
    at Object.react_stack_bottom_frame (http://localhost:3001/_next/static/chunks/f12ff_next_dist_compiled_react-dom_7b2f6d3d._.js:14826:24)
    at renderWithHooks (http://localhost:3001/_next/static/chunks/f12ff_next_dist_compiled_react-dom_7b2f6d3d._.js:4651:24)
    at updateFunctionComponent (http://localhost:3001/_next/static/chunks/f12ff_next_dist_compiled_react-dom_7b2f6d3d._.js:6112:21)
    at beginWork (http://localhost:3001/_next/static/chunks/f12ff_next_dist_compiled_react-dom_7b2f6d3d._.js:6708:24)
    at runWithFiberInDEV (http://localhost:3001/_next/static/chunks/f12ff_next_dist_compiled_react-dom_7b2f6d3d._.js:965:74)
    at performUnitOfWork (http://localhost:3001/_next/static/chunks/f12ff_next_dist_compiled_react-dom_7b2f6d3d._.js:9562:97)
    at workLoopSync (http://localhost:3001/_next/static/chunks/f12ff_next_dist_compiled_react-dom_7b2f6d3d._.js:9456:40)
    at renderRootSync (http://localhost:3001/_next/static/chunks/f12ff_next_dist_compiled_react-dom_7b2f6d3d._.js:9440:13)
    at performWorkOnRoot (http://localhost:3001/_next/static/chunks/f12ff_next_dist_compiled_react-dom_7b2f6d3d._.js:9068:186)
    at performSyncWorkOnRoot (http://localhost:3001/_next/static/chunks/f12ff_next_dist_compiled_react-dom_7b2f6d3d._.js:10238:9)
    at flushSyncWorkAcrossRoots_impl (http://localhost:3001/_next/static/chunks/f12ff_next_dist_compiled_react-dom_7b2f6d3d._.js:10154:316)
    at flushSyncWork$1 (http://localhost:3001/_next/static/chunks/f12ff_next_dist_compiled_react-dom_7b2f6d3d._.js:9237:86)
    at Object.scheduleRefresh (http://localhost:3001/_next/static/chunks/f12ff_next_dist_compiled_react-dom_7b2f6d3d._.js:299:13)
    at http://localhost:3001/_next/static/chunks/f12ff_next_dist_compiled_cd863794._.js:391:33
    at Set.forEach (<anonymous>)
    at Object.performReactRefresh (http://localhost:3001/_next/static/chunks/f12ff_next_dist_compiled_cd863794._.js:384:38)
    at applyUpdate (http://localhost:3001/_next/static/chunks/f12ff_next_dist_compiled_cd863794._.js:878:31)
    at http://localhost:3001/_next/static/chunks/f12ff_next_dist_compiled_cd863794._.js:886:13 @ http://localhost:3001/_next/static/chunks/f12ff_next_dist_95687940._.js:3132
[ 6158980ms] [ERROR] IntlError: MISSING_MESSAGE: Cannot read properties of undefined (reading 'split')
    at getFallbackFromErrorAndNotify (http://localhost:3001/_next/static/chunks/node_modules__pnpm_a92eadf3._.js:7251:23)
    at translateBaseFn (http://localhost:3001/_next/static/chunks/node_modules__pnpm_a92eadf3._.js:7281:28)
    at translateFn (http://localhost:3001/_next/static/chunks/node_modules__pnpm_a92eadf3._.js:7343:24)
    at labelFor (http://localhost:3001/_next/static/chunks/_2015e761._.js?id=%255Bproject%255D%252Fcomponents%252Fatlas%252Fatlas-explorer.tsx+%255Bapp-client%255D+%2528ecmascript%2529:61:30)
    at http://localhost:3001/_next/static/chunks/_2015e761._.js:142:34
    at Array.map (<anonymous>)
    at RegionChoropleth (http://localhost:3001/_next/static/chunks/_2015e761._.js:134:43)
    at Object.react_stack_bottom_frame (http://localhost:3001/_next/static/chunks/f12ff_next_dist_compiled_react-dom_7b2f6d3d._.js:14826:24)
    at renderWithHooks (http://localhost:3001/_next/static/chunks/f12ff_next_dist_compiled_react-dom_7b2f6d3d._.js:4651:24)
    at updateFunctionComponent (http://localhost:3001/_next/static/chunks/f12ff_next_dist_compiled_react-dom_7b2f6d3d._.js:6112:21)
    at beginWork (http://localhost:3001/_next/static/chunks/f12ff_next_dist_compiled_react-dom_7b2f6d3d._.js:6708:24)
    at runWithFiberInDEV (http://localhost:3001/_next/static/chunks/f12ff_next_dist_compiled_react-dom_7b2f6d3d._.js:965:74)
    at performUnitOfWork (http://localhost:3001/_next/static/chunks/f12ff_next_dist_compiled_react-dom_7b2f6d3d._.js:9562:97)
    at workLoopSync (http://localhost:3001/_next/static/chunks/f12ff_next_dist_compiled_react-dom_7b2f6d3d._.js:9456:40)
    at renderRootSync (http://localhost:3001/_next/static/chunks/f12ff_next_dist_compiled_react-dom_7b2f6d3d._.js:9440:13)
    at performWorkOnRoot (http://localhost:3001/_next/static/chunks/f12ff_next_dist_compiled_react-dom_7b2f6d3d._.js:9068:186)
    at performSyncWorkOnRoot (http://localhost:3001/_next/static/chunks/f12ff_next_dist_compiled_react-dom_7b2f6d3d._.js:10238:9)
    at flushSyncWorkAcrossRoots_impl (http://localhost:3001/_next/static/chunks/f12ff_next_dist_compiled_react-dom_7b2f6d3d._.js:10154:316)
    at flushSyncWork$1 (http://localhost:3001/_next/static/chunks/f12ff_next_dist_compiled_react-dom_7b2f6d3d._.js:9237:86)
    at Object.scheduleRefresh (http://localhost:3001/_next/static/chunks/f12ff_next_dist_compiled_react-dom_7b2f6d3d._.js:299:13)
    at http://localhost:3001/_next/static/chunks/f12ff_next_dist_compiled_cd863794._.js:391:33
    at Set.forEach (<anonymous>)
    at Object.performReactRefresh (http://localhost:3001/_next/static/chunks/f12ff_next_dist_compiled_cd863794._.js:384:38)
    at applyUpdate (http://localhost:3001/_next/static/chunks/f12ff_next_dist_compiled_cd863794._.js:878:31)
    at http://localhost:3001/_next/static/chunks/f12ff_next_dist_compiled_cd863794._.js:886:13 @ http://localhost:3001/_next/static/chunks/f12ff_next_dist_95687940._.js:3132
[ 6158980ms] [ERROR] IntlError: MISSING_MESSAGE: Cannot read properties of undefined (reading 'split')
    at getFallbackFromErrorAndNotify (http://localhost:3001/_next/static/chunks/node_modules__pnpm_a92eadf3._.js:7251:23)
    at translateBaseFn (http://localhost:3001/_next/static/chunks/node_modules__pnpm_a92eadf3._.js:7281:28)
    at translateFn (http://localhost:3001/_next/static/chunks/node_modules__pnpm_a92eadf3._.js:7343:24)
    at labelFor (http://localhost:3001/_next/static/chunks/_2015e761._.js?id=%255Bproject%255D%252Fcomponents%252Fatlas%252Fatlas-explorer.tsx+%255Bapp-client%255D+%2528ecmascript%2529:61:30)
    at http://localhost:3001/_next/static/chunks/_2015e761._.js:142:34
    at Array.map (<anonymous>)
    at RegionChoropleth (http://localhost:3001/_next/static/chunks/_2015e761._.js:134:43)
    at Object.react_stack_bottom_frame (http://localhost:3001/_next/static/chunks/f12ff_next_dist_compiled_react-dom_7b2f6d3d._.js:14826:24)
    at renderWithHooks (http://localhost:3001/_next/static/chunks/f12ff_next_dist_compiled_react-dom_7b2f6d3d._.js:4651:24)
    at updateFunctionComponent (http://localhost:3001/_next/static/chunks/f12ff_next_dist_compiled_react-dom_7b2f6d3d._.js:6112:21)
    at beginWork (http://localhost:3001/_next/static/chunks/f12ff_next_dist_compiled_react-dom_7b2f6d3d._.js:6708:24)
    at runWithFiberInDEV (http://localhost:3001/_next/static/chunks/f12ff_next_dist_compiled_react-dom_7b2f6d3d._.js:965:74)
    at performUnitOfWork (http://localhost:3001/_next/static/chunks/f12ff_next_dist_compiled_react-dom_7b2f6d3d._.js:9562:97)
    at workLoopSync (http://localhost:3001/_next/static/chunks/f12ff_next_dist_compiled_react-dom_7b2f6d3d._.js:9456:40)
    at renderRootSync (http://localhost:3001/_next/static/chunks/f12ff_next_dist_compiled_react-dom_7b2f6d3d._.js:9440:13)
    at performWorkOnRoot (http://localhost:3001/_next/static/chunks/f12ff_next_dist_compiled_react-dom_7b2f6d3d._.js:9068:186)
    at performSyncWorkOnRoot (http://localhost:3001/_next/static/chunks/f12ff_next_dist_compiled_react-dom_7b2f6d3d._.js:10238:9)
    at flushSyncWorkAcrossRoots_impl (http://localhost:3001/_next/static/chunks/f12ff_next_dist_compiled_react-dom_7b2f6d3d._.js:10154:316)
    at flushSyncWork$1 (http://localhost:3001/_next/static/chunks/f12ff_next_dist_compiled_react-dom_7b2f6d3d._.js:9237:86)
    at Object.scheduleRefresh (http://localhost:3001/_next/static/chunks/f12ff_next_dist_compiled_react-dom_7b2f6d3d._.js:299:13)
    at http://localhost:3001/_next/static/chunks/f12ff_next_dist_compiled_cd863794._.js:391:33
    at Set.forEach (<anonymous>)
    at Object.performReactRefresh (http://localhost:3001/_next/static/chunks/f12ff_next_dist_compiled_cd863794._.js:384:38)
    at applyUpdate (http://localhost:3001/_next/static/chunks/f12ff_next_dist_compiled_cd863794._.js:878:31)
    at http://localhost:3001/_next/static/chunks/f12ff_next_dist_compiled_cd863794._.js:886:13 @ http://localhost:3001/_next/static/chunks/f12ff_next_dist_95687940._.js:3132
[ 6158980ms] [ERROR] IntlError: MISSING_MESSAGE: Cannot read properties of undefined (reading 'split')
    at getFallbackFromErrorAndNotify (http://localhost:3001/_next/static/chunks/node_modules__pnpm_a92eadf3._.js:7251:23)
    at translateBaseFn (http://localhost:3001/_next/static/chunks/node_modules__pnpm_a92eadf3._.js:7281:28)
    at translateFn (http://localhost:3001/_next/static/chunks/node_modules__pnpm_a92eadf3._.js:7343:24)
    at labelFor (http://localhost:3001/_next/static/chunks/_2015e761._.js?id=%255Bproject%255D%252Fcomponents%252Fatlas%252Fatlas-explorer.tsx+%255Bapp-client%255D+%2528ecmascript%2529:61:30)
    at http://localhost:3001/_next/static/chunks/_2015e761._.js:142:34
    at Array.map (<anonymous>)
    at RegionChoropleth (http://localhost:3001/_next/static/chunks/_2015e761._.js:134:43)
    at Object.react_stack_bottom_frame (http://localhost:3001/_next/static/chunks/f12ff_next_dist_compiled_react-dom_7b2f6d3d._.js:14826:24)
    at renderWithHooksAgain (http://localhost:3001/_next/static/chunks/f12ff_next_dist_compiled_react-dom_7b2f6d3d._.js:4706:24)
    at renderWithHooks (http://localhost:3001/_next/static/chunks/f12ff_next_dist_compiled_react-dom_7b2f6d3d._.js:4657:28)
    at updateFunctionComponent (http://localhost:3001/_next/static/chunks/f12ff_next_dist_compiled_react-dom_7b2f6d3d._.js:6112:21)
    at beginWork (http://localhost:3001/_next/static/chunks/f12ff_next_dist_compiled_react-dom_7b2f6d3d._.js:6708:24)
    at runWithFiberInDEV (http://localhost:3001/_next/static/chunks/f12ff_next_dist_compiled_react-dom_7b2f6d3d._.js:965:74)
    at performUnitOfWork (http://localhost:3001/_next/static/chunks/f12ff_next_dist_compiled_react-dom_7b2f6d3d._.js:9562:97)
    at workLoopSync (http://localhost:3001/_next/static/chunks/f12ff_next_dist_compiled_react-dom_7b2f6d3d._.js:9456:40)
    at renderRootSync (http://localhost:3001/_next/static/chunks/f12ff_next_dist_compiled_react-dom_7b2f6d3d._.js:9440:13)
    at performWorkOnRoot (http://localhost:3001/_next/static/chunks/f12ff_next_dist_compiled_react-dom_7b2f6d3d._.js:9068:186)
    at performSyncWorkOnRoot (http://localhost:3001/_next/static/chunks/f12ff_next_dist_compiled_react-dom_7b2f6d3d._.js:10238:9)
    at flushSyncWorkAcrossRoots_impl (http://localhost:3001/_next/static/chunks/f12ff_next_dist_compiled_react-dom_7b2f6d3d._.js:10154:316)
    at flushSyncWork$1 (http://localhost:3001/_next/static/chunks/f12ff_next_dist_compiled_react-dom_7b2f6d3d._.js:9237:86)
    at Object.scheduleRefresh (http://localhost:3001/_next/static/chunks/f12ff_next_dist_compiled_react-dom_7b2f6d3d._.js:299:13)
    at http://localhost:3001/_next/static/chunks/f12ff_next_dist_compiled_cd863794._.js:391:33
    at Set.forEach (<anonymous>)
    at Object.performReactRefresh (http://localhost:3001/_next/static/chunks/f12ff_next_dist_compiled_cd863794._.js:384:38)
    at applyUpdate (http://localhost:3001/_next/static/chunks/f12ff_next_dist_compiled_cd863794._.js:878:31)
    at http://localhost:3001/_next/static/chunks/f12ff_next_dist_compiled_cd863794._.js:886:13 @ http://localhost:3001/_next/static/chunks/f12ff_next_dist_95687940._.js:3132
[ 6158980ms] [ERROR] IntlError: MISSING_MESSAGE: Cannot read properties of undefined (reading 'split')
    at getFallbackFromErrorAndNotify (http://localhost:3001/_next/static/chunks/node_modules__pnpm_a92eadf3._.js:7251:23)
    at translateBaseFn (http://localhost:3001/_next/static/chunks/node_modules__pnpm_a92eadf3._.js:7281:28)
    at translateFn (http://localhost:3001/_next/static/chunks/node_modules__pnpm_a92eadf3._.js:7343:24)
    at labelFor (http://localhost:3001/_next/static/chunks/_2015e761._.js?id=%255Bproject%255D%252Fcomponents%252Fatlas%252Fatlas-explorer.tsx+%255Bapp-client%255D+%2528ecmascript%2529:61:30)
    at http://localhost:3001/_next/static/chunks/_2015e761._.js:142:34
    at Array.map (<anonymous>)
    at RegionChoropleth (http://localhost:3001/_next/static/chunks/_2015e761._.js:134:43)
    at Object.react_stack_bottom_frame (http://localhost:3001/_next/static/chunks/f12ff_next_dist_compiled_react-dom_7b2f6d3d._.js:14826:24)
    at renderWithHooksAgain (http://localhost:3001/_next/static/chunks/f12ff_next_dist_compiled_react-dom_7b2f6d3d._.js:4706:24)
    at renderWithHooks (http://localhost:3001/_next/static/chunks/f12ff_next_dist_compiled_react-dom_7b2f6d3d._.js:4657:28)
    at updateFunctionComponent (http://localhost:3001/_next/static/chunks/f12ff_next_dist_compiled_react-dom_7b2f6d3d._.js:6112:21)
    at beginWork (http://localhost:3001/_next/static/chunks/f12ff_next_dist_compiled_react-dom_7b2f6d3d._.js:6708:24)
    at runWithFiberInDEV (http://localhost:3001/_next/static/chunks/f12ff_next_dist_compiled_react-dom_7b2f6d3d._.js:965:74)
    at performUnitOfWork (http://localhost:3001/_next/static/chunks/f12ff_next_dist_compiled_react-dom_7b2f6d3d._.js:9562:97)
    at workLoopSync (http://localhost:3001/_next/static/chunks/f12ff_next_dist_compiled_react-dom_7b2f6d3d._.js:9456:40)
    at renderRootSync (http://localhost:3001/_next/static/chunks/f12ff_next_dist_compiled_react-dom_7b2f6d3d._.js:9440:13)
    at performWorkOnRoot (http://localhost:3001/_next/static/chunks/f12ff_next_dist_compiled_react-dom_7b2f6d3d._.js:9068:186)
    at performSyncWorkOnRoot (http://localhost:3001/_next/static/chunks/f12ff_next_dist_compiled_react-dom_7b2f6d3d._.js:10238:9)
    at flushSyncWorkAcrossRoots_impl (http://localhost:3001/_next/static/chunks/f12ff_next_dist_compiled_react-dom_7b2f6d3d._.js:10154:316)
    at flushSyncWork$1 (http://localhost:3001/_next/static/chunks/f12ff_next_dist_compiled_react-dom_7b2f6d3d._.js:9237:86)
    at Object.scheduleRefresh (http://localhost:3001/_next/static/chunks/f12ff_next_dist_compiled_react-dom_7b2f6d3d._.js:299:13)
    at http://localhost:3001/_next/static/chunks/f12ff_next_dist_compiled_cd863794._.js:391:33
    at Set.forEach (<anonymous>)
    at Object.performReactRefresh (http://localhost:3001/_next/static/chunks/f12ff_next_dist_compiled_cd863794._.js:384:38)
    at applyUpdate (http://localhost:3001/_next/static/chunks/f12ff_next_dist_compiled_cd863794._.js:878:31)
    at http://localhost:3001/_next/static/chunks/f12ff_next_dist_compiled_cd863794._.js:886:13 @ http://localhost:3001/_next/static/chunks/f12ff_next_dist_95687940._.js:3132
[ 6158981ms] [ERROR] IntlError: MISSING_MESSAGE: Cannot read properties of undefined (reading 'split')
    at getFallbackFromErrorAndNotify (http://localhost:3001/_next/static/chunks/node_modules__pnpm_a92eadf3._.js:7251:23)
    at translateBaseFn (http://localhost:3001/_next/static/chunks/node_modules__pnpm_a92eadf3._.js:7281:28)
    at translateFn (http://localhost:3001/_next/static/chunks/node_modules__pnpm_a92eadf3._.js:7343:24)
    at labelFor (http://localhost:3001/_next/static/chunks/_2015e761._.js?id=%255Bproject%255D%252Fcomponents%252Fatlas%252Fatlas-explorer.tsx+%255Bapp-client%255D+%2528ecmascript%2529:61:30)
    at http://localhost:3001/_next/static/chunks/_2015e761._.js:142:34
    at Array.map (<anonymous>)
    at RegionChoropleth (http://localhost:3001/_next/static/chunks/_2015e761._.js:134:43)
    at Object.react_stack_bottom_frame (http://localhost:3001/_next/static/chunks/f12ff_next_dist_compiled_react-dom_7b2f6d3d._.js:14826:24)
    at renderWithHooksAgain (http://localhost:3001/_next/static/chunks/f12ff_next_dist_compiled_react-dom_7b2f6d3d._.js:4706:24)
    at renderWithHooks (http://localhost:3001/_next/static/chunks/f12ff_next_dist_compiled_react-dom_7b2f6d3d._.js:4657:28)
    at updateFunctionComponent (http://localhost:3001/_next/static/chunks/f12ff_next_dist_compiled_react-dom_7b2f6d3d._.js:6112:21)
    at beginWork (http://localhost:3001/_next/static/chunks/f12ff_next_dist_compiled_react-dom_7b2f6d3d._.js:6708:24)
    at runWithFiberInDEV (http://localhost:3001/_next/static/chunks/f12ff_next_dist_compiled_react-dom_7b2f6d3d._.js:965:74)
    at performUnitOfWork (http://localhost:3001/_next/static/chunks/f12ff_next_dist_compiled_react-dom_7b2f6d3d._.js:9562:97)
    at workLoopSync (http://localhost:3001/_next/static/chunks/f12ff_next_dist_compiled_react-dom_7b2f6d3d._.js:9456:40)
    at renderRootSync (http://localhost:3001/_next/static/chunks/f12ff_next_dist_compiled_react-dom_7b2f6d3d._.js:9440:13)
    at performWorkOnRoot (http://localhost:3001/_next/static/chunks/f12ff_next_dist_compiled_react-dom_7b2f6d3d._.js:9068:186)
    at performSyncWorkOnRoot (http://localhost:3001/_next/static/chunks/f12ff_next_dist_compiled_react-dom_7b2f6d3d._.js:10238:9)
    at flushSyncWorkAcrossRoots_impl (http://localhost:3001/_next/static/chunks/f12ff_next_dist_compiled_react-dom_7b2f6d3d._.js:10154:316)
    at flushSyncWork$1 (http://localhost:3001/_next/static/chunks/f12ff_next_dist_compiled_react-dom_7b2f6d3d._.js:9237:86)
    at Object.scheduleRefresh (http://localhost:3001/_next/static/chunks/f12ff_next_dist_compiled_react-dom_7b2f6d3d._.js:299:13)
    at http://localhost:3001/_next/static/chunks/f12ff_next_dist_compiled_cd863794._.js:391:33
    at Set.forEach (<anonymous>)
    at Object.performReactRefresh (http://localhost:3001/_next/static/chunks/f12ff_next_dist_compiled_cd863794._.js:384:38)
    at applyUpdate (http://localhost:3001/_next/static/chunks/f12ff_next_dist_compiled_cd863794._.js:878:31)
    at http://localhost:3001/_next/static/chunks/f12ff_next_dist_compiled_cd863794._.js:886:13 @ http://localhost:3001/_next/static/chunks/f12ff_next_dist_95687940._.js:3132
[ 6158981ms] [ERROR] IntlError: MISSING_MESSAGE: Cannot read properties of undefined (reading 'split')
    at getFallbackFromErrorAndNotify (http://localhost:3001/_next/static/chunks/node_modules__pnpm_a92eadf3._.js:7251:23)
    at translateBaseFn (http://localhost:3001/_next/static/chunks/node_modules__pnpm_a92eadf3._.js:7281:28)
    at translateFn (http://localhost:3001/_next/static/chunks/node_modules__pnpm_a92eadf3._.js:7343:24)
    at labelFor (http://localhost:3001/_next/static/chunks/_2015e761._.js?id=%255Bproject%255D%252Fcomponents%252Fatlas%252Fatlas-explorer.tsx+%255Bapp-client%255D+%2528ecmascript%2529:61:30)
    at http://localhost:3001/_next/static/chunks/_2015e761._.js:142:34
    at Array.map (<anonymous>)
    at RegionChoropleth (http://localhost:3001/_next/static/chunks/_2015e761._.js:134:43)
    at Object.react_stack_bottom_frame (http://localhost:3001/_next/static/chunks/f12ff_next_dist_compiled_react-dom_7b2f6d3d._.js:14826:24)
    at renderWithHooksAgain (http://localhost:3001/_next/static/chunks/f12ff_next_dist_compiled_react-dom_7b2f6d3d._.js:4706:24)
    at renderWithHooks (http://localhost:3001/_next/static/chunks/f12ff_next_dist_compiled_react-dom_7b2f6d3d._.js:4657:28)
    at updateFunctionComponent (http://localhost:3001/_next/static/chunks/f12ff_next_dist_compiled_react-dom_7b2f6d3d._.js:6112:21)
    at beginWork (http://localhost:3001/_next/static/chunks/f12ff_next_dist_compiled_react-dom_7b2f6d3d._.js:6708:24)
    at runWithFiberInDEV (http://localhost:3001/_next/static/chunks/f12ff_next_dist_compiled_react-dom_7b2f6d3d._.js:965:74)
    at performUnitOfWork (http://localhost:3001/_next/static/chunks/f12ff_next_dist_compiled_react-dom_7b2f6d3d._.js:9562:97)
    at workLoopSync (http://localhost:3001/_next/static/chunks/f12ff_next_dist_compiled_react-dom_7b2f6d3d._.js:9456:40)
    at renderRootSync (http://localhost:3001/_next/static/chunks/f12ff_next_dist_compiled_react-dom_7b2f6d3d._.js:9440:13)
    at performWorkOnRoot (http://localhost:3001/_next/static/chunks/f12ff_next_dist_compiled_react-dom_7b2f6d3d._.js:9068:186)
    at performSyncWorkOnRoot (http://localhost:3001/_next/static/chunks/f12ff_next_dist_compiled_react-dom_7b2f6d3d._.js:10238:9)
    at flushSyncWorkAcrossRoots_impl (http://localhost:3001/_next/static/chunks/f12ff_next_dist_compiled_react-dom_7b2f6d3d._.js:10154:316)
    at flushSyncWork$1 (http://localhost:3001/_next/static/chunks/f12ff_next_dist_compiled_react-dom_7b2f6d3d._.js:9237:86)
    at Object.scheduleRefresh (http://localhost:3001/_next/static/chunks/f12ff_next_dist_compiled_react-dom_7b2f6d3d._.js:299:13)
    at http://localhost:3001/_next/static/chunks/f12ff_next_dist_compiled_cd863794._.js:391:33
    at Set.forEach (<anonymous>)
    at Object.performReactRefresh (http://localhost:3001/_next/static/chunks/f12ff_next_dist_compiled_cd863794._.js:384:38)
    at applyUpdate (http://localhost:3001/_next/static/chunks/f12ff_next_dist_compiled_cd863794._.js:878:31)
    at http://localhost:3001/_next/static/chunks/f12ff_next_dist_compiled_cd863794._.js:886:13 @ http://localhost:3001/_next/static/chunks/f12ff_next_dist_95687940._.js:3132
[ 6158981ms] [ERROR] IntlError: MISSING_MESSAGE: Cannot read properties of undefined (reading 'split')
    at getFallbackFromErrorAndNotify (http://localhost:3001/_next/static/chunks/node_modules__pnpm_a92eadf3._.js:7251:23)
    at translateBaseFn (http://localhost:3001/_next/static/chunks/node_modules__pnpm_a92eadf3._.js:7281:28)
    at translateFn (http://localhost:3001/_next/static/chunks/node_modules__pnpm_a92eadf3._.js:7343:24)
    at labelFor (http://localhost:3001/_next/static/chunks/_2015e761._.js?id=%255Bproject%255D%252Fcomponents%252Fatlas%252Fatlas-explorer.tsx+%255Bapp-client%255D+%2528ecmascript%2529:61:30)
    at http://localhost:3001/_next/static/chunks/_2015e761._.js:142:34
    at Array.map (<anonymous>)
    at RegionChoropleth (http://localhost:3001/_next/static/chunks/_2015e761._.js:134:43)
    at Object.react_stack_bottom_frame (http://localhost:3001/_next/static/chunks/f12ff_next_dist_compiled_react-dom_7b2f6d3d._.js:14826:24)
    at renderWithHooksAgain (http://localhost:3001/_next/static/chunks/f12ff_next_dist_compiled_react-dom_7b2f6d3d._.js:4706:24)
    at renderWithHooks (http://localhost:3001/_next/static/chunks/f12ff_next_dist_compiled_react-dom_7b2f6d3d._.js:4657:28)
    at updateFunctionComponent (http://localhost:3001/_next/static/chunks/f12ff_next_dist_compiled_react-dom_7b2f6d3d._.js:6112:21)
    at beginWork (http://localhost:3001/_next/static/chunks/f12ff_next_dist_compiled_react-dom_7b2f6d3d._.js:6708:24)
    at runWithFiberInDEV (http://localhost:3001/_next/static/chunks/f12ff_next_dist_compiled_react-dom_7b2f6d3d._.js:965:74)
    at performUnitOfWork (http://localhost:3001/_next/static/chunks/f12ff_next_dist_compiled_react-dom_7b2f6d3d._.js:9562:97)
    at workLoopSync (http://localhost:3001/_next/static/chunks/f12ff_next_dist_compiled_react-dom_7b2f6d3d._.js:9456:40)
    at renderRootSync (http://localhost:3001/_next/static/chunks/f12ff_next_dist_compiled_react-dom_7b2f6d3d._.js:9440:13)
    at performWorkOnRoot (http://localhost:3001/_next/static/chunks/f12ff_next_dist_compiled_react-dom_7b2f6d3d._.js:9068:186)
    at performSyncWorkOnRoot (http://localhost:3001/_next/static/chunks/f12ff_next_dist_compiled_react-dom_7b2f6d3d._.js:10238:9)
    at flushSyncWorkAcrossRoots_impl (http://localhost:3001/_next/static/chunks/f12ff_next_dist_compiled_react-dom_7b2f6d3d._.js:10154:316)
    at flushSyncWork$1 (http://localhost:3001/_next/static/chunks/f12ff_next_dist_compiled_react-dom_7b2f6d3d._.js:9237:86)
    at Object.scheduleRefresh (http://localhost:3001/_next/static/chunks/f12ff_next_dist_compiled_react-dom_7b2f6d3d._.js:299:13)
    at http://localhost:3001/_next/static/chunks/f12ff_next_dist_compiled_cd863794._.js:391:33
    at Set.forEach (<anonymous>)
    at Object.performReactRefresh (http://localhost:3001/_next/static/chunks/f12ff_next_dist_compiled_cd863794._.js:384:38)
    at applyUpdate (http://localhost:3001/_next/static/chunks/f12ff_next_dist_compiled_cd863794._.js:878:31)
    at http://localhost:3001/_next/static/chunks/f12ff_next_dist_compiled_cd863794._.js:886:13 @ http://localhost:3001/_next/static/chunks/f12ff_next_dist_95687940._.js:3132
[ 6158981ms] [ERROR] IntlError: MISSING_MESSAGE: Cannot read properties of undefined (reading 'split')
    at getFallbackFromErrorAndNotify (http://localhost:3001/_next/static/chunks/node_modules__pnpm_a92eadf3._.js:7251:23)
    at translateBaseFn (http://localhost:3001/_next/static/chunks/node_modules__pnpm_a92eadf3._.js:7281:28)
    at translateFn (http://localhost:3001/_next/static/chunks/node_modules__pnpm_a92eadf3._.js:7343:24)
    at labelFor (http://localhost:3001/_next/static/chunks/_2015e761._.js?id=%255Bproject%255D%252Fcomponents%252Fatlas%252Fatlas-explorer.tsx+%255Bapp-client%255D+%2528ecmascript%2529:61:30)
    at http://localhost:3001/_next/static/chunks/_2015e761._.js:142:34
    at Array.map (<anonymous>)
    at RegionChoropleth (http://localhost:3001/_next/static/chunks/_2015e761._.js:134:43)
    at Object.react_stack_bottom_frame (http://localhost:3001/_next/static/chunks/f12ff_next_dist_compiled_react-dom_7b2f6d3d._.js:14826:24)
    at renderWithHooksAgain (http://localhost:3001/_next/static/chunks/f12ff_next_dist_compiled_react-dom_7b2f6d3d._.js:4706:24)
    at renderWithHooks (http://localhost:3001/_next/static/chunks/f12ff_next_dist_compiled_react-dom_7b2f6d3d._.js:4657:28)
    at updateFunctionComponent (http://localhost:3001/_next/static/chunks/f12ff_next_dist_compiled_react-dom_7b2f6d3d._.js:6112:21)
    at beginWork (http://localhost:3001/_next/static/chunks/f12ff_next_dist_compiled_react-dom_7b2f6d3d._.js:6708:24)
    at runWithFiberInDEV (http://localhost:3001/_next/static/chunks/f12ff_next_dist_compiled_react-dom_7b2f6d3d._.js:965:74)
    at performUnitOfWork (http://localhost:3001/_next/static/chunks/f12ff_next_dist_compiled_react-dom_7b2f6d3d._.js:9562:97)
    at workLoopSync (http://localhost:3001/_next/static/chunks/f12ff_next_dist_compiled_react-dom_7b2f6d3d._.js:9456:40)
    at renderRootSync (http://localhost:3001/_next/static/chunks/f12ff_next_dist_compiled_react-dom_7b2f6d3d._.js:9440:13)
    at performWorkOnRoot (http://localhost:3001/_next/static/chunks/f12ff_next_dist_compiled_react-dom_7b2f6d3d._.js:9068:186)
    at performSyncWorkOnRoot (http://localhost:3001/_next/static/chunks/f12ff_next_dist_compiled_react-dom_7b2f6d3d._.js:10238:9)
    at flushSyncWorkAcrossRoots_impl (http://localhost:3001/_next/static/chunks/f12ff_next_dist_compiled_react-dom_7b2f6d3d._.js:10154:316)
    at flushSyncWork$1 (http://localhost:3001/_next/static/chunks/f12ff_next_dist_compiled_react-dom_7b2f6d3d._.js:9237:86)
    at Object.scheduleRefresh (http://localhost:3001/_next/static/chunks/f12ff_next_dist_compiled_react-dom_7b2f6d3d._.js:299:13)
    at http://localhost:3001/_next/static/chunks/f12ff_next_dist_compiled_cd863794._.js:391:33
    at Set.forEach (<anonymous>)
    at Object.performReactRefresh (http://localhost:3001/_next/static/chunks/f12ff_next_dist_compiled_cd863794._.js:384:38)
    at applyUpdate (http://localhost:3001/_next/static/chunks/f12ff_next_dist_compiled_cd863794._.js:878:31)
    at http://localhost:3001/_next/static/chunks/f12ff_next_dist_compiled_cd863794._.js:886:13 @ http://localhost:3001/_next/static/chunks/f12ff_next_dist_95687940._.js:3132
[ 6158984ms] [ERROR] IntlError: MISSING_MESSAGE: Cannot read properties of undefined (reading 'split')
    at getFallbackFromErrorAndNotify (http://localhost:3001/_next/static/chunks/node_modules__pnpm_a92eadf3._.js:7251:23)
    at translateBaseFn (http://localhost:3001/_next/static/chunks/node_modules__pnpm_a92eadf3._.js:7281:28)
    at translateFn (http://localhost:3001/_next/static/chunks/node_modules__pnpm_a92eadf3._.js:7343:24)
    at labelFor (http://localhost:3001/_next/static/chunks/_2015e761._.js?id=%255Bproject%255D%252Fcomponents%252Fatlas%252Fatlas-explorer.tsx+%255Bapp-client%255D+%2528ecmascript%2529:61:30)
    at http://localhost:3001/_next/static/chunks/_2015e761._.js:142:34
    at Array.map (<anonymous>)
    at RegionChoropleth (http://localhost:3001/_next/static/chunks/_2015e761._.js:134:43)
    at Object.react_stack_bottom_frame (http://localhost:3001/_next/static/chunks/f12ff_next_dist_compiled_react-dom_7b2f6d3d._.js:14826:24)
    at renderWithHooksAgain (http://localhost:3001/_next/static/chunks/f12ff_next_dist_compiled_react-dom_7b2f6d3d._.js:4706:24)
    at renderWithHooks (http://localhost:3001/_next/static/chunks/f12ff_next_dist_compiled_react-dom_7b2f6d3d._.js:4657:28)
    at updateFunctionComponent (http://localhost:3001/_next/static/chunks/f12ff_next_dist_compiled_react-dom_7b2f6d3d._.js:6112:21)
    at beginWork (http://localhost:3001/_next/static/chunks/f12ff_next_dist_compiled_react-dom_7b2f6d3d._.js:6708:24)
    at runWithFiberInDEV (http://localhost:3001/_next/static/chunks/f12ff_next_dist_compiled_react-dom_7b2f6d3d._.js:965:74)
    at performUnitOfWork (http://localhost:3001/_next/static/chunks/f12ff_next_dist_compiled_react-dom_7b2f6d3d._.js:9562:97)
    at workLoopSync (http://localhost:3001/_next/static/chunks/f12ff_next_dist_compiled_react-dom_7b2f6d3d._.js:9456:40)
    at renderRootSync (http://localhost:3001/_next/static/chunks/f12ff_next_dist_compiled_react-dom_7b2f6d3d._.js:9440:13)
    at performWorkOnRoot (http://localhost:3001/_next/static/chunks/f12ff_next_dist_compiled_react-dom_7b2f6d3d._.js:9068:186)
    at performSyncWorkOnRoot (http://localhost:3001/_next/static/chunks/f12ff_next_dist_compiled_react-dom_7b2f6d3d._.js:10238:9)
    at flushSyncWorkAcrossRoots_impl (http://localhost:3001/_next/static/chunks/f12ff_next_dist_compiled_react-dom_7b2f6d3d._.js:10154:316)
    at flushSyncWork$1 (http://localhost:3001/_next/static/chunks/f12ff_next_dist_compiled_react-dom_7b2f6d3d._.js:9237:86)
    at Object.scheduleRefresh (http://localhost:3001/_next/static/chunks/f12ff_next_dist_compiled_react-dom_7b2f6d3d._.js:299:13)
    at http://localhost:3001/_next/static/chunks/f12ff_next_dist_compiled_cd863794._.js:391:33
    at Set.forEach (<anonymous>)
    at Object.performReactRefresh (http://localhost:3001/_next/static/chunks/f12ff_next_dist_compiled_cd863794._.js:384:38)
    at applyUpdate (http://localhost:3001/_next/static/chunks/f12ff_next_dist_compiled_cd863794._.js:878:31)
    at http://localhost:3001/_next/static/chunks/f12ff_next_dist_compiled_cd863794._.js:886:13 @ http://localhost:3001/_next/static/chunks/f12ff_next_dist_95687940._.js:3132
[ 6159003ms] [LOG] [Fast Refresh] done in 1446ms @ http://localhost:3001/_next/static/chunks/f12ff_next_dist_95687940._.js:2302
[ 6159126ms] [LOG] [Fast Refresh] rebuilding @ http://localhost:3001/_next/static/chunks/f12ff_next_dist_95687940._.js:2302
[ 6160043ms] [LOG] [Fast Refresh] done in 1019ms @ http://localhost:3001/_next/static/chunks/f12ff_next_dist_95687940._.js:2302
[ 6183437ms] [LOG] [Fast Refresh] rebuilding @ http://localhost:3001/_next/static/chunks/f12ff_next_dist_95687940._.js:2302
[ 6183628ms] [ERROR] IntlError: MISSING_MESSAGE: Cannot read properties of undefined (reading 'split')
    at getFallbackFromErrorAndNotify (http://localhost:3001/_next/static/chunks/node_modules__pnpm_a92eadf3._.js:7251:23)
    at translateBaseFn (http://localhost:3001/_next/static/chunks/node_modules__pnpm_a92eadf3._.js:7281:28)
    at translateFn (http://localhost:3001/_next/static/chunks/node_modules__pnpm_a92eadf3._.js:7343:24)
    at labelFor (http://localhost:3001/_next/static/chunks/_2015e761._.js?id=%255Bproject%255D%252Fcomponents%252Fatlas%252Fatlas-explorer.tsx+%255Bapp-client%255D+%2528ecmascript%2529:70:30)
    at http://localhost:3001/_next/static/chunks/_2015e761._.js:142:34
    at Array.map (<anonymous>)
    at RegionChoropleth (http://localhost:3001/_next/static/chunks/_2015e761._.js:134:43)
    at Object.react_stack_bottom_frame (http://localhost:3001/_next/static/chunks/f12ff_next_dist_compiled_react-dom_7b2f6d3d._.js:14826:24)
    at renderWithHooks (http://localhost:3001/_next/static/chunks/f12ff_next_dist_compiled_react-dom_7b2f6d3d._.js:4651:24)
    at updateFunctionComponent (http://localhost:3001/_next/static/chunks/f12ff_next_dist_compiled_react-dom_7b2f6d3d._.js:6112:21)
    at beginWork (http://localhost:3001/_next/static/chunks/f12ff_next_dist_compiled_react-dom_7b2f6d3d._.js:6708:24)
    at runWithFiberInDEV (http://localhost:3001/_next/static/chunks/f12ff_next_dist_compiled_react-dom_7b2f6d3d._.js:965:74)
    at performUnitOfWork (http://localhost:3001/_next/static/chunks/f12ff_next_dist_compiled_react-dom_7b2f6d3d._.js:9562:97)
    at workLoopSync (http://localhost:3001/_next/static/chunks/f12ff_next_dist_compiled_react-dom_7b2f6d3d._.js:9456:40)
    at renderRootSync (http://localhost:3001/_next/static/chunks/f12ff_next_dist_compiled_react-dom_7b2f6d3d._.js:9440:13)
    at performWorkOnRoot (http://localhost:3001/_next/static/chunks/f12ff_next_dist_compiled_react-dom_7b2f6d3d._.js:9068:186)
    at performSyncWorkOnRoot (http://localhost:3001/_next/static/chunks/f12ff_next_dist_compiled_react-dom_7b2f6d3d._.js:10238:9)
    at flushSyncWorkAcrossRoots_impl (http://localhost:3001/_next/static/chunks/f12ff_next_dist_compiled_react-dom_7b2f6d3d._.js:10154:316)
    at flushSyncWork$1 (http://localhost:3001/_next/static/chunks/f12ff_next_dist_compiled_react-dom_7b2f6d3d._.js:9237:86)
    at Object.scheduleRefresh (http://localhost:3001/_next/static/chunks/f12ff_next_dist_compiled_react-dom_7b2f6d3d._.js:299:13)
    at http://localhost:3001/_next/static/chunks/f12ff_next_dist_compiled_cd863794._.js:391:33
    at Set.forEach (<anonymous>)
    at Object.performReactRefresh (http://localhost:3001/_next/static/chunks/f12ff_next_dist_compiled_cd863794._.js:384:38)
    at applyUpdate (http://localhost:3001/_next/static/chunks/f12ff_next_dist_compiled_cd863794._.js:878:31)
    at http://localhost:3001/_next/static/chunks/f12ff_next_dist_compiled_cd863794._.js:886:13 @ http://localhost:3001/_next/static/chunks/f12ff_next_dist_95687940._.js:3132
[ 6183630ms] [ERROR] IntlError: MISSING_MESSAGE: Cannot read properties of undefined (reading 'split')
    at getFallbackFromErrorAndNotify (http://localhost:3001/_next/static/chunks/node_modules__pnpm_a92eadf3._.js:7251:23)
    at translateBaseFn (http://localhost:3001/_next/static/chunks/node_modules__pnpm_a92eadf3._.js:7281:28)
    at translateFn (http://localhost:3001/_next/static/chunks/node_modules__pnpm_a92eadf3._.js:7343:24)
    at labelFor (http://localhost:3001/_next/static/chunks/_2015e761._.js?id=%255Bproject%255D%252Fcomponents%252Fatlas%252Fatlas-explorer.tsx+%255Bapp-client%255D+%2528ecmascript%2529:70:30)
    at http://localhost:3001/_next/static/chunks/_2015e761._.js:142:34
    at Array.map (<anonymous>)
    at RegionChoropleth (http://localhost:3001/_next/static/chunks/_2015e761._.js:134:43)
    at Object.react_stack_bottom_frame (http://localhost:3001/_next/static/chunks/f12ff_next_dist_compiled_react-dom_7b2f6d3d._.js:14826:24)
    at renderWithHooks (http://localhost:3001/_next/static/chunks/f12ff_next_dist_compiled_react-dom_7b2f6d3d._.js:4651:24)
    at updateFunctionComponent (http://localhost:3001/_next/static/chunks/f12ff_next_dist_compiled_react-dom_7b2f6d3d._.js:6112:21)
    at beginWork (http://localhost:3001/_next/static/chunks/f12ff_next_dist_compiled_react-dom_7b2f6d3d._.js:6708:24)
    at runWithFiberInDEV (http://localhost:3001/_next/static/chunks/f12ff_next_dist_compiled_react-dom_7b2f6d3d._.js:965:74)
    at performUnitOfWork (http://localhost:3001/_next/static/chunks/f12ff_next_dist_compiled_react-dom_7b2f6d3d._.js:9562:97)
    at workLoopSync (http://localhost:3001/_next/static/chunks/f12ff_next_dist_compiled_react-dom_7b2f6d3d._.js:9456:40)
    at renderRootSync (http://localhost:3001/_next/static/chunks/f12ff_next_dist_compiled_react-dom_7b2f6d3d._.js:9440:13)
    at performWorkOnRoot (http://localhost:3001/_next/static/chunks/f12ff_next_dist_compiled_react-dom_7b2f6d3d._.js:9068:186)
    at performSyncWorkOnRoot (http://localhost:3001/_next/static/chunks/f12ff_next_dist_compiled_react-dom_7b2f6d3d._.js:10238:9)
    at flushSyncWorkAcrossRoots_impl (http://localhost:3001/_next/static/chunks/f12ff_next_dist_compiled_react-dom_7b2f6d3d._.js:10154:316)
    at flushSyncWork$1 (http://localhost:3001/_next/static/chunks/f12ff_next_dist_compiled_react-dom_7b2f6d3d._.js:9237:86)
    at Object.scheduleRefresh (http://localhost:3001/_next/static/chunks/f12ff_next_dist_compiled_react-dom_7b2f6d3d._.js:299:13)
    at http://localhost:3001/_next/static/chunks/f12ff_next_dist_compiled_cd863794._.js:391:33
    at Set.forEach (<anonymous>)
    at Object.performReactRefresh (http://localhost:3001/_next/static/chunks/f12ff_next_dist_compiled_cd863794._.js:384:38)
    at applyUpdate (http://localhost:3001/_next/static/chunks/f12ff_next_dist_compiled_cd863794._.js:878:31)
    at http://localhost:3001/_next/static/chunks/f12ff_next_dist_compiled_cd863794._.js:886:13 @ http://localhost:3001/_next/static/chunks/f12ff_next_dist_95687940._.js:3132
[ 6183630ms] [ERROR] IntlError: MISSING_MESSAGE: Cannot read properties of undefined (reading 'split')
    at getFallbackFromErrorAndNotify (http://localhost:3001/_next/static/chunks/node_modules__pnpm_a92eadf3._.js:7251:23)
    at translateBaseFn (http://localhost:3001/_next/static/chunks/node_modules__pnpm_a92eadf3._.js:7281:28)
    at translateFn (http://localhost:3001/_next/static/chunks/node_modules__pnpm_a92eadf3._.js:7343:24)
    at labelFor (http://localhost:3001/_next/static/chunks/_2015e761._.js?id=%255Bproject%255D%252Fcomponents%252Fatlas%252Fatlas-explorer.tsx+%255Bapp-client%255D+%2528ecmascript%2529:70:30)
    at http://localhost:3001/_next/static/chunks/_2015e761._.js:142:34
    at Array.map (<anonymous>)
    at RegionChoropleth (http://localhost:3001/_next/static/chunks/_2015e761._.js:134:43)
    at Object.react_stack_bottom_frame (http://localhost:3001/_next/static/chunks/f12ff_next_dist_compiled_react-dom_7b2f6d3d._.js:14826:24)
    at renderWithHooks (http://localhost:3001/_next/static/chunks/f12ff_next_dist_compiled_react-dom_7b2f6d3d._.js:4651:24)
    at updateFunctionComponent (http://localhost:3001/_next/static/chunks/f12ff_next_dist_compiled_react-dom_7b2f6d3d._.js:6112:21)
    at beginWork (http://localhost:3001/_next/static/chunks/f12ff_next_dist_compiled_react-dom_7b2f6d3d._.js:6708:24)
    at runWithFiberInDEV (http://localhost:3001/_next/static/chunks/f12ff_next_dist_compiled_react-dom_7b2f6d3d._.js:965:74)
    at performUnitOfWork (http://localhost:3001/_next/static/chunks/f12ff_next_dist_compiled_react-dom_7b2f6d3d._.js:9562:97)
    at workLoopSync (http://localhost:3001/_next/static/chunks/f12ff_next_dist_compiled_react-dom_7b2f6d3d._.js:9456:40)
    at renderRootSync (http://localhost:3001/_next/static/chunks/f12ff_next_dist_compiled_react-dom_7b2f6d3d._.js:9440:13)
    at performWorkOnRoot (http://localhost:3001/_next/static/chunks/f12ff_next_dist_compiled_react-dom_7b2f6d3d._.js:9068:186)
    at performSyncWorkOnRoot (http://localhost:3001/_next/static/chunks/f12ff_next_dist_compiled_react-dom_7b2f6d3d._.js:10238:9)
    at flushSyncWorkAcrossRoots_impl (http://localhost:3001/_next/static/chunks/f12ff_next_dist_compiled_react-dom_7b2f6d3d._.js:10154:316)
    at flushSyncWork$1 (http://localhost:3001/_next/static/chunks/f12ff_next_dist_compiled_react-dom_7b2f6d3d._.js:9237:86)
    at Object.scheduleRefresh (http://localhost:3001/_next/static/chunks/f12ff_next_dist_compiled_react-dom_7b2f6d3d._.js:299:13)
    at http://localhost:3001/_next/static/chunks/f12ff_next_dist_compiled_cd863794._.js:391:33
    at Set.forEach (<anonymous>)
    at Object.performReactRefresh (http://localhost:3001/_next/static/chunks/f12ff_next_dist_compiled_cd863794._.js:384:38)
    at applyUpdate (http://localhost:3001/_next/static/chunks/f12ff_next_dist_compiled_cd863794._.js:878:31)
    at http://localhost:3001/_next/static/chunks/f12ff_next_dist_compiled_cd863794._.js:886:13 @ http://localhost:3001/_next/static/chunks/f12ff_next_dist_95687940._.js:3132
[ 6183630ms] [ERROR] IntlError: MISSING_MESSAGE: Cannot read properties of undefined (reading 'split')
    at getFallbackFromErrorAndNotify (http://localhost:3001/_next/static/chunks/node_modules__pnpm_a92eadf3._.js:7251:23)
    at translateBaseFn (http://localhost:3001/_next/static/chunks/node_modules__pnpm_a92eadf3._.js:7281:28)
    at translateFn (http://localhost:3001/_next/static/chunks/node_modules__pnpm_a92eadf3._.js:7343:24)
    at labelFor (http://localhost:3001/_next/static/chunks/_2015e761._.js?id=%255Bproject%255D%252Fcomponents%252Fatlas%252Fatlas-explorer.tsx+%255Bapp-client%255D+%2528ecmascript%2529:70:30)
    at http://localhost:3001/_next/static/chunks/_2015e761._.js:142:34
    at Array.map (<anonymous>)
    at RegionChoropleth (http://localhost:3001/_next/static/chunks/_2015e761._.js:134:43)
    at Object.react_stack_bottom_frame (http://localhost:3001/_next/static/chunks/f12ff_next_dist_compiled_react-dom_7b2f6d3d._.js:14826:24)
    at renderWithHooks (http://localhost:3001/_next/static/chunks/f12ff_next_dist_compiled_react-dom_7b2f6d3d._.js:4651:24)
    at updateFunctionComponent (http://localhost:3001/_next/static/chunks/f12ff_next_dist_compiled_react-dom_7b2f6d3d._.js:6112:21)
    at beginWork (http://localhost:3001/_next/static/chunks/f12ff_next_dist_compiled_react-dom_7b2f6d3d._.js:6708:24)
    at runWithFiberInDEV (http://localhost:3001/_next/static/chunks/f12ff_next_dist_compiled_react-dom_7b2f6d3d._.js:965:74)
    at performUnitOfWork (http://localhost:3001/_next/static/chunks/f12ff_next_dist_compiled_react-dom_7b2f6d3d._.js:9562:97)
    at workLoopSync (http://localhost:3001/_next/static/chunks/f12ff_next_dist_compiled_react-dom_7b2f6d3d._.js:9456:40)
    at renderRootSync (http://localhost:3001/_next/static/chunks/f12ff_next_dist_compiled_react-dom_7b2f6d3d._.js:9440:13)
    at performWorkOnRoot (http://localhost:3001/_next/static/chunks/f12ff_next_dist_compiled_react-dom_7b2f6d3d._.js:9068:186)
    at performSyncWorkOnRoot (http://localhost:3001/_next/static/chunks/f12ff_next_dist_compiled_react-dom_7b2f6d3d._.js:10238:9)
    at flushSyncWorkAcrossRoots_impl (http://localhost:3001/_next/static/chunks/f12ff_next_dist_compiled_react-dom_7b2f6d3d._.js:10154:316)
    at flushSyncWork$1 (http://localhost:3001/_next/static/chunks/f12ff_next_dist_compiled_react-dom_7b2f6d3d._.js:9237:86)
    at Object.scheduleRefresh (http://localhost:3001/_next/static/chunks/f12ff_next_dist_compiled_react-dom_7b2f6d3d._.js:299:13)
    at http://localhost:3001/_next/static/chunks/f12ff_next_dist_compiled_cd863794._.js:391:33
    at Set.forEach (<anonymous>)
    at Object.performReactRefresh (http://localhost:3001/_next/static/chunks/f12ff_next_dist_compiled_cd863794._.js:384:38)
    at applyUpdate (http://localhost:3001/_next/static/chunks/f12ff_next_dist_compiled_cd863794._.js:878:31)
    at http://localhost:3001/_next/static/chunks/f12ff_next_dist_compiled_cd863794._.js:886:13 @ http://localhost:3001/_next/static/chunks/f12ff_next_dist_95687940._.js:3132
[ 6183630ms] [ERROR] IntlError: MISSING_MESSAGE: Cannot read properties of undefined (reading 'split')
    at getFallbackFromErrorAndNotify (http://localhost:3001/_next/static/chunks/node_modules__pnpm_a92eadf3._.js:7251:23)
    at translateBaseFn (http://localhost:3001/_next/static/chunks/node_modules__pnpm_a92eadf3._.js:7281:28)
    at translateFn (http://localhost:3001/_next/static/chunks/node_modules__pnpm_a92eadf3._.js:7343:24)
    at labelFor (http://localhost:3001/_next/static/chunks/_2015e761._.js?id=%255Bproject%255D%252Fcomponents%252Fatlas%252Fatlas-explorer.tsx+%255Bapp-client%255D+%2528ecmascript%2529:70:30)
    at http://localhost:3001/_next/static/chunks/_2015e761._.js:142:34
    at Array.map (<anonymous>)
    at RegionChoropleth (http://localhost:3001/_next/static/chunks/_2015e761._.js:134:43)
    at Object.react_stack_bottom_frame (http://localhost:3001/_next/static/chunks/f12ff_next_dist_compiled_react-dom_7b2f6d3d._.js:14826:24)
    at renderWithHooks (http://localhost:3001/_next/static/chunks/f12ff_next_dist_compiled_react-dom_7b2f6d3d._.js:4651:24)
    at updateFunctionComponent (http://localhost:3001/_next/static/chunks/f12ff_next_dist_compiled_react-dom_7b2f6d3d._.js:6112:21)
    at beginWork (http://localhost:3001/_next/static/chunks/f12ff_next_dist_compiled_react-dom_7b2f6d3d._.js:6708:24)
    at runWithFiberInDEV (http://localhost:3001/_next/static/chunks/f12ff_next_dist_compiled_react-dom_7b2f6d3d._.js:965:74)
    at performUnitOfWork (http://localhost:3001/_next/static/chunks/f12ff_next_dist_compiled_react-dom_7b2f6d3d._.js:9562:97)
    at workLoopSync (http://localhost:3001/_next/static/chunks/f12ff_next_dist_compiled_react-dom_7b2f6d3d._.js:9456:40)
    at renderRootSync (http://localhost:3001/_next/static/chunks/f12ff_next_dist_compiled_react-dom_7b2f6d3d._.js:9440:13)
    at performWorkOnRoot (http://localhost:3001/_next/static/chunks/f12ff_next_dist_compiled_react-dom_7b2f6d3d._.js:9068:186)
    at performSyncWorkOnRoot (http://localhost:3001/_next/static/chunks/f12ff_next_dist_compiled_react-dom_7b2f6d3d._.js:10238:9)
    at flushSyncWorkAcrossRoots_impl (http://localhost:3001/_next/static/chunks/f12ff_next_dist_compiled_react-dom_7b2f6d3d._.js:10154:316)
    at flushSyncWork$1 (http://localhost:3001/_next/static/chunks/f12ff_next_dist_compiled_react-dom_7b2f6d3d._.js:9237:86)
    at Object.scheduleRefresh (http://localhost:3001/_next/static/chunks/f12ff_next_dist_compiled_react-dom_7b2f6d3d._.js:299:13)
    at http://localhost:3001/_next/static/chunks/f12ff_next_dist_compiled_cd863794._.js:391:33
    at Set.forEach (<anonymous>)
    at Object.performReactRefresh (http://localhost:3001/_next/static/chunks/f12ff_next_dist_compiled_cd863794._.js:384:38)
    at applyUpdate (http://localhost:3001/_next/static/chunks/f12ff_next_dist_compiled_cd863794._.js:878:31)
    at http://localhost:3001/_next/static/chunks/f12ff_next_dist_compiled_cd863794._.js:886:13 @ http://localhost:3001/_next/static/chunks/f12ff_next_dist_95687940._.js:3132
[ 6183630ms] [ERROR] IntlError: MISSING_MESSAGE: Cannot read properties of undefined (reading 'split')
    at getFallbackFromErrorAndNotify (http://localhost:3001/_next/static/chunks/node_modules__pnpm_a92eadf3._.js:7251:23)
    at translateBaseFn (http://localhost:3001/_next/static/chunks/node_modules__pnpm_a92eadf3._.js:7281:28)
    at translateFn (http://localhost:3001/_next/static/chunks/node_modules__pnpm_a92eadf3._.js:7343:24)
    at labelFor (http://localhost:3001/_next/static/chunks/_2015e761._.js?id=%255Bproject%255D%252Fcomponents%252Fatlas%252Fatlas-explorer.tsx+%255Bapp-client%255D+%2528ecmascript%2529:70:30)
    at http://localhost:3001/_next/static/chunks/_2015e761._.js:142:34
    at Array.map (<anonymous>)
    at RegionChoropleth (http://localhost:3001/_next/static/chunks/_2015e761._.js:134:43)
    at Object.react_stack_bottom_frame (http://localhost:3001/_next/static/chunks/f12ff_next_dist_compiled_react-dom_7b2f6d3d._.js:14826:24)
    at renderWithHooks (http://localhost:3001/_next/static/chunks/f12ff_next_dist_compiled_react-dom_7b2f6d3d._.js:4651:24)
    at updateFunctionComponent (http://localhost:3001/_next/static/chunks/f12ff_next_dist_compiled_react-dom_7b2f6d3d._.js:6112:21)
    at beginWork (http://localhost:3001/_next/static/chunks/f12ff_next_dist_compiled_react-dom_7b2f6d3d._.js:6708:24)
    at runWithFiberInDEV (http://localhost:3001/_next/static/chunks/f12ff_next_dist_compiled_react-dom_7b2f6d3d._.js:965:74)
    at performUnitOfWork (http://localhost:3001/_next/static/chunks/f12ff_next_dist_compiled_react-dom_7b2f6d3d._.js:9562:97)
    at workLoopSync (http://localhost:3001/_next/static/chunks/f12ff_next_dist_compiled_react-dom_7b2f6d3d._.js:9456:40)
    at renderRootSync (http://localhost:3001/_next/static/chunks/f12ff_next_dist_compiled_react-dom_7b2f6d3d._.js:9440:13)
    at performWorkOnRoot (http://localhost:3001/_next/static/chunks/f12ff_next_dist_compiled_react-dom_7b2f6d3d._.js:9068:186)
    at performSyncWorkOnRoot (http://localhost:3001/_next/static/chunks/f12ff_next_dist_compiled_react-dom_7b2f6d3d._.js:10238:9)
    at flushSyncWorkAcrossRoots_impl (http://localhost:3001/_next/static/chunks/f12ff_next_dist_compiled_react-dom_7b2f6d3d._.js:10154:316)
    at flushSyncWork$1 (http://localhost:3001/_next/static/chunks/f12ff_next_dist_compiled_react-dom_7b2f6d3d._.js:9237:86)
    at Object.scheduleRefresh (http://localhost:3001/_next/static/chunks/f12ff_next_dist_compiled_react-dom_7b2f6d3d._.js:299:13)
    at http://localhost:3001/_next/static/chunks/f12ff_next_dist_compiled_cd863794._.js:391:33
    at Set.forEach (<anonymous>)
    at Object.performReactRefresh (http://localhost:3001/_next/static/chunks/f12ff_next_dist_compiled_cd863794._.js:384:38)
    at applyUpdate (http://localhost:3001/_next/static/chunks/f12ff_next_dist_compiled_cd863794._.js:878:31)
    at http://localhost:3001/_next/static/chunks/f12ff_next_dist_compiled_cd863794._.js:886:13 @ http://localhost:3001/_next/static/chunks/f12ff_next_dist_95687940._.js:3132
[ 6183631ms] [ERROR] IntlError: MISSING_MESSAGE: Cannot read properties of undefined (reading 'split')
    at getFallbackFromErrorAndNotify (http://localhost:3001/_next/static/chunks/node_modules__pnpm_a92eadf3._.js:7251:23)
    at translateBaseFn (http://localhost:3001/_next/static/chunks/node_modules__pnpm_a92eadf3._.js:7281:28)
    at translateFn (http://localhost:3001/_next/static/chunks/node_modules__pnpm_a92eadf3._.js:7343:24)
    at labelFor (http://localhost:3001/_next/static/chunks/_2015e761._.js?id=%255Bproject%255D%252Fcomponents%252Fatlas%252Fatlas-explorer.tsx+%255Bapp-client%255D+%2528ecmascript%2529:70:30)
    at http://localhost:3001/_next/static/chunks/_2015e761._.js:142:34
    at Array.map (<anonymous>)
    at RegionChoropleth (http://localhost:3001/_next/static/chunks/_2015e761._.js:134:43)
    at Object.react_stack_bottom_frame (http://localhost:3001/_next/static/chunks/f12ff_next_dist_compiled_react-dom_7b2f6d3d._.js:14826:24)
    at renderWithHooks (http://localhost:3001/_next/static/chunks/f12ff_next_dist_compiled_react-dom_7b2f6d3d._.js:4651:24)
    at updateFunctionComponent (http://localhost:3001/_next/static/chunks/f12ff_next_dist_compiled_react-dom_7b2f6d3d._.js:6112:21)
    at beginWork (http://localhost:3001/_next/static/chunks/f12ff_next_dist_compiled_react-dom_7b2f6d3d._.js:6708:24)
    at runWithFiberInDEV (http://localhost:3001/_next/static/chunks/f12ff_next_dist_compiled_react-dom_7b2f6d3d._.js:965:74)
    at performUnitOfWork (http://localhost:3001/_next/static/chunks/f12ff_next_dist_compiled_react-dom_7b2f6d3d._.js:9562:97)
    at workLoopSync (http://localhost:3001/_next/static/chunks/f12ff_next_dist_compiled_react-dom_7b2f6d3d._.js:9456:40)
    at renderRootSync (http://localhost:3001/_next/static/chunks/f12ff_next_dist_compiled_react-dom_7b2f6d3d._.js:9440:13)
    at performWorkOnRoot (http://localhost:3001/_next/static/chunks/f12ff_next_dist_compiled_react-dom_7b2f6d3d._.js:9068:186)
    at performSyncWorkOnRoot (http://localhost:3001/_next/static/chunks/f12ff_next_dist_compiled_react-dom_7b2f6d3d._.js:10238:9)
    at flushSyncWorkAcrossRoots_impl (http://localhost:3001/_next/static/chunks/f12ff_next_dist_compiled_react-dom_7b2f6d3d._.js:10154:316)
    at flushSyncWork$1 (http://localhost:3001/_next/static/chunks/f12ff_next_dist_compiled_react-dom_7b2f6d3d._.js:9237:86)
    at Object.scheduleRefresh (http://localhost:3001/_next/static/chunks/f12ff_next_dist_compiled_react-dom_7b2f6d3d._.js:299:13)
    at http://localhost:3001/_next/static/chunks/f12ff_next_dist_compiled_cd863794._.js:391:33
    at Set.forEach (<anonymous>)
    at Object.performReactRefresh (http://localhost:3001/_next/static/chunks/f12ff_next_dist_compiled_cd863794._.js:384:38)
    at applyUpdate (http://localhost:3001/_next/static/chunks/f12ff_next_dist_compiled_cd863794._.js:878:31)
    at http://localhost:3001/_next/static/chunks/f12ff_next_dist_compiled_cd863794._.js:886:13 @ http://localhost:3001/_next/static/chunks/f12ff_next_dist_95687940._.js:3132
[ 6183631ms] [ERROR] IntlError: MISSING_MESSAGE: Cannot read properties of undefined (reading 'split')
    at getFallbackFromErrorAndNotify (http://localhost:3001/_next/static/chunks/node_modules__pnpm_a92eadf3._.js:7251:23)
    at translateBaseFn (http://localhost:3001/_next/static/chunks/node_modules__pnpm_a92eadf3._.js:7281:28)
    at translateFn (http://localhost:3001/_next/static/chunks/node_modules__pnpm_a92eadf3._.js:7343:24)
    at labelFor (http://localhost:3001/_next/static/chunks/_2015e761._.js?id=%255Bproject%255D%252Fcomponents%252Fatlas%252Fatlas-explorer.tsx+%255Bapp-client%255D+%2528ecmascript%2529:70:30)
    at http://localhost:3001/_next/static/chunks/_2015e761._.js:142:34
    at Array.map (<anonymous>)
    at RegionChoropleth (http://localhost:3001/_next/static/chunks/_2015e761._.js:134:43)
    at Object.react_stack_bottom_frame (http://localhost:3001/_next/static/chunks/f12ff_next_dist_compiled_react-dom_7b2f6d3d._.js:14826:24)
    at renderWithHooksAgain (http://localhost:3001/_next/static/chunks/f12ff_next_dist_compiled_react-dom_7b2f6d3d._.js:4706:24)
    at renderWithHooks (http://localhost:3001/_next/static/chunks/f12ff_next_dist_compiled_react-dom_7b2f6d3d._.js:4657:28)
    at updateFunctionComponent (http://localhost:3001/_next/static/chunks/f12ff_next_dist_compiled_react-dom_7b2f6d3d._.js:6112:21)
    at beginWork (http://localhost:3001/_next/static/chunks/f12ff_next_dist_compiled_react-dom_7b2f6d3d._.js:6708:24)
    at runWithFiberInDEV (http://localhost:3001/_next/static/chunks/f12ff_next_dist_compiled_react-dom_7b2f6d3d._.js:965:74)
    at performUnitOfWork (http://localhost:3001/_next/static/chunks/f12ff_next_dist_compiled_react-dom_7b2f6d3d._.js:9562:97)
    at workLoopSync (http://localhost:3001/_next/static/chunks/f12ff_next_dist_compiled_react-dom_7b2f6d3d._.js:9456:40)
    at renderRootSync (http://localhost:3001/_next/static/chunks/f12ff_next_dist_compiled_react-dom_7b2f6d3d._.js:9440:13)
    at performWorkOnRoot (http://localhost:3001/_next/static/chunks/f12ff_next_dist_compiled_react-dom_7b2f6d3d._.js:9068:186)
    at performSyncWorkOnRoot (http://localhost:3001/_next/static/chunks/f12ff_next_dist_compiled_react-dom_7b2f6d3d._.js:10238:9)
    at flushSyncWorkAcrossRoots_impl (http://localhost:3001/_next/static/chunks/f12ff_next_dist_compiled_react-dom_7b2f6d3d._.js:10154:316)
    at flushSyncWork$1 (http://localhost:3001/_next/static/chunks/f12ff_next_dist_compiled_react-dom_7b2f6d3d._.js:9237:86)
    at Object.scheduleRefresh (http://localhost:3001/_next/static/chunks/f12ff_next_dist_compiled_react-dom_7b2f6d3d._.js:299:13)
    at http://localhost:3001/_next/static/chunks/f12ff_next_dist_compiled_cd863794._.js:391:33
    at Set.forEach (<anonymous>)
    at Object.performReactRefresh (http://localhost:3001/_next/static/chunks/f12ff_next_dist_compiled_cd863794._.js:384:38)
    at applyUpdate (http://localhost:3001/_next/static/chunks/f12ff_next_dist_compiled_cd863794._.js:878:31)
    at http://localhost:3001/_next/static/chunks/f12ff_next_dist_compiled_cd863794._.js:886:13 @ http://localhost:3001/_next/static/chunks/f12ff_next_dist_95687940._.js:3132
[ 6183631ms] [ERROR] IntlError: MISSING_MESSAGE: Cannot read properties of undefined (reading 'split')
    at getFallbackFromErrorAndNotify (http://localhost:3001/_next/static/chunks/node_modules__pnpm_a92eadf3._.js:7251:23)
    at translateBaseFn (http://localhost:3001/_next/static/chunks/node_modules__pnpm_a92eadf3._.js:7281:28)
    at translateFn (http://localhost:3001/_next/static/chunks/node_modules__pnpm_a92eadf3._.js:7343:24)
    at labelFor (http://localhost:3001/_next/static/chunks/_2015e761._.js?id=%255Bproject%255D%252Fcomponents%252Fatlas%252Fatlas-explorer.tsx+%255Bapp-client%255D+%2528ecmascript%2529:70:30)
    at http://localhost:3001/_next/static/chunks/_2015e761._.js:142:34
    at Array.map (<anonymous>)
    at RegionChoropleth (http://localhost:3001/_next/static/chunks/_2015e761._.js:134:43)
    at Object.react_stack_bottom_frame (http://localhost:3001/_next/static/chunks/f12ff_next_dist_compiled_react-dom_7b2f6d3d._.js:14826:24)
    at renderWithHooksAgain (http://localhost:3001/_next/static/chunks/f12ff_next_dist_compiled_react-dom_7b2f6d3d._.js:4706:24)
    at renderWithHooks (http://localhost:3001/_next/static/chunks/f12ff_next_dist_compiled_react-dom_7b2f6d3d._.js:4657:28)
    at updateFunctionComponent (http://localhost:3001/_next/static/chunks/f12ff_next_dist_compiled_react-dom_7b2f6d3d._.js:6112:21)
    at beginWork (http://localhost:3001/_next/static/chunks/f12ff_next_dist_compiled_react-dom_7b2f6d3d._.js:6708:24)
    at runWithFiberInDEV (http://localhost:3001/_next/static/chunks/f12ff_next_dist_compiled_react-dom_7b2f6d3d._.js:965:74)
    at performUnitOfWork (http://localhost:3001/_next/static/chunks/f12ff_next_dist_compiled_react-dom_7b2f6d3d._.js:9562:97)
    at workLoopSync (http://localhost:3001/_next/static/chunks/f12ff_next_dist_compiled_react-dom_7b2f6d3d._.js:9456:40)
    at renderRootSync (http://localhost:3001/_next/static/chunks/f12ff_next_dist_compiled_react-dom_7b2f6d3d._.js:9440:13)
    at performWorkOnRoot (http://localhost:3001/_next/static/chunks/f12ff_next_dist_compiled_react-dom_7b2f6d3d._.js:9068:186)
    at performSyncWorkOnRoot (http://localhost:3001/_next/static/chunks/f12ff_next_dist_compiled_react-dom_7b2f6d3d._.js:10238:9)
    at flushSyncWorkAcrossRoots_impl (http://localhost:3001/_next/static/chunks/f12ff_next_dist_compiled_react-dom_7b2f6d3d._.js:10154:316)
    at flushSyncWork$1 (http://localhost:3001/_next/static/chunks/f12ff_next_dist_compiled_react-dom_7b2f6d3d._.js:9237:86)
    at Object.scheduleRefresh (http://localhost:3001/_next/static/chunks/f12ff_next_dist_compiled_react-dom_7b2f6d3d._.js:299:13)
    at http://localhost:3001/_next/static/chunks/f12ff_next_dist_compiled_cd863794._.js:391:33
    at Set.forEach (<anonymous>)
    at Object.performReactRefresh (http://localhost:3001/_next/static/chunks/f12ff_next_dist_compiled_cd863794._.js:384:38)
    at applyUpdate (http://localhost:3001/_next/static/chunks/f12ff_next_dist_compiled_cd863794._.js:878:31)
    at http://localhost:3001/_next/static/chunks/f12ff_next_dist_compiled_cd863794._.js:886:13 @ http://localhost:3001/_next/static/chunks/f12ff_next_dist_95687940._.js:3132
[ 6183631ms] [ERROR] IntlError: MISSING_MESSAGE: Cannot read properties of undefined (reading 'split')
    at getFallbackFromErrorAndNotify (http://localhost:3001/_next/static/chunks/node_modules__pnpm_a92eadf3._.js:7251:23)
    at translateBaseFn (http://localhost:3001/_next/static/chunks/node_modules__pnpm_a92eadf3._.js:7281:28)
    at translateFn (http://localhost:3001/_next/static/chunks/node_modules__pnpm_a92eadf3._.js:7343:24)
    at labelFor (http://localhost:3001/_next/static/chunks/_2015e761._.js?id=%255Bproject%255D%252Fcomponents%252Fatlas%252Fatlas-explorer.tsx+%255Bapp-client%255D+%2528ecmascript%2529:70:30)
    at http://localhost:3001/_next/static/chunks/_2015e761._.js:142:34
    at Array.map (<anonymous>)
    at RegionChoropleth (http://localhost:3001/_next/static/chunks/_2015e761._.js:134:43)
    at Object.react_stack_bottom_frame (http://localhost:3001/_next/static/chunks/f12ff_next_dist_compiled_react-dom_7b2f6d3d._.js:14826:24)
    at renderWithHooksAgain (http://localhost:3001/_next/static/chunks/f12ff_next_dist_compiled_react-dom_7b2f6d3d._.js:4706:24)
    at renderWithHooks (http://localhost:3001/_next/static/chunks/f12ff_next_dist_compiled_react-dom_7b2f6d3d._.js:4657:28)
    at updateFunctionComponent (http://localhost:3001/_next/static/chunks/f12ff_next_dist_compiled_react-dom_7b2f6d3d._.js:6112:21)
    at beginWork (http://localhost:3001/_next/static/chunks/f12ff_next_dist_compiled_react-dom_7b2f6d3d._.js:6708:24)
    at runWithFiberInDEV (http://localhost:3001/_next/static/chunks/f12ff_next_dist_compiled_react-dom_7b2f6d3d._.js:965:74)
    at performUnitOfWork (http://localhost:3001/_next/static/chunks/f12ff_next_dist_compiled_react-dom_7b2f6d3d._.js:9562:97)
    at workLoopSync (http://localhost:3001/_next/static/chunks/f12ff_next_dist_compiled_react-dom_7b2f6d3d._.js:9456:40)
    at renderRootSync (http://localhost:3001/_next/static/chunks/f12ff_next_dist_compiled_react-dom_7b2f6d3d._.js:9440:13)
    at performWorkOnRoot (http://localhost:3001/_next/static/chunks/f12ff_next_dist_compiled_react-dom_7b2f6d3d._.js:9068:186)
    at performSyncWorkOnRoot (http://localhost:3001/_next/static/chunks/f12ff_next_dist_compiled_react-dom_7b2f6d3d._.js:10238:9)
    at flushSyncWorkAcrossRoots_impl (http://localhost:3001/_next/static/chunks/f12ff_next_dist_compiled_react-dom_7b2f6d3d._.js:10154:316)
    at flushSyncWork$1 (http://localhost:3001/_next/static/chunks/f12ff_next_dist_compiled_react-dom_7b2f6d3d._.js:9237:86)
    at Object.scheduleRefresh (http://localhost:3001/_next/static/chunks/f12ff_next_dist_compiled_react-dom_7b2f6d3d._.js:299:13)
    at http://localhost:3001/_next/static/chunks/f12ff_next_dist_compiled_cd863794._.js:391:33
    at Set.forEach (<anonymous>)
    at Object.performReactRefresh (http://localhost:3001/_next/static/chunks/f12ff_next_dist_compiled_cd863794._.js:384:38)
    at applyUpdate (http://localhost:3001/_next/static/chunks/f12ff_next_dist_compiled_cd863794._.js:878:31)
    at http://localhost:3001/_next/static/chunks/f12ff_next_dist_compiled_cd863794._.js:886:13 @ http://localhost:3001/_next/static/chunks/f12ff_next_dist_95687940._.js:3132
[ 6183631ms] [ERROR] IntlError: MISSING_MESSAGE: Cannot read properties of undefined (reading 'split')
    at getFallbackFromErrorAndNotify (http://localhost:3001/_next/static/chunks/node_modules__pnpm_a92eadf3._.js:7251:23)
    at translateBaseFn (http://localhost:3001/_next/static/chunks/node_modules__pnpm_a92eadf3._.js:7281:28)
    at translateFn (http://localhost:3001/_next/static/chunks/node_modules__pnpm_a92eadf3._.js:7343:24)
    at labelFor (http://localhost:3001/_next/static/chunks/_2015e761._.js?id=%255Bproject%255D%252Fcomponents%252Fatlas%252Fatlas-explorer.tsx+%255Bapp-client%255D+%2528ecmascript%2529:70:30)
    at http://localhost:3001/_next/static/chunks/_2015e761._.js:142:34
    at Array.map (<anonymous>)
    at RegionChoropleth (http://localhost:3001/_next/static/chunks/_2015e761._.js:134:43)
    at Object.react_stack_bottom_frame (http://localhost:3001/_next/static/chunks/f12ff_next_dist_compiled_react-dom_7b2f6d3d._.js:14826:24)
    at renderWithHooksAgain (http://localhost:3001/_next/static/chunks/f12ff_next_dist_compiled_react-dom_7b2f6d3d._.js:4706:24)
    at renderWithHooks (http://localhost:3001/_next/static/chunks/f12ff_next_dist_compiled_react-dom_7b2f6d3d._.js:4657:28)
    at updateFunctionComponent (http://localhost:3001/_next/static/chunks/f12ff_next_dist_compiled_react-dom_7b2f6d3d._.js:6112:21)
    at beginWork (http://localhost:3001/_next/static/chunks/f12ff_next_dist_compiled_react-dom_7b2f6d3d._.js:6708:24)
    at runWithFiberInDEV (http://localhost:3001/_next/static/chunks/f12ff_next_dist_compiled_react-dom_7b2f6d3d._.js:965:74)
    at performUnitOfWork (http://localhost:3001/_next/static/chunks/f12ff_next_dist_compiled_react-dom_7b2f6d3d._.js:9562:97)
    at workLoopSync (http://localhost:3001/_next/static/chunks/f12ff_next_dist_compiled_react-dom_7b2f6d3d._.js:9456:40)
    at renderRootSync (http://localhost:3001/_next/static/chunks/f12ff_next_dist_compiled_react-dom_7b2f6d3d._.js:9440:13)
    at performWorkOnRoot (http://localhost:3001/_next/static/chunks/f12ff_next_dist_compiled_react-dom_7b2f6d3d._.js:9068:186)
    at performSyncWorkOnRoot (http://localhost:3001/_next/static/chunks/f12ff_next_dist_compiled_react-dom_7b2f6d3d._.js:10238:9)
    at flushSyncWorkAcrossRoots_impl (http://localhost:3001/_next/static/chunks/f12ff_next_dist_compiled_react-dom_7b2f6d3d._.js:10154:316)
    at flushSyncWork$1 (http://localhost:3001/_next/static/chunks/f12ff_next_dist_compiled_react-dom_7b2f6d3d._.js:9237:86)
    at Object.scheduleRefresh (http://localhost:3001/_next/static/chunks/f12ff_next_dist_compiled_react-dom_7b2f6d3d._.js:299:13)
    at http://localhost:3001/_next/static/chunks/f12ff_next_dist_compiled_cd863794._.js:391:33
    at Set.forEach (<anonymous>)
    at Object.performReactRefresh (http://localhost:3001/_next/static/chunks/f12ff_next_dist_compiled_cd863794._.js:384:38)
    at applyUpdate (http://localhost:3001/_next/static/chunks/f12ff_next_dist_compiled_cd863794._.js:878:31)
    at http://localhost:3001/_next/static/chunks/f12ff_next_dist_compiled_cd863794._.js:886:13 @ http://localhost:3001/_next/static/chunks/f12ff_next_dist_95687940._.js:3132
[ 6183631ms] [ERROR] IntlError: MISSING_MESSAGE: Cannot read properties of undefined (reading 'split')
    at getFallbackFromErrorAndNotify (http://localhost:3001/_next/static/chunks/node_modules__pnpm_a92eadf3._.js:7251:23)
    at translateBaseFn (http://localhost:3001/_next/static/chunks/node_modules__pnpm_a92eadf3._.js:7281:28)
    at translateFn (http://localhost:3001/_next/static/chunks/node_modules__pnpm_a92eadf3._.js:7343:24)
    at labelFor (http://localhost:3001/_next/static/chunks/_2015e761._.js?id=%255Bproject%255D%252Fcomponents%252Fatlas%252Fatlas-explorer.tsx+%255Bapp-client%255D+%2528ecmascript%2529:70:30)
    at http://localhost:3001/_next/static/chunks/_2015e761._.js:142:34
    at Array.map (<anonymous>)
    at RegionChoropleth (http://localhost:3001/_next/static/chunks/_2015e761._.js:134:43)
    at Object.react_stack_bottom_frame (http://localhost:3001/_next/static/chunks/f12ff_next_dist_compiled_react-dom_7b2f6d3d._.js:14826:24)
    at renderWithHooksAgain (http://localhost:3001/_next/static/chunks/f12ff_next_dist_compiled_react-dom_7b2f6d3d._.js:4706:24)
    at renderWithHooks (http://localhost:3001/_next/static/chunks/f12ff_next_dist_compiled_react-dom_7b2f6d3d._.js:4657:28)
    at updateFunctionComponent (http://localhost:3001/_next/static/chunks/f12ff_next_dist_compiled_react-dom_7b2f6d3d._.js:6112:21)
    at beginWork (http://localhost:3001/_next/static/chunks/f12ff_next_dist_compiled_react-dom_7b2f6d3d._.js:6708:24)
    at runWithFiberInDEV (http://localhost:3001/_next/static/chunks/f12ff_next_dist_compiled_react-dom_7b2f6d3d._.js:965:74)
    at performUnitOfWork (http://localhost:3001/_next/static/chunks/f12ff_next_dist_compiled_react-dom_7b2f6d3d._.js:9562:97)
    at workLoopSync (http://localhost:3001/_next/static/chunks/f12ff_next_dist_compiled_react-dom_7b2f6d3d._.js:9456:40)
    at renderRootSync (http://localhost:3001/_next/static/chunks/f12ff_next_dist_compiled_react-dom_7b2f6d3d._.js:9440:13)
    at performWorkOnRoot (http://localhost:3001/_next/static/chunks/f12ff_next_dist_compiled_react-dom_7b2f6d3d._.js:9068:186)
    at performSyncWorkOnRoot (http://localhost:3001/_next/static/chunks/f12ff_next_dist_compiled_react-dom_7b2f6d3d._.js:10238:9)
    at flushSyncWorkAcrossRoots_impl (http://localhost:3001/_next/static/chunks/f12ff_next_dist_compiled_react-dom_7b2f6d3d._.js:10154:316)
    at flushSyncWork$1 (http://localhost:3001/_next/static/chunks/f12ff_next_dist_compiled_react-dom_7b2f6d3d._.js:9237:86)
    at Object.scheduleRefresh (http://localhost:3001/_next/static/chunks/f12ff_next_dist_compiled_react-dom_7b2f6d3d._.js:299:13)
    at http://localhost:3001/_next/static/chunks/f12ff_next_dist_compiled_cd863794._.js:391:33
    at Set.forEach (<anonymous>)
    at Object.performReactRefresh (http://localhost:3001/_next/static/chunks/f12ff_next_dist_compiled_cd863794._.js:384:38)
    at applyUpdate (http://localhost:3001/_next/static/chunks/f12ff_next_dist_compiled_cd863794._.js:878:31)
    at http://localhost:3001/_next/static/chunks/f12ff_next_dist_compiled_cd863794._.js:886:13 @ http://localhost:3001/_next/static/chunks/f12ff_next_dist_95687940._.js:3132
[ 6183633ms] [ERROR] IntlError: MISSING_MESSAGE: Cannot read properties of undefined (reading 'split')
    at getFallbackFromErrorAndNotify (http://localhost:3001/_next/static/chunks/node_modules__pnpm_a92eadf3._.js:7251:23)
    at translateBaseFn (http://localhost:3001/_next/static/chunks/node_modules__pnpm_a92eadf3._.js:7281:28)
    at translateFn (http://localhost:3001/_next/static/chunks/node_modules__pnpm_a92eadf3._.js:7343:24)
    at labelFor (http://localhost:3001/_next/static/chunks/_2015e761._.js?id=%255Bproject%255D%252Fcomponents%252Fatlas%252Fatlas-explorer.tsx+%255Bapp-client%255D+%2528ecmascript%2529:70:30)
    at http://localhost:3001/_next/static/chunks/_2015e761._.js:142:34
    at Array.map (<anonymous>)
    at RegionChoropleth (http://localhost:3001/_next/static/chunks/_2015e761._.js:134:43)
    at Object.react_stack_bottom_frame (http://localhost:3001/_next/static/chunks/f12ff_next_dist_compiled_react-dom_7b2f6d3d._.js:14826:24)
    at renderWithHooksAgain (http://localhost:3001/_next/static/chunks/f12ff_next_dist_compiled_react-dom_7b2f6d3d._.js:4706:24)
    at renderWithHooks (http://localhost:3001/_next/static/chunks/f12ff_next_dist_compiled_react-dom_7b2f6d3d._.js:4657:28)
    at updateFunctionComponent (http://localhost:3001/_next/static/chunks/f12ff_next_dist_compiled_react-dom_7b2f6d3d._.js:6112:21)
    at beginWork (http://localhost:3001/_next/static/chunks/f12ff_next_dist_compiled_react-dom_7b2f6d3d._.js:6708:24)
    at runWithFiberInDEV (http://localhost:3001/_next/static/chunks/f12ff_next_dist_compiled_react-dom_7b2f6d3d._.js:965:74)
    at performUnitOfWork (http://localhost:3001/_next/static/chunks/f12ff_next_dist_compiled_react-dom_7b2f6d3d._.js:9562:97)
    at workLoopSync (http://localhost:3001/_next/static/chunks/f12ff_next_dist_compiled_react-dom_7b2f6d3d._.js:9456:40)
    at renderRootSync (http://localhost:3001/_next/static/chunks/f12ff_next_dist_compiled_react-dom_7b2f6d3d._.js:9440:13)
    at performWorkOnRoot (http://localhost:3001/_next/static/chunks/f12ff_next_dist_compiled_react-dom_7b2f6d3d._.js:9068:186)
    at performSyncWorkOnRoot (http://localhost:3001/_next/static/chunks/f12ff_next_dist_compiled_react-dom_7b2f6d3d._.js:10238:9)
    at flushSyncWorkAcrossRoots_impl (http://localhost:3001/_next/static/chunks/f12ff_next_dist_compiled_react-dom_7b2f6d3d._.js:10154:316)
    at flushSyncWork$1 (http://localhost:3001/_next/static/chunks/f12ff_next_dist_compiled_react-dom_7b2f6d3d._.js:9237:86)
    at Object.scheduleRefresh (http://localhost:3001/_next/static/chunks/f12ff_next_dist_compiled_react-dom_7b2f6d3d._.js:299:13)
    at http://localhost:3001/_next/static/chunks/f12ff_next_dist_compiled_cd863794._.js:391:33
    at Set.forEach (<anonymous>)
    at Object.performReactRefresh (http://localhost:3001/_next/static/chunks/f12ff_next_dist_compiled_cd863794._.js:384:38)
    at applyUpdate (http://localhost:3001/_next/static/chunks/f12ff_next_dist_compiled_cd863794._.js:878:31)
    at http://localhost:3001/_next/static/chunks/f12ff_next_dist_compiled_cd863794._.js:886:13 @ http://localhost:3001/_next/static/chunks/f12ff_next_dist_95687940._.js:3132
[ 6183633ms] [ERROR] IntlError: MISSING_MESSAGE: Cannot read properties of undefined (reading 'split')
    at getFallbackFromErrorAndNotify (http://localhost:3001/_next/static/chunks/node_modules__pnpm_a92eadf3._.js:7251:23)
    at translateBaseFn (http://localhost:3001/_next/static/chunks/node_modules__pnpm_a92eadf3._.js:7281:28)
    at translateFn (http://localhost:3001/_next/static/chunks/node_modules__pnpm_a92eadf3._.js:7343:24)
    at labelFor (http://localhost:3001/_next/static/chunks/_2015e761._.js?id=%255Bproject%255D%252Fcomponents%252Fatlas%252Fatlas-explorer.tsx+%255Bapp-client%255D+%2528ecmascript%2529:70:30)
    at http://localhost:3001/_next/static/chunks/_2015e761._.js:142:34
    at Array.map (<anonymous>)
    at RegionChoropleth (http://localhost:3001/_next/static/chunks/_2015e761._.js:134:43)
    at Object.react_stack_bottom_frame (http://localhost:3001/_next/static/chunks/f12ff_next_dist_compiled_react-dom_7b2f6d3d._.js:14826:24)
    at renderWithHooksAgain (http://localhost:3001/_next/static/chunks/f12ff_next_dist_compiled_react-dom_7b2f6d3d._.js:4706:24)
    at renderWithHooks (http://localhost:3001/_next/static/chunks/f12ff_next_dist_compiled_react-dom_7b2f6d3d._.js:4657:28)
    at updateFunctionComponent (http://localhost:3001/_next/static/chunks/f12ff_next_dist_compiled_react-dom_7b2f6d3d._.js:6112:21)
    at beginWork (http://localhost:3001/_next/static/chunks/f12ff_next_dist_compiled_react-dom_7b2f6d3d._.js:6708:24)
    at runWithFiberInDEV (http://localhost:3001/_next/static/chunks/f12ff_next_dist_compiled_react-dom_7b2f6d3d._.js:965:74)
    at performUnitOfWork (http://localhost:3001/_next/static/chunks/f12ff_next_dist_compiled_react-dom_7b2f6d3d._.js:9562:97)
    at workLoopSync (http://localhost:3001/_next/static/chunks/f12ff_next_dist_compiled_react-dom_7b2f6d3d._.js:9456:40)
    at renderRootSync (http://localhost:3001/_next/static/chunks/f12ff_next_dist_compiled_react-dom_7b2f6d3d._.js:9440:13)
    at performWorkOnRoot (http://localhost:3001/_next/static/chunks/f12ff_next_dist_compiled_react-dom_7b2f6d3d._.js:9068:186)
    at performSyncWorkOnRoot (http://localhost:3001/_next/static/chunks/f12ff_next_dist_compiled_react-dom_7b2f6d3d._.js:10238:9)
    at flushSyncWorkAcrossRoots_impl (http://localhost:3001/_next/static/chunks/f12ff_next_dist_compiled_react-dom_7b2f6d3d._.js:10154:316)
    at flushSyncWork$1 (http://localhost:3001/_next/static/chunks/f12ff_next_dist_compiled_react-dom_7b2f6d3d._.js:9237:86)
    at Object.scheduleRefresh (http://localhost:3001/_next/static/chunks/f12ff_next_dist_compiled_react-dom_7b2f6d3d._.js:299:13)
    at http://localhost:3001/_next/static/chunks/f12ff_next_dist_compiled_cd863794._.js:391:33
    at Set.forEach (<anonymous>)
    at Object.performReactRefresh (http://localhost:3001/_next/static/chunks/f12ff_next_dist_compiled_cd863794._.js:384:38)
    at applyUpdate (http://localhost:3001/_next/static/chunks/f12ff_next_dist_compiled_cd863794._.js:878:31)
    at http://localhost:3001/_next/static/chunks/f12ff_next_dist_compiled_cd863794._.js:886:13 @ http://localhost:3001/_next/static/chunks/f12ff_next_dist_95687940._.js:3132
[ 6183645ms] [LOG] [Fast Refresh] done in 284ms @ http://localhost:3001/_next/static/chunks/f12ff_next_dist_95687940._.js:2302
[ 6208330ms] [LOG] [Fast Refresh] rebuilding @ http://localhost:3001/_next/static/chunks/f12ff_next_dist_95687940._.js:2302
[ 6211247ms] [ERROR] IntlError: MISSING_MESSAGE: Cannot read properties of undefined (reading 'split')
    at getFallbackFromErrorAndNotify (http://localhost:3001/_next/static/chunks/node_modules__pnpm_a92eadf3._.js:7251:23)
    at translateBaseFn (http://localhost:3001/_next/static/chunks/node_modules__pnpm_a92eadf3._.js:7281:28)
    at translateFn (http://localhost:3001/_next/static/chunks/node_modules__pnpm_a92eadf3._.js:7343:24)
    at labelFor (http://localhost:3001/_next/static/chunks/_af79dd3a._.js?id=%255Bproject%255D%252Fcomponents%252Fatlas%252Fatlas-explorer.tsx+%255Bapp-client%255D+%2528ecmascript%2529:72:30)
    at http://localhost:3001/_next/static/chunks/_2015e761._.js:142:34
    at Array.map (<anonymous>)
    at RegionChoropleth (http://localhost:3001/_next/static/chunks/_2015e761._.js:134:43)
    at Object.react_stack_bottom_frame (http://localhost:3001/_next/static/chunks/f12ff_next_dist_compiled_react-dom_7b2f6d3d._.js:14826:24)
    at renderWithHooks (http://localhost:3001/_next/static/chunks/f12ff_next_dist_compiled_react-dom_7b2f6d3d._.js:4651:24)
    at updateFunctionComponent (http://localhost:3001/_next/static/chunks/f12ff_next_dist_compiled_react-dom_7b2f6d3d._.js:6112:21)
    at beginWork (http://localhost:3001/_next/static/chunks/f12ff_next_dist_compiled_react-dom_7b2f6d3d._.js:6708:24)
    at runWithFiberInDEV (http://localhost:3001/_next/static/chunks/f12ff_next_dist_compiled_react-dom_7b2f6d3d._.js:965:74)
    at performUnitOfWork (http://localhost:3001/_next/static/chunks/f12ff_next_dist_compiled_react-dom_7b2f6d3d._.js:9562:97)
    at workLoopSync (http://localhost:3001/_next/static/chunks/f12ff_next_dist_compiled_react-dom_7b2f6d3d._.js:9456:40)
    at renderRootSync (http://localhost:3001/_next/static/chunks/f12ff_next_dist_compiled_react-dom_7b2f6d3d._.js:9440:13)
    at performWorkOnRoot (http://localhost:3001/_next/static/chunks/f12ff_next_dist_compiled_react-dom_7b2f6d3d._.js:9068:186)
    at performSyncWorkOnRoot (http://localhost:3001/_next/static/chunks/f12ff_next_dist_compiled_react-dom_7b2f6d3d._.js:10238:9)
    at flushSyncWorkAcrossRoots_impl (http://localhost:3001/_next/static/chunks/f12ff_next_dist_compiled_react-dom_7b2f6d3d._.js:10154:316)
    at flushSyncWork$1 (http://localhost:3001/_next/static/chunks/f12ff_next_dist_compiled_react-dom_7b2f6d3d._.js:9237:86)
    at Object.scheduleRefresh (http://localhost:3001/_next/static/chunks/f12ff_next_dist_compiled_react-dom_7b2f6d3d._.js:299:13)
    at http://localhost:3001/_next/static/chunks/f12ff_next_dist_compiled_cd863794._.js:391:33
    at Set.forEach (<anonymous>)
    at Object.performReactRefresh (http://localhost:3001/_next/static/chunks/f12ff_next_dist_compiled_cd863794._.js:384:38)
    at applyUpdate (http://localhost:3001/_next/static/chunks/f12ff_next_dist_compiled_cd863794._.js:878:31)
    at http://localhost:3001/_next/static/chunks/f12ff_next_dist_compiled_cd863794._.js:886:13 @ http://localhost:3001/_next/static/chunks/f12ff_next_dist_95687940._.js:3132
[ 6211254ms] [ERROR] IntlError: MISSING_MESSAGE: Cannot read properties of undefined (reading 'split')
    at getFallbackFromErrorAndNotify (http://localhost:3001/_next/static/chunks/node_modules__pnpm_a92eadf3._.js:7251:23)
    at translateBaseFn (http://localhost:3001/_next/static/chunks/node_modules__pnpm_a92eadf3._.js:7281:28)
    at translateFn (http://localhost:3001/_next/static/chunks/node_modules__pnpm_a92eadf3._.js:7343:24)
    at labelFor (http://localhost:3001/_next/static/chunks/_af79dd3a._.js?id=%255Bproject%255D%252Fcomponents%252Fatlas%252Fatlas-explorer.tsx+%255Bapp-client%255D+%2528ecmascript%2529:72:30)
    at http://localhost:3001/_next/static/chunks/_2015e761._.js:142:34
    at Array.map (<anonymous>)
    at RegionChoropleth (http://localhost:3001/_next/static/chunks/_2015e761._.js:134:43)
    at Object.react_stack_bottom_frame (http://localhost:3001/_next/static/chunks/f12ff_next_dist_compiled_react-dom_7b2f6d3d._.js:14826:24)
    at renderWithHooks (http://localhost:3001/_next/static/chunks/f12ff_next_dist_compiled_react-dom_7b2f6d3d._.js:4651:24)
    at updateFunctionComponent (http://localhost:3001/_next/static/chunks/f12ff_next_dist_compiled_react-dom_7b2f6d3d._.js:6112:21)
    at beginWork (http://localhost:3001/_next/static/chunks/f12ff_next_dist_compiled_react-dom_7b2f6d3d._.js:6708:24)
    at runWithFiberInDEV (http://localhost:3001/_next/static/chunks/f12ff_next_dist_compiled_react-dom_7b2f6d3d._.js:965:74)
    at performUnitOfWork (http://localhost:3001/_next/static/chunks/f12ff_next_dist_compiled_react-dom_7b2f6d3d._.js:9562:97)
    at workLoopSync (http://localhost:3001/_next/static/chunks/f12ff_next_dist_compiled_react-dom_7b2f6d3d._.js:9456:40)
    at renderRootSync (http://localhost:3001/_next/static/chunks/f12ff_next_dist_compiled_react-dom_7b2f6d3d._.js:9440:13)
    at performWorkOnRoot (http://localhost:3001/_next/static/chunks/f12ff_next_dist_compiled_react-dom_7b2f6d3d._.js:9068:186)
    at performSyncWorkOnRoot (http://localhost:3001/_next/static/chunks/f12ff_next_dist_compiled_react-dom_7b2f6d3d._.js:10238:9)
    at flushSyncWorkAcrossRoots_impl (http://localhost:3001/_next/static/chunks/f12ff_next_dist_compiled_react-dom_7b2f6d3d._.js:10154:316)
    at flushSyncWork$1 (http://localhost:3001/_next/static/chunks/f12ff_next_dist_compiled_react-dom_7b2f6d3d._.js:9237:86)
    at Object.scheduleRefresh (http://localhost:3001/_next/static/chunks/f12ff_next_dist_compiled_react-dom_7b2f6d3d._.js:299:13)
    at http://localhost:3001/_next/static/chunks/f12ff_next_dist_compiled_cd863794._.js:391:33
    at Set.forEach (<anonymous>)
    at Object.performReactRefresh (http://localhost:3001/_next/static/chunks/f12ff_next_dist_compiled_cd863794._.js:384:38)
    at applyUpdate (http://localhost:3001/_next/static/chunks/f12ff_next_dist_compiled_cd863794._.js:878:31)
    at http://localhost:3001/_next/static/chunks/f12ff_next_dist_compiled_cd863794._.js:886:13 @ http://localhost:3001/_next/static/chunks/f12ff_next_dist_95687940._.js:3132
[ 6211254ms] [ERROR] IntlError: MISSING_MESSAGE: Cannot read properties of undefined (reading 'split')
    at getFallbackFromErrorAndNotify (http://localhost:3001/_next/static/chunks/node_modules__pnpm_a92eadf3._.js:7251:23)
    at translateBaseFn (http://localhost:3001/_next/static/chunks/node_modules__pnpm_a92eadf3._.js:7281:28)
    at translateFn (http://localhost:3001/_next/static/chunks/node_modules__pnpm_a92eadf3._.js:7343:24)
    at labelFor (http://localhost:3001/_next/static/chunks/_af79dd3a._.js?id=%255Bproject%255D%252Fcomponents%252Fatlas%252Fatlas-explorer.tsx+%255Bapp-client%255D+%2528ecmascript%2529:72:30)
    at http://localhost:3001/_next/static/chunks/_2015e761._.js:142:34
    at Array.map (<anonymous>)
    at RegionChoropleth (http://localhost:3001/_next/static/chunks/_2015e761._.js:134:43)
    at Object.react_stack_bottom_frame (http://localhost:3001/_next/static/chunks/f12ff_next_dist_compiled_react-dom_7b2f6d3d._.js:14826:24)
    at renderWithHooks (http://localhost:3001/_next/static/chunks/f12ff_next_dist_compiled_react-dom_7b2f6d3d._.js:4651:24)
    at updateFunctionComponent (http://localhost:3001/_next/static/chunks/f12ff_next_dist_compiled_react-dom_7b2f6d3d._.js:6112:21)
    at beginWork (http://localhost:3001/_next/static/chunks/f12ff_next_dist_compiled_react-dom_7b2f6d3d._.js:6708:24)
    at runWithFiberInDEV (http://localhost:3001/_next/static/chunks/f12ff_next_dist_compiled_react-dom_7b2f6d3d._.js:965:74)
    at performUnitOfWork (http://localhost:3001/_next/static/chunks/f12ff_next_dist_compiled_react-dom_7b2f6d3d._.js:9562:97)
    at workLoopSync (http://localhost:3001/_next/static/chunks/f12ff_next_dist_compiled_react-dom_7b2f6d3d._.js:9456:40)
    at renderRootSync (http://localhost:3001/_next/static/chunks/f12ff_next_dist_compiled_react-dom_7b2f6d3d._.js:9440:13)
    at performWorkOnRoot (http://localhost:3001/_next/static/chunks/f12ff_next_dist_compiled_react-dom_7b2f6d3d._.js:9068:186)
    at performSyncWorkOnRoot (http://localhost:3001/_next/static/chunks/f12ff_next_dist_compiled_react-dom_7b2f6d3d._.js:10238:9)
    at flushSyncWorkAcrossRoots_impl (http://localhost:3001/_next/static/chunks/f12ff_next_dist_compiled_react-dom_7b2f6d3d._.js:10154:316)
    at flushSyncWork$1 (http://localhost:3001/_next/static/chunks/f12ff_next_dist_compiled_react-dom_7b2f6d3d._.js:9237:86)
    at Object.scheduleRefresh (http://localhost:3001/_next/static/chunks/f12ff_next_dist_compiled_react-dom_7b2f6d3d._.js:299:13)
    at http://localhost:3001/_next/static/chunks/f12ff_next_dist_compiled_cd863794._.js:391:33
    at Set.forEach (<anonymous>)
    at Object.performReactRefresh (http://localhost:3001/_next/static/chunks/f12ff_next_dist_compiled_cd863794._.js:384:38)
    at applyUpdate (http://localhost:3001/_next/static/chunks/f12ff_next_dist_compiled_cd863794._.js:878:31)
    at http://localhost:3001/_next/static/chunks/f12ff_next_dist_compiled_cd863794._.js:886:13 @ http://localhost:3001/_next/static/chunks/f12ff_next_dist_95687940._.js:3132
[ 6211254ms] [ERROR] IntlError: MISSING_MESSAGE: Cannot read properties of undefined (reading 'split')
    at getFallbackFromErrorAndNotify (http://localhost:3001/_next/static/chunks/node_modules__pnpm_a92eadf3._.js:7251:23)
    at translateBaseFn (http://localhost:3001/_next/static/chunks/node_modules__pnpm_a92eadf3._.js:7281:28)
    at translateFn (http://localhost:3001/_next/static/chunks/node_modules__pnpm_a92eadf3._.js:7343:24)
    at labelFor (http://localhost:3001/_next/static/chunks/_af79dd3a._.js?id=%255Bproject%255D%252Fcomponents%252Fatlas%252Fatlas-explorer.tsx+%255Bapp-client%255D+%2528ecmascript%2529:72:30)
    at http://localhost:3001/_next/static/chunks/_2015e761._.js:142:34
    at Array.map (<anonymous>)
    at RegionChoropleth (http://localhost:3001/_next/static/chunks/_2015e761._.js:134:43)
    at Object.react_stack_bottom_frame (http://localhost:3001/_next/static/chunks/f12ff_next_dist_compiled_react-dom_7b2f6d3d._.js:14826:24)
    at renderWithHooks (http://localhost:3001/_next/static/chunks/f12ff_next_dist_compiled_react-dom_7b2f6d3d._.js:4651:24)
    at updateFunctionComponent (http://localhost:3001/_next/static/chunks/f12ff_next_dist_compiled_react-dom_7b2f6d3d._.js:6112:21)
    at beginWork (http://localhost:3001/_next/static/chunks/f12ff_next_dist_compiled_react-dom_7b2f6d3d._.js:6708:24)
    at runWithFiberInDEV (http://localhost:3001/_next/static/chunks/f12ff_next_dist_compiled_react-dom_7b2f6d3d._.js:965:74)
    at performUnitOfWork (http://localhost:3001/_next/static/chunks/f12ff_next_dist_compiled_react-dom_7b2f6d3d._.js:9562:97)
    at workLoopSync (http://localhost:3001/_next/static/chunks/f12ff_next_dist_compiled_react-dom_7b2f6d3d._.js:9456:40)
    at renderRootSync (http://localhost:3001/_next/static/chunks/f12ff_next_dist_compiled_react-dom_7b2f6d3d._.js:9440:13)
    at performWorkOnRoot (http://localhost:3001/_next/static/chunks/f12ff_next_dist_compiled_react-dom_7b2f6d3d._.js:9068:186)
    at performSyncWorkOnRoot (http://localhost:3001/_next/static/chunks/f12ff_next_dist_compiled_react-dom_7b2f6d3d._.js:10238:9)
    at flushSyncWorkAcrossRoots_impl (http://localhost:3001/_next/static/chunks/f12ff_next_dist_compiled_react-dom_7b2f6d3d._.js:10154:316)
    at flushSyncWork$1 (http://localhost:3001/_next/static/chunks/f12ff_next_dist_compiled_react-dom_7b2f6d3d._.js:9237:86)
    at Object.scheduleRefresh (http://localhost:3001/_next/static/chunks/f12ff_next_dist_compiled_react-dom_7b2f6d3d._.js:299:13)
    at http://localhost:3001/_next/static/chunks/f12ff_next_dist_compiled_cd863794._.js:391:33
    at Set.forEach (<anonymous>)
    at Object.performReactRefresh (http://localhost:3001/_next/static/chunks/f12ff_next_dist_compiled_cd863794._.js:384:38)
    at applyUpdate (http://localhost:3001/_next/static/chunks/f12ff_next_dist_compiled_cd863794._.js:878:31)
    at http://localhost:3001/_next/static/chunks/f12ff_next_dist_compiled_cd863794._.js:886:13 @ http://localhost:3001/_next/static/chunks/f12ff_next_dist_95687940._.js:3132
[ 6211254ms] [ERROR] IntlError: MISSING_MESSAGE: Cannot read properties of undefined (reading 'split')
    at getFallbackFromErrorAndNotify (http://localhost:3001/_next/static/chunks/node_modules__pnpm_a92eadf3._.js:7251:23)
    at translateBaseFn (http://localhost:3001/_next/static/chunks/node_modules__pnpm_a92eadf3._.js:7281:28)
    at translateFn (http://localhost:3001/_next/static/chunks/node_modules__pnpm_a92eadf3._.js:7343:24)
    at labelFor (http://localhost:3001/_next/static/chunks/_af79dd3a._.js?id=%255Bproject%255D%252Fcomponents%252Fatlas%252Fatlas-explorer.tsx+%255Bapp-client%255D+%2528ecmascript%2529:72:30)
    at http://localhost:3001/_next/static/chunks/_2015e761._.js:142:34
    at Array.map (<anonymous>)
    at RegionChoropleth (http://localhost:3001/_next/static/chunks/_2015e761._.js:134:43)
    at Object.react_stack_bottom_frame (http://localhost:3001/_next/static/chunks/f12ff_next_dist_compiled_react-dom_7b2f6d3d._.js:14826:24)
    at renderWithHooks (http://localhost:3001/_next/static/chunks/f12ff_next_dist_compiled_react-dom_7b2f6d3d._.js:4651:24)
    at updateFunctionComponent (http://localhost:3001/_next/static/chunks/f12ff_next_dist_compiled_react-dom_7b2f6d3d._.js:6112:21)
    at beginWork (http://localhost:3001/_next/static/chunks/f12ff_next_dist_compiled_react-dom_7b2f6d3d._.js:6708:24)
    at runWithFiberInDEV (http://localhost:3001/_next/static/chunks/f12ff_next_dist_compiled_react-dom_7b2f6d3d._.js:965:74)
    at performUnitOfWork (http://localhost:3001/_next/static/chunks/f12ff_next_dist_compiled_react-dom_7b2f6d3d._.js:9562:97)
    at workLoopSync (http://localhost:3001/_next/static/chunks/f12ff_next_dist_compiled_react-dom_7b2f6d3d._.js:9456:40)
    at renderRootSync (http://localhost:3001/_next/static/chunks/f12ff_next_dist_compiled_react-dom_7b2f6d3d._.js:9440:13)
    at performWorkOnRoot (http://localhost:3001/_next/static/chunks/f12ff_next_dist_compiled_react-dom_7b2f6d3d._.js:9068:186)
    at performSyncWorkOnRoot (http://localhost:3001/_next/static/chunks/f12ff_next_dist_compiled_react-dom_7b2f6d3d._.js:10238:9)
    at flushSyncWorkAcrossRoots_impl (http://localhost:3001/_next/static/chunks/f12ff_next_dist_compiled_react-dom_7b2f6d3d._.js:10154:316)
    at flushSyncWork$1 (http://localhost:3001/_next/static/chunks/f12ff_next_dist_compiled_react-dom_7b2f6d3d._.js:9237:86)
    at Object.scheduleRefresh (http://localhost:3001/_next/static/chunks/f12ff_next_dist_compiled_react-dom_7b2f6d3d._.js:299:13)
    at http://localhost:3001/_next/static/chunks/f12ff_next_dist_compiled_cd863794._.js:391:33
    at Set.forEach (<anonymous>)
    at Object.performReactRefresh (http://localhost:3001/_next/static/chunks/f12ff_next_dist_compiled_cd863794._.js:384:38)
    at applyUpdate (http://localhost:3001/_next/static/chunks/f12ff_next_dist_compiled_cd863794._.js:878:31)
    at http://localhost:3001/_next/static/chunks/f12ff_next_dist_compiled_cd863794._.js:886:13 @ http://localhost:3001/_next/static/chunks/f12ff_next_dist_95687940._.js:3132
[ 6211254ms] [ERROR] IntlError: MISSING_MESSAGE: Cannot read properties of undefined (reading 'split')
    at getFallbackFromErrorAndNotify (http://localhost:3001/_next/static/chunks/node_modules__pnpm_a92eadf3._.js:7251:23)
    at translateBaseFn (http://localhost:3001/_next/static/chunks/node_modules__pnpm_a92eadf3._.js:7281:28)
    at translateFn (http://localhost:3001/_next/static/chunks/node_modules__pnpm_a92eadf3._.js:7343:24)
    at labelFor (http://localhost:3001/_next/static/chunks/_af79dd3a._.js?id=%255Bproject%255D%252Fcomponents%252Fatlas%252Fatlas-explorer.tsx+%255Bapp-client%255D+%2528ecmascript%2529:72:30)
    at http://localhost:3001/_next/static/chunks/_2015e761._.js:142:34
    at Array.map (<anonymous>)
    at RegionChoropleth (http://localhost:3001/_next/static/chunks/_2015e761._.js:134:43)
    at Object.react_stack_bottom_frame (http://localhost:3001/_next/static/chunks/f12ff_next_dist_compiled_react-dom_7b2f6d3d._.js:14826:24)
    at renderWithHooks (http://localhost:3001/_next/static/chunks/f12ff_next_dist_compiled_react-dom_7b2f6d3d._.js:4651:24)
    at updateFunctionComponent (http://localhost:3001/_next/static/chunks/f12ff_next_dist_compiled_react-dom_7b2f6d3d._.js:6112:21)
    at beginWork (http://localhost:3001/_next/static/chunks/f12ff_next_dist_compiled_react-dom_7b2f6d3d._.js:6708:24)
    at runWithFiberInDEV (http://localhost:3001/_next/static/chunks/f12ff_next_dist_compiled_react-dom_7b2f6d3d._.js:965:74)
    at performUnitOfWork (http://localhost:3001/_next/static/chunks/f12ff_next_dist_compiled_react-dom_7b2f6d3d._.js:9562:97)
    at workLoopSync (http://localhost:3001/_next/static/chunks/f12ff_next_dist_compiled_react-dom_7b2f6d3d._.js:9456:40)
    at renderRootSync (http://localhost:3001/_next/static/chunks/f12ff_next_dist_compiled_react-dom_7b2f6d3d._.js:9440:13)
    at performWorkOnRoot (http://localhost:3001/_next/static/chunks/f12ff_next_dist_compiled_react-dom_7b2f6d3d._.js:9068:186)
    at performSyncWorkOnRoot (http://localhost:3001/_next/static/chunks/f12ff_next_dist_compiled_react-dom_7b2f6d3d._.js:10238:9)
    at flushSyncWorkAcrossRoots_impl (http://localhost:3001/_next/static/chunks/f12ff_next_dist_compiled_react-dom_7b2f6d3d._.js:10154:316)
    at flushSyncWork$1 (http://localhost:3001/_next/static/chunks/f12ff_next_dist_compiled_react-dom_7b2f6d3d._.js:9237:86)
    at Object.scheduleRefresh (http://localhost:3001/_next/static/chunks/f12ff_next_dist_compiled_react-dom_7b2f6d3d._.js:299:13)
    at http://localhost:3001/_next/static/chunks/f12ff_next_dist_compiled_cd863794._.js:391:33
    at Set.forEach (<anonymous>)
    at Object.performReactRefresh (http://localhost:3001/_next/static/chunks/f12ff_next_dist_compiled_cd863794._.js:384:38)
    at applyUpdate (http://localhost:3001/_next/static/chunks/f12ff_next_dist_compiled_cd863794._.js:878:31)
    at http://localhost:3001/_next/static/chunks/f12ff_next_dist_compiled_cd863794._.js:886:13 @ http://localhost:3001/_next/static/chunks/f12ff_next_dist_95687940._.js:3132
[ 6211255ms] [ERROR] IntlError: MISSING_MESSAGE: Cannot read properties of undefined (reading 'split')
    at getFallbackFromErrorAndNotify (http://localhost:3001/_next/static/chunks/node_modules__pnpm_a92eadf3._.js:7251:23)
    at translateBaseFn (http://localhost:3001/_next/static/chunks/node_modules__pnpm_a92eadf3._.js:7281:28)
    at translateFn (http://localhost:3001/_next/static/chunks/node_modules__pnpm_a92eadf3._.js:7343:24)
    at labelFor (http://localhost:3001/_next/static/chunks/_af79dd3a._.js?id=%255Bproject%255D%252Fcomponents%252Fatlas%252Fatlas-explorer.tsx+%255Bapp-client%255D+%2528ecmascript%2529:72:30)
    at http://localhost:3001/_next/static/chunks/_2015e761._.js:142:34
    at Array.map (<anonymous>)
    at RegionChoropleth (http://localhost:3001/_next/static/chunks/_2015e761._.js:134:43)
    at Object.react_stack_bottom_frame (http://localhost:3001/_next/static/chunks/f12ff_next_dist_compiled_react-dom_7b2f6d3d._.js:14826:24)
    at renderWithHooks (http://localhost:3001/_next/static/chunks/f12ff_next_dist_compiled_react-dom_7b2f6d3d._.js:4651:24)
    at updateFunctionComponent (http://localhost:3001/_next/static/chunks/f12ff_next_dist_compiled_react-dom_7b2f6d3d._.js:6112:21)
    at beginWork (http://localhost:3001/_next/static/chunks/f12ff_next_dist_compiled_react-dom_7b2f6d3d._.js:6708:24)
    at runWithFiberInDEV (http://localhost:3001/_next/static/chunks/f12ff_next_dist_compiled_react-dom_7b2f6d3d._.js:965:74)
    at performUnitOfWork (http://localhost:3001/_next/static/chunks/f12ff_next_dist_compiled_react-dom_7b2f6d3d._.js:9562:97)
    at workLoopSync (http://localhost:3001/_next/static/chunks/f12ff_next_dist_compiled_react-dom_7b2f6d3d._.js:9456:40)
    at renderRootSync (http://localhost:3001/_next/static/chunks/f12ff_next_dist_compiled_react-dom_7b2f6d3d._.js:9440:13)
    at performWorkOnRoot (http://localhost:3001/_next/static/chunks/f12ff_next_dist_compiled_react-dom_7b2f6d3d._.js:9068:186)
    at performSyncWorkOnRoot (http://localhost:3001/_next/static/chunks/f12ff_next_dist_compiled_react-dom_7b2f6d3d._.js:10238:9)
    at flushSyncWorkAcrossRoots_impl (http://localhost:3001/_next/static/chunks/f12ff_next_dist_compiled_react-dom_7b2f6d3d._.js:10154:316)
    at flushSyncWork$1 (http://localhost:3001/_next/static/chunks/f12ff_next_dist_compiled_react-dom_7b2f6d3d._.js:9237:86)
    at Object.scheduleRefresh (http://localhost:3001/_next/static/chunks/f12ff_next_dist_compiled_react-dom_7b2f6d3d._.js:299:13)
    at http://localhost:3001/_next/static/chunks/f12ff_next_dist_compiled_cd863794._.js:391:33
    at Set.forEach (<anonymous>)
    at Object.performReactRefresh (http://localhost:3001/_next/static/chunks/f12ff_next_dist_compiled_cd863794._.js:384:38)
    at applyUpdate (http://localhost:3001/_next/static/chunks/f12ff_next_dist_compiled_cd863794._.js:878:31)
    at http://localhost:3001/_next/static/chunks/f12ff_next_dist_compiled_cd863794._.js:886:13 @ http://localhost:3001/_next/static/chunks/f12ff_next_dist_95687940._.js:3132
[ 6211255ms] [ERROR] IntlError: MISSING_MESSAGE: Cannot read properties of undefined (reading 'split')
    at getFallbackFromErrorAndNotify (http://localhost:3001/_next/static/chunks/node_modules__pnpm_a92eadf3._.js:7251:23)
    at translateBaseFn (http://localhost:3001/_next/static/chunks/node_modules__pnpm_a92eadf3._.js:7281:28)
    at translateFn (http://localhost:3001/_next/static/chunks/node_modules__pnpm_a92eadf3._.js:7343:24)
    at labelFor (http://localhost:3001/_next/static/chunks/_af79dd3a._.js?id=%255Bproject%255D%252Fcomponents%252Fatlas%252Fatlas-explorer.tsx+%255Bapp-client%255D+%2528ecmascript%2529:72:30)
    at http://localhost:3001/_next/static/chunks/_2015e761._.js:142:34
    at Array.map (<anonymous>)
    at RegionChoropleth (http://localhost:3001/_next/static/chunks/_2015e761._.js:134:43)
    at Object.react_stack_bottom_frame (http://localhost:3001/_next/static/chunks/f12ff_next_dist_compiled_react-dom_7b2f6d3d._.js:14826:24)
    at renderWithHooksAgain (http://localhost:3001/_next/static/chunks/f12ff_next_dist_compiled_react-dom_7b2f6d3d._.js:4706:24)
    at renderWithHooks (http://localhost:3001/_next/static/chunks/f12ff_next_dist_compiled_react-dom_7b2f6d3d._.js:4657:28)
    at updateFunctionComponent (http://localhost:3001/_next/static/chunks/f12ff_next_dist_compiled_react-dom_7b2f6d3d._.js:6112:21)
    at beginWork (http://localhost:3001/_next/static/chunks/f12ff_next_dist_compiled_react-dom_7b2f6d3d._.js:6708:24)
    at runWithFiberInDEV (http://localhost:3001/_next/static/chunks/f12ff_next_dist_compiled_react-dom_7b2f6d3d._.js:965:74)
    at performUnitOfWork (http://localhost:3001/_next/static/chunks/f12ff_next_dist_compiled_react-dom_7b2f6d3d._.js:9562:97)
    at workLoopSync (http://localhost:3001/_next/static/chunks/f12ff_next_dist_compiled_react-dom_7b2f6d3d._.js:9456:40)
    at renderRootSync (http://localhost:3001/_next/static/chunks/f12ff_next_dist_compiled_react-dom_7b2f6d3d._.js:9440:13)
    at performWorkOnRoot (http://localhost:3001/_next/static/chunks/f12ff_next_dist_compiled_react-dom_7b2f6d3d._.js:9068:186)
    at performSyncWorkOnRoot (http://localhost:3001/_next/static/chunks/f12ff_next_dist_compiled_react-dom_7b2f6d3d._.js:10238:9)
    at flushSyncWorkAcrossRoots_impl (http://localhost:3001/_next/static/chunks/f12ff_next_dist_compiled_react-dom_7b2f6d3d._.js:10154:316)
    at flushSyncWork$1 (http://localhost:3001/_next/static/chunks/f12ff_next_dist_compiled_react-dom_7b2f6d3d._.js:9237:86)
    at Object.scheduleRefresh (http://localhost:3001/_next/static/chunks/f12ff_next_dist_compiled_react-dom_7b2f6d3d._.js:299:13)
    at http://localhost:3001/_next/static/chunks/f12ff_next_dist_compiled_cd863794._.js:391:33
    at Set.forEach (<anonymous>)
    at Object.performReactRefresh (http://localhost:3001/_next/static/chunks/f12ff_next_dist_compiled_cd863794._.js:384:38)
    at applyUpdate (http://localhost:3001/_next/static/chunks/f12ff_next_dist_compiled_cd863794._.js:878:31)
    at http://localhost:3001/_next/static/chunks/f12ff_next_dist_compiled_cd863794._.js:886:13 @ http://localhost:3001/_next/static/chunks/f12ff_next_dist_95687940._.js:3132
[ 6211255ms] [ERROR] IntlError: MISSING_MESSAGE: Cannot read properties of undefined (reading 'split')
    at getFallbackFromErrorAndNotify (http://localhost:3001/_next/static/chunks/node_modules__pnpm_a92eadf3._.js:7251:23)
    at translateBaseFn (http://localhost:3001/_next/static/chunks/node_modules__pnpm_a92eadf3._.js:7281:28)
    at translateFn (http://localhost:3001/_next/static/chunks/node_modules__pnpm_a92eadf3._.js:7343:24)
    at labelFor (http://localhost:3001/_next/static/chunks/_af79dd3a._.js?id=%255Bproject%255D%252Fcomponents%252Fatlas%252Fatlas-explorer.tsx+%255Bapp-client%255D+%2528ecmascript%2529:72:30)
    at http://localhost:3001/_next/static/chunks/_2015e761._.js:142:34
    at Array.map (<anonymous>)
    at RegionChoropleth (http://localhost:3001/_next/static/chunks/_2015e761._.js:134:43)
    at Object.react_stack_bottom_frame (http://localhost:3001/_next/static/chunks/f12ff_next_dist_compiled_react-dom_7b2f6d3d._.js:14826:24)
    at renderWithHooksAgain (http://localhost:3001/_next/static/chunks/f12ff_next_dist_compiled_react-dom_7b2f6d3d._.js:4706:24)
    at renderWithHooks (http://localhost:3001/_next/static/chunks/f12ff_next_dist_compiled_react-dom_7b2f6d3d._.js:4657:28)
    at updateFunctionComponent (http://localhost:3001/_next/static/chunks/f12ff_next_dist_compiled_react-dom_7b2f6d3d._.js:6112:21)
    at beginWork (http://localhost:3001/_next/static/chunks/f12ff_next_dist_compiled_react-dom_7b2f6d3d._.js:6708:24)
    at runWithFiberInDEV (http://localhost:3001/_next/static/chunks/f12ff_next_dist_compiled_react-dom_7b2f6d3d._.js:965:74)
    at performUnitOfWork (http://localhost:3001/_next/static/chunks/f12ff_next_dist_compiled_react-dom_7b2f6d3d._.js:9562:97)
    at workLoopSync (http://localhost:3001/_next/static/chunks/f12ff_next_dist_compiled_react-dom_7b2f6d3d._.js:9456:40)
    at renderRootSync (http://localhost:3001/_next/static/chunks/f12ff_next_dist_compiled_react-dom_7b2f6d3d._.js:9440:13)
    at performWorkOnRoot (http://localhost:3001/_next/static/chunks/f12ff_next_dist_compiled_react-dom_7b2f6d3d._.js:9068:186)
    at performSyncWorkOnRoot (http://localhost:3001/_next/static/chunks/f12ff_next_dist_compiled_react-dom_7b2f6d3d._.js:10238:9)
    at flushSyncWorkAcrossRoots_impl (http://localhost:3001/_next/static/chunks/f12ff_next_dist_compiled_react-dom_7b2f6d3d._.js:10154:316)
    at flushSyncWork$1 (http://localhost:3001/_next/static/chunks/f12ff_next_dist_compiled_react-dom_7b2f6d3d._.js:9237:86)
    at Object.scheduleRefresh (http://localhost:3001/_next/static/chunks/f12ff_next_dist_compiled_react-dom_7b2f6d3d._.js:299:13)
    at http://localhost:3001/_next/static/chunks/f12ff_next_dist_compiled_cd863794._.js:391:33
    at Set.forEach (<anonymous>)
    at Object.performReactRefresh (http://localhost:3001/_next/static/chunks/f12ff_next_dist_compiled_cd863794._.js:384:38)
    at applyUpdate (http://localhost:3001/_next/static/chunks/f12ff_next_dist_compiled_cd863794._.js:878:31)
    at http://localhost:3001/_next/static/chunks/f12ff_next_dist_compiled_cd863794._.js:886:13 @ http://localhost:3001/_next/static/chunks/f12ff_next_dist_95687940._.js:3132
[ 6211255ms] [ERROR] IntlError: MISSING_MESSAGE: Cannot read properties of undefined (reading 'split')
    at getFallbackFromErrorAndNotify (http://localhost:3001/_next/static/chunks/node_modules__pnpm_a92eadf3._.js:7251:23)
    at translateBaseFn (http://localhost:3001/_next/static/chunks/node_modules__pnpm_a92eadf3._.js:7281:28)
    at translateFn (http://localhost:3001/_next/static/chunks/node_modules__pnpm_a92eadf3._.js:7343:24)
    at labelFor (http://localhost:3001/_next/static/chunks/_af79dd3a._.js?id=%255Bproject%255D%252Fcomponents%252Fatlas%252Fatlas-explorer.tsx+%255Bapp-client%255D+%2528ecmascript%2529:72:30)
    at http://localhost:3001/_next/static/chunks/_2015e761._.js:142:34
    at Array.map (<anonymous>)
    at RegionChoropleth (http://localhost:3001/_next/static/chunks/_2015e761._.js:134:43)
    at Object.react_stack_bottom_frame (http://localhost:3001/_next/static/chunks/f12ff_next_dist_compiled_react-dom_7b2f6d3d._.js:14826:24)
    at renderWithHooksAgain (http://localhost:3001/_next/static/chunks/f12ff_next_dist_compiled_react-dom_7b2f6d3d._.js:4706:24)
    at renderWithHooks (http://localhost:3001/_next/static/chunks/f12ff_next_dist_compiled_react-dom_7b2f6d3d._.js:4657:28)
    at updateFunctionComponent (http://localhost:3001/_next/static/chunks/f12ff_next_dist_compiled_react-dom_7b2f6d3d._.js:6112:21)
    at beginWork (http://localhost:3001/_next/static/chunks/f12ff_next_dist_compiled_react-dom_7b2f6d3d._.js:6708:24)
    at runWithFiberInDEV (http://localhost:3001/_next/static/chunks/f12ff_next_dist_compiled_react-dom_7b2f6d3d._.js:965:74)
    at performUnitOfWork (http://localhost:3001/_next/static/chunks/f12ff_next_dist_compiled_react-dom_7b2f6d3d._.js:9562:97)
    at workLoopSync (http://localhost:3001/_next/static/chunks/f12ff_next_dist_compiled_react-dom_7b2f6d3d._.js:9456:40)
    at renderRootSync (http://localhost:3001/_next/static/chunks/f12ff_next_dist_compiled_react-dom_7b2f6d3d._.js:9440:13)
    at performWorkOnRoot (http://localhost:3001/_next/static/chunks/f12ff_next_dist_compiled_react-dom_7b2f6d3d._.js:9068:186)
    at performSyncWorkOnRoot (http://localhost:3001/_next/static/chunks/f12ff_next_dist_compiled_react-dom_7b2f6d3d._.js:10238:9)
    at flushSyncWorkAcrossRoots_impl (http://localhost:3001/_next/static/chunks/f12ff_next_dist_compiled_react-dom_7b2f6d3d._.js:10154:316)
    at flushSyncWork$1 (http://localhost:3001/_next/static/chunks/f12ff_next_dist_compiled_react-dom_7b2f6d3d._.js:9237:86)
    at Object.scheduleRefresh (http://localhost:3001/_next/static/chunks/f12ff_next_dist_compiled_react-dom_7b2f6d3d._.js:299:13)
    at http://localhost:3001/_next/static/chunks/f12ff_next_dist_compiled_cd863794._.js:391:33
    at Set.forEach (<anonymous>)
    at Object.performReactRefresh (http://localhost:3001/_next/static/chunks/f12ff_next_dist_compiled_cd863794._.js:384:38)
    at applyUpdate (http://localhost:3001/_next/static/chunks/f12ff_next_dist_compiled_cd863794._.js:878:31)
    at http://localhost:3001/_next/static/chunks/f12ff_next_dist_compiled_cd863794._.js:886:13 @ http://localhost:3001/_next/static/chunks/f12ff_next_dist_95687940._.js:3132
[ 6211255ms] [ERROR] IntlError: MISSING_MESSAGE: Cannot read properties of undefined (reading 'split')
    at getFallbackFromErrorAndNotify (http://localhost:3001/_next/static/chunks/node_modules__pnpm_a92eadf3._.js:7251:23)
    at translateBaseFn (http://localhost:3001/_next/static/chunks/node_modules__pnpm_a92eadf3._.js:7281:28)
    at translateFn (http://localhost:3001/_next/static/chunks/node_modules__pnpm_a92eadf3._.js:7343:24)
    at labelFor (http://localhost:3001/_next/static/chunks/_af79dd3a._.js?id=%255Bproject%255D%252Fcomponents%252Fatlas%252Fatlas-explorer.tsx+%255Bapp-client%255D+%2528ecmascript%2529:72:30)
    at http://localhost:3001/_next/static/chunks/_2015e761._.js:142:34
    at Array.map (<anonymous>)
    at RegionChoropleth (http://localhost:3001/_next/static/chunks/_2015e761._.js:134:43)
    at Object.react_stack_bottom_frame (http://localhost:3001/_next/static/chunks/f12ff_next_dist_compiled_react-dom_7b2f6d3d._.js:14826:24)
    at renderWithHooksAgain (http://localhost:3001/_next/static/chunks/f12ff_next_dist_compiled_react-dom_7b2f6d3d._.js:4706:24)
    at renderWithHooks (http://localhost:3001/_next/static/chunks/f12ff_next_dist_compiled_react-dom_7b2f6d3d._.js:4657:28)
    at updateFunctionComponent (http://localhost:3001/_next/static/chunks/f12ff_next_dist_compiled_react-dom_7b2f6d3d._.js:6112:21)
    at beginWork (http://localhost:3001/_next/static/chunks/f12ff_next_dist_compiled_react-dom_7b2f6d3d._.js:6708:24)
    at runWithFiberInDEV (http://localhost:3001/_next/static/chunks/f12ff_next_dist_compiled_react-dom_7b2f6d3d._.js:965:74)
    at performUnitOfWork (http://localhost:3001/_next/static/chunks/f12ff_next_dist_compiled_react-dom_7b2f6d3d._.js:9562:97)
    at workLoopSync (http://localhost:3001/_next/static/chunks/f12ff_next_dist_compiled_react-dom_7b2f6d3d._.js:9456:40)
    at renderRootSync (http://localhost:3001/_next/static/chunks/f12ff_next_dist_compiled_react-dom_7b2f6d3d._.js:9440:13)
    at performWorkOnRoot (http://localhost:3001/_next/static/chunks/f12ff_next_dist_compiled_react-dom_7b2f6d3d._.js:9068:186)
    at performSyncWorkOnRoot (http://localhost:3001/_next/static/chunks/f12ff_next_dist_compiled_react-dom_7b2f6d3d._.js:10238:9)
    at flushSyncWorkAcrossRoots_impl (http://localhost:3001/_next/static/chunks/f12ff_next_dist_compiled_react-dom_7b2f6d3d._.js:10154:316)
    at flushSyncWork$1 (http://localhost:3001/_next/static/chunks/f12ff_next_dist_compiled_react-dom_7b2f6d3d._.js:9237:86)
    at Object.scheduleRefresh (http://localhost:3001/_next/static/chunks/f12ff_next_dist_compiled_react-dom_7b2f6d3d._.js:299:13)
    at http://localhost:3001/_next/static/chunks/f12ff_next_dist_compiled_cd863794._.js:391:33
    at Set.forEach (<anonymous>)
    at Object.performReactRefresh (http://localhost:3001/_next/static/chunks/f12ff_next_dist_compiled_cd863794._.js:384:38)
    at applyUpdate (http://localhost:3001/_next/static/chunks/f12ff_next_dist_compiled_cd863794._.js:878:31)
    at http://localhost:3001/_next/static/chunks/f12ff_next_dist_compiled_cd863794._.js:886:13 @ http://localhost:3001/_next/static/chunks/f12ff_next_dist_95687940._.js:3132
[ 6211256ms] [ERROR] IntlError: MISSING_MESSAGE: Cannot read properties of undefined (reading 'split')
    at getFallbackFromErrorAndNotify (http://localhost:3001/_next/static/chunks/node_modules__pnpm_a92eadf3._.js:7251:23)
    at translateBaseFn (http://localhost:3001/_next/static/chunks/node_modules__pnpm_a92eadf3._.js:7281:28)
    at translateFn (http://localhost:3001/_next/static/chunks/node_modules__pnpm_a92eadf3._.js:7343:24)
    at labelFor (http://localhost:3001/_next/static/chunks/_af79dd3a._.js?id=%255Bproject%255D%252Fcomponents%252Fatlas%252Fatlas-explorer.tsx+%255Bapp-client%255D+%2528ecmascript%2529:72:30)
    at http://localhost:3001/_next/static/chunks/_2015e761._.js:142:34
    at Array.map (<anonymous>)
    at RegionChoropleth (http://localhost:3001/_next/static/chunks/_2015e761._.js:134:43)
    at Object.react_stack_bottom_frame (http://localhost:3001/_next/static/chunks/f12ff_next_dist_compiled_react-dom_7b2f6d3d._.js:14826:24)
    at renderWithHooksAgain (http://localhost:3001/_next/static/chunks/f12ff_next_dist_compiled_react-dom_7b2f6d3d._.js:4706:24)
    at renderWithHooks (http://localhost:3001/_next/static/chunks/f12ff_next_dist_compiled_react-dom_7b2f6d3d._.js:4657:28)
    at updateFunctionComponent (http://localhost:3001/_next/static/chunks/f12ff_next_dist_compiled_react-dom_7b2f6d3d._.js:6112:21)
    at beginWork (http://localhost:3001/_next/static/chunks/f12ff_next_dist_compiled_react-dom_7b2f6d3d._.js:6708:24)
    at runWithFiberInDEV (http://localhost:3001/_next/static/chunks/f12ff_next_dist_compiled_react-dom_7b2f6d3d._.js:965:74)
    at performUnitOfWork (http://localhost:3001/_next/static/chunks/f12ff_next_dist_compiled_react-dom_7b2f6d3d._.js:9562:97)
    at workLoopSync (http://localhost:3001/_next/static/chunks/f12ff_next_dist_compiled_react-dom_7b2f6d3d._.js:9456:40)
    at renderRootSync (http://localhost:3001/_next/static/chunks/f12ff_next_dist_compiled_react-dom_7b2f6d3d._.js:9440:13)
    at performWorkOnRoot (http://localhost:3001/_next/static/chunks/f12ff_next_dist_compiled_react-dom_7b2f6d3d._.js:9068:186)
    at performSyncWorkOnRoot (http://localhost:3001/_next/static/chunks/f12ff_next_dist_compiled_react-dom_7b2f6d3d._.js:10238:9)
    at flushSyncWorkAcrossRoots_impl (http://localhost:3001/_next/static/chunks/f12ff_next_dist_compiled_react-dom_7b2f6d3d._.js:10154:316)
    at flushSyncWork$1 (http://localhost:3001/_next/static/chunks/f12ff_next_dist_compiled_react-dom_7b2f6d3d._.js:9237:86)
    at Object.scheduleRefresh (http://localhost:3001/_next/static/chunks/f12ff_next_dist_compiled_react-dom_7b2f6d3d._.js:299:13)
    at http://localhost:3001/_next/static/chunks/f12ff_next_dist_compiled_cd863794._.js:391:33
    at Set.forEach (<anonymous>)
    at Object.performReactRefresh (http://localhost:3001/_next/static/chunks/f12ff_next_dist_compiled_cd863794._.js:384:38)
    at applyUpdate (http://localhost:3001/_next/static/chunks/f12ff_next_dist_compiled_cd863794._.js:878:31)
    at http://localhost:3001/_next/static/chunks/f12ff_next_dist_compiled_cd863794._.js:886:13 @ http://localhost:3001/_next/static/chunks/f12ff_next_dist_95687940._.js:3132
[ 6211256ms] [ERROR] IntlError: MISSING_MESSAGE: Cannot read properties of undefined (reading 'split')
    at getFallbackFromErrorAndNotify (http://localhost:3001/_next/static/chunks/node_modules__pnpm_a92eadf3._.js:7251:23)
    at translateBaseFn (http://localhost:3001/_next/static/chunks/node_modules__pnpm_a92eadf3._.js:7281:28)
    at translateFn (http://localhost:3001/_next/static/chunks/node_modules__pnpm_a92eadf3._.js:7343:24)
    at labelFor (http://localhost:3001/_next/static/chunks/_af79dd3a._.js?id=%255Bproject%255D%252Fcomponents%252Fatlas%252Fatlas-explorer.tsx+%255Bapp-client%255D+%2528ecmascript%2529:72:30)
    at http://localhost:3001/_next/static/chunks/_2015e761._.js:142:34
    at Array.map (<anonymous>)
    at RegionChoropleth (http://localhost:3001/_next/static/chunks/_2015e761._.js:134:43)
    at Object.react_stack_bottom_frame (http://localhost:3001/_next/static/chunks/f12ff_next_dist_compiled_react-dom_7b2f6d3d._.js:14826:24)
    at renderWithHooksAgain (http://localhost:3001/_next/static/chunks/f12ff_next_dist_compiled_react-dom_7b2f6d3d._.js:4706:24)
    at renderWithHooks (http://localhost:3001/_next/static/chunks/f12ff_next_dist_compiled_react-dom_7b2f6d3d._.js:4657:28)
    at updateFunctionComponent (http://localhost:3001/_next/static/chunks/f12ff_next_dist_compiled_react-dom_7b2f6d3d._.js:6112:21)
    at beginWork (http://localhost:3001/_next/static/chunks/f12ff_next_dist_compiled_react-dom_7b2f6d3d._.js:6708:24)
    at runWithFiberInDEV (http://localhost:3001/_next/static/chunks/f12ff_next_dist_compiled_react-dom_7b2f6d3d._.js:965:74)
    at performUnitOfWork (http://localhost:3001/_next/static/chunks/f12ff_next_dist_compiled_react-dom_7b2f6d3d._.js:9562:97)
    at workLoopSync (http://localhost:3001/_next/static/chunks/f12ff_next_dist_compiled_react-dom_7b2f6d3d._.js:9456:40)
    at renderRootSync (http://localhost:3001/_next/static/chunks/f12ff_next_dist_compiled_react-dom_7b2f6d3d._.js:9440:13)
    at performWorkOnRoot (http://localhost:3001/_next/static/chunks/f12ff_next_dist_compiled_react-dom_7b2f6d3d._.js:9068:186)
    at performSyncWorkOnRoot (http://localhost:3001/_next/static/chunks/f12ff_next_dist_compiled_react-dom_7b2f6d3d._.js:10238:9)
    at flushSyncWorkAcrossRoots_impl (http://localhost:3001/_next/static/chunks/f12ff_next_dist_compiled_react-dom_7b2f6d3d._.js:10154:316)
    at flushSyncWork$1 (http://localhost:3001/_next/static/chunks/f12ff_next_dist_compiled_react-dom_7b2f6d3d._.js:9237:86)
    at Object.scheduleRefresh (http://localhost:3001/_next/static/chunks/f12ff_next_dist_compiled_react-dom_7b2f6d3d._.js:299:13)
    at http://localhost:3001/_next/static/chunks/f12ff_next_dist_compiled_cd863794._.js:391:33
    at Set.forEach (<anonymous>)
    at Object.performReactRefresh (http://localhost:3001/_next/static/chunks/f12ff_next_dist_compiled_cd863794._.js:384:38)
    at applyUpdate (http://localhost:3001/_next/static/chunks/f12ff_next_dist_compiled_cd863794._.js:878:31)
    at http://localhost:3001/_next/static/chunks/f12ff_next_dist_compiled_cd863794._.js:886:13 @ http://localhost:3001/_next/static/chunks/f12ff_next_dist_95687940._.js:3132
[ 6211256ms] [ERROR] IntlError: MISSING_MESSAGE: Cannot read properties of undefined (reading 'split')
    at getFallbackFromErrorAndNotify (http://localhost:3001/_next/static/chunks/node_modules__pnpm_a92eadf3._.js:7251:23)
    at translateBaseFn (http://localhost:3001/_next/static/chunks/node_modules__pnpm_a92eadf3._.js:7281:28)
    at translateFn (http://localhost:3001/_next/static/chunks/node_modules__pnpm_a92eadf3._.js:7343:24)
    at labelFor (http://localhost:3001/_next/static/chunks/_af79dd3a._.js?id=%255Bproject%255D%252Fcomponents%252Fatlas%252Fatlas-explorer.tsx+%255Bapp-client%255D+%2528ecmascript%2529:72:30)
    at http://localhost:3001/_next/static/chunks/_2015e761._.js:142:34
    at Array.map (<anonymous>)
    at RegionChoropleth (http://localhost:3001/_next/static/chunks/_2015e761._.js:134:43)
    at Object.react_stack_bottom_frame (http://localhost:3001/_next/static/chunks/f12ff_next_dist_compiled_react-dom_7b2f6d3d._.js:14826:24)
    at renderWithHooksAgain (http://localhost:3001/_next/static/chunks/f12ff_next_dist_compiled_react-dom_7b2f6d3d._.js:4706:24)
    at renderWithHooks (http://localhost:3001/_next/static/chunks/f12ff_next_dist_compiled_react-dom_7b2f6d3d._.js:4657:28)
    at updateFunctionComponent (http://localhost:3001/_next/static/chunks/f12ff_next_dist_compiled_react-dom_7b2f6d3d._.js:6112:21)
    at beginWork (http://localhost:3001/_next/static/chunks/f12ff_next_dist_compiled_react-dom_7b2f6d3d._.js:6708:24)
    at runWithFiberInDEV (http://localhost:3001/_next/static/chunks/f12ff_next_dist_compiled_react-dom_7b2f6d3d._.js:965:74)
    at performUnitOfWork (http://localhost:3001/_next/static/chunks/f12ff_next_dist_compiled_react-dom_7b2f6d3d._.js:9562:97)
    at workLoopSync (http://localhost:3001/_next/static/chunks/f12ff_next_dist_compiled_react-dom_7b2f6d3d._.js:9456:40)
    at renderRootSync (http://localhost:3001/_next/static/chunks/f12ff_next_dist_compiled_react-dom_7b2f6d3d._.js:9440:13)
    at performWorkOnRoot (http://localhost:3001/_next/static/chunks/f12ff_next_dist_compiled_react-dom_7b2f6d3d._.js:9068:186)
    at performSyncWorkOnRoot (http://localhost:3001/_next/static/chunks/f12ff_next_dist_compiled_react-dom_7b2f6d3d._.js:10238:9)
    at flushSyncWorkAcrossRoots_impl (http://localhost:3001/_next/static/chunks/f12ff_next_dist_compiled_react-dom_7b2f6d3d._.js:10154:316)
    at flushSyncWork$1 (http://localhost:3001/_next/static/chunks/f12ff_next_dist_compiled_react-dom_7b2f6d3d._.js:9237:86)
    at Object.scheduleRefresh (http://localhost:3001/_next/static/chunks/f12ff_next_dist_compiled_react-dom_7b2f6d3d._.js:299:13)
    at http://localhost:3001/_next/static/chunks/f12ff_next_dist_compiled_cd863794._.js:391:33
    at Set.forEach (<anonymous>)
    at Object.performReactRefresh (http://localhost:3001/_next/static/chunks/f12ff_next_dist_compiled_cd863794._.js:384:38)
    at applyUpdate (http://localhost:3001/_next/static/chunks/f12ff_next_dist_compiled_cd863794._.js:878:31)
    at http://localhost:3001/_next/static/chunks/f12ff_next_dist_compiled_cd863794._.js:886:13 @ http://localhost:3001/_next/static/chunks/f12ff_next_dist_95687940._.js:3132
[ 6211273ms] [LOG] [Fast Refresh] done in 2991ms @ http://localhost:3001/_next/static/chunks/f12ff_next_dist_95687940._.js:2302
[ 6237483ms] [LOG] [Fast Refresh] rebuilding @ http://localhost:3001/_next/static/chunks/f12ff_next_dist_95687940._.js:2302
[ 6237879ms] [LOG] [Fast Refresh] done in 486ms @ http://localhost:3001/_next/static/chunks/f12ff_next_dist_95687940._.js:2302
[ 6237986ms] [LOG] [Fast Refresh] rebuilding @ http://localhost:3001/_next/static/chunks/f12ff_next_dist_95687940._.js:2302
[ 6240998ms] [LOG] [Fast Refresh] done in 3112ms @ http://localhost:3001/_next/static/chunks/f12ff_next_dist_95687940._.js:2302
[ 6241267ms] [ERROR] IntlError: MISSING_MESSAGE: Cannot read properties of undefined (reading 'split')
    at getFallbackFromErrorAndNotify (http://localhost:3001/_next/static/chunks/node_modules__pnpm_a92eadf3._.js:7251:23)
    at translateBaseFn (http://localhost:3001/_next/static/chunks/node_modules__pnpm_a92eadf3._.js:7281:28)
    at translateFn (http://localhost:3001/_next/static/chunks/node_modules__pnpm_a92eadf3._.js:7343:24)
    at labelFor (http://localhost:3001/_next/static/chunks/_af79dd3a._.js?id=%255Bproject%255D%252Fcomponents%252Fatlas%252Fatlas-explorer.tsx+%255Bapp-client%255D+%2528ecmascript%2529:72:30)
    at http://localhost:3001/_next/static/chunks/_2015e761._.js:142:34
    at Array.map (<anonymous>)
    at RegionChoropleth (http://localhost:3001/_next/static/chunks/_2015e761._.js:134:43)
    at Object.react_stack_bottom_frame (http://localhost:3001/_next/static/chunks/f12ff_next_dist_compiled_react-dom_7b2f6d3d._.js:14826:24)
    at renderWithHooks (http://localhost:3001/_next/static/chunks/f12ff_next_dist_compiled_react-dom_7b2f6d3d._.js:4651:24)
    at updateFunctionComponent (http://localhost:3001/_next/static/chunks/f12ff_next_dist_compiled_react-dom_7b2f6d3d._.js:6112:21)
    at beginWork (http://localhost:3001/_next/static/chunks/f12ff_next_dist_compiled_react-dom_7b2f6d3d._.js:6708:24)
    at runWithFiberInDEV (http://localhost:3001/_next/static/chunks/f12ff_next_dist_compiled_react-dom_7b2f6d3d._.js:965:74)
    at performUnitOfWork (http://localhost:3001/_next/static/chunks/f12ff_next_dist_compiled_react-dom_7b2f6d3d._.js:9562:97)
    at workLoopConcurrentByScheduler (http://localhost:3001/_next/static/chunks/f12ff_next_dist_compiled_react-dom_7b2f6d3d._.js:9558:58)
    at renderRootConcurrent (http://localhost:3001/_next/static/chunks/f12ff_next_dist_compiled_react-dom_7b2f6d3d._.js:9541:71)
    at performWorkOnRoot (http://localhost:3001/_next/static/chunks/f12ff_next_dist_compiled_react-dom_7b2f6d3d._.js:9068:150)
    at performWorkOnRootViaSchedulerTask (http://localhost:3001/_next/static/chunks/f12ff_next_dist_compiled_react-dom_7b2f6d3d._.js:10230:9)
    at MessagePort.performWorkUntilDeadline (http://localhost:3001/_next/static/chunks/f12ff_next_dist_compiled_cd863794._.js:2647:64) @ http://localhost:3001/_next/static/chunks/f12ff_next_dist_95687940._.js:3132
[ 6241277ms] [ERROR] IntlError: MISSING_MESSAGE: Cannot read properties of undefined (reading 'split')
    at getFallbackFromErrorAndNotify (http://localhost:3001/_next/static/chunks/node_modules__pnpm_a92eadf3._.js:7251:23)
    at translateBaseFn (http://localhost:3001/_next/static/chunks/node_modules__pnpm_a92eadf3._.js:7281:28)
    at translateFn (http://localhost:3001/_next/static/chunks/node_modules__pnpm_a92eadf3._.js:7343:24)
    at labelFor (http://localhost:3001/_next/static/chunks/_af79dd3a._.js?id=%255Bproject%255D%252Fcomponents%252Fatlas%252Fatlas-explorer.tsx+%255Bapp-client%255D+%2528ecmascript%2529:72:30)
    at http://localhost:3001/_next/static/chunks/_2015e761._.js:142:34
    at Array.map (<anonymous>)
    at RegionChoropleth (http://localhost:3001/_next/static/chunks/_2015e761._.js:134:43)
    at Object.react_stack_bottom_frame (http://localhost:3001/_next/static/chunks/f12ff_next_dist_compiled_react-dom_7b2f6d3d._.js:14826:24)
    at renderWithHooks (http://localhost:3001/_next/static/chunks/f12ff_next_dist_compiled_react-dom_7b2f6d3d._.js:4651:24)
    at updateFunctionComponent (http://localhost:3001/_next/static/chunks/f12ff_next_dist_compiled_react-dom_7b2f6d3d._.js:6112:21)
    at beginWork (http://localhost:3001/_next/static/chunks/f12ff_next_dist_compiled_react-dom_7b2f6d3d._.js:6708:24)
    at runWithFiberInDEV (http://localhost:3001/_next/static/chunks/f12ff_next_dist_compiled_react-dom_7b2f6d3d._.js:965:74)
    at performUnitOfWork (http://localhost:3001/_next/static/chunks/f12ff_next_dist_compiled_react-dom_7b2f6d3d._.js:9562:97)
    at workLoopConcurrentByScheduler (http://localhost:3001/_next/static/chunks/f12ff_next_dist_compiled_react-dom_7b2f6d3d._.js:9558:58)
    at renderRootConcurrent (http://localhost:3001/_next/static/chunks/f12ff_next_dist_compiled_react-dom_7b2f6d3d._.js:9541:71)
    at performWorkOnRoot (http://localhost:3001/_next/static/chunks/f12ff_next_dist_compiled_react-dom_7b2f6d3d._.js:9068:150)
    at performWorkOnRootViaSchedulerTask (http://localhost:3001/_next/static/chunks/f12ff_next_dist_compiled_react-dom_7b2f6d3d._.js:10230:9)
    at MessagePort.performWorkUntilDeadline (http://localhost:3001/_next/static/chunks/f12ff_next_dist_compiled_cd863794._.js:2647:64) @ http://localhost:3001/_next/static/chunks/f12ff_next_dist_95687940._.js:3132
[ 6241279ms] [ERROR] IntlError: MISSING_MESSAGE: Cannot read properties of undefined (reading 'split')
    at getFallbackFromErrorAndNotify (http://localhost:3001/_next/static/chunks/node_modules__pnpm_a92eadf3._.js:7251:23)
    at translateBaseFn (http://localhost:3001/_next/static/chunks/node_modules__pnpm_a92eadf3._.js:7281:28)
    at translateFn (http://localhost:3001/_next/static/chunks/node_modules__pnpm_a92eadf3._.js:7343:24)
    at labelFor (http://localhost:3001/_next/static/chunks/_af79dd3a._.js?id=%255Bproject%255D%252Fcomponents%252Fatlas%252Fatlas-explorer.tsx+%255Bapp-client%255D+%2528ecmascript%2529:72:30)
    at http://localhost:3001/_next/static/chunks/_2015e761._.js:142:34
    at Array.map (<anonymous>)
    at RegionChoropleth (http://localhost:3001/_next/static/chunks/_2015e761._.js:134:43)
    at Object.react_stack_bottom_frame (http://localhost:3001/_next/static/chunks/f12ff_next_dist_compiled_react-dom_7b2f6d3d._.js:14826:24)
    at renderWithHooks (http://localhost:3001/_next/static/chunks/f12ff_next_dist_compiled_react-dom_7b2f6d3d._.js:4651:24)
    at updateFunctionComponent (http://localhost:3001/_next/static/chunks/f12ff_next_dist_compiled_react-dom_7b2f6d3d._.js:6112:21)
    at beginWork (http://localhost:3001/_next/static/chunks/f12ff_next_dist_compiled_react-dom_7b2f6d3d._.js:6708:24)
    at runWithFiberInDEV (http://localhost:3001/_next/static/chunks/f12ff_next_dist_compiled_react-dom_7b2f6d3d._.js:965:74)
    at performUnitOfWork (http://localhost:3001/_next/static/chunks/f12ff_next_dist_compiled_react-dom_7b2f6d3d._.js:9562:97)
    at workLoopConcurrentByScheduler (http://localhost:3001/_next/static/chunks/f12ff_next_dist_compiled_react-dom_7b2f6d3d._.js:9558:58)
    at renderRootConcurrent (http://localhost:3001/_next/static/chunks/f12ff_next_dist_compiled_react-dom_7b2f6d3d._.js:9541:71)
    at performWorkOnRoot (http://localhost:3001/_next/static/chunks/f12ff_next_dist_compiled_react-dom_7b2f6d3d._.js:9068:150)
    at performWorkOnRootViaSchedulerTask (http://localhost:3001/_next/static/chunks/f12ff_next_dist_compiled_react-dom_7b2f6d3d._.js:10230:9)
    at MessagePort.performWorkUntilDeadline (http://localhost:3001/_next/static/chunks/f12ff_next_dist_compiled_cd863794._.js:2647:64) @ http://localhost:3001/_next/static/chunks/f12ff_next_dist_95687940._.js:3132
[ 6241280ms] [ERROR] IntlError: MISSING_MESSAGE: Cannot read properties of undefined (reading 'split')
    at getFallbackFromErrorAndNotify (http://localhost:3001/_next/static/chunks/node_modules__pnpm_a92eadf3._.js:7251:23)
    at translateBaseFn (http://localhost:3001/_next/static/chunks/node_modules__pnpm_a92eadf3._.js:7281:28)
    at translateFn (http://localhost:3001/_next/static/chunks/node_modules__pnpm_a92eadf3._.js:7343:24)
    at labelFor (http://localhost:3001/_next/static/chunks/_af79dd3a._.js?id=%255Bproject%255D%252Fcomponents%252Fatlas%252Fatlas-explorer.tsx+%255Bapp-client%255D+%2528ecmascript%2529:72:30)
    at http://localhost:3001/_next/static/chunks/_2015e761._.js:142:34
    at Array.map (<anonymous>)
    at RegionChoropleth (http://localhost:3001/_next/static/chunks/_2015e761._.js:134:43)
    at Object.react_stack_bottom_frame (http://localhost:3001/_next/static/chunks/f12ff_next_dist_compiled_react-dom_7b2f6d3d._.js:14826:24)
    at renderWithHooks (http://localhost:3001/_next/static/chunks/f12ff_next_dist_compiled_react-dom_7b2f6d3d._.js:4651:24)
    at updateFunctionComponent (http://localhost:3001/_next/static/chunks/f12ff_next_dist_compiled_react-dom_7b2f6d3d._.js:6112:21)
    at beginWork (http://localhost:3001/_next/static/chunks/f12ff_next_dist_compiled_react-dom_7b2f6d3d._.js:6708:24)
    at runWithFiberInDEV (http://localhost:3001/_next/static/chunks/f12ff_next_dist_compiled_react-dom_7b2f6d3d._.js:965:74)
    at performUnitOfWork (http://localhost:3001/_next/static/chunks/f12ff_next_dist_compiled_react-dom_7b2f6d3d._.js:9562:97)
    at workLoopConcurrentByScheduler (http://localhost:3001/_next/static/chunks/f12ff_next_dist_compiled_react-dom_7b2f6d3d._.js:9558:58)
    at renderRootConcurrent (http://localhost:3001/_next/static/chunks/f12ff_next_dist_compiled_react-dom_7b2f6d3d._.js:9541:71)
    at performWorkOnRoot (http://localhost:3001/_next/static/chunks/f12ff_next_dist_compiled_react-dom_7b2f6d3d._.js:9068:150)
    at performWorkOnRootViaSchedulerTask (http://localhost:3001/_next/static/chunks/f12ff_next_dist_compiled_react-dom_7b2f6d3d._.js:10230:9)
    at MessagePort.performWorkUntilDeadline (http://localhost:3001/_next/static/chunks/f12ff_next_dist_compiled_cd863794._.js:2647:64) @ http://localhost:3001/_next/static/chunks/f12ff_next_dist_95687940._.js:3132
[ 6241281ms] [ERROR] IntlError: MISSING_MESSAGE: Cannot read properties of undefined (reading 'split')
    at getFallbackFromErrorAndNotify (http://localhost:3001/_next/static/chunks/node_modules__pnpm_a92eadf3._.js:7251:23)
    at translateBaseFn (http://localhost:3001/_next/static/chunks/node_modules__pnpm_a92eadf3._.js:7281:28)
    at translateFn (http://localhost:3001/_next/static/chunks/node_modules__pnpm_a92eadf3._.js:7343:24)
    at labelFor (http://localhost:3001/_next/static/chunks/_af79dd3a._.js?id=%255Bproject%255D%252Fcomponents%252Fatlas%252Fatlas-explorer.tsx+%255Bapp-client%255D+%2528ecmascript%2529:72:30)
    at http://localhost:3001/_next/static/chunks/_2015e761._.js:142:34
    at Array.map (<anonymous>)
    at RegionChoropleth (http://localhost:3001/_next/static/chunks/_2015e761._.js:134:43)
    at Object.react_stack_bottom_frame (http://localhost:3001/_next/static/chunks/f12ff_next_dist_compiled_react-dom_7b2f6d3d._.js:14826:24)
    at renderWithHooks (http://localhost:3001/_next/static/chunks/f12ff_next_dist_compiled_react-dom_7b2f6d3d._.js:4651:24)
    at updateFunctionComponent (http://localhost:3001/_next/static/chunks/f12ff_next_dist_compiled_react-dom_7b2f6d3d._.js:6112:21)
    at beginWork (http://localhost:3001/_next/static/chunks/f12ff_next_dist_compiled_react-dom_7b2f6d3d._.js:6708:24)
    at runWithFiberInDEV (http://localhost:3001/_next/static/chunks/f12ff_next_dist_compiled_react-dom_7b2f6d3d._.js:965:74)
    at performUnitOfWork (http://localhost:3001/_next/static/chunks/f12ff_next_dist_compiled_react-dom_7b2f6d3d._.js:9562:97)
    at workLoopConcurrentByScheduler (http://localhost:3001/_next/static/chunks/f12ff_next_dist_compiled_react-dom_7b2f6d3d._.js:9558:58)
    at renderRootConcurrent (http://localhost:3001/_next/static/chunks/f12ff_next_dist_compiled_react-dom_7b2f6d3d._.js:9541:71)
    at performWorkOnRoot (http://localhost:3001/_next/static/chunks/f12ff_next_dist_compiled_react-dom_7b2f6d3d._.js:9068:150)
    at performWorkOnRootViaSchedulerTask (http://localhost:3001/_next/static/chunks/f12ff_next_dist_compiled_react-dom_7b2f6d3d._.js:10230:9)
    at MessagePort.performWorkUntilDeadline (http://localhost:3001/_next/static/chunks/f12ff_next_dist_compiled_cd863794._.js:2647:64) @ http://localhost:3001/_next/static/chunks/f12ff_next_dist_95687940._.js:3132
[ 6241281ms] [ERROR] IntlError: MISSING_MESSAGE: Cannot read properties of undefined (reading 'split')
    at getFallbackFromErrorAndNotify (http://localhost:3001/_next/static/chunks/node_modules__pnpm_a92eadf3._.js:7251:23)
    at translateBaseFn (http://localhost:3001/_next/static/chunks/node_modules__pnpm_a92eadf3._.js:7281:28)
    at translateFn (http://localhost:3001/_next/static/chunks/node_modules__pnpm_a92eadf3._.js:7343:24)
    at labelFor (http://localhost:3001/_next/static/chunks/_af79dd3a._.js?id=%255Bproject%255D%252Fcomponents%252Fatlas%252Fatlas-explorer.tsx+%255Bapp-client%255D+%2528ecmascript%2529:72:30)
    at http://localhost:3001/_next/static/chunks/_2015e761._.js:142:34
    at Array.map (<anonymous>)
    at RegionChoropleth (http://localhost:3001/_next/static/chunks/_2015e761._.js:134:43)
    at Object.react_stack_bottom_frame (http://localhost:3001/_next/static/chunks/f12ff_next_dist_compiled_react-dom_7b2f6d3d._.js:14826:24)
    at renderWithHooks (http://localhost:3001/_next/static/chunks/f12ff_next_dist_compiled_react-dom_7b2f6d3d._.js:4651:24)
    at updateFunctionComponent (http://localhost:3001/_next/static/chunks/f12ff_next_dist_compiled_react-dom_7b2f6d3d._.js:6112:21)
    at beginWork (http://localhost:3001/_next/static/chunks/f12ff_next_dist_compiled_react-dom_7b2f6d3d._.js:6708:24)
    at runWithFiberInDEV (http://localhost:3001/_next/static/chunks/f12ff_next_dist_compiled_react-dom_7b2f6d3d._.js:965:74)
    at performUnitOfWork (http://localhost:3001/_next/static/chunks/f12ff_next_dist_compiled_react-dom_7b2f6d3d._.js:9562:97)
    at workLoopConcurrentByScheduler (http://localhost:3001/_next/static/chunks/f12ff_next_dist_compiled_react-dom_7b2f6d3d._.js:9558:58)
    at renderRootConcurrent (http://localhost:3001/_next/static/chunks/f12ff_next_dist_compiled_react-dom_7b2f6d3d._.js:9541:71)
    at performWorkOnRoot (http://localhost:3001/_next/static/chunks/f12ff_next_dist_compiled_react-dom_7b2f6d3d._.js:9068:150)
    at performWorkOnRootViaSchedulerTask (http://localhost:3001/_next/static/chunks/f12ff_next_dist_compiled_react-dom_7b2f6d3d._.js:10230:9)
    at MessagePort.performWorkUntilDeadline (http://localhost:3001/_next/static/chunks/f12ff_next_dist_compiled_cd863794._.js:2647:64) @ http://localhost:3001/_next/static/chunks/f12ff_next_dist_95687940._.js:3132
[ 6241282ms] [ERROR] IntlError: MISSING_MESSAGE: Cannot read properties of undefined (reading 'split')
    at getFallbackFromErrorAndNotify (http://localhost:3001/_next/static/chunks/node_modules__pnpm_a92eadf3._.js:7251:23)
    at translateBaseFn (http://localhost:3001/_next/static/chunks/node_modules__pnpm_a92eadf3._.js:7281:28)
    at translateFn (http://localhost:3001/_next/static/chunks/node_modules__pnpm_a92eadf3._.js:7343:24)
    at labelFor (http://localhost:3001/_next/static/chunks/_af79dd3a._.js?id=%255Bproject%255D%252Fcomponents%252Fatlas%252Fatlas-explorer.tsx+%255Bapp-client%255D+%2528ecmascript%2529:72:30)
    at http://localhost:3001/_next/static/chunks/_2015e761._.js:142:34
    at Array.map (<anonymous>)
    at RegionChoropleth (http://localhost:3001/_next/static/chunks/_2015e761._.js:134:43)
    at Object.react_stack_bottom_frame (http://localhost:3001/_next/static/chunks/f12ff_next_dist_compiled_react-dom_7b2f6d3d._.js:14826:24)
    at renderWithHooks (http://localhost:3001/_next/static/chunks/f12ff_next_dist_compiled_react-dom_7b2f6d3d._.js:4651:24)
    at updateFunctionComponent (http://localhost:3001/_next/static/chunks/f12ff_next_dist_compiled_react-dom_7b2f6d3d._.js:6112:21)
    at beginWork (http://localhost:3001/_next/static/chunks/f12ff_next_dist_compiled_react-dom_7b2f6d3d._.js:6708:24)
    at runWithFiberInDEV (http://localhost:3001/_next/static/chunks/f12ff_next_dist_compiled_react-dom_7b2f6d3d._.js:965:74)
    at performUnitOfWork (http://localhost:3001/_next/static/chunks/f12ff_next_dist_compiled_react-dom_7b2f6d3d._.js:9562:97)
    at workLoopConcurrentByScheduler (http://localhost:3001/_next/static/chunks/f12ff_next_dist_compiled_react-dom_7b2f6d3d._.js:9558:58)
    at renderRootConcurrent (http://localhost:3001/_next/static/chunks/f12ff_next_dist_compiled_react-dom_7b2f6d3d._.js:9541:71)
    at performWorkOnRoot (http://localhost:3001/_next/static/chunks/f12ff_next_dist_compiled_react-dom_7b2f6d3d._.js:9068:150)
    at performWorkOnRootViaSchedulerTask (http://localhost:3001/_next/static/chunks/f12ff_next_dist_compiled_react-dom_7b2f6d3d._.js:10230:9)
    at MessagePort.performWorkUntilDeadline (http://localhost:3001/_next/static/chunks/f12ff_next_dist_compiled_cd863794._.js:2647:64) @ http://localhost:3001/_next/static/chunks/f12ff_next_dist_95687940._.js:3132
[ 6241282ms] [ERROR] IntlError: MISSING_MESSAGE: Cannot read properties of undefined (reading 'split')
    at getFallbackFromErrorAndNotify (http://localhost:3001/_next/static/chunks/node_modules__pnpm_a92eadf3._.js:7251:23)
    at translateBaseFn (http://localhost:3001/_next/static/chunks/node_modules__pnpm_a92eadf3._.js:7281:28)
    at translateFn (http://localhost:3001/_next/static/chunks/node_modules__pnpm_a92eadf3._.js:7343:24)
    at labelFor (http://localhost:3001/_next/static/chunks/_af79dd3a._.js?id=%255Bproject%255D%252Fcomponents%252Fatlas%252Fatlas-explorer.tsx+%255Bapp-client%255D+%2528ecmascript%2529:72:30)
    at http://localhost:3001/_next/static/chunks/_2015e761._.js:142:34
    at Array.map (<anonymous>)
    at RegionChoropleth (http://localhost:3001/_next/static/chunks/_2015e761._.js:134:43)
    at Object.react_stack_bottom_frame (http://localhost:3001/_next/static/chunks/f12ff_next_dist_compiled_react-dom_7b2f6d3d._.js:14826:24)
    at renderWithHooksAgain (http://localhost:3001/_next/static/chunks/f12ff_next_dist_compiled_react-dom_7b2f6d3d._.js:4706:24)
    at renderWithHooks (http://localhost:3001/_next/static/chunks/f12ff_next_dist_compiled_react-dom_7b2f6d3d._.js:4657:28)
    at updateFunctionComponent (http://localhost:3001/_next/static/chunks/f12ff_next_dist_compiled_react-dom_7b2f6d3d._.js:6112:21)
    at beginWork (http://localhost:3001/_next/static/chunks/f12ff_next_dist_compiled_react-dom_7b2f6d3d._.js:6708:24)
    at runWithFiberInDEV (http://localhost:3001/_next/static/chunks/f12ff_next_dist_compiled_react-dom_7b2f6d3d._.js:965:74)
    at performUnitOfWork (http://localhost:3001/_next/static/chunks/f12ff_next_dist_compiled_react-dom_7b2f6d3d._.js:9562:97)
    at workLoopConcurrentByScheduler (http://localhost:3001/_next/static/chunks/f12ff_next_dist_compiled_react-dom_7b2f6d3d._.js:9558:58)
    at renderRootConcurrent (http://localhost:3001/_next/static/chunks/f12ff_next_dist_compiled_react-dom_7b2f6d3d._.js:9541:71)
    at performWorkOnRoot (http://localhost:3001/_next/static/chunks/f12ff_next_dist_compiled_react-dom_7b2f6d3d._.js:9068:150)
    at performWorkOnRootViaSchedulerTask (http://localhost:3001/_next/static/chunks/f12ff_next_dist_compiled_react-dom_7b2f6d3d._.js:10230:9)
    at MessagePort.performWorkUntilDeadline (http://localhost:3001/_next/static/chunks/f12ff_next_dist_compiled_cd863794._.js:2647:64) @ http://localhost:3001/_next/static/chunks/f12ff_next_dist_95687940._.js:3132
[ 6241283ms] [ERROR] IntlError: MISSING_MESSAGE: Cannot read properties of undefined (reading 'split')
    at getFallbackFromErrorAndNotify (http://localhost:3001/_next/static/chunks/node_modules__pnpm_a92eadf3._.js:7251:23)
    at translateBaseFn (http://localhost:3001/_next/static/chunks/node_modules__pnpm_a92eadf3._.js:7281:28)
    at translateFn (http://localhost:3001/_next/static/chunks/node_modules__pnpm_a92eadf3._.js:7343:24)
    at labelFor (http://localhost:3001/_next/static/chunks/_af79dd3a._.js?id=%255Bproject%255D%252Fcomponents%252Fatlas%252Fatlas-explorer.tsx+%255Bapp-client%255D+%2528ecmascript%2529:72:30)
    at http://localhost:3001/_next/static/chunks/_2015e761._.js:142:34
    at Array.map (<anonymous>)
    at RegionChoropleth (http://localhost:3001/_next/static/chunks/_2015e761._.js:134:43)
    at Object.react_stack_bottom_frame (http://localhost:3001/_next/static/chunks/f12ff_next_dist_compiled_react-dom_7b2f6d3d._.js:14826:24)
    at renderWithHooksAgain (http://localhost:3001/_next/static/chunks/f12ff_next_dist_compiled_react-dom_7b2f6d3d._.js:4706:24)
    at renderWithHooks (http://localhost:3001/_next/static/chunks/f12ff_next_dist_compiled_react-dom_7b2f6d3d._.js:4657:28)
    at updateFunctionComponent (http://localhost:3001/_next/static/chunks/f12ff_next_dist_compiled_react-dom_7b2f6d3d._.js:6112:21)
    at beginWork (http://localhost:3001/_next/static/chunks/f12ff_next_dist_compiled_react-dom_7b2f6d3d._.js:6708:24)
    at runWithFiberInDEV (http://localhost:3001/_next/static/chunks/f12ff_next_dist_compiled_react-dom_7b2f6d3d._.js:965:74)
    at performUnitOfWork (http://localhost:3001/_next/static/chunks/f12ff_next_dist_compiled_react-dom_7b2f6d3d._.js:9562:97)
    at workLoopConcurrentByScheduler (http://localhost:3001/_next/static/chunks/f12ff_next_dist_compiled_react-dom_7b2f6d3d._.js:9558:58)
    at renderRootConcurrent (http://localhost:3001/_next/static/chunks/f12ff_next_dist_compiled_react-dom_7b2f6d3d._.js:9541:71)
    at performWorkOnRoot (http://localhost:3001/_next/static/chunks/f12ff_next_dist_compiled_react-dom_7b2f6d3d._.js:9068:150)
    at performWorkOnRootViaSchedulerTask (http://localhost:3001/_next/static/chunks/f12ff_next_dist_compiled_react-dom_7b2f6d3d._.js:10230:9)
    at MessagePort.performWorkUntilDeadline (http://localhost:3001/_next/static/chunks/f12ff_next_dist_compiled_cd863794._.js:2647:64) @ http://localhost:3001/_next/static/chunks/f12ff_next_dist_95687940._.js:3132
[ 6241283ms] [ERROR] IntlError: MISSING_MESSAGE: Cannot read properties of undefined (reading 'split')
    at getFallbackFromErrorAndNotify (http://localhost:3001/_next/static/chunks/node_modules__pnpm_a92eadf3._.js:7251:23)
    at translateBaseFn (http://localhost:3001/_next/static/chunks/node_modules__pnpm_a92eadf3._.js:7281:28)
    at translateFn (http://localhost:3001/_next/static/chunks/node_modules__pnpm_a92eadf3._.js:7343:24)
    at labelFor (http://localhost:3001/_next/static/chunks/_af79dd3a._.js?id=%255Bproject%255D%252Fcomponents%252Fatlas%252Fatlas-explorer.tsx+%255Bapp-client%255D+%2528ecmascript%2529:72:30)
    at http://localhost:3001/_next/static/chunks/_2015e761._.js:142:34
    at Array.map (<anonymous>)
    at RegionChoropleth (http://localhost:3001/_next/static/chunks/_2015e761._.js:134:43)
    at Object.react_stack_bottom_frame (http://localhost:3001/_next/static/chunks/f12ff_next_dist_compiled_react-dom_7b2f6d3d._.js:14826:24)
    at renderWithHooksAgain (http://localhost:3001/_next/static/chunks/f12ff_next_dist_compiled_react-dom_7b2f6d3d._.js:4706:24)
    at renderWithHooks (http://localhost:3001/_next/static/chunks/f12ff_next_dist_compiled_react-dom_7b2f6d3d._.js:4657:28)
    at updateFunctionComponent (http://localhost:3001/_next/static/chunks/f12ff_next_dist_compiled_react-dom_7b2f6d3d._.js:6112:21)
    at beginWork (http://localhost:3001/_next/static/chunks/f12ff_next_dist_compiled_react-dom_7b2f6d3d._.js:6708:24)
    at runWithFiberInDEV (http://localhost:3001/_next/static/chunks/f12ff_next_dist_compiled_react-dom_7b2f6d3d._.js:965:74)
    at performUnitOfWork (http://localhost:3001/_next/static/chunks/f12ff_next_dist_compiled_react-dom_7b2f6d3d._.js:9562:97)
    at workLoopConcurrentByScheduler (http://localhost:3001/_next/static/chunks/f12ff_next_dist_compiled_react-dom_7b2f6d3d._.js:9558:58)
    at renderRootConcurrent (http://localhost:3001/_next/static/chunks/f12ff_next_dist_compiled_react-dom_7b2f6d3d._.js:9541:71)
    at performWorkOnRoot (http://localhost:3001/_next/static/chunks/f12ff_next_dist_compiled_react-dom_7b2f6d3d._.js:9068:150)
    at performWorkOnRootViaSchedulerTask (http://localhost:3001/_next/static/chunks/f12ff_next_dist_compiled_react-dom_7b2f6d3d._.js:10230:9)
    at MessagePort.performWorkUntilDeadline (http://localhost:3001/_next/static/chunks/f12ff_next_dist_compiled_cd863794._.js:2647:64) @ http://localhost:3001/_next/static/chunks/f12ff_next_dist_95687940._.js:3132
[ 6241283ms] [ERROR] IntlError: MISSING_MESSAGE: Cannot read properties of undefined (reading 'split')
    at getFallbackFromErrorAndNotify (http://localhost:3001/_next/static/chunks/node_modules__pnpm_a92eadf3._.js:7251:23)
    at translateBaseFn (http://localhost:3001/_next/static/chunks/node_modules__pnpm_a92eadf3._.js:7281:28)
    at translateFn (http://localhost:3001/_next/static/chunks/node_modules__pnpm_a92eadf3._.js:7343:24)
    at labelFor (http://localhost:3001/_next/static/chunks/_af79dd3a._.js?id=%255Bproject%255D%252Fcomponents%252Fatlas%252Fatlas-explorer.tsx+%255Bapp-client%255D+%2528ecmascript%2529:72:30)
    at http://localhost:3001/_next/static/chunks/_2015e761._.js:142:34
    at Array.map (<anonymous>)
    at RegionChoropleth (http://localhost:3001/_next/static/chunks/_2015e761._.js:134:43)
    at Object.react_stack_bottom_frame (http://localhost:3001/_next/static/chunks/f12ff_next_dist_compiled_react-dom_7b2f6d3d._.js:14826:24)
    at renderWithHooksAgain (http://localhost:3001/_next/static/chunks/f12ff_next_dist_compiled_react-dom_7b2f6d3d._.js:4706:24)
    at renderWithHooks (http://localhost:3001/_next/static/chunks/f12ff_next_dist_compiled_react-dom_7b2f6d3d._.js:4657:28)
    at updateFunctionComponent (http://localhost:3001/_next/static/chunks/f12ff_next_dist_compiled_react-dom_7b2f6d3d._.js:6112:21)
    at beginWork (http://localhost:3001/_next/static/chunks/f12ff_next_dist_compiled_react-dom_7b2f6d3d._.js:6708:24)
    at runWithFiberInDEV (http://localhost:3001/_next/static/chunks/f12ff_next_dist_compiled_react-dom_7b2f6d3d._.js:965:74)
    at performUnitOfWork (http://localhost:3001/_next/static/chunks/f12ff_next_dist_compiled_react-dom_7b2f6d3d._.js:9562:97)
    at workLoopConcurrentByScheduler (http://localhost:3001/_next/static/chunks/f12ff_next_dist_compiled_react-dom_7b2f6d3d._.js:9558:58)
    at renderRootConcurrent (http://localhost:3001/_next/static/chunks/f12ff_next_dist_compiled_react-dom_7b2f6d3d._.js:9541:71)
    at performWorkOnRoot (http://localhost:3001/_next/static/chunks/f12ff_next_dist_compiled_react-dom_7b2f6d3d._.js:9068:150)
    at performWorkOnRootViaSchedulerTask (http://localhost:3001/_next/static/chunks/f12ff_next_dist_compiled_react-dom_7b2f6d3d._.js:10230:9)
    at MessagePort.performWorkUntilDeadline (http://localhost:3001/_next/static/chunks/f12ff_next_dist_compiled_cd863794._.js:2647:64) @ http://localhost:3001/_next/static/chunks/f12ff_next_dist_95687940._.js:3132
[ 6241283ms] [ERROR] IntlError: MISSING_MESSAGE: Cannot read properties of undefined (reading 'split')
    at getFallbackFromErrorAndNotify (http://localhost:3001/_next/static/chunks/node_modules__pnpm_a92eadf3._.js:7251:23)
    at translateBaseFn (http://localhost:3001/_next/static/chunks/node_modules__pnpm_a92eadf3._.js:7281:28)
    at translateFn (http://localhost:3001/_next/static/chunks/node_modules__pnpm_a92eadf3._.js:7343:24)
    at labelFor (http://localhost:3001/_next/static/chunks/_af79dd3a._.js?id=%255Bproject%255D%252Fcomponents%252Fatlas%252Fatlas-explorer.tsx+%255Bapp-client%255D+%2528ecmascript%2529:72:30)
    at http://localhost:3001/_next/static/chunks/_2015e761._.js:142:34
    at Array.map (<anonymous>)
    at RegionChoropleth (http://localhost:3001/_next/static/chunks/_2015e761._.js:134:43)
    at Object.react_stack_bottom_frame (http://localhost:3001/_next/static/chunks/f12ff_next_dist_compiled_react-dom_7b2f6d3d._.js:14826:24)
    at renderWithHooksAgain (http://localhost:3001/_next/static/chunks/f12ff_next_dist_compiled_react-dom_7b2f6d3d._.js:4706:24)
    at renderWithHooks (http://localhost:3001/_next/static/chunks/f12ff_next_dist_compiled_react-dom_7b2f6d3d._.js:4657:28)
    at updateFunctionComponent (http://localhost:3001/_next/static/chunks/f12ff_next_dist_compiled_react-dom_7b2f6d3d._.js:6112:21)
    at beginWork (http://localhost:3001/_next/static/chunks/f12ff_next_dist_compiled_react-dom_7b2f6d3d._.js:6708:24)
    at runWithFiberInDEV (http://localhost:3001/_next/static/chunks/f12ff_next_dist_compiled_react-dom_7b2f6d3d._.js:965:74)
    at performUnitOfWork (http://localhost:3001/_next/static/chunks/f12ff_next_dist_compiled_react-dom_7b2f6d3d._.js:9562:97)
    at workLoopConcurrentByScheduler (http://localhost:3001/_next/static/chunks/f12ff_next_dist_compiled_react-dom_7b2f6d3d._.js:9558:58)
    at renderRootConcurrent (http://localhost:3001/_next/static/chunks/f12ff_next_dist_compiled_react-dom_7b2f6d3d._.js:9541:71)
    at performWorkOnRoot (http://localhost:3001/_next/static/chunks/f12ff_next_dist_compiled_react-dom_7b2f6d3d._.js:9068:150)
    at performWorkOnRootViaSchedulerTask (http://localhost:3001/_next/static/chunks/f12ff_next_dist_compiled_react-dom_7b2f6d3d._.js:10230:9)
    at MessagePort.performWorkUntilDeadline (http://localhost:3001/_next/static/chunks/f12ff_next_dist_compiled_cd863794._.js:2647:64) @ http://localhost:3001/_next/static/chunks/f12ff_next_dist_95687940._.js:3132
[ 6241285ms] [ERROR] IntlError: MISSING_MESSAGE: Cannot read properties of undefined (reading 'split')
    at getFallbackFromErrorAndNotify (http://localhost:3001/_next/static/chunks/node_modules__pnpm_a92eadf3._.js:7251:23)
    at translateBaseFn (http://localhost:3001/_next/static/chunks/node_modules__pnpm_a92eadf3._.js:7281:28)
    at translateFn (http://localhost:3001/_next/static/chunks/node_modules__pnpm_a92eadf3._.js:7343:24)
    at labelFor (http://localhost:3001/_next/static/chunks/_af79dd3a._.js?id=%255Bproject%255D%252Fcomponents%252Fatlas%252Fatlas-explorer.tsx+%255Bapp-client%255D+%2528ecmascript%2529:72:30)
    at http://localhost:3001/_next/static/chunks/_2015e761._.js:142:34
    at Array.map (<anonymous>)
    at RegionChoropleth (http://localhost:3001/_next/static/chunks/_2015e761._.js:134:43)
    at Object.react_stack_bottom_frame (http://localhost:3001/_next/static/chunks/f12ff_next_dist_compiled_react-dom_7b2f6d3d._.js:14826:24)
    at renderWithHooksAgain (http://localhost:3001/_next/static/chunks/f12ff_next_dist_compiled_react-dom_7b2f6d3d._.js:4706:24)
    at renderWithHooks (http://localhost:3001/_next/static/chunks/f12ff_next_dist_compiled_react-dom_7b2f6d3d._.js:4657:28)
    at updateFunctionComponent (http://localhost:3001/_next/static/chunks/f12ff_next_dist_compiled_react-dom_7b2f6d3d._.js:6112:21)
    at beginWork (http://localhost:3001/_next/static/chunks/f12ff_next_dist_compiled_react-dom_7b2f6d3d._.js:6708:24)
    at runWithFiberInDEV (http://localhost:3001/_next/static/chunks/f12ff_next_dist_compiled_react-dom_7b2f6d3d._.js:965:74)
    at performUnitOfWork (http://localhost:3001/_next/static/chunks/f12ff_next_dist_compiled_react-dom_7b2f6d3d._.js:9562:97)
    at workLoopConcurrentByScheduler (http://localhost:3001/_next/static/chunks/f12ff_next_dist_compiled_react-dom_7b2f6d3d._.js:9558:58)
    at renderRootConcurrent (http://localhost:3001/_next/static/chunks/f12ff_next_dist_compiled_react-dom_7b2f6d3d._.js:9541:71)
    at performWorkOnRoot (http://localhost:3001/_next/static/chunks/f12ff_next_dist_compiled_react-dom_7b2f6d3d._.js:9068:150)
    at performWorkOnRootViaSchedulerTask (http://localhost:3001/_next/static/chunks/f12ff_next_dist_compiled_react-dom_7b2f6d3d._.js:10230:9)
    at MessagePort.performWorkUntilDeadline (http://localhost:3001/_next/static/chunks/f12ff_next_dist_compiled_cd863794._.js:2647:64) @ http://localhost:3001/_next/static/chunks/f12ff_next_dist_95687940._.js:3132
[ 6241285ms] [ERROR] IntlError: MISSING_MESSAGE: Cannot read properties of undefined (reading 'split')
    at getFallbackFromErrorAndNotify (http://localhost:3001/_next/static/chunks/node_modules__pnpm_a92eadf3._.js:7251:23)
    at translateBaseFn (http://localhost:3001/_next/static/chunks/node_modules__pnpm_a92eadf3._.js:7281:28)
    at translateFn (http://localhost:3001/_next/static/chunks/node_modules__pnpm_a92eadf3._.js:7343:24)
    at labelFor (http://localhost:3001/_next/static/chunks/_af79dd3a._.js?id=%255Bproject%255D%252Fcomponents%252Fatlas%252Fatlas-explorer.tsx+%255Bapp-client%255D+%2528ecmascript%2529:72:30)
    at http://localhost:3001/_next/static/chunks/_2015e761._.js:142:34
    at Array.map (<anonymous>)
    at RegionChoropleth (http://localhost:3001/_next/static/chunks/_2015e761._.js:134:43)
    at Object.react_stack_bottom_frame (http://localhost:3001/_next/static/chunks/f12ff_next_dist_compiled_react-dom_7b2f6d3d._.js:14826:24)
    at renderWithHooksAgain (http://localhost:3001/_next/static/chunks/f12ff_next_dist_compiled_react-dom_7b2f6d3d._.js:4706:24)
    at renderWithHooks (http://localhost:3001/_next/static/chunks/f12ff_next_dist_compiled_react-dom_7b2f6d3d._.js:4657:28)
    at updateFunctionComponent (http://localhost:3001/_next/static/chunks/f12ff_next_dist_compiled_react-dom_7b2f6d3d._.js:6112:21)
    at beginWork (http://localhost:3001/_next/static/chunks/f12ff_next_dist_compiled_react-dom_7b2f6d3d._.js:6708:24)
    at runWithFiberInDEV (http://localhost:3001/_next/static/chunks/f12ff_next_dist_compiled_react-dom_7b2f6d3d._.js:965:74)
    at performUnitOfWork (http://localhost:3001/_next/static/chunks/f12ff_next_dist_compiled_react-dom_7b2f6d3d._.js:9562:97)
    at workLoopConcurrentByScheduler (http://localhost:3001/_next/static/chunks/f12ff_next_dist_compiled_react-dom_7b2f6d3d._.js:9558:58)
    at renderRootConcurrent (http://localhost:3001/_next/static/chunks/f12ff_next_dist_compiled_react-dom_7b2f6d3d._.js:9541:71)
    at performWorkOnRoot (http://localhost:3001/_next/static/chunks/f12ff_next_dist_compiled_react-dom_7b2f6d3d._.js:9068:150)
    at performWorkOnRootViaSchedulerTask (http://localhost:3001/_next/static/chunks/f12ff_next_dist_compiled_react-dom_7b2f6d3d._.js:10230:9)
    at MessagePort.performWorkUntilDeadline (http://localhost:3001/_next/static/chunks/f12ff_next_dist_compiled_cd863794._.js:2647:64) @ http://localhost:3001/_next/static/chunks/f12ff_next_dist_95687940._.js:3132
[ 6288733ms] [ERROR] WebSocket connection to 'ws://localhost:3001/_next/webpack-hmr?id=aBh3X73lIs3ftCe_krjLS' failed:  @ http://localhost:3001/_next/static/chunks/f12ff_next_dist_client_d93c57ad._.js:10876
[ 6289925ms] [ERROR] WebSocket connection to 'ws://localhost:3001/_next/webpack-hmr?id=aBh3X73lIs3ftCe_krjLS' failed: Error in connection establishment: net::ERR_CONNECTION_REFUSED @ http://localhost:3001/_next/static/chunks/f12ff_next_dist_client_d93c57ad._.js:10876
[ 6294105ms] [LOG] [HMR] connected @ http://localhost:3001/_next/static/chunks/f12ff_next_dist_95687940._.js:2302
[ 6299545ms] [INFO] %cDownload the React DevTools for a better development experience: https://react.dev/link/react-devtools font-weight:bold @ http://localhost:3001/_next/static/chunks/f12ff_next_dist_95687940._.js:2302
[ 6299775ms] [LOG] [HMR] connected @ http://localhost:3001/_next/static/chunks/f12ff_next_dist_95687940._.js:2302
[ 6299869ms] [WARNING] Clerk: Clerk has been loaded with development keys. Development instances have strict usage limits and should not be used when deploying your application to production. Learn more: https://clerk.com/docs/deployments/overview @ http://localhost:3001/_next/static/chunks/f12ff_next_dist_95687940._.js:2302
[ 6300037ms] [WARNING] Missing Algolia environment variables: ALGOLIA_API_KEY @ http://localhost:3001/_next/static/chunks/f12ff_next_dist_95687940._.js:2302
[ 6300038ms] [WARNING] Algolia admin client not available - missing credentials @ http://localhost:3001/_next/static/chunks/f12ff_next_dist_95687940._.js:2302
[ 6300038ms] [LOG] ✅ Algolia search client initialized successfully @ http://localhost:3001/_next/static/chunks/f12ff_next_dist_95687940._.js:2302
[ 6300053ms] [LOG] [Fast Refresh] rebuilding @ http://localhost:3001/_next/static/chunks/f12ff_next_dist_95687940._.js:2302
[ 6300068ms] [WARNING] Image with src "/connecting-climate-minds-logo-white.png" was detected as the Largest Contentful Paint (LCP). Please add the `loading="eager"` property if this image is above the fold.
Read more: https://nextjs.org/docs/app/api-reference/components/image#loading @ http://localhost:3001/_next/static/chunks/f12ff_next_dist_95687940._.js:2302
[ 6300200ms] [ERROR] IntlError: MISSING_MESSAGE: Cannot read properties of undefined (reading 'split')
    at getFallbackFromErrorAndNotify (http://localhost:3001/_next/static/chunks/node_modules__pnpm_a92eadf3._.js:7251:23)
    at translateBaseFn (http://localhost:3001/_next/static/chunks/node_modules__pnpm_a92eadf3._.js:7281:28)
    at translateFn (http://localhost:3001/_next/static/chunks/node_modules__pnpm_a92eadf3._.js:7343:24)
    at labelFor (http://localhost:3001/_next/static/chunks/_af79dd3a._.js:631:30)
    at http://localhost:3001/_next/static/chunks/_af79dd3a._.js:142:34
    at Array.map (<anonymous>)
    at RegionChoropleth (http://localhost:3001/_next/static/chunks/_af79dd3a._.js:134:43)
    at Object.react_stack_bottom_frame (http://localhost:3001/_next/static/chunks/f12ff_next_dist_compiled_react-dom_7b2f6d3d._.js:14826:24)
    at renderWithHooks (http://localhost:3001/_next/static/chunks/f12ff_next_dist_compiled_react-dom_7b2f6d3d._.js:4651:24)
    at updateFunctionComponent (http://localhost:3001/_next/static/chunks/f12ff_next_dist_compiled_react-dom_7b2f6d3d._.js:6112:21)
    at beginWork (http://localhost:3001/_next/static/chunks/f12ff_next_dist_compiled_react-dom_7b2f6d3d._.js:6708:24)
    at runWithFiberInDEV (http://localhost:3001/_next/static/chunks/f12ff_next_dist_compiled_react-dom_7b2f6d3d._.js:965:74)
    at performUnitOfWork (http://localhost:3001/_next/static/chunks/f12ff_next_dist_compiled_react-dom_7b2f6d3d._.js:9562:97)
    at workLoopConcurrentByScheduler (http://localhost:3001/_next/static/chunks/f12ff_next_dist_compiled_react-dom_7b2f6d3d._.js:9558:58)
    at renderRootConcurrent (http://localhost:3001/_next/static/chunks/f12ff_next_dist_compiled_react-dom_7b2f6d3d._.js:9541:71)
    at performWorkOnRoot (http://localhost:3001/_next/static/chunks/f12ff_next_dist_compiled_react-dom_7b2f6d3d._.js:9068:150)
    at performWorkOnRootViaSchedulerTask (http://localhost:3001/_next/static/chunks/f12ff_next_dist_compiled_react-dom_7b2f6d3d._.js:10230:9)
    at MessagePort.performWorkUntilDeadline (http://localhost:3001/_next/static/chunks/f12ff_next_dist_compiled_cd863794._.js:2647:64) @ http://localhost:3001/_next/static/chunks/f12ff_next_dist_95687940._.js:3132
[ 6300207ms] [ERROR] IntlError: MISSING_MESSAGE: Cannot read properties of undefined (reading 'split')
    at getFallbackFromErrorAndNotify (http://localhost:3001/_next/static/chunks/node_modules__pnpm_a92eadf3._.js:7251:23)
    at translateBaseFn (http://localhost:3001/_next/static/chunks/node_modules__pnpm_a92eadf3._.js:7281:28)
    at translateFn (http://localhost:3001/_next/static/chunks/node_modules__pnpm_a92eadf3._.js:7343:24)
    at labelFor (http://localhost:3001/_next/static/chunks/_af79dd3a._.js:631:30)
    at http://localhost:3001/_next/static/chunks/_af79dd3a._.js:142:34
    at Array.map (<anonymous>)
    at RegionChoropleth (http://localhost:3001/_next/static/chunks/_af79dd3a._.js:134:43)
    at Object.react_stack_bottom_frame (http://localhost:3001/_next/static/chunks/f12ff_next_dist_compiled_react-dom_7b2f6d3d._.js:14826:24)
    at renderWithHooks (http://localhost:3001/_next/static/chunks/f12ff_next_dist_compiled_react-dom_7b2f6d3d._.js:4651:24)
    at updateFunctionComponent (http://localhost:3001/_next/static/chunks/f12ff_next_dist_compiled_react-dom_7b2f6d3d._.js:6112:21)
    at beginWork (http://localhost:3001/_next/static/chunks/f12ff_next_dist_compiled_react-dom_7b2f6d3d._.js:6708:24)
    at runWithFiberInDEV (http://localhost:3001/_next/static/chunks/f12ff_next_dist_compiled_react-dom_7b2f6d3d._.js:965:74)
    at performUnitOfWork (http://localhost:3001/_next/static/chunks/f12ff_next_dist_compiled_react-dom_7b2f6d3d._.js:9562:97)
    at workLoopConcurrentByScheduler (http://localhost:3001/_next/static/chunks/f12ff_next_dist_compiled_react-dom_7b2f6d3d._.js:9558:58)
    at renderRootConcurrent (http://localhost:3001/_next/static/chunks/f12ff_next_dist_compiled_react-dom_7b2f6d3d._.js:9541:71)
    at performWorkOnRoot (http://localhost:3001/_next/static/chunks/f12ff_next_dist_compiled_react-dom_7b2f6d3d._.js:9068:150)
    at performWorkOnRootViaSchedulerTask (http://localhost:3001/_next/static/chunks/f12ff_next_dist_compiled_react-dom_7b2f6d3d._.js:10230:9)
    at MessagePort.performWorkUntilDeadline (http://localhost:3001/_next/static/chunks/f12ff_next_dist_compiled_cd863794._.js:2647:64) @ http://localhost:3001/_next/static/chunks/f12ff_next_dist_95687940._.js:3132
[ 6300207ms] [ERROR] IntlError: MISSING_MESSAGE: Cannot read properties of undefined (reading 'split')
    at getFallbackFromErrorAndNotify (http://localhost:3001/_next/static/chunks/node_modules__pnpm_a92eadf3._.js:7251:23)
    at translateBaseFn (http://localhost:3001/_next/static/chunks/node_modules__pnpm_a92eadf3._.js:7281:28)
    at translateFn (http://localhost:3001/_next/static/chunks/node_modules__pnpm_a92eadf3._.js:7343:24)
    at labelFor (http://localhost:3001/_next/static/chunks/_af79dd3a._.js:631:30)
    at http://localhost:3001/_next/static/chunks/_af79dd3a._.js:142:34
    at Array.map (<anonymous>)
    at RegionChoropleth (http://localhost:3001/_next/static/chunks/_af79dd3a._.js:134:43)
    at Object.react_stack_bottom_frame (http://localhost:3001/_next/static/chunks/f12ff_next_dist_compiled_react-dom_7b2f6d3d._.js:14826:24)
    at renderWithHooks (http://localhost:3001/_next/static/chunks/f12ff_next_dist_compiled_react-dom_7b2f6d3d._.js:4651:24)
    at updateFunctionComponent (http://localhost:3001/_next/static/chunks/f12ff_next_dist_compiled_react-dom_7b2f6d3d._.js:6112:21)
    at beginWork (http://localhost:3001/_next/static/chunks/f12ff_next_dist_compiled_react-dom_7b2f6d3d._.js:6708:24)
    at runWithFiberInDEV (http://localhost:3001/_next/static/chunks/f12ff_next_dist_compiled_react-dom_7b2f6d3d._.js:965:74)
    at performUnitOfWork (http://localhost:3001/_next/static/chunks/f12ff_next_dist_compiled_react-dom_7b2f6d3d._.js:9562:97)
    at workLoopConcurrentByScheduler (http://localhost:3001/_next/static/chunks/f12ff_next_dist_compiled_react-dom_7b2f6d3d._.js:9558:58)
    at renderRootConcurrent (http://localhost:3001/_next/static/chunks/f12ff_next_dist_compiled_react-dom_7b2f6d3d._.js:9541:71)
    at performWorkOnRoot (http://localhost:3001/_next/static/chunks/f12ff_next_dist_compiled_react-dom_7b2f6d3d._.js:9068:150)
    at performWorkOnRootViaSchedulerTask (http://localhost:3001/_next/static/chunks/f12ff_next_dist_compiled_react-dom_7b2f6d3d._.js:10230:9)
    at MessagePort.performWorkUntilDeadline (http://localhost:3001/_next/static/chunks/f12ff_next_dist_compiled_cd863794._.js:2647:64) @ http://localhost:3001/_next/static/chunks/f12ff_next_dist_95687940._.js:3132
[ 6300207ms] [ERROR] IntlError: MISSING_MESSAGE: Cannot read properties of undefined (reading 'split')
    at getFallbackFromErrorAndNotify (http://localhost:3001/_next/static/chunks/node_modules__pnpm_a92eadf3._.js:7251:23)
    at translateBaseFn (http://localhost:3001/_next/static/chunks/node_modules__pnpm_a92eadf3._.js:7281:28)
    at translateFn (http://localhost:3001/_next/static/chunks/node_modules__pnpm_a92eadf3._.js:7343:24)
    at labelFor (http://localhost:3001/_next/static/chunks/_af79dd3a._.js:631:30)
    at http://localhost:3001/_next/static/chunks/_af79dd3a._.js:142:34
    at Array.map (<anonymous>)
    at RegionChoropleth (http://localhost:3001/_next/static/chunks/_af79dd3a._.js:134:43)
    at Object.react_stack_bottom_frame (http://localhost:3001/_next/static/chunks/f12ff_next_dist_compiled_react-dom_7b2f6d3d._.js:14826:24)
    at renderWithHooks (http://localhost:3001/_next/static/chunks/f12ff_next_dist_compiled_react-dom_7b2f6d3d._.js:4651:24)
    at updateFunctionComponent (http://localhost:3001/_next/static/chunks/f12ff_next_dist_compiled_react-dom_7b2f6d3d._.js:6112:21)
    at beginWork (http://localhost:3001/_next/static/chunks/f12ff_next_dist_compiled_react-dom_7b2f6d3d._.js:6708:24)
    at runWithFiberInDEV (http://localhost:3001/_next/static/chunks/f12ff_next_dist_compiled_react-dom_7b2f6d3d._.js:965:74)
    at performUnitOfWork (http://localhost:3001/_next/static/chunks/f12ff_next_dist_compiled_react-dom_7b2f6d3d._.js:9562:97)
    at workLoopConcurrentByScheduler (http://localhost:3001/_next/static/chunks/f12ff_next_dist_compiled_react-dom_7b2f6d3d._.js:9558:58)
    at renderRootConcurrent (http://localhost:3001/_next/static/chunks/f12ff_next_dist_compiled_react-dom_7b2f6d3d._.js:9541:71)
    at performWorkOnRoot (http://localhost:3001/_next/static/chunks/f12ff_next_dist_compiled_react-dom_7b2f6d3d._.js:9068:150)
    at performWorkOnRootViaSchedulerTask (http://localhost:3001/_next/static/chunks/f12ff_next_dist_compiled_react-dom_7b2f6d3d._.js:10230:9)
    at MessagePort.performWorkUntilDeadline (http://localhost:3001/_next/static/chunks/f12ff_next_dist_compiled_cd863794._.js:2647:64) @ http://localhost:3001/_next/static/chunks/f12ff_next_dist_95687940._.js:3132
[ 6300207ms] [ERROR] IntlError: MISSING_MESSAGE: Cannot read properties of undefined (reading 'split')
    at getFallbackFromErrorAndNotify (http://localhost:3001/_next/static/chunks/node_modules__pnpm_a92eadf3._.js:7251:23)
    at translateBaseFn (http://localhost:3001/_next/static/chunks/node_modules__pnpm_a92eadf3._.js:7281:28)
    at translateFn (http://localhost:3001/_next/static/chunks/node_modules__pnpm_a92eadf3._.js:7343:24)
    at labelFor (http://localhost:3001/_next/static/chunks/_af79dd3a._.js:631:30)
    at http://localhost:3001/_next/static/chunks/_af79dd3a._.js:142:34
    at Array.map (<anonymous>)
    at RegionChoropleth (http://localhost:3001/_next/static/chunks/_af79dd3a._.js:134:43)
    at Object.react_stack_bottom_frame (http://localhost:3001/_next/static/chunks/f12ff_next_dist_compiled_react-dom_7b2f6d3d._.js:14826:24)
    at renderWithHooks (http://localhost:3001/_next/static/chunks/f12ff_next_dist_compiled_react-dom_7b2f6d3d._.js:4651:24)
    at updateFunctionComponent (http://localhost:3001/_next/static/chunks/f12ff_next_dist_compiled_react-dom_7b2f6d3d._.js:6112:21)
    at beginWork (http://localhost:3001/_next/static/chunks/f12ff_next_dist_compiled_react-dom_7b2f6d3d._.js:6708:24)
    at runWithFiberInDEV (http://localhost:3001/_next/static/chunks/f12ff_next_dist_compiled_react-dom_7b2f6d3d._.js:965:74)
    at performUnitOfWork (http://localhost:3001/_next/static/chunks/f12ff_next_dist_compiled_react-dom_7b2f6d3d._.js:9562:97)
    at workLoopConcurrentByScheduler (http://localhost:3001/_next/static/chunks/f12ff_next_dist_compiled_react-dom_7b2f6d3d._.js:9558:58)
    at renderRootConcurrent (http://localhost:3001/_next/static/chunks/f12ff_next_dist_compiled_react-dom_7b2f6d3d._.js:9541:71)
    at performWorkOnRoot (http://localhost:3001/_next/static/chunks/f12ff_next_dist_compiled_react-dom_7b2f6d3d._.js:9068:150)
    at performWorkOnRootViaSchedulerTask (http://localhost:3001/_next/static/chunks/f12ff_next_dist_compiled_react-dom_7b2f6d3d._.js:10230:9)
    at MessagePort.performWorkUntilDeadline (http://localhost:3001/_next/static/chunks/f12ff_next_dist_compiled_cd863794._.js:2647:64) @ http://localhost:3001/_next/static/chunks/f12ff_next_dist_95687940._.js:3132
[ 6300207ms] [ERROR] IntlError: MISSING_MESSAGE: Cannot read properties of undefined (reading 'split')
    at getFallbackFromErrorAndNotify (http://localhost:3001/_next/static/chunks/node_modules__pnpm_a92eadf3._.js:7251:23)
    at translateBaseFn (http://localhost:3001/_next/static/chunks/node_modules__pnpm_a92eadf3._.js:7281:28)
    at translateFn (http://localhost:3001/_next/static/chunks/node_modules__pnpm_a92eadf3._.js:7343:24)
    at labelFor (http://localhost:3001/_next/static/chunks/_af79dd3a._.js:631:30)
    at http://localhost:3001/_next/static/chunks/_af79dd3a._.js:142:34
    at Array.map (<anonymous>)
    at RegionChoropleth (http://localhost:3001/_next/static/chunks/_af79dd3a._.js:134:43)
    at Object.react_stack_bottom_frame (http://localhost:3001/_next/static/chunks/f12ff_next_dist_compiled_react-dom_7b2f6d3d._.js:14826:24)
    at renderWithHooks (http://localhost:3001/_next/static/chunks/f12ff_next_dist_compiled_react-dom_7b2f6d3d._.js:4651:24)
    at updateFunctionComponent (http://localhost:3001/_next/static/chunks/f12ff_next_dist_compiled_react-dom_7b2f6d3d._.js:6112:21)
    at beginWork (http://localhost:3001/_next/static/chunks/f12ff_next_dist_compiled_react-dom_7b2f6d3d._.js:6708:24)
    at runWithFiberInDEV (http://localhost:3001/_next/static/chunks/f12ff_next_dist_compiled_react-dom_7b2f6d3d._.js:965:74)
    at performUnitOfWork (http://localhost:3001/_next/static/chunks/f12ff_next_dist_compiled_react-dom_7b2f6d3d._.js:9562:97)
    at workLoopConcurrentByScheduler (http://localhost:3001/_next/static/chunks/f12ff_next_dist_compiled_react-dom_7b2f6d3d._.js:9558:58)
    at renderRootConcurrent (http://localhost:3001/_next/static/chunks/f12ff_next_dist_compiled_react-dom_7b2f6d3d._.js:9541:71)
    at performWorkOnRoot (http://localhost:3001/_next/static/chunks/f12ff_next_dist_compiled_react-dom_7b2f6d3d._.js:9068:150)
    at performWorkOnRootViaSchedulerTask (http://localhost:3001/_next/static/chunks/f12ff_next_dist_compiled_react-dom_7b2f6d3d._.js:10230:9)
    at MessagePort.performWorkUntilDeadline (http://localhost:3001/_next/static/chunks/f12ff_next_dist_compiled_cd863794._.js:2647:64) @ http://localhost:3001/_next/static/chunks/f12ff_next_dist_95687940._.js:3132
[ 6300207ms] [ERROR] IntlError: MISSING_MESSAGE: Cannot read properties of undefined (reading 'split')
    at getFallbackFromErrorAndNotify (http://localhost:3001/_next/static/chunks/node_modules__pnpm_a92eadf3._.js:7251:23)
    at translateBaseFn (http://localhost:3001/_next/static/chunks/node_modules__pnpm_a92eadf3._.js:7281:28)
    at translateFn (http://localhost:3001/_next/static/chunks/node_modules__pnpm_a92eadf3._.js:7343:24)
    at labelFor (http://localhost:3001/_next/static/chunks/_af79dd3a._.js:631:30)
    at http://localhost:3001/_next/static/chunks/_af79dd3a._.js:142:34
    at Array.map (<anonymous>)
    at RegionChoropleth (http://localhost:3001/_next/static/chunks/_af79dd3a._.js:134:43)
    at Object.react_stack_bottom_frame (http://localhost:3001/_next/static/chunks/f12ff_next_dist_compiled_react-dom_7b2f6d3d._.js:14826:24)
    at renderWithHooks (http://localhost:3001/_next/static/chunks/f12ff_next_dist_compiled_react-dom_7b2f6d3d._.js:4651:24)
    at updateFunctionComponent (http://localhost:3001/_next/static/chunks/f12ff_next_dist_compiled_react-dom_7b2f6d3d._.js:6112:21)
    at beginWork (http://localhost:3001/_next/static/chunks/f12ff_next_dist_compiled_react-dom_7b2f6d3d._.js:6708:24)
    at runWithFiberInDEV (http://localhost:3001/_next/static/chunks/f12ff_next_dist_compiled_react-dom_7b2f6d3d._.js:965:74)
    at performUnitOfWork (http://localhost:3001/_next/static/chunks/f12ff_next_dist_compiled_react-dom_7b2f6d3d._.js:9562:97)
    at workLoopConcurrentByScheduler (http://localhost:3001/_next/static/chunks/f12ff_next_dist_compiled_react-dom_7b2f6d3d._.js:9558:58)
    at renderRootConcurrent (http://localhost:3001/_next/static/chunks/f12ff_next_dist_compiled_react-dom_7b2f6d3d._.js:9541:71)
    at performWorkOnRoot (http://localhost:3001/_next/static/chunks/f12ff_next_dist_compiled_react-dom_7b2f6d3d._.js:9068:150)
    at performWorkOnRootViaSchedulerTask (http://localhost:3001/_next/static/chunks/f12ff_next_dist_compiled_react-dom_7b2f6d3d._.js:10230:9)
    at MessagePort.performWorkUntilDeadline (http://localhost:3001/_next/static/chunks/f12ff_next_dist_compiled_cd863794._.js:2647:64) @ http://localhost:3001/_next/static/chunks/f12ff_next_dist_95687940._.js:3132
[ 6300208ms] [ERROR] IntlError: MISSING_MESSAGE: Cannot read properties of undefined (reading 'split')
    at getFallbackFromErrorAndNotify (http://localhost:3001/_next/static/chunks/node_modules__pnpm_a92eadf3._.js:7251:23)
    at translateBaseFn (http://localhost:3001/_next/static/chunks/node_modules__pnpm_a92eadf3._.js:7281:28)
    at translateFn (http://localhost:3001/_next/static/chunks/node_modules__pnpm_a92eadf3._.js:7343:24)
    at labelFor (http://localhost:3001/_next/static/chunks/_af79dd3a._.js:631:30)
    at http://localhost:3001/_next/static/chunks/_af79dd3a._.js:142:34
    at Array.map (<anonymous>)
    at RegionChoropleth (http://localhost:3001/_next/static/chunks/_af79dd3a._.js:134:43)
    at Object.react_stack_bottom_frame (http://localhost:3001/_next/static/chunks/f12ff_next_dist_compiled_react-dom_7b2f6d3d._.js:14826:24)
    at renderWithHooksAgain (http://localhost:3001/_next/static/chunks/f12ff_next_dist_compiled_react-dom_7b2f6d3d._.js:4706:24)
    at renderWithHooks (http://localhost:3001/_next/static/chunks/f12ff_next_dist_compiled_react-dom_7b2f6d3d._.js:4657:28)
    at updateFunctionComponent (http://localhost:3001/_next/static/chunks/f12ff_next_dist_compiled_react-dom_7b2f6d3d._.js:6112:21)
    at beginWork (http://localhost:3001/_next/static/chunks/f12ff_next_dist_compiled_react-dom_7b2f6d3d._.js:6708:24)
    at runWithFiberInDEV (http://localhost:3001/_next/static/chunks/f12ff_next_dist_compiled_react-dom_7b2f6d3d._.js:965:74)
    at performUnitOfWork (http://localhost:3001/_next/static/chunks/f12ff_next_dist_compiled_react-dom_7b2f6d3d._.js:9562:97)
    at workLoopConcurrentByScheduler (http://localhost:3001/_next/static/chunks/f12ff_next_dist_compiled_react-dom_7b2f6d3d._.js:9558:58)
    at renderRootConcurrent (http://localhost:3001/_next/static/chunks/f12ff_next_dist_compiled_react-dom_7b2f6d3d._.js:9541:71)
    at performWorkOnRoot (http://localhost:3001/_next/static/chunks/f12ff_next_dist_compiled_react-dom_7b2f6d3d._.js:9068:150)
    at performWorkOnRootViaSchedulerTask (http://localhost:3001/_next/static/chunks/f12ff_next_dist_compiled_react-dom_7b2f6d3d._.js:10230:9)
    at MessagePort.performWorkUntilDeadline (http://localhost:3001/_next/static/chunks/f12ff_next_dist_compiled_cd863794._.js:2647:64) @ http://localhost:3001/_next/static/chunks/f12ff_next_dist_95687940._.js:3132
[ 6300208ms] [ERROR] IntlError: MISSING_MESSAGE: Cannot read properties of undefined (reading 'split')
    at getFallbackFromErrorAndNotify (http://localhost:3001/_next/static/chunks/node_modules__pnpm_a92eadf3._.js:7251:23)
    at translateBaseFn (http://localhost:3001/_next/static/chunks/node_modules__pnpm_a92eadf3._.js:7281:28)
    at translateFn (http://localhost:3001/_next/static/chunks/node_modules__pnpm_a92eadf3._.js:7343:24)
    at labelFor (http://localhost:3001/_next/static/chunks/_af79dd3a._.js:631:30)
    at http://localhost:3001/_next/static/chunks/_af79dd3a._.js:142:34
    at Array.map (<anonymous>)
    at RegionChoropleth (http://localhost:3001/_next/static/chunks/_af79dd3a._.js:134:43)
    at Object.react_stack_bottom_frame (http://localhost:3001/_next/static/chunks/f12ff_next_dist_compiled_react-dom_7b2f6d3d._.js:14826:24)
    at renderWithHooksAgain (http://localhost:3001/_next/static/chunks/f12ff_next_dist_compiled_react-dom_7b2f6d3d._.js:4706:24)
    at renderWithHooks (http://localhost:3001/_next/static/chunks/f12ff_next_dist_compiled_react-dom_7b2f6d3d._.js:4657:28)
    at updateFunctionComponent (http://localhost:3001/_next/static/chunks/f12ff_next_dist_compiled_react-dom_7b2f6d3d._.js:6112:21)
    at beginWork (http://localhost:3001/_next/static/chunks/f12ff_next_dist_compiled_react-dom_7b2f6d3d._.js:6708:24)
    at runWithFiberInDEV (http://localhost:3001/_next/static/chunks/f12ff_next_dist_compiled_react-dom_7b2f6d3d._.js:965:74)
    at performUnitOfWork (http://localhost:3001/_next/static/chunks/f12ff_next_dist_compiled_react-dom_7b2f6d3d._.js:9562:97)
    at workLoopConcurrentByScheduler (http://localhost:3001/_next/static/chunks/f12ff_next_dist_compiled_react-dom_7b2f6d3d._.js:9558:58)
    at renderRootConcurrent (http://localhost:3001/_next/static/chunks/f12ff_next_dist_compiled_react-dom_7b2f6d3d._.js:9541:71)
    at performWorkOnRoot (http://localhost:3001/_next/static/chunks/f12ff_next_dist_compiled_react-dom_7b2f6d3d._.js:9068:150)
    at performWorkOnRootViaSchedulerTask (http://localhost:3001/_next/static/chunks/f12ff_next_dist_compiled_react-dom_7b2f6d3d._.js:10230:9)
    at MessagePort.performWorkUntilDeadline (http://localhost:3001/_next/static/chunks/f12ff_next_dist_compiled_cd863794._.js:2647:64) @ http://localhost:3001/_next/static/chunks/f12ff_next_dist_95687940._.js:3132
[ 6300208ms] [ERROR] IntlError: MISSING_MESSAGE: Cannot read properties of undefined (reading 'split')
    at getFallbackFromErrorAndNotify (http://localhost:3001/_next/static/chunks/node_modules__pnpm_a92eadf3._.js:7251:23)
    at translateBaseFn (http://localhost:3001/_next/static/chunks/node_modules__pnpm_a92eadf3._.js:7281:28)
    at translateFn (http://localhost:3001/_next/static/chunks/node_modules__pnpm_a92eadf3._.js:7343:24)
    at labelFor (http://localhost:3001/_next/static/chunks/_af79dd3a._.js:631:30)
    at http://localhost:3001/_next/static/chunks/_af79dd3a._.js:142:34
    at Array.map (<anonymous>)
    at RegionChoropleth (http://localhost:3001/_next/static/chunks/_af79dd3a._.js:134:43)
    at Object.react_stack_bottom_frame (http://localhost:3001/_next/static/chunks/f12ff_next_dist_compiled_react-dom_7b2f6d3d._.js:14826:24)
    at renderWithHooksAgain (http://localhost:3001/_next/static/chunks/f12ff_next_dist_compiled_react-dom_7b2f6d3d._.js:4706:24)
    at renderWithHooks (http://localhost:3001/_next/static/chunks/f12ff_next_dist_compiled_react-dom_7b2f6d3d._.js:4657:28)
    at updateFunctionComponent (http://localhost:3001/_next/static/chunks/f12ff_next_dist_compiled_react-dom_7b2f6d3d._.js:6112:21)
    at beginWork (http://localhost:3001/_next/static/chunks/f12ff_next_dist_compiled_react-dom_7b2f6d3d._.js:6708:24)
    at runWithFiberInDEV (http://localhost:3001/_next/static/chunks/f12ff_next_dist_compiled_react-dom_7b2f6d3d._.js:965:74)
    at performUnitOfWork (http://localhost:3001/_next/static/chunks/f12ff_next_dist_compiled_react-dom_7b2f6d3d._.js:9562:97)
    at workLoopConcurrentByScheduler (http://localhost:3001/_next/static/chunks/f12ff_next_dist_compiled_react-dom_7b2f6d3d._.js:9558:58)
    at renderRootConcurrent (http://localhost:3001/_next/static/chunks/f12ff_next_dist_compiled_react-dom_7b2f6d3d._.js:9541:71)
    at performWorkOnRoot (http://localhost:3001/_next/static/chunks/f12ff_next_dist_compiled_react-dom_7b2f6d3d._.js:9068:150)
    at performWorkOnRootViaSchedulerTask (http://localhost:3001/_next/static/chunks/f12ff_next_dist_compiled_react-dom_7b2f6d3d._.js:10230:9)
    at MessagePort.performWorkUntilDeadline (http://localhost:3001/_next/static/chunks/f12ff_next_dist_compiled_cd863794._.js:2647:64) @ http://localhost:3001/_next/static/chunks/f12ff_next_dist_95687940._.js:3132
[ 6300208ms] [ERROR] IntlError: MISSING_MESSAGE: Cannot read properties of undefined (reading 'split')
    at getFallbackFromErrorAndNotify (http://localhost:3001/_next/static/chunks/node_modules__pnpm_a92eadf3._.js:7251:23)
    at translateBaseFn (http://localhost:3001/_next/static/chunks/node_modules__pnpm_a92eadf3._.js:7281:28)
    at translateFn (http://localhost:3001/_next/static/chunks/node_modules__pnpm_a92eadf3._.js:7343:24)
    at labelFor (http://localhost:3001/_next/static/chunks/_af79dd3a._.js:631:30)
    at http://localhost:3001/_next/static/chunks/_af79dd3a._.js:142:34
    at Array.map (<anonymous>)
    at RegionChoropleth (http://localhost:3001/_next/static/chunks/_af79dd3a._.js:134:43)
    at Object.react_stack_bottom_frame (http://localhost:3001/_next/static/chunks/f12ff_next_dist_compiled_react-dom_7b2f6d3d._.js:14826:24)
    at renderWithHooksAgain (http://localhost:3001/_next/static/chunks/f12ff_next_dist_compiled_react-dom_7b2f6d3d._.js:4706:24)
    at renderWithHooks (http://localhost:3001/_next/static/chunks/f12ff_next_dist_compiled_react-dom_7b2f6d3d._.js:4657:28)
    at updateFunctionComponent (http://localhost:3001/_next/static/chunks/f12ff_next_dist_compiled_react-dom_7b2f6d3d._.js:6112:21)
    at beginWork (http://localhost:3001/_next/static/chunks/f12ff_next_dist_compiled_react-dom_7b2f6d3d._.js:6708:24)
    at runWithFiberInDEV (http://localhost:3001/_next/static/chunks/f12ff_next_dist_compiled_react-dom_7b2f6d3d._.js:965:74)
    at performUnitOfWork (http://localhost:3001/_next/static/chunks/f12ff_next_dist_compiled_react-dom_7b2f6d3d._.js:9562:97)
    at workLoopConcurrentByScheduler (http://localhost:3001/_next/static/chunks/f12ff_next_dist_compiled_react-dom_7b2f6d3d._.js:9558:58)
    at renderRootConcurrent (http://localhost:3001/_next/static/chunks/f12ff_next_dist_compiled_react-dom_7b2f6d3d._.js:9541:71)
    at performWorkOnRoot (http://localhost:3001/_next/static/chunks/f12ff_next_dist_compiled_react-dom_7b2f6d3d._.js:9068:150)
    at performWorkOnRootViaSchedulerTask (http://localhost:3001/_next/static/chunks/f12ff_next_dist_compiled_react-dom_7b2f6d3d._.js:10230:9)
    at MessagePort.performWorkUntilDeadline (http://localhost:3001/_next/static/chunks/f12ff_next_dist_compiled_cd863794._.js:2647:64) @ http://localhost:3001/_next/static/chunks/f12ff_next_dist_95687940._.js:3132
[ 6300211ms] [ERROR] IntlError: MISSING_MESSAGE: Cannot read properties of undefined (reading 'split')
    at getFallbackFromErrorAndNotify (http://localhost:3001/_next/static/chunks/node_modules__pnpm_a92eadf3._.js:7251:23)
    at translateBaseFn (http://localhost:3001/_next/static/chunks/node_modules__pnpm_a92eadf3._.js:7281:28)
    at translateFn (http://localhost:3001/_next/static/chunks/node_modules__pnpm_a92eadf3._.js:7343:24)
    at labelFor (http://localhost:3001/_next/static/chunks/_af79dd3a._.js:631:30)
    at http://localhost:3001/_next/static/chunks/_af79dd3a._.js:142:34
    at Array.map (<anonymous>)
    at RegionChoropleth (http://localhost:3001/_next/static/chunks/_af79dd3a._.js:134:43)
    at Object.react_stack_bottom_frame (http://localhost:3001/_next/static/chunks/f12ff_next_dist_compiled_react-dom_7b2f6d3d._.js:14826:24)
    at renderWithHooksAgain (http://localhost:3001/_next/static/chunks/f12ff_next_dist_compiled_react-dom_7b2f6d3d._.js:4706:24)
    at renderWithHooks (http://localhost:3001/_next/static/chunks/f12ff_next_dist_compiled_react-dom_7b2f6d3d._.js:4657:28)
    at updateFunctionComponent (http://localhost:3001/_next/static/chunks/f12ff_next_dist_compiled_react-dom_7b2f6d3d._.js:6112:21)
    at beginWork (http://localhost:3001/_next/static/chunks/f12ff_next_dist_compiled_react-dom_7b2f6d3d._.js:6708:24)
    at runWithFiberInDEV (http://localhost:3001/_next/static/chunks/f12ff_next_dist_compiled_react-dom_7b2f6d3d._.js:965:74)
    at performUnitOfWork (http://localhost:3001/_next/static/chunks/f12ff_next_dist_compiled_react-dom_7b2f6d3d._.js:9562:97)
    at workLoopConcurrentByScheduler (http://localhost:3001/_next/static/chunks/f12ff_next_dist_compiled_react-dom_7b2f6d3d._.js:9558:58)
    at renderRootConcurrent (http://localhost:3001/_next/static/chunks/f12ff_next_dist_compiled_react-dom_7b2f6d3d._.js:9541:71)
    at performWorkOnRoot (http://localhost:3001/_next/static/chunks/f12ff_next_dist_compiled_react-dom_7b2f6d3d._.js:9068:150)
    at performWorkOnRootViaSchedulerTask (http://localhost:3001/_next/static/chunks/f12ff_next_dist_compiled_react-dom_7b2f6d3d._.js:10230:9)
    at MessagePort.performWorkUntilDeadline (http://localhost:3001/_next/static/chunks/f12ff_next_dist_compiled_cd863794._.js:2647:64) @ http://localhost:3001/_next/static/chunks/f12ff_next_dist_95687940._.js:3132
[ 6300211ms] [ERROR] IntlError: MISSING_MESSAGE: Cannot read properties of undefined (reading 'split')
    at getFallbackFromErrorAndNotify (http://localhost:3001/_next/static/chunks/node_modules__pnpm_a92eadf3._.js:7251:23)
    at translateBaseFn (http://localhost:3001/_next/static/chunks/node_modules__pnpm_a92eadf3._.js:7281:28)
    at translateFn (http://localhost:3001/_next/static/chunks/node_modules__pnpm_a92eadf3._.js:7343:24)
    at labelFor (http://localhost:3001/_next/static/chunks/_af79dd3a._.js:631:30)
    at http://localhost:3001/_next/static/chunks/_af79dd3a._.js:142:34
    at Array.map (<anonymous>)
    at RegionChoropleth (http://localhost:3001/_next/static/chunks/_af79dd3a._.js:134:43)
    at Object.react_stack_bottom_frame (http://localhost:3001/_next/static/chunks/f12ff_next_dist_compiled_react-dom_7b2f6d3d._.js:14826:24)
    at renderWithHooksAgain (http://localhost:3001/_next/static/chunks/f12ff_next_dist_compiled_react-dom_7b2f6d3d._.js:4706:24)
    at renderWithHooks (http://localhost:3001/_next/static/chunks/f12ff_next_dist_compiled_react-dom_7b2f6d3d._.js:4657:28)
    at updateFunctionComponent (http://localhost:3001/_next/static/chunks/f12ff_next_dist_compiled_react-dom_7b2f6d3d._.js:6112:21)
    at beginWork (http://localhost:3001/_next/static/chunks/f12ff_next_dist_compiled_react-dom_7b2f6d3d._.js:6708:24)
    at runWithFiberInDEV (http://localhost:3001/_next/static/chunks/f12ff_next_dist_compiled_react-dom_7b2f6d3d._.js:965:74)
    at performUnitOfWork (http://localhost:3001/_next/static/chunks/f12ff_next_dist_compiled_react-dom_7b2f6d3d._.js:9562:97)
    at workLoopConcurrentByScheduler (http://localhost:3001/_next/static/chunks/f12ff_next_dist_compiled_react-dom_7b2f6d3d._.js:9558:58)
    at renderRootConcurrent (http://localhost:3001/_next/static/chunks/f12ff_next_dist_compiled_react-dom_7b2f6d3d._.js:9541:71)
    at performWorkOnRoot (http://localhost:3001/_next/static/chunks/f12ff_next_dist_compiled_react-dom_7b2f6d3d._.js:9068:150)
    at performWorkOnRootViaSchedulerTask (http://localhost:3001/_next/static/chunks/f12ff_next_dist_compiled_react-dom_7b2f6d3d._.js:10230:9)
    at MessagePort.performWorkUntilDeadline (http://localhost:3001/_next/static/chunks/f12ff_next_dist_compiled_cd863794._.js:2647:64) @ http://localhost:3001/_next/static/chunks/f12ff_next_dist_95687940._.js:3132
[ 6300212ms] [ERROR] IntlError: MISSING_MESSAGE: Cannot read properties of undefined (reading 'split')
    at getFallbackFromErrorAndNotify (http://localhost:3001/_next/static/chunks/node_modules__pnpm_a92eadf3._.js:7251:23)
    at translateBaseFn (http://localhost:3001/_next/static/chunks/node_modules__pnpm_a92eadf3._.js:7281:28)
    at translateFn (http://localhost:3001/_next/static/chunks/node_modules__pnpm_a92eadf3._.js:7343:24)
    at labelFor (http://localhost:3001/_next/static/chunks/_af79dd3a._.js:631:30)
    at http://localhost:3001/_next/static/chunks/_af79dd3a._.js:142:34
    at Array.map (<anonymous>)
    at RegionChoropleth (http://localhost:3001/_next/static/chunks/_af79dd3a._.js:134:43)
    at Object.react_stack_bottom_frame (http://localhost:3001/_next/static/chunks/f12ff_next_dist_compiled_react-dom_7b2f6d3d._.js:14826:24)
    at renderWithHooksAgain (http://localhost:3001/_next/static/chunks/f12ff_next_dist_compiled_react-dom_7b2f6d3d._.js:4706:24)
    at renderWithHooks (http://localhost:3001/_next/static/chunks/f12ff_next_dist_compiled_react-dom_7b2f6d3d._.js:4657:28)
    at updateFunctionComponent (http://localhost:3001/_next/static/chunks/f12ff_next_dist_compiled_react-dom_7b2f6d3d._.js:6112:21)
    at beginWork (http://localhost:3001/_next/static/chunks/f12ff_next_dist_compiled_react-dom_7b2f6d3d._.js:6708:24)
    at runWithFiberInDEV (http://localhost:3001/_next/static/chunks/f12ff_next_dist_compiled_react-dom_7b2f6d3d._.js:965:74)
    at performUnitOfWork (http://localhost:3001/_next/static/chunks/f12ff_next_dist_compiled_react-dom_7b2f6d3d._.js:9562:97)
    at workLoopConcurrentByScheduler (http://localhost:3001/_next/static/chunks/f12ff_next_dist_compiled_react-dom_7b2f6d3d._.js:9558:58)
    at renderRootConcurrent (http://localhost:3001/_next/static/chunks/f12ff_next_dist_compiled_react-dom_7b2f6d3d._.js:9541:71)
    at performWorkOnRoot (http://localhost:3001/_next/static/chunks/f12ff_next_dist_compiled_react-dom_7b2f6d3d._.js:9068:150)
    at performWorkOnRootViaSchedulerTask (http://localhost:3001/_next/static/chunks/f12ff_next_dist_compiled_react-dom_7b2f6d3d._.js:10230:9)
    at MessagePort.performWorkUntilDeadline (http://localhost:3001/_next/static/chunks/f12ff_next_dist_compiled_cd863794._.js:2647:64) @ http://localhost:3001/_next/static/chunks/f12ff_next_dist_95687940._.js:3132
[ 6300293ms] [ERROR] IntlError: MISSING_MESSAGE: Cannot read properties of undefined (reading 'split')
    at getFallbackFromErrorAndNotify (http://localhost:3001/_next/static/chunks/node_modules__pnpm_a92eadf3._.js:7251:23)
    at translateBaseFn (http://localhost:3001/_next/static/chunks/node_modules__pnpm_a92eadf3._.js:7281:28)
    at translateFn (http://localhost:3001/_next/static/chunks/node_modules__pnpm_a92eadf3._.js:7343:24)
    at labelFor (http://localhost:3001/_next/static/chunks/_af79dd3a._.js:631:30)
    at http://localhost:3001/_next/static/chunks/_af79dd3a._.js:142:34
    at Array.map (<anonymous>)
    at RegionChoropleth (http://localhost:3001/_next/static/chunks/_af79dd3a._.js:134:43)
    at Object.react_stack_bottom_frame (http://localhost:3001/_next/static/chunks/f12ff_next_dist_compiled_react-dom_7b2f6d3d._.js:14826:24)
    at renderWithHooks (http://localhost:3001/_next/static/chunks/f12ff_next_dist_compiled_react-dom_7b2f6d3d._.js:4651:24)
    at updateFunctionComponent (http://localhost:3001/_next/static/chunks/f12ff_next_dist_compiled_react-dom_7b2f6d3d._.js:6112:21)
    at beginWork (http://localhost:3001/_next/static/chunks/f12ff_next_dist_compiled_react-dom_7b2f6d3d._.js:6708:24)
    at runWithFiberInDEV (http://localhost:3001/_next/static/chunks/f12ff_next_dist_compiled_react-dom_7b2f6d3d._.js:965:74)
    at performUnitOfWork (http://localhost:3001/_next/static/chunks/f12ff_next_dist_compiled_react-dom_7b2f6d3d._.js:9562:97)
    at workLoopSync (http://localhost:3001/_next/static/chunks/f12ff_next_dist_compiled_react-dom_7b2f6d3d._.js:9456:40)
    at renderRootSync (http://localhost:3001/_next/static/chunks/f12ff_next_dist_compiled_react-dom_7b2f6d3d._.js:9440:13)
    at performWorkOnRoot (http://localhost:3001/_next/static/chunks/f12ff_next_dist_compiled_react-dom_7b2f6d3d._.js:9068:186)
    at performSyncWorkOnRoot (http://localhost:3001/_next/static/chunks/f12ff_next_dist_compiled_react-dom_7b2f6d3d._.js:10238:9)
    at flushSyncWorkAcrossRoots_impl (http://localhost:3001/_next/static/chunks/f12ff_next_dist_compiled_react-dom_7b2f6d3d._.js:10154:316)
    at flushSpawnedWork (http://localhost:3001/_next/static/chunks/f12ff_next_dist_compiled_react-dom_7b2f6d3d._.js:9914:13)
    at commitRoot (http://localhost:3001/_next/static/chunks/f12ff_next_dist_compiled_react-dom_7b2f6d3d._.js:9720:432)
    at commitRootWhenReady (http://localhost:3001/_next/static/chunks/f12ff_next_dist_compiled_react-dom_7b2f6d3d._.js:9194:9)
    at performWorkOnRoot (http://localhost:3001/_next/static/chunks/f12ff_next_dist_compiled_react-dom_7b2f6d3d._.js:9166:25)
    at performWorkOnRootViaSchedulerTask (http://localhost:3001/_next/static/chunks/f12ff_next_dist_compiled_react-dom_7b2f6d3d._.js:10230:9)
    at MessagePort.performWorkUntilDeadline (http://localhost:3001/_next/static/chunks/f12ff_next_dist_compiled_cd863794._.js:2647:64) @ http://localhost:3001/_next/static/chunks/f12ff_next_dist_95687940._.js:3132
[ 6300294ms] [ERROR] IntlError: MISSING_MESSAGE: Cannot read properties of undefined (reading 'split')
    at getFallbackFromErrorAndNotify (http://localhost:3001/_next/static/chunks/node_modules__pnpm_a92eadf3._.js:7251:23)
    at translateBaseFn (http://localhost:3001/_next/static/chunks/node_modules__pnpm_a92eadf3._.js:7281:28)
    at translateFn (http://localhost:3001/_next/static/chunks/node_modules__pnpm_a92eadf3._.js:7343:24)
    at labelFor (http://localhost:3001/_next/static/chunks/_af79dd3a._.js:631:30)
    at http://localhost:3001/_next/static/chunks/_af79dd3a._.js:142:34
    at Array.map (<anonymous>)
    at RegionChoropleth (http://localhost:3001/_next/static/chunks/_af79dd3a._.js:134:43)
    at Object.react_stack_bottom_frame (http://localhost:3001/_next/static/chunks/f12ff_next_dist_compiled_react-dom_7b2f6d3d._.js:14826:24)
    at renderWithHooks (http://localhost:3001/_next/static/chunks/f12ff_next_dist_compiled_react-dom_7b2f6d3d._.js:4651:24)
    at updateFunctionComponent (http://localhost:3001/_next/static/chunks/f12ff_next_dist_compiled_react-dom_7b2f6d3d._.js:6112:21)
    at beginWork (http://localhost:3001/_next/static/chunks/f12ff_next_dist_compiled_react-dom_7b2f6d3d._.js:6708:24)
    at runWithFiberInDEV (http://localhost:3001/_next/static/chunks/f12ff_next_dist_compiled_react-dom_7b2f6d3d._.js:965:74)
    at performUnitOfWork (http://localhost:3001/_next/static/chunks/f12ff_next_dist_compiled_react-dom_7b2f6d3d._.js:9562:97)
    at workLoopSync (http://localhost:3001/_next/static/chunks/f12ff_next_dist_compiled_react-dom_7b2f6d3d._.js:9456:40)
    at renderRootSync (http://localhost:3001/_next/static/chunks/f12ff_next_dist_compiled_react-dom_7b2f6d3d._.js:9440:13)
    at performWorkOnRoot (http://localhost:3001/_next/static/chunks/f12ff_next_dist_compiled_react-dom_7b2f6d3d._.js:9068:186)
    at performSyncWorkOnRoot (http://localhost:3001/_next/static/chunks/f12ff_next_dist_compiled_react-dom_7b2f6d3d._.js:10238:9)
    at flushSyncWorkAcrossRoots_impl (http://localhost:3001/_next/static/chunks/f12ff_next_dist_compiled_react-dom_7b2f6d3d._.js:10154:316)
    at flushSpawnedWork (http://localhost:3001/_next/static/chunks/f12ff_next_dist_compiled_react-dom_7b2f6d3d._.js:9914:13)
    at commitRoot (http://localhost:3001/_next/static/chunks/f12ff_next_dist_compiled_react-dom_7b2f6d3d._.js:9720:432)
    at commitRootWhenReady (http://localhost:3001/_next/static/chunks/f12ff_next_dist_compiled_react-dom_7b2f6d3d._.js:9194:9)
    at performWorkOnRoot (http://localhost:3001/_next/static/chunks/f12ff_next_dist_compiled_react-dom_7b2f6d3d._.js:9166:25)
    at performWorkOnRootViaSchedulerTask (http://localhost:3001/_next/static/chunks/f12ff_next_dist_compiled_react-dom_7b2f6d3d._.js:10230:9)
    at MessagePort.performWorkUntilDeadline (http://localhost:3001/_next/static/chunks/f12ff_next_dist_compiled_cd863794._.js:2647:64) @ http://localhost:3001/_next/static/chunks/f12ff_next_dist_95687940._.js:3132
[ 6300294ms] [ERROR] IntlError: MISSING_MESSAGE: Cannot read properties of undefined (reading 'split')
    at getFallbackFromErrorAndNotify (http://localhost:3001/_next/static/chunks/node_modules__pnpm_a92eadf3._.js:7251:23)
    at translateBaseFn (http://localhost:3001/_next/static/chunks/node_modules__pnpm_a92eadf3._.js:7281:28)
    at translateFn (http://localhost:3001/_next/static/chunks/node_modules__pnpm_a92eadf3._.js:7343:24)
    at labelFor (http://localhost:3001/_next/static/chunks/_af79dd3a._.js:631:30)
    at http://localhost:3001/_next/static/chunks/_af79dd3a._.js:142:34
    at Array.map (<anonymous>)
    at RegionChoropleth (http://localhost:3001/_next/static/chunks/_af79dd3a._.js:134:43)
    at Object.react_stack_bottom_frame (http://localhost:3001/_next/static/chunks/f12ff_next_dist_compiled_react-dom_7b2f6d3d._.js:14826:24)
    at renderWithHooks (http://localhost:3001/_next/static/chunks/f12ff_next_dist_compiled_react-dom_7b2f6d3d._.js:4651:24)
    at updateFunctionComponent (http://localhost:3001/_next/static/chunks/f12ff_next_dist_compiled_react-dom_7b2f6d3d._.js:6112:21)
    at beginWork (http://localhost:3001/_next/static/chunks/f12ff_next_dist_compiled_react-dom_7b2f6d3d._.js:6708:24)
    at runWithFiberInDEV (http://localhost:3001/_next/static/chunks/f12ff_next_dist_compiled_react-dom_7b2f6d3d._.js:965:74)
    at performUnitOfWork (http://localhost:3001/_next/static/chunks/f12ff_next_dist_compiled_react-dom_7b2f6d3d._.js:9562:97)
    at workLoopSync (http://localhost:3001/_next/static/chunks/f12ff_next_dist_compiled_react-dom_7b2f6d3d._.js:9456:40)
    at renderRootSync (http://localhost:3001/_next/static/chunks/f12ff_next_dist_compiled_react-dom_7b2f6d3d._.js:9440:13)
    at performWorkOnRoot (http://localhost:3001/_next/static/chunks/f12ff_next_dist_compiled_react-dom_7b2f6d3d._.js:9068:186)
    at performSyncWorkOnRoot (http://localhost:3001/_next/static/chunks/f12ff_next_dist_compiled_react-dom_7b2f6d3d._.js:10238:9)
    at flushSyncWorkAcrossRoots_impl (http://localhost:3001/_next/static/chunks/f12ff_next_dist_compiled_react-dom_7b2f6d3d._.js:10154:316)
    at flushSpawnedWork (http://localhost:3001/_next/static/chunks/f12ff_next_dist_compiled_react-dom_7b2f6d3d._.js:9914:13)
    at commitRoot (http://localhost:3001/_next/static/chunks/f12ff_next_dist_compiled_react-dom_7b2f6d3d._.js:9720:432)
    at commitRootWhenReady (http://localhost:3001/_next/static/chunks/f12ff_next_dist_compiled_react-dom_7b2f6d3d._.js:9194:9)
    at performWorkOnRoot (http://localhost:3001/_next/static/chunks/f12ff_next_dist_compiled_react-dom_7b2f6d3d._.js:9166:25)
    at performWorkOnRootViaSchedulerTask (http://localhost:3001/_next/static/chunks/f12ff_next_dist_compiled_react-dom_7b2f6d3d._.js:10230:9)
    at MessagePort.performWorkUntilDeadline (http://localhost:3001/_next/static/chunks/f12ff_next_dist_compiled_cd863794._.js:2647:64) @ http://localhost:3001/_next/static/chunks/f12ff_next_dist_95687940._.js:3132
[ 6300294ms] [ERROR] IntlError: MISSING_MESSAGE: Cannot read properties of undefined (reading 'split')
    at getFallbackFromErrorAndNotify (http://localhost:3001/_next/static/chunks/node_modules__pnpm_a92eadf3._.js:7251:23)
    at translateBaseFn (http://localhost:3001/_next/static/chunks/node_modules__pnpm_a92eadf3._.js:7281:28)
    at translateFn (http://localhost:3001/_next/static/chunks/node_modules__pnpm_a92eadf3._.js:7343:24)
    at labelFor (http://localhost:3001/_next/static/chunks/_af79dd3a._.js:631:30)
    at http://localhost:3001/_next/static/chunks/_af79dd3a._.js:142:34
    at Array.map (<anonymous>)
    at RegionChoropleth (http://localhost:3001/_next/static/chunks/_af79dd3a._.js:134:43)
    at Object.react_stack_bottom_frame (http://localhost:3001/_next/static/chunks/f12ff_next_dist_compiled_react-dom_7b2f6d3d._.js:14826:24)
    at renderWithHooks (http://localhost:3001/_next/static/chunks/f12ff_next_dist_compiled_react-dom_7b2f6d3d._.js:4651:24)
    at updateFunctionComponent (http://localhost:3001/_next/static/chunks/f12ff_next_dist_compiled_react-dom_7b2f6d3d._.js:6112:21)
    at beginWork (http://localhost:3001/_next/static/chunks/f12ff_next_dist_compiled_react-dom_7b2f6d3d._.js:6708:24)
    at runWithFiberInDEV (http://localhost:3001/_next/static/chunks/f12ff_next_dist_compiled_react-dom_7b2f6d3d._.js:965:74)
    at performUnitOfWork (http://localhost:3001/_next/static/chunks/f12ff_next_dist_compiled_react-dom_7b2f6d3d._.js:9562:97)
    at workLoopSync (http://localhost:3001/_next/static/chunks/f12ff_next_dist_compiled_react-dom_7b2f6d3d._.js:9456:40)
    at renderRootSync (http://localhost:3001/_next/static/chunks/f12ff_next_dist_compiled_react-dom_7b2f6d3d._.js:9440:13)
    at performWorkOnRoot (http://localhost:3001/_next/static/chunks/f12ff_next_dist_compiled_react-dom_7b2f6d3d._.js:9068:186)
    at performSyncWorkOnRoot (http://localhost:3001/_next/static/chunks/f12ff_next_dist_compiled_react-dom_7b2f6d3d._.js:10238:9)
    at flushSyncWorkAcrossRoots_impl (http://localhost:3001/_next/static/chunks/f12ff_next_dist_compiled_react-dom_7b2f6d3d._.js:10154:316)
    at flushSpawnedWork (http://localhost:3001/_next/static/chunks/f12ff_next_dist_compiled_react-dom_7b2f6d3d._.js:9914:13)
    at commitRoot (http://localhost:3001/_next/static/chunks/f12ff_next_dist_compiled_react-dom_7b2f6d3d._.js:9720:432)
    at commitRootWhenReady (http://localhost:3001/_next/static/chunks/f12ff_next_dist_compiled_react-dom_7b2f6d3d._.js:9194:9)
    at performWorkOnRoot (http://localhost:3001/_next/static/chunks/f12ff_next_dist_compiled_react-dom_7b2f6d3d._.js:9166:25)
    at performWorkOnRootViaSchedulerTask (http://localhost:3001/_next/static/chunks/f12ff_next_dist_compiled_react-dom_7b2f6d3d._.js:10230:9)
    at MessagePort.performWorkUntilDeadline (http://localhost:3001/_next/static/chunks/f12ff_next_dist_compiled_cd863794._.js:2647:64) @ http://localhost:3001/_next/static/chunks/f12ff_next_dist_95687940._.js:3132
[ 6300294ms] [ERROR] IntlError: MISSING_MESSAGE: Cannot read properties of undefined (reading 'split')
    at getFallbackFromErrorAndNotify (http://localhost:3001/_next/static/chunks/node_modules__pnpm_a92eadf3._.js:7251:23)
    at translateBaseFn (http://localhost:3001/_next/static/chunks/node_modules__pnpm_a92eadf3._.js:7281:28)
    at translateFn (http://localhost:3001/_next/static/chunks/node_modules__pnpm_a92eadf3._.js:7343:24)
    at labelFor (http://localhost:3001/_next/static/chunks/_af79dd3a._.js:631:30)
    at http://localhost:3001/_next/static/chunks/_af79dd3a._.js:142:34
    at Array.map (<anonymous>)
    at RegionChoropleth (http://localhost:3001/_next/static/chunks/_af79dd3a._.js:134:43)
    at Object.react_stack_bottom_frame (http://localhost:3001/_next/static/chunks/f12ff_next_dist_compiled_react-dom_7b2f6d3d._.js:14826:24)
    at renderWithHooks (http://localhost:3001/_next/static/chunks/f12ff_next_dist_compiled_react-dom_7b2f6d3d._.js:4651:24)
    at updateFunctionComponent (http://localhost:3001/_next/static/chunks/f12ff_next_dist_compiled_react-dom_7b2f6d3d._.js:6112:21)
    at beginWork (http://localhost:3001/_next/static/chunks/f12ff_next_dist_compiled_react-dom_7b2f6d3d._.js:6708:24)
    at runWithFiberInDEV (http://localhost:3001/_next/static/chunks/f12ff_next_dist_compiled_react-dom_7b2f6d3d._.js:965:74)
    at performUnitOfWork (http://localhost:3001/_next/static/chunks/f12ff_next_dist_compiled_react-dom_7b2f6d3d._.js:9562:97)
    at workLoopSync (http://localhost:3001/_next/static/chunks/f12ff_next_dist_compiled_react-dom_7b2f6d3d._.js:9456:40)
    at renderRootSync (http://localhost:3001/_next/static/chunks/f12ff_next_dist_compiled_react-dom_7b2f6d3d._.js:9440:13)
    at performWorkOnRoot (http://localhost:3001/_next/static/chunks/f12ff_next_dist_compiled_react-dom_7b2f6d3d._.js:9068:186)
    at performSyncWorkOnRoot (http://localhost:3001/_next/static/chunks/f12ff_next_dist_compiled_react-dom_7b2f6d3d._.js:10238:9)
    at flushSyncWorkAcrossRoots_impl (http://localhost:3001/_next/static/chunks/f12ff_next_dist_compiled_react-dom_7b2f6d3d._.js:10154:316)
    at flushSpawnedWork (http://localhost:3001/_next/static/chunks/f12ff_next_dist_compiled_react-dom_7b2f6d3d._.js:9914:13)
    at commitRoot (http://localhost:3001/_next/static/chunks/f12ff_next_dist_compiled_react-dom_7b2f6d3d._.js:9720:432)
    at commitRootWhenReady (http://localhost:3001/_next/static/chunks/f12ff_next_dist_compiled_react-dom_7b2f6d3d._.js:9194:9)
    at performWorkOnRoot (http://localhost:3001/_next/static/chunks/f12ff_next_dist_compiled_react-dom_7b2f6d3d._.js:9166:25)
    at performWorkOnRootViaSchedulerTask (http://localhost:3001/_next/static/chunks/f12ff_next_dist_compiled_react-dom_7b2f6d3d._.js:10230:9)
    at MessagePort.performWorkUntilDeadline (http://localhost:3001/_next/static/chunks/f12ff_next_dist_compiled_cd863794._.js:2647:64) @ http://localhost:3001/_next/static/chunks/f12ff_next_dist_95687940._.js:3132
[ 6300295ms] [ERROR] IntlError: MISSING_MESSAGE: Cannot read properties of undefined (reading 'split')
    at getFallbackFromErrorAndNotify (http://localhost:3001/_next/static/chunks/node_modules__pnpm_a92eadf3._.js:7251:23)
    at translateBaseFn (http://localhost:3001/_next/static/chunks/node_modules__pnpm_a92eadf3._.js:7281:28)
    at translateFn (http://localhost:3001/_next/static/chunks/node_modules__pnpm_a92eadf3._.js:7343:24)
    at labelFor (http://localhost:3001/_next/static/chunks/_af79dd3a._.js:631:30)
    at http://localhost:3001/_next/static/chunks/_af79dd3a._.js:142:34
    at Array.map (<anonymous>)
    at RegionChoropleth (http://localhost:3001/_next/static/chunks/_af79dd3a._.js:134:43)
    at Object.react_stack_bottom_frame (http://localhost:3001/_next/static/chunks/f12ff_next_dist_compiled_react-dom_7b2f6d3d._.js:14826:24)
    at renderWithHooks (http://localhost:3001/_next/static/chunks/f12ff_next_dist_compiled_react-dom_7b2f6d3d._.js:4651:24)
    at updateFunctionComponent (http://localhost:3001/_next/static/chunks/f12ff_next_dist_compiled_react-dom_7b2f6d3d._.js:6112:21)
    at beginWork (http://localhost:3001/_next/static/chunks/f12ff_next_dist_compiled_react-dom_7b2f6d3d._.js:6708:24)
    at runWithFiberInDEV (http://localhost:3001/_next/static/chunks/f12ff_next_dist_compiled_react-dom_7b2f6d3d._.js:965:74)
    at performUnitOfWork (http://localhost:3001/_next/static/chunks/f12ff_next_dist_compiled_react-dom_7b2f6d3d._.js:9562:97)
    at workLoopSync (http://localhost:3001/_next/static/chunks/f12ff_next_dist_compiled_react-dom_7b2f6d3d._.js:9456:40)
    at renderRootSync (http://localhost:3001/_next/static/chunks/f12ff_next_dist_compiled_react-dom_7b2f6d3d._.js:9440:13)
    at performWorkOnRoot (http://localhost:3001/_next/static/chunks/f12ff_next_dist_compiled_react-dom_7b2f6d3d._.js:9068:186)
    at performSyncWorkOnRoot (http://localhost:3001/_next/static/chunks/f12ff_next_dist_compiled_react-dom_7b2f6d3d._.js:10238:9)
    at flushSyncWorkAcrossRoots_impl (http://localhost:3001/_next/static/chunks/f12ff_next_dist_compiled_react-dom_7b2f6d3d._.js:10154:316)
    at flushSpawnedWork (http://localhost:3001/_next/static/chunks/f12ff_next_dist_compiled_react-dom_7b2f6d3d._.js:9914:13)
    at commitRoot (http://localhost:3001/_next/static/chunks/f12ff_next_dist_compiled_react-dom_7b2f6d3d._.js:9720:432)
    at commitRootWhenReady (http://localhost:3001/_next/static/chunks/f12ff_next_dist_compiled_react-dom_7b2f6d3d._.js:9194:9)
    at performWorkOnRoot (http://localhost:3001/_next/static/chunks/f12ff_next_dist_compiled_react-dom_7b2f6d3d._.js:9166:25)
    at performWorkOnRootViaSchedulerTask (http://localhost:3001/_next/static/chunks/f12ff_next_dist_compiled_react-dom_7b2f6d3d._.js:10230:9)
    at MessagePort.performWorkUntilDeadline (http://localhost:3001/_next/static/chunks/f12ff_next_dist_compiled_cd863794._.js:2647:64) @ http://localhost:3001/_next/static/chunks/f12ff_next_dist_95687940._.js:3132
[ 6300295ms] [ERROR] IntlError: MISSING_MESSAGE: Cannot read properties of undefined (reading 'split')
    at getFallbackFromErrorAndNotify (http://localhost:3001/_next/static/chunks/node_modules__pnpm_a92eadf3._.js:7251:23)
    at translateBaseFn (http://localhost:3001/_next/static/chunks/node_modules__pnpm_a92eadf3._.js:7281:28)
    at translateFn (http://localhost:3001/_next/static/chunks/node_modules__pnpm_a92eadf3._.js:7343:24)
    at labelFor (http://localhost:3001/_next/static/chunks/_af79dd3a._.js:631:30)
    at http://localhost:3001/_next/static/chunks/_af79dd3a._.js:142:34
    at Array.map (<anonymous>)
    at RegionChoropleth (http://localhost:3001/_next/static/chunks/_af79dd3a._.js:134:43)
    at Object.react_stack_bottom_frame (http://localhost:3001/_next/static/chunks/f12ff_next_dist_compiled_react-dom_7b2f6d3d._.js:14826:24)
    at renderWithHooks (http://localhost:3001/_next/static/chunks/f12ff_next_dist_compiled_react-dom_7b2f6d3d._.js:4651:24)
    at updateFunctionComponent (http://localhost:3001/_next/static/chunks/f12ff_next_dist_compiled_react-dom_7b2f6d3d._.js:6112:21)
    at beginWork (http://localhost:3001/_next/static/chunks/f12ff_next_dist_compiled_react-dom_7b2f6d3d._.js:6708:24)
    at runWithFiberInDEV (http://localhost:3001/_next/static/chunks/f12ff_next_dist_compiled_react-dom_7b2f6d3d._.js:965:74)
    at performUnitOfWork (http://localhost:3001/_next/static/chunks/f12ff_next_dist_compiled_react-dom_7b2f6d3d._.js:9562:97)
    at workLoopSync (http://localhost:3001/_next/static/chunks/f12ff_next_dist_compiled_react-dom_7b2f6d3d._.js:9456:40)
    at renderRootSync (http://localhost:3001/_next/static/chunks/f12ff_next_dist_compiled_react-dom_7b2f6d3d._.js:9440:13)
    at performWorkOnRoot (http://localhost:3001/_next/static/chunks/f12ff_next_dist_compiled_react-dom_7b2f6d3d._.js:9068:186)
    at performSyncWorkOnRoot (http://localhost:3001/_next/static/chunks/f12ff_next_dist_compiled_react-dom_7b2f6d3d._.js:10238:9)
    at flushSyncWorkAcrossRoots_impl (http://localhost:3001/_next/static/chunks/f12ff_next_dist_compiled_react-dom_7b2f6d3d._.js:10154:316)
    at flushSpawnedWork (http://localhost:3001/_next/static/chunks/f12ff_next_dist_compiled_react-dom_7b2f6d3d._.js:9914:13)
    at commitRoot (http://localhost:3001/_next/static/chunks/f12ff_next_dist_compiled_react-dom_7b2f6d3d._.js:9720:432)
    at commitRootWhenReady (http://localhost:3001/_next/static/chunks/f12ff_next_dist_compiled_react-dom_7b2f6d3d._.js:9194:9)
    at performWorkOnRoot (http://localhost:3001/_next/static/chunks/f12ff_next_dist_compiled_react-dom_7b2f6d3d._.js:9166:25)
    at performWorkOnRootViaSchedulerTask (http://localhost:3001/_next/static/chunks/f12ff_next_dist_compiled_react-dom_7b2f6d3d._.js:10230:9)
    at MessagePort.performWorkUntilDeadline (http://localhost:3001/_next/static/chunks/f12ff_next_dist_compiled_cd863794._.js:2647:64) @ http://localhost:3001/_next/static/chunks/f12ff_next_dist_95687940._.js:3132
[ 6300295ms] [ERROR] IntlError: MISSING_MESSAGE: Cannot read properties of undefined (reading 'split')
    at getFallbackFromErrorAndNotify (http://localhost:3001/_next/static/chunks/node_modules__pnpm_a92eadf3._.js:7251:23)
    at translateBaseFn (http://localhost:3001/_next/static/chunks/node_modules__pnpm_a92eadf3._.js:7281:28)
    at translateFn (http://localhost:3001/_next/static/chunks/node_modules__pnpm_a92eadf3._.js:7343:24)
    at labelFor (http://localhost:3001/_next/static/chunks/_af79dd3a._.js:631:30)
    at http://localhost:3001/_next/static/chunks/_af79dd3a._.js:142:34
    at Array.map (<anonymous>)
    at RegionChoropleth (http://localhost:3001/_next/static/chunks/_af79dd3a._.js:134:43)
    at Object.react_stack_bottom_frame (http://localhost:3001/_next/static/chunks/f12ff_next_dist_compiled_react-dom_7b2f6d3d._.js:14826:24)
    at renderWithHooksAgain (http://localhost:3001/_next/static/chunks/f12ff_next_dist_compiled_react-dom_7b2f6d3d._.js:4706:24)
    at renderWithHooks (http://localhost:3001/_next/static/chunks/f12ff_next_dist_compiled_react-dom_7b2f6d3d._.js:4657:28)
    at updateFunctionComponent (http://localhost:3001/_next/static/chunks/f12ff_next_dist_compiled_react-dom_7b2f6d3d._.js:6112:21)
    at beginWork (http://localhost:3001/_next/static/chunks/f12ff_next_dist_compiled_react-dom_7b2f6d3d._.js:6708:24)
    at runWithFiberInDEV (http://localhost:3001/_next/static/chunks/f12ff_next_dist_compiled_react-dom_7b2f6d3d._.js:965:74)
    at performUnitOfWork (http://localhost:3001/_next/static/chunks/f12ff_next_dist_compiled_react-dom_7b2f6d3d._.js:9562:97)
    at workLoopSync (http://localhost:3001/_next/static/chunks/f12ff_next_dist_compiled_react-dom_7b2f6d3d._.js:9456:40)
    at renderRootSync (http://localhost:3001/_next/static/chunks/f12ff_next_dist_compiled_react-dom_7b2f6d3d._.js:9440:13)
    at performWorkOnRoot (http://localhost:3001/_next/static/chunks/f12ff_next_dist_compiled_react-dom_7b2f6d3d._.js:9068:186)
    at performSyncWorkOnRoot (http://localhost:3001/_next/static/chunks/f12ff_next_dist_compiled_react-dom_7b2f6d3d._.js:10238:9)
    at flushSyncWorkAcrossRoots_impl (http://localhost:3001/_next/static/chunks/f12ff_next_dist_compiled_react-dom_7b2f6d3d._.js:10154:316)
    at flushSpawnedWork (http://localhost:3001/_next/static/chunks/f12ff_next_dist_compiled_react-dom_7b2f6d3d._.js:9914:13)
    at commitRoot (http://localhost:3001/_next/static/chunks/f12ff_next_dist_compiled_react-dom_7b2f6d3d._.js:9720:432)
    at commitRootWhenReady (http://localhost:3001/_next/static/chunks/f12ff_next_dist_compiled_react-dom_7b2f6d3d._.js:9194:9)
    at performWorkOnRoot (http://localhost:3001/_next/static/chunks/f12ff_next_dist_compiled_react-dom_7b2f6d3d._.js:9166:25)
    at performWorkOnRootViaSchedulerTask (http://localhost:3001/_next/static/chunks/f12ff_next_dist_compiled_react-dom_7b2f6d3d._.js:10230:9)
    at MessagePort.performWorkUntilDeadline (http://localhost:3001/_next/static/chunks/f12ff_next_dist_compiled_cd863794._.js:2647:64) @ http://localhost:3001/_next/static/chunks/f12ff_next_dist_95687940._.js:3132
[ 6300295ms] [ERROR] IntlError: MISSING_MESSAGE: Cannot read properties of undefined (reading 'split')
    at getFallbackFromErrorAndNotify (http://localhost:3001/_next/static/chunks/node_modules__pnpm_a92eadf3._.js:7251:23)
    at translateBaseFn (http://localhost:3001/_next/static/chunks/node_modules__pnpm_a92eadf3._.js:7281:28)
    at translateFn (http://localhost:3001/_next/static/chunks/node_modules__pnpm_a92eadf3._.js:7343:24)
    at labelFor (http://localhost:3001/_next/static/chunks/_af79dd3a._.js:631:30)
    at http://localhost:3001/_next/static/chunks/_af79dd3a._.js:142:34
    at Array.map (<anonymous>)
    at RegionChoropleth (http://localhost:3001/_next/static/chunks/_af79dd3a._.js:134:43)
    at Object.react_stack_bottom_frame (http://localhost:3001/_next/static/chunks/f12ff_next_dist_compiled_react-dom_7b2f6d3d._.js:14826:24)
    at renderWithHooksAgain (http://localhost:3001/_next/static/chunks/f12ff_next_dist_compiled_react-dom_7b2f6d3d._.js:4706:24)
    at renderWithHooks (http://localhost:3001/_next/static/chunks/f12ff_next_dist_compiled_react-dom_7b2f6d3d._.js:4657:28)
    at updateFunctionComponent (http://localhost:3001/_next/static/chunks/f12ff_next_dist_compiled_react-dom_7b2f6d3d._.js:6112:21)
    at beginWork (http://localhost:3001/_next/static/chunks/f12ff_next_dist_compiled_react-dom_7b2f6d3d._.js:6708:24)
    at runWithFiberInDEV (http://localhost:3001/_next/static/chunks/f12ff_next_dist_compiled_react-dom_7b2f6d3d._.js:965:74)
    at performUnitOfWork (http://localhost:3001/_next/static/chunks/f12ff_next_dist_compiled_react-dom_7b2f6d3d._.js:9562:97)
    at workLoopSync (http://localhost:3001/_next/static/chunks/f12ff_next_dist_compiled_react-dom_7b2f6d3d._.js:9456:40)
    at renderRootSync (http://localhost:3001/_next/static/chunks/f12ff_next_dist_compiled_react-dom_7b2f6d3d._.js:9440:13)
    at performWorkOnRoot (http://localhost:3001/_next/static/chunks/f12ff_next_dist_compiled_react-dom_7b2f6d3d._.js:9068:186)
    at performSyncWorkOnRoot (http://localhost:3001/_next/static/chunks/f12ff_next_dist_compiled_react-dom_7b2f6d3d._.js:10238:9)
    at flushSyncWorkAcrossRoots_impl (http://localhost:3001/_next/static/chunks/f12ff_next_dist_compiled_react-dom_7b2f6d3d._.js:10154:316)
    at flushSpawnedWork (http://localhost:3001/_next/static/chunks/f12ff_next_dist_compiled_react-dom_7b2f6d3d._.js:9914:13)
    at commitRoot (http://localhost:3001/_next/static/chunks/f12ff_next_dist_compiled_react-dom_7b2f6d3d._.js:9720:432)
    at commitRootWhenReady (http://localhost:3001/_next/static/chunks/f12ff_next_dist_compiled_react-dom_7b2f6d3d._.js:9194:9)
    at performWorkOnRoot (http://localhost:3001/_next/static/chunks/f12ff_next_dist_compiled_react-dom_7b2f6d3d._.js:9166:25)
    at performWorkOnRootViaSchedulerTask (http://localhost:3001/_next/static/chunks/f12ff_next_dist_compiled_react-dom_7b2f6d3d._.js:10230:9)
    at MessagePort.performWorkUntilDeadline (http://localhost:3001/_next/static/chunks/f12ff_next_dist_compiled_cd863794._.js:2647:64) @ http://localhost:3001/_next/static/chunks/f12ff_next_dist_95687940._.js:3132
[ 6300296ms] [ERROR] IntlError: MISSING_MESSAGE: Cannot read properties of undefined (reading 'split')
    at getFallbackFromErrorAndNotify (http://localhost:3001/_next/static/chunks/node_modules__pnpm_a92eadf3._.js:7251:23)
    at translateBaseFn (http://localhost:3001/_next/static/chunks/node_modules__pnpm_a92eadf3._.js:7281:28)
    at translateFn (http://localhost:3001/_next/static/chunks/node_modules__pnpm_a92eadf3._.js:7343:24)
    at labelFor (http://localhost:3001/_next/static/chunks/_af79dd3a._.js:631:30)
    at http://localhost:3001/_next/static/chunks/_af79dd3a._.js:142:34
    at Array.map (<anonymous>)
    at RegionChoropleth (http://localhost:3001/_next/static/chunks/_af79dd3a._.js:134:43)
    at Object.react_stack_bottom_frame (http://localhost:3001/_next/static/chunks/f12ff_next_dist_compiled_react-dom_7b2f6d3d._.js:14826:24)
    at renderWithHooksAgain (http://localhost:3001/_next/static/chunks/f12ff_next_dist_compiled_react-dom_7b2f6d3d._.js:4706:24)
    at renderWithHooks (http://localhost:3001/_next/static/chunks/f12ff_next_dist_compiled_react-dom_7b2f6d3d._.js:4657:28)
    at updateFunctionComponent (http://localhost:3001/_next/static/chunks/f12ff_next_dist_compiled_react-dom_7b2f6d3d._.js:6112:21)
    at beginWork (http://localhost:3001/_next/static/chunks/f12ff_next_dist_compiled_react-dom_7b2f6d3d._.js:6708:24)
    at runWithFiberInDEV (http://localhost:3001/_next/static/chunks/f12ff_next_dist_compiled_react-dom_7b2f6d3d._.js:965:74)
    at performUnitOfWork (http://localhost:3001/_next/static/chunks/f12ff_next_dist_compiled_react-dom_7b2f6d3d._.js:9562:97)
    at workLoopSync (http://localhost:3001/_next/static/chunks/f12ff_next_dist_compiled_react-dom_7b2f6d3d._.js:9456:40)
    at renderRootSync (http://localhost:3001/_next/static/chunks/f12ff_next_dist_compiled_react-dom_7b2f6d3d._.js:9440:13)
    at performWorkOnRoot (http://localhost:3001/_next/static/chunks/f12ff_next_dist_compiled_react-dom_7b2f6d3d._.js:9068:186)
    at performSyncWorkOnRoot (http://localhost:3001/_next/static/chunks/f12ff_next_dist_compiled_react-dom_7b2f6d3d._.js:10238:9)
    at flushSyncWorkAcrossRoots_impl (http://localhost:3001/_next/static/chunks/f12ff_next_dist_compiled_react-dom_7b2f6d3d._.js:10154:316)
    at flushSpawnedWork (http://localhost:3001/_next/static/chunks/f12ff_next_dist_compiled_react-dom_7b2f6d3d._.js:9914:13)
    at commitRoot (http://localhost:3001/_next/static/chunks/f12ff_next_dist_compiled_react-dom_7b2f6d3d._.js:9720:432)
    at commitRootWhenReady (http://localhost:3001/_next/static/chunks/f12ff_next_dist_compiled_react-dom_7b2f6d3d._.js:9194:9)
    at performWorkOnRoot (http://localhost:3001/_next/static/chunks/f12ff_next_dist_compiled_react-dom_7b2f6d3d._.js:9166:25)
    at performWorkOnRootViaSchedulerTask (http://localhost:3001/_next/static/chunks/f12ff_next_dist_compiled_react-dom_7b2f6d3d._.js:10230:9)
    at MessagePort.performWorkUntilDeadline (http://localhost:3001/_next/static/chunks/f12ff_next_dist_compiled_cd863794._.js:2647:64) @ http://localhost:3001/_next/static/chunks/f12ff_next_dist_95687940._.js:3132
[ 6300296ms] [ERROR] IntlError: MISSING_MESSAGE: Cannot read properties of undefined (reading 'split')
    at getFallbackFromErrorAndNotify (http://localhost:3001/_next/static/chunks/node_modules__pnpm_a92eadf3._.js:7251:23)
    at translateBaseFn (http://localhost:3001/_next/static/chunks/node_modules__pnpm_a92eadf3._.js:7281:28)
    at translateFn (http://localhost:3001/_next/static/chunks/node_modules__pnpm_a92eadf3._.js:7343:24)
    at labelFor (http://localhost:3001/_next/static/chunks/_af79dd3a._.js:631:30)
    at http://localhost:3001/_next/static/chunks/_af79dd3a._.js:142:34
    at Array.map (<anonymous>)
    at RegionChoropleth (http://localhost:3001/_next/static/chunks/_af79dd3a._.js:134:43)
    at Object.react_stack_bottom_frame (http://localhost:3001/_next/static/chunks/f12ff_next_dist_compiled_react-dom_7b2f6d3d._.js:14826:24)
    at renderWithHooksAgain (http://localhost:3001/_next/static/chunks/f12ff_next_dist_compiled_react-dom_7b2f6d3d._.js:4706:24)
    at renderWithHooks (http://localhost:3001/_next/static/chunks/f12ff_next_dist_compiled_react-dom_7b2f6d3d._.js:4657:28)
    at updateFunctionComponent (http://localhost:3001/_next/static/chunks/f12ff_next_dist_compiled_react-dom_7b2f6d3d._.js:6112:21)
    at beginWork (http://localhost:3001/_next/static/chunks/f12ff_next_dist_compiled_react-dom_7b2f6d3d._.js:6708:24)
    at runWithFiberInDEV (http://localhost:3001/_next/static/chunks/f12ff_next_dist_compiled_react-dom_7b2f6d3d._.js:965:74)
    at performUnitOfWork (http://localhost:3001/_next/static/chunks/f12ff_next_dist_compiled_react-dom_7b2f6d3d._.js:9562:97)
    at workLoopSync (http://localhost:3001/_next/static/chunks/f12ff_next_dist_compiled_react-dom_7b2f6d3d._.js:9456:40)
    at renderRootSync (http://localhost:3001/_next/static/chunks/f12ff_next_dist_compiled_react-dom_7b2f6d3d._.js:9440:13)
    at performWorkOnRoot (http://localhost:3001/_next/static/chunks/f12ff_next_dist_compiled_react-dom_7b2f6d3d._.js:9068:186)
    at performSyncWorkOnRoot (http://localhost:3001/_next/static/chunks/f12ff_next_dist_compiled_react-dom_7b2f6d3d._.js:10238:9)
    at flushSyncWorkAcrossRoots_impl (http://localhost:3001/_next/static/chunks/f12ff_next_dist_compiled_react-dom_7b2f6d3d._.js:10154:316)
    at flushSpawnedWork (http://localhost:3001/_next/static/chunks/f12ff_next_dist_compiled_react-dom_7b2f6d3d._.js:9914:13)
    at commitRoot (http://localhost:3001/_next/static/chunks/f12ff_next_dist_compiled_react-dom_7b2f6d3d._.js:9720:432)
    at commitRootWhenReady (http://localhost:3001/_next/static/chunks/f12ff_next_dist_compiled_react-dom_7b2f6d3d._.js:9194:9)
    at performWorkOnRoot (http://localhost:3001/_next/static/chunks/f12ff_next_dist_compiled_react-dom_7b2f6d3d._.js:9166:25)
    at performWorkOnRootViaSchedulerTask (http://localhost:3001/_next/static/chunks/f12ff_next_dist_compiled_react-dom_7b2f6d3d._.js:10230:9)
    at MessagePort.performWorkUntilDeadline (http://localhost:3001/_next/static/chunks/f12ff_next_dist_compiled_cd863794._.js:2647:64) @ http://localhost:3001/_next/static/chunks/f12ff_next_dist_95687940._.js:3132
[ 6300296ms] [ERROR] IntlError: MISSING_MESSAGE: Cannot read properties of undefined (reading 'split')
    at getFallbackFromErrorAndNotify (http://localhost:3001/_next/static/chunks/node_modules__pnpm_a92eadf3._.js:7251:23)
    at translateBaseFn (http://localhost:3001/_next/static/chunks/node_modules__pnpm_a92eadf3._.js:7281:28)
    at translateFn (http://localhost:3001/_next/static/chunks/node_modules__pnpm_a92eadf3._.js:7343:24)
    at labelFor (http://localhost:3001/_next/static/chunks/_af79dd3a._.js:631:30)
    at http://localhost:3001/_next/static/chunks/_af79dd3a._.js:142:34
    at Array.map (<anonymous>)
    at RegionChoropleth (http://localhost:3001/_next/static/chunks/_af79dd3a._.js:134:43)
    at Object.react_stack_bottom_frame (http://localhost:3001/_next/static/chunks/f12ff_next_dist_compiled_react-dom_7b2f6d3d._.js:14826:24)
    at renderWithHooksAgain (http://localhost:3001/_next/static/chunks/f12ff_next_dist_compiled_react-dom_7b2f6d3d._.js:4706:24)
    at renderWithHooks (http://localhost:3001/_next/static/chunks/f12ff_next_dist_compiled_react-dom_7b2f6d3d._.js:4657:28)
    at updateFunctionComponent (http://localhost:3001/_next/static/chunks/f12ff_next_dist_compiled_react-dom_7b2f6d3d._.js:6112:21)
    at beginWork (http://localhost:3001/_next/static/chunks/f12ff_next_dist_compiled_react-dom_7b2f6d3d._.js:6708:24)
    at runWithFiberInDEV (http://localhost:3001/_next/static/chunks/f12ff_next_dist_compiled_react-dom_7b2f6d3d._.js:965:74)
    at performUnitOfWork (http://localhost:3001/_next/static/chunks/f12ff_next_dist_compiled_react-dom_7b2f6d3d._.js:9562:97)
    at workLoopSync (http://localhost:3001/_next/static/chunks/f12ff_next_dist_compiled_react-dom_7b2f6d3d._.js:9456:40)
    at renderRootSync (http://localhost:3001/_next/static/chunks/f12ff_next_dist_compiled_react-dom_7b2f6d3d._.js:9440:13)
    at performWorkOnRoot (http://localhost:3001/_next/static/chunks/f12ff_next_dist_compiled_react-dom_7b2f6d3d._.js:9068:186)
    at performSyncWorkOnRoot (http://localhost:3001/_next/static/chunks/f12ff_next_dist_compiled_react-dom_7b2f6d3d._.js:10238:9)
    at flushSyncWorkAcrossRoots_impl (http://localhost:3001/_next/static/chunks/f12ff_next_dist_compiled_react-dom_7b2f6d3d._.js:10154:316)
    at flushSpawnedWork (http://localhost:3001/_next/static/chunks/f12ff_next_dist_compiled_react-dom_7b2f6d3d._.js:9914:13)
    at commitRoot (http://localhost:3001/_next/static/chunks/f12ff_next_dist_compiled_react-dom_7b2f6d3d._.js:9720:432)
    at commitRootWhenReady (http://localhost:3001/_next/static/chunks/f12ff_next_dist_compiled_react-dom_7b2f6d3d._.js:9194:9)
    at performWorkOnRoot (http://localhost:3001/_next/static/chunks/f12ff_next_dist_compiled_react-dom_7b2f6d3d._.js:9166:25)
    at performWorkOnRootViaSchedulerTask (http://localhost:3001/_next/static/chunks/f12ff_next_dist_compiled_react-dom_7b2f6d3d._.js:10230:9)
    at MessagePort.performWorkUntilDeadline (http://localhost:3001/_next/static/chunks/f12ff_next_dist_compiled_cd863794._.js:2647:64) @ http://localhost:3001/_next/static/chunks/f12ff_next_dist_95687940._.js:3132
[ 6300296ms] [ERROR] IntlError: MISSING_MESSAGE: Cannot read properties of undefined (reading 'split')
    at getFallbackFromErrorAndNotify (http://localhost:3001/_next/static/chunks/node_modules__pnpm_a92eadf3._.js:7251:23)
    at translateBaseFn (http://localhost:3001/_next/static/chunks/node_modules__pnpm_a92eadf3._.js:7281:28)
    at translateFn (http://localhost:3001/_next/static/chunks/node_modules__pnpm_a92eadf3._.js:7343:24)
    at labelFor (http://localhost:3001/_next/static/chunks/_af79dd3a._.js:631:30)
    at http://localhost:3001/_next/static/chunks/_af79dd3a._.js:142:34
    at Array.map (<anonymous>)
    at RegionChoropleth (http://localhost:3001/_next/static/chunks/_af79dd3a._.js:134:43)
    at Object.react_stack_bottom_frame (http://localhost:3001/_next/static/chunks/f12ff_next_dist_compiled_react-dom_7b2f6d3d._.js:14826:24)
    at renderWithHooksAgain (http://localhost:3001/_next/static/chunks/f12ff_next_dist_compiled_react-dom_7b2f6d3d._.js:4706:24)
    at renderWithHooks (http://localhost:3001/_next/static/chunks/f12ff_next_dist_compiled_react-dom_7b2f6d3d._.js:4657:28)
    at updateFunctionComponent (http://localhost:3001/_next/static/chunks/f12ff_next_dist_compiled_react-dom_7b2f6d3d._.js:6112:21)
    at beginWork (http://localhost:3001/_next/static/chunks/f12ff_next_dist_compiled_react-dom_7b2f6d3d._.js:6708:24)
    at runWithFiberInDEV (http://localhost:3001/_next/static/chunks/f12ff_next_dist_compiled_react-dom_7b2f6d3d._.js:965:74)
    at performUnitOfWork (http://localhost:3001/_next/static/chunks/f12ff_next_dist_compiled_react-dom_7b2f6d3d._.js:9562:97)
    at workLoopSync (http://localhost:3001/_next/static/chunks/f12ff_next_dist_compiled_react-dom_7b2f6d3d._.js:9456:40)
    at renderRootSync (http://localhost:3001/_next/static/chunks/f12ff_next_dist_compiled_react-dom_7b2f6d3d._.js:9440:13)
    at performWorkOnRoot (http://localhost:3001/_next/static/chunks/f12ff_next_dist_compiled_react-dom_7b2f6d3d._.js:9068:186)
    at performSyncWorkOnRoot (http://localhost:3001/_next/static/chunks/f12ff_next_dist_compiled_react-dom_7b2f6d3d._.js:10238:9)
    at flushSyncWorkAcrossRoots_impl (http://localhost:3001/_next/static/chunks/f12ff_next_dist_compiled_react-dom_7b2f6d3d._.js:10154:316)
    at flushSpawnedWork (http://localhost:3001/_next/static/chunks/f12ff_next_dist_compiled_react-dom_7b2f6d3d._.js:9914:13)
    at commitRoot (http://localhost:3001/_next/static/chunks/f12ff_next_dist_compiled_react-dom_7b2f6d3d._.js:9720:432)
    at commitRootWhenReady (http://localhost:3001/_next/static/chunks/f12ff_next_dist_compiled_react-dom_7b2f6d3d._.js:9194:9)
    at performWorkOnRoot (http://localhost:3001/_next/static/chunks/f12ff_next_dist_compiled_react-dom_7b2f6d3d._.js:9166:25)
    at performWorkOnRootViaSchedulerTask (http://localhost:3001/_next/static/chunks/f12ff_next_dist_compiled_react-dom_7b2f6d3d._.js:10230:9)
    at MessagePort.performWorkUntilDeadline (http://localhost:3001/_next/static/chunks/f12ff_next_dist_compiled_cd863794._.js:2647:64) @ http://localhost:3001/_next/static/chunks/f12ff_next_dist_95687940._.js:3132
[ 6300296ms] [ERROR] IntlError: MISSING_MESSAGE: Cannot read properties of undefined (reading 'split')
    at getFallbackFromErrorAndNotify (http://localhost:3001/_next/static/chunks/node_modules__pnpm_a92eadf3._.js:7251:23)
    at translateBaseFn (http://localhost:3001/_next/static/chunks/node_modules__pnpm_a92eadf3._.js:7281:28)
    at translateFn (http://localhost:3001/_next/static/chunks/node_modules__pnpm_a92eadf3._.js:7343:24)
    at labelFor (http://localhost:3001/_next/static/chunks/_af79dd3a._.js:631:30)
    at http://localhost:3001/_next/static/chunks/_af79dd3a._.js:142:34
    at Array.map (<anonymous>)
    at RegionChoropleth (http://localhost:3001/_next/static/chunks/_af79dd3a._.js:134:43)
    at Object.react_stack_bottom_frame (http://localhost:3001/_next/static/chunks/f12ff_next_dist_compiled_react-dom_7b2f6d3d._.js:14826:24)
    at renderWithHooksAgain (http://localhost:3001/_next/static/chunks/f12ff_next_dist_compiled_react-dom_7b2f6d3d._.js:4706:24)
    at renderWithHooks (http://localhost:3001/_next/static/chunks/f12ff_next_dist_compiled_react-dom_7b2f6d3d._.js:4657:28)
    at updateFunctionComponent (http://localhost:3001/_next/static/chunks/f12ff_next_dist_compiled_react-dom_7b2f6d3d._.js:6112:21)
    at beginWork (http://localhost:3001/_next/static/chunks/f12ff_next_dist_compiled_react-dom_7b2f6d3d._.js:6708:24)
    at runWithFiberInDEV (http://localhost:3001/_next/static/chunks/f12ff_next_dist_compiled_react-dom_7b2f6d3d._.js:965:74)
    at performUnitOfWork (http://localhost:3001/_next/static/chunks/f12ff_next_dist_compiled_react-dom_7b2f6d3d._.js:9562:97)
    at workLoopSync (http://localhost:3001/_next/static/chunks/f12ff_next_dist_compiled_react-dom_7b2f6d3d._.js:9456:40)
    at renderRootSync (http://localhost:3001/_next/static/chunks/f12ff_next_dist_compiled_react-dom_7b2f6d3d._.js:9440:13)
    at performWorkOnRoot (http://localhost:3001/_next/static/chunks/f12ff_next_dist_compiled_react-dom_7b2f6d3d._.js:9068:186)
    at performSyncWorkOnRoot (http://localhost:3001/_next/static/chunks/f12ff_next_dist_compiled_react-dom_7b2f6d3d._.js:10238:9)
    at flushSyncWorkAcrossRoots_impl (http://localhost:3001/_next/static/chunks/f12ff_next_dist_compiled_react-dom_7b2f6d3d._.js:10154:316)
    at flushSpawnedWork (http://localhost:3001/_next/static/chunks/f12ff_next_dist_compiled_react-dom_7b2f6d3d._.js:9914:13)
    at commitRoot (http://localhost:3001/_next/static/chunks/f12ff_next_dist_compiled_react-dom_7b2f6d3d._.js:9720:432)
    at commitRootWhenReady (http://localhost:3001/_next/static/chunks/f12ff_next_dist_compiled_react-dom_7b2f6d3d._.js:9194:9)
    at performWorkOnRoot (http://localhost:3001/_next/static/chunks/f12ff_next_dist_compiled_react-dom_7b2f6d3d._.js:9166:25)
    at performWorkOnRootViaSchedulerTask (http://localhost:3001/_next/static/chunks/f12ff_next_dist_compiled_react-dom_7b2f6d3d._.js:10230:9)
    at MessagePort.performWorkUntilDeadline (http://localhost:3001/_next/static/chunks/f12ff_next_dist_compiled_cd863794._.js:2647:64) @ http://localhost:3001/_next/static/chunks/f12ff_next_dist_95687940._.js:3132
[ 6300326ms] [ERROR] IntlError: MISSING_MESSAGE: Cannot read properties of undefined (reading 'split')
    at getFallbackFromErrorAndNotify (http://localhost:3001/_next/static/chunks/node_modules__pnpm_a92eadf3._.js:7251:23)
    at translateBaseFn (http://localhost:3001/_next/static/chunks/node_modules__pnpm_a92eadf3._.js:7281:28)
    at translateFn (http://localhost:3001/_next/static/chunks/node_modules__pnpm_a92eadf3._.js:7343:24)
    at labelFor (http://localhost:3001/_next/static/chunks/_af79dd3a._.js:631:30)
    at http://localhost:3001/_next/static/chunks/_af79dd3a._.js:142:34
    at Array.map (<anonymous>)
    at RegionChoropleth (http://localhost:3001/_next/static/chunks/_af79dd3a._.js:134:43)
    at Object.react_stack_bottom_frame (http://localhost:3001/_next/static/chunks/f12ff_next_dist_compiled_react-dom_7b2f6d3d._.js:14826:24)
    at renderWithHooks (http://localhost:3001/_next/static/chunks/f12ff_next_dist_compiled_react-dom_7b2f6d3d._.js:4651:24)
    at updateFunctionComponent (http://localhost:3001/_next/static/chunks/f12ff_next_dist_compiled_react-dom_7b2f6d3d._.js:6112:21)
    at beginWork (http://localhost:3001/_next/static/chunks/f12ff_next_dist_compiled_react-dom_7b2f6d3d._.js:6708:24)
    at runWithFiberInDEV (http://localhost:3001/_next/static/chunks/f12ff_next_dist_compiled_react-dom_7b2f6d3d._.js:965:74)
    at performUnitOfWork (http://localhost:3001/_next/static/chunks/f12ff_next_dist_compiled_react-dom_7b2f6d3d._.js:9562:97)
    at workLoopSync (http://localhost:3001/_next/static/chunks/f12ff_next_dist_compiled_react-dom_7b2f6d3d._.js:9456:40)
    at renderRootSync (http://localhost:3001/_next/static/chunks/f12ff_next_dist_compiled_react-dom_7b2f6d3d._.js:9440:13)
    at performWorkOnRoot (http://localhost:3001/_next/static/chunks/f12ff_next_dist_compiled_react-dom_7b2f6d3d._.js:9068:186)
    at performSyncWorkOnRoot (http://localhost:3001/_next/static/chunks/f12ff_next_dist_compiled_react-dom_7b2f6d3d._.js:10238:9)
    at flushSyncWorkAcrossRoots_impl (http://localhost:3001/_next/static/chunks/f12ff_next_dist_compiled_react-dom_7b2f6d3d._.js:10154:316)
    at flushSpawnedWork (http://localhost:3001/_next/static/chunks/f12ff_next_dist_compiled_react-dom_7b2f6d3d._.js:9914:13)
    at commitRoot (http://localhost:3001/_next/static/chunks/f12ff_next_dist_compiled_react-dom_7b2f6d3d._.js:9720:432)
    at commitRootWhenReady (http://localhost:3001/_next/static/chunks/f12ff_next_dist_compiled_react-dom_7b2f6d3d._.js:9194:9)
    at performWorkOnRoot (http://localhost:3001/_next/static/chunks/f12ff_next_dist_compiled_react-dom_7b2f6d3d._.js:9166:25)
    at performWorkOnRootViaSchedulerTask (http://localhost:3001/_next/static/chunks/f12ff_next_dist_compiled_react-dom_7b2f6d3d._.js:10230:9)
    at MessagePort.performWorkUntilDeadline (http://localhost:3001/_next/static/chunks/f12ff_next_dist_compiled_cd863794._.js:2647:64) @ http://localhost:3001/_next/static/chunks/f12ff_next_dist_95687940._.js:3132
[ 6300326ms] [ERROR] IntlError: MISSING_MESSAGE: Cannot read properties of undefined (reading 'split')
    at getFallbackFromErrorAndNotify (http://localhost:3001/_next/static/chunks/node_modules__pnpm_a92eadf3._.js:7251:23)
    at translateBaseFn (http://localhost:3001/_next/static/chunks/node_modules__pnpm_a92eadf3._.js:7281:28)
    at translateFn (http://localhost:3001/_next/static/chunks/node_modules__pnpm_a92eadf3._.js:7343:24)
    at labelFor (http://localhost:3001/_next/static/chunks/_af79dd3a._.js:631:30)
    at http://localhost:3001/_next/static/chunks/_af79dd3a._.js:142:34
    at Array.map (<anonymous>)
    at RegionChoropleth (http://localhost:3001/_next/static/chunks/_af79dd3a._.js:134:43)
    at Object.react_stack_bottom_frame (http://localhost:3001/_next/static/chunks/f12ff_next_dist_compiled_react-dom_7b2f6d3d._.js:14826:24)
    at renderWithHooks (http://localhost:3001/_next/static/chunks/f12ff_next_dist_compiled_react-dom_7b2f6d3d._.js:4651:24)
    at updateFunctionComponent (http://localhost:3001/_next/static/chunks/f12ff_next_dist_compiled_react-dom_7b2f6d3d._.js:6112:21)
    at beginWork (http://localhost:3001/_next/static/chunks/f12ff_next_dist_compiled_react-dom_7b2f6d3d._.js:6708:24)
    at runWithFiberInDEV (http://localhost:3001/_next/static/chunks/f12ff_next_dist_compiled_react-dom_7b2f6d3d._.js:965:74)
    at performUnitOfWork (http://localhost:3001/_next/static/chunks/f12ff_next_dist_compiled_react-dom_7b2f6d3d._.js:9562:97)
    at workLoopSync (http://localhost:3001/_next/static/chunks/f12ff_next_dist_compiled_react-dom_7b2f6d3d._.js:9456:40)
    at renderRootSync (http://localhost:3001/_next/static/chunks/f12ff_next_dist_compiled_react-dom_7b2f6d3d._.js:9440:13)
    at performWorkOnRoot (http://localhost:3001/_next/static/chunks/f12ff_next_dist_compiled_react-dom_7b2f6d3d._.js:9068:186)
    at performSyncWorkOnRoot (http://localhost:3001/_next/static/chunks/f12ff_next_dist_compiled_react-dom_7b2f6d3d._.js:10238:9)
    at flushSyncWorkAcrossRoots_impl (http://localhost:3001/_next/static/chunks/f12ff_next_dist_compiled_react-dom_7b2f6d3d._.js:10154:316)
    at flushSpawnedWork (http://localhost:3001/_next/static/chunks/f12ff_next_dist_compiled_react-dom_7b2f6d3d._.js:9914:13)
    at commitRoot (http://localhost:3001/_next/static/chunks/f12ff_next_dist_compiled_react-dom_7b2f6d3d._.js:9720:432)
    at commitRootWhenReady (http://localhost:3001/_next/static/chunks/f12ff_next_dist_compiled_react-dom_7b2f6d3d._.js:9194:9)
    at performWorkOnRoot (http://localhost:3001/_next/static/chunks/f12ff_next_dist_compiled_react-dom_7b2f6d3d._.js:9166:25)
    at performWorkOnRootViaSchedulerTask (http://localhost:3001/_next/static/chunks/f12ff_next_dist_compiled_react-dom_7b2f6d3d._.js:10230:9)
    at MessagePort.performWorkUntilDeadline (http://localhost:3001/_next/static/chunks/f12ff_next_dist_compiled_cd863794._.js:2647:64) @ http://localhost:3001/_next/static/chunks/f12ff_next_dist_95687940._.js:3132
[ 6300327ms] [ERROR] IntlError: MISSING_MESSAGE: Cannot read properties of undefined (reading 'split')
    at getFallbackFromErrorAndNotify (http://localhost:3001/_next/static/chunks/node_modules__pnpm_a92eadf3._.js:7251:23)
    at translateBaseFn (http://localhost:3001/_next/static/chunks/node_modules__pnpm_a92eadf3._.js:7281:28)
    at translateFn (http://localhost:3001/_next/static/chunks/node_modules__pnpm_a92eadf3._.js:7343:24)
    at labelFor (http://localhost:3001/_next/static/chunks/_af79dd3a._.js:631:30)
    at http://localhost:3001/_next/static/chunks/_af79dd3a._.js:142:34
    at Array.map (<anonymous>)
    at RegionChoropleth (http://localhost:3001/_next/static/chunks/_af79dd3a._.js:134:43)
    at Object.react_stack_bottom_frame (http://localhost:3001/_next/static/chunks/f12ff_next_dist_compiled_react-dom_7b2f6d3d._.js:14826:24)
    at renderWithHooks (http://localhost:3001/_next/static/chunks/f12ff_next_dist_compiled_react-dom_7b2f6d3d._.js:4651:24)
    at updateFunctionComponent (http://localhost:3001/_next/static/chunks/f12ff_next_dist_compiled_react-dom_7b2f6d3d._.js:6112:21)
    at beginWork (http://localhost:3001/_next/static/chunks/f12ff_next_dist_compiled_react-dom_7b2f6d3d._.js:6708:24)
    at runWithFiberInDEV (http://localhost:3001/_next/static/chunks/f12ff_next_dist_compiled_react-dom_7b2f6d3d._.js:965:74)
    at performUnitOfWork (http://localhost:3001/_next/static/chunks/f12ff_next_dist_compiled_react-dom_7b2f6d3d._.js:9562:97)
    at workLoopSync (http://localhost:3001/_next/static/chunks/f12ff_next_dist_compiled_react-dom_7b2f6d3d._.js:9456:40)
    at renderRootSync (http://localhost:3001/_next/static/chunks/f12ff_next_dist_compiled_react-dom_7b2f6d3d._.js:9440:13)
    at performWorkOnRoot (http://localhost:3001/_next/static/chunks/f12ff_next_dist_compiled_react-dom_7b2f6d3d._.js:9068:186)
    at performSyncWorkOnRoot (http://localhost:3001/_next/static/chunks/f12ff_next_dist_compiled_react-dom_7b2f6d3d._.js:10238:9)
    at flushSyncWorkAcrossRoots_impl (http://localhost:3001/_next/static/chunks/f12ff_next_dist_compiled_react-dom_7b2f6d3d._.js:10154:316)
    at flushSpawnedWork (http://localhost:3001/_next/static/chunks/f12ff_next_dist_compiled_react-dom_7b2f6d3d._.js:9914:13)
    at commitRoot (http://localhost:3001/_next/static/chunks/f12ff_next_dist_compiled_react-dom_7b2f6d3d._.js:9720:432)
    at commitRootWhenReady (http://localhost:3001/_next/static/chunks/f12ff_next_dist_compiled_react-dom_7b2f6d3d._.js:9194:9)
    at performWorkOnRoot (http://localhost:3001/_next/static/chunks/f12ff_next_dist_compiled_react-dom_7b2f6d3d._.js:9166:25)
    at performWorkOnRootViaSchedulerTask (http://localhost:3001/_next/static/chunks/f12ff_next_dist_compiled_react-dom_7b2f6d3d._.js:10230:9)
    at MessagePort.performWorkUntilDeadline (http://localhost:3001/_next/static/chunks/f12ff_next_dist_compiled_cd863794._.js:2647:64) @ http://localhost:3001/_next/static/chunks/f12ff_next_dist_95687940._.js:3132
[ 6300327ms] [ERROR] IntlError: MISSING_MESSAGE: Cannot read properties of undefined (reading 'split')
    at getFallbackFromErrorAndNotify (http://localhost:3001/_next/static/chunks/node_modules__pnpm_a92eadf3._.js:7251:23)
    at translateBaseFn (http://localhost:3001/_next/static/chunks/node_modules__pnpm_a92eadf3._.js:7281:28)
    at translateFn (http://localhost:3001/_next/static/chunks/node_modules__pnpm_a92eadf3._.js:7343:24)
    at labelFor (http://localhost:3001/_next/static/chunks/_af79dd3a._.js:631:30)
    at http://localhost:3001/_next/static/chunks/_af79dd3a._.js:142:34
    at Array.map (<anonymous>)
    at RegionChoropleth (http://localhost:3001/_next/static/chunks/_af79dd3a._.js:134:43)
    at Object.react_stack_bottom_frame (http://localhost:3001/_next/static/chunks/f12ff_next_dist_compiled_react-dom_7b2f6d3d._.js:14826:24)
    at renderWithHooks (http://localhost:3001/_next/static/chunks/f12ff_next_dist_compiled_react-dom_7b2f6d3d._.js:4651:24)
    at updateFunctionComponent (http://localhost:3001/_next/static/chunks/f12ff_next_dist_compiled_react-dom_7b2f6d3d._.js:6112:21)
    at beginWork (http://localhost:3001/_next/static/chunks/f12ff_next_dist_compiled_react-dom_7b2f6d3d._.js:6708:24)
    at runWithFiberInDEV (http://localhost:3001/_next/static/chunks/f12ff_next_dist_compiled_react-dom_7b2f6d3d._.js:965:74)
    at performUnitOfWork (http://localhost:3001/_next/static/chunks/f12ff_next_dist_compiled_react-dom_7b2f6d3d._.js:9562:97)
    at workLoopSync (http://localhost:3001/_next/static/chunks/f12ff_next_dist_compiled_react-dom_7b2f6d3d._.js:9456:40)
    at renderRootSync (http://localhost:3001/_next/static/chunks/f12ff_next_dist_compiled_react-dom_7b2f6d3d._.js:9440:13)
    at performWorkOnRoot (http://localhost:3001/_next/static/chunks/f12ff_next_dist_compiled_react-dom_7b2f6d3d._.js:9068:186)
    at performSyncWorkOnRoot (http://localhost:3001/_next/static/chunks/f12ff_next_dist_compiled_react-dom_7b2f6d3d._.js:10238:9)
    at flushSyncWorkAcrossRoots_impl (http://localhost:3001/_next/static/chunks/f12ff_next_dist_compiled_react-dom_7b2f6d3d._.js:10154:316)
    at flushSpawnedWork (http://localhost:3001/_next/static/chunks/f12ff_next_dist_compiled_react-dom_7b2f6d3d._.js:9914:13)
    at commitRoot (http://localhost:3001/_next/static/chunks/f12ff_next_dist_compiled_react-dom_7b2f6d3d._.js:9720:432)
    at commitRootWhenReady (http://localhost:3001/_next/static/chunks/f12ff_next_dist_compiled_react-dom_7b2f6d3d._.js:9194:9)
    at performWorkOnRoot (http://localhost:3001/_next/static/chunks/f12ff_next_dist_compiled_react-dom_7b2f6d3d._.js:9166:25)
    at performWorkOnRootViaSchedulerTask (http://localhost:3001/_next/static/chunks/f12ff_next_dist_compiled_react-dom_7b2f6d3d._.js:10230:9)
    at MessagePort.performWorkUntilDeadline (http://localhost:3001/_next/static/chunks/f12ff_next_dist_compiled_cd863794._.js:2647:64) @ http://localhost:3001/_next/static/chunks/f12ff_next_dist_95687940._.js:3132
[ 6300327ms] [ERROR] IntlError: MISSING_MESSAGE: Cannot read properties of undefined (reading 'split')
    at getFallbackFromErrorAndNotify (http://localhost:3001/_next/static/chunks/node_modules__pnpm_a92eadf3._.js:7251:23)
    at translateBaseFn (http://localhost:3001/_next/static/chunks/node_modules__pnpm_a92eadf3._.js:7281:28)
    at translateFn (http://localhost:3001/_next/static/chunks/node_modules__pnpm_a92eadf3._.js:7343:24)
    at labelFor (http://localhost:3001/_next/static/chunks/_af79dd3a._.js:631:30)
    at http://localhost:3001/_next/static/chunks/_af79dd3a._.js:142:34
    at Array.map (<anonymous>)
    at RegionChoropleth (http://localhost:3001/_next/static/chunks/_af79dd3a._.js:134:43)
    at Object.react_stack_bottom_frame (http://localhost:3001/_next/static/chunks/f12ff_next_dist_compiled_react-dom_7b2f6d3d._.js:14826:24)
    at renderWithHooks (http://localhost:3001/_next/static/chunks/f12ff_next_dist_compiled_react-dom_7b2f6d3d._.js:4651:24)
    at updateFunctionComponent (http://localhost:3001/_next/static/chunks/f12ff_next_dist_compiled_react-dom_7b2f6d3d._.js:6112:21)
    at beginWork (http://localhost:3001/_next/static/chunks/f12ff_next_dist_compiled_react-dom_7b2f6d3d._.js:6708:24)
    at runWithFiberInDEV (http://localhost:3001/_next/static/chunks/f12ff_next_dist_compiled_react-dom_7b2f6d3d._.js:965:74)
    at performUnitOfWork (http://localhost:3001/_next/static/chunks/f12ff_next_dist_compiled_react-dom_7b2f6d3d._.js:9562:97)
    at workLoopSync (http://localhost:3001/_next/static/chunks/f12ff_next_dist_compiled_react-dom_7b2f6d3d._.js:9456:40)
    at renderRootSync (http://localhost:3001/_next/static/chunks/f12ff_next_dist_compiled_react-dom_7b2f6d3d._.js:9440:13)
    at performWorkOnRoot (http://localhost:3001/_next/static/chunks/f12ff_next_dist_compiled_react-dom_7b2f6d3d._.js:9068:186)
    at performSyncWorkOnRoot (http://localhost:3001/_next/static/chunks/f12ff_next_dist_compiled_react-dom_7b2f6d3d._.js:10238:9)
    at flushSyncWorkAcrossRoots_impl (http://localhost:3001/_next/static/chunks/f12ff_next_dist_compiled_react-dom_7b2f6d3d._.js:10154:316)
    at flushSpawnedWork (http://localhost:3001/_next/static/chunks/f12ff_next_dist_compiled_react-dom_7b2f6d3d._.js:9914:13)
    at commitRoot (http://localhost:3001/_next/static/chunks/f12ff_next_dist_compiled_react-dom_7b2f6d3d._.js:9720:432)
    at commitRootWhenReady (http://localhost:3001/_next/static/chunks/f12ff_next_dist_compiled_react-dom_7b2f6d3d._.js:9194:9)
    at performWorkOnRoot (http://localhost:3001/_next/static/chunks/f12ff_next_dist_compiled_react-dom_7b2f6d3d._.js:9166:25)
    at performWorkOnRootViaSchedulerTask (http://localhost:3001/_next/static/chunks/f12ff_next_dist_compiled_react-dom_7b2f6d3d._.js:10230:9)
    at MessagePort.performWorkUntilDeadline (http://localhost:3001/_next/static/chunks/f12ff_next_dist_compiled_cd863794._.js:2647:64) @ http://localhost:3001/_next/static/chunks/f12ff_next_dist_95687940._.js:3132
[ 6300329ms] [ERROR] IntlError: MISSING_MESSAGE: Cannot read properties of undefined (reading 'split')
    at getFallbackFromErrorAndNotify (http://localhost:3001/_next/static/chunks/node_modules__pnpm_a92eadf3._.js:7251:23)
    at translateBaseFn (http://localhost:3001/_next/static/chunks/node_modules__pnpm_a92eadf3._.js:7281:28)
    at translateFn (http://localhost:3001/_next/static/chunks/node_modules__pnpm_a92eadf3._.js:7343:24)
    at labelFor (http://localhost:3001/_next/static/chunks/_af79dd3a._.js:631:30)
    at http://localhost:3001/_next/static/chunks/_af79dd3a._.js:142:34
    at Array.map (<anonymous>)
    at RegionChoropleth (http://localhost:3001/_next/static/chunks/_af79dd3a._.js:134:43)
    at Object.react_stack_bottom_frame (http://localhost:3001/_next/static/chunks/f12ff_next_dist_compiled_react-dom_7b2f6d3d._.js:14826:24)
    at renderWithHooks (http://localhost:3001/_next/static/chunks/f12ff_next_dist_compiled_react-dom_7b2f6d3d._.js:4651:24)
    at updateFunctionComponent (http://localhost:3001/_next/static/chunks/f12ff_next_dist_compiled_react-dom_7b2f6d3d._.js:6112:21)
    at beginWork (http://localhost:3001/_next/static/chunks/f12ff_next_dist_compiled_react-dom_7b2f6d3d._.js:6708:24)
    at runWithFiberInDEV (http://localhost:3001/_next/static/chunks/f12ff_next_dist_compiled_react-dom_7b2f6d3d._.js:965:74)
    at performUnitOfWork (http://localhost:3001/_next/static/chunks/f12ff_next_dist_compiled_react-dom_7b2f6d3d._.js:9562:97)
    at workLoopSync (http://localhost:3001/_next/static/chunks/f12ff_next_dist_compiled_react-dom_7b2f6d3d._.js:9456:40)
    at renderRootSync (http://localhost:3001/_next/static/chunks/f12ff_next_dist_compiled_react-dom_7b2f6d3d._.js:9440:13)
    at performWorkOnRoot (http://localhost:3001/_next/static/chunks/f12ff_next_dist_compiled_react-dom_7b2f6d3d._.js:9068:186)
    at performSyncWorkOnRoot (http://localhost:3001/_next/static/chunks/f12ff_next_dist_compiled_react-dom_7b2f6d3d._.js:10238:9)
    at flushSyncWorkAcrossRoots_impl (http://localhost:3001/_next/static/chunks/f12ff_next_dist_compiled_react-dom_7b2f6d3d._.js:10154:316)
    at flushSpawnedWork (http://localhost:3001/_next/static/chunks/f12ff_next_dist_compiled_react-dom_7b2f6d3d._.js:9914:13)
    at commitRoot (http://localhost:3001/_next/static/chunks/f12ff_next_dist_compiled_react-dom_7b2f6d3d._.js:9720:432)
    at commitRootWhenReady (http://localhost:3001/_next/static/chunks/f12ff_next_dist_compiled_react-dom_7b2f6d3d._.js:9194:9)
    at performWorkOnRoot (http://localhost:3001/_next/static/chunks/f12ff_next_dist_compiled_react-dom_7b2f6d3d._.js:9166:25)
    at performWorkOnRootViaSchedulerTask (http://localhost:3001/_next/static/chunks/f12ff_next_dist_compiled_react-dom_7b2f6d3d._.js:10230:9)
    at MessagePort.performWorkUntilDeadline (http://localhost:3001/_next/static/chunks/f12ff_next_dist_compiled_cd863794._.js:2647:64) @ http://localhost:3001/_next/static/chunks/f12ff_next_dist_95687940._.js:3132
[ 6300330ms] [ERROR] IntlError: MISSING_MESSAGE: Cannot read properties of undefined (reading 'split')
    at getFallbackFromErrorAndNotify (http://localhost:3001/_next/static/chunks/node_modules__pnpm_a92eadf3._.js:7251:23)
    at translateBaseFn (http://localhost:3001/_next/static/chunks/node_modules__pnpm_a92eadf3._.js:7281:28)
    at translateFn (http://localhost:3001/_next/static/chunks/node_modules__pnpm_a92eadf3._.js:7343:24)
    at labelFor (http://localhost:3001/_next/static/chunks/_af79dd3a._.js:631:30)
    at http://localhost:3001/_next/static/chunks/_af79dd3a._.js:142:34
    at Array.map (<anonymous>)
    at RegionChoropleth (http://localhost:3001/_next/static/chunks/_af79dd3a._.js:134:43)
    at Object.react_stack_bottom_frame (http://localhost:3001/_next/static/chunks/f12ff_next_dist_compiled_react-dom_7b2f6d3d._.js:14826:24)
    at renderWithHooks (http://localhost:3001/_next/static/chunks/f12ff_next_dist_compiled_react-dom_7b2f6d3d._.js:4651:24)
    at updateFunctionComponent (http://localhost:3001/_next/static/chunks/f12ff_next_dist_compiled_react-dom_7b2f6d3d._.js:6112:21)
    at beginWork (http://localhost:3001/_next/static/chunks/f12ff_next_dist_compiled_react-dom_7b2f6d3d._.js:6708:24)
    at runWithFiberInDEV (http://localhost:3001/_next/static/chunks/f12ff_next_dist_compiled_react-dom_7b2f6d3d._.js:965:74)
    at performUnitOfWork (http://localhost:3001/_next/static/chunks/f12ff_next_dist_compiled_react-dom_7b2f6d3d._.js:9562:97)
    at workLoopSync (http://localhost:3001/_next/static/chunks/f12ff_next_dist_compiled_react-dom_7b2f6d3d._.js:9456:40)
    at renderRootSync (http://localhost:3001/_next/static/chunks/f12ff_next_dist_compiled_react-dom_7b2f6d3d._.js:9440:13)
    at performWorkOnRoot (http://localhost:3001/_next/static/chunks/f12ff_next_dist_compiled_react-dom_7b2f6d3d._.js:9068:186)
    at performSyncWorkOnRoot (http://localhost:3001/_next/static/chunks/f12ff_next_dist_compiled_react-dom_7b2f6d3d._.js:10238:9)
    at flushSyncWorkAcrossRoots_impl (http://localhost:3001/_next/static/chunks/f12ff_next_dist_compiled_react-dom_7b2f6d3d._.js:10154:316)
    at flushSpawnedWork (http://localhost:3001/_next/static/chunks/f12ff_next_dist_compiled_react-dom_7b2f6d3d._.js:9914:13)
    at commitRoot (http://localhost:3001/_next/static/chunks/f12ff_next_dist_compiled_react-dom_7b2f6d3d._.js:9720:432)
    at commitRootWhenReady (http://localhost:3001/_next/static/chunks/f12ff_next_dist_compiled_react-dom_7b2f6d3d._.js:9194:9)
    at performWorkOnRoot (http://localhost:3001/_next/static/chunks/f12ff_next_dist_compiled_react-dom_7b2f6d3d._.js:9166:25)
    at performWorkOnRootViaSchedulerTask (http://localhost:3001/_next/static/chunks/f12ff_next_dist_compiled_react-dom_7b2f6d3d._.js:10230:9)
    at MessagePort.performWorkUntilDeadline (http://localhost:3001/_next/static/chunks/f12ff_next_dist_compiled_cd863794._.js:2647:64) @ http://localhost:3001/_next/static/chunks/f12ff_next_dist_95687940._.js:3132
[ 6300330ms] [ERROR] IntlError: MISSING_MESSAGE: Cannot read properties of undefined (reading 'split')
    at getFallbackFromErrorAndNotify (http://localhost:3001/_next/static/chunks/node_modules__pnpm_a92eadf3._.js:7251:23)
    at translateBaseFn (http://localhost:3001/_next/static/chunks/node_modules__pnpm_a92eadf3._.js:7281:28)
    at translateFn (http://localhost:3001/_next/static/chunks/node_modules__pnpm_a92eadf3._.js:7343:24)
    at labelFor (http://localhost:3001/_next/static/chunks/_af79dd3a._.js:631:30)
    at http://localhost:3001/_next/static/chunks/_af79dd3a._.js:142:34
    at Array.map (<anonymous>)
    at RegionChoropleth (http://localhost:3001/_next/static/chunks/_af79dd3a._.js:134:43)
    at Object.react_stack_bottom_frame (http://localhost:3001/_next/static/chunks/f12ff_next_dist_compiled_react-dom_7b2f6d3d._.js:14826:24)
    at renderWithHooksAgain (http://localhost:3001/_next/static/chunks/f12ff_next_dist_compiled_react-dom_7b2f6d3d._.js:4706:24)
    at renderWithHooks (http://localhost:3001/_next/static/chunks/f12ff_next_dist_compiled_react-dom_7b2f6d3d._.js:4657:28)
    at updateFunctionComponent (http://localhost:3001/_next/static/chunks/f12ff_next_dist_compiled_react-dom_7b2f6d3d._.js:6112:21)
    at beginWork (http://localhost:3001/_next/static/chunks/f12ff_next_dist_compiled_react-dom_7b2f6d3d._.js:6708:24)
    at runWithFiberInDEV (http://localhost:3001/_next/static/chunks/f12ff_next_dist_compiled_react-dom_7b2f6d3d._.js:965:74)
    at performUnitOfWork (http://localhost:3001/_next/static/chunks/f12ff_next_dist_compiled_react-dom_7b2f6d3d._.js:9562:97)
    at workLoopSync (http://localhost:3001/_next/static/chunks/f12ff_next_dist_compiled_react-dom_7b2f6d3d._.js:9456:40)
    at renderRootSync (http://localhost:3001/_next/static/chunks/f12ff_next_dist_compiled_react-dom_7b2f6d3d._.js:9440:13)
    at performWorkOnRoot (http://localhost:3001/_next/static/chunks/f12ff_next_dist_compiled_react-dom_7b2f6d3d._.js:9068:186)
    at performSyncWorkOnRoot (http://localhost:3001/_next/static/chunks/f12ff_next_dist_compiled_react-dom_7b2f6d3d._.js:10238:9)
    at flushSyncWorkAcrossRoots_impl (http://localhost:3001/_next/static/chunks/f12ff_next_dist_compiled_react-dom_7b2f6d3d._.js:10154:316)
    at flushSpawnedWork (http://localhost:3001/_next/static/chunks/f12ff_next_dist_compiled_react-dom_7b2f6d3d._.js:9914:13)
    at commitRoot (http://localhost:3001/_next/static/chunks/f12ff_next_dist_compiled_react-dom_7b2f6d3d._.js:9720:432)
    at commitRootWhenReady (http://localhost:3001/_next/static/chunks/f12ff_next_dist_compiled_react-dom_7b2f6d3d._.js:9194:9)
    at performWorkOnRoot (http://localhost:3001/_next/static/chunks/f12ff_next_dist_compiled_react-dom_7b2f6d3d._.js:9166:25)
    at performWorkOnRootViaSchedulerTask (http://localhost:3001/_next/static/chunks/f12ff_next_dist_compiled_react-dom_7b2f6d3d._.js:10230:9)
    at MessagePort.performWorkUntilDeadline (http://localhost:3001/_next/static/chunks/f12ff_next_dist_compiled_cd863794._.js:2647:64) @ http://localhost:3001/_next/static/chunks/f12ff_next_dist_95687940._.js:3132
[ 6300331ms] [ERROR] IntlError: MISSING_MESSAGE: Cannot read properties of undefined (reading 'split')
    at getFallbackFromErrorAndNotify (http://localhost:3001/_next/static/chunks/node_modules__pnpm_a92eadf3._.js:7251:23)
    at translateBaseFn (http://localhost:3001/_next/static/chunks/node_modules__pnpm_a92eadf3._.js:7281:28)
    at translateFn (http://localhost:3001/_next/static/chunks/node_modules__pnpm_a92eadf3._.js:7343:24)
    at labelFor (http://localhost:3001/_next/static/chunks/_af79dd3a._.js:631:30)
    at http://localhost:3001/_next/static/chunks/_af79dd3a._.js:142:34
    at Array.map (<anonymous>)
    at RegionChoropleth (http://localhost:3001/_next/static/chunks/_af79dd3a._.js:134:43)
    at Object.react_stack_bottom_frame (http://localhost:3001/_next/static/chunks/f12ff_next_dist_compiled_react-dom_7b2f6d3d._.js:14826:24)
    at renderWithHooksAgain (http://localhost:3001/_next/static/chunks/f12ff_next_dist_compiled_react-dom_7b2f6d3d._.js:4706:24)
    at renderWithHooks (http://localhost:3001/_next/static/chunks/f12ff_next_dist_compiled_react-dom_7b2f6d3d._.js:4657:28)
    at updateFunctionComponent (http://localhost:3001/_next/static/chunks/f12ff_next_dist_compiled_react-dom_7b2f6d3d._.js:6112:21)
    at beginWork (http://localhost:3001/_next/static/chunks/f12ff_next_dist_compiled_react-dom_7b2f6d3d._.js:6708:24)
    at runWithFiberInDEV (http://localhost:3001/_next/static/chunks/f12ff_next_dist_compiled_react-dom_7b2f6d3d._.js:965:74)
    at performUnitOfWork (http://localhost:3001/_next/static/chunks/f12ff_next_dist_compiled_react-dom_7b2f6d3d._.js:9562:97)
    at workLoopSync (http://localhost:3001/_next/static/chunks/f12ff_next_dist_compiled_react-dom_7b2f6d3d._.js:9456:40)
    at renderRootSync (http://localhost:3001/_next/static/chunks/f12ff_next_dist_compiled_react-dom_7b2f6d3d._.js:9440:13)
    at performWorkOnRoot (http://localhost:3001/_next/static/chunks/f12ff_next_dist_compiled_react-dom_7b2f6d3d._.js:9068:186)
    at performSyncWorkOnRoot (http://localhost:3001/_next/static/chunks/f12ff_next_dist_compiled_react-dom_7b2f6d3d._.js:10238:9)
    at flushSyncWorkAcrossRoots_impl (http://localhost:3001/_next/static/chunks/f12ff_next_dist_compiled_react-dom_7b2f6d3d._.js:10154:316)
    at flushSpawnedWork (http://localhost:3001/_next/static/chunks/f12ff_next_dist_compiled_react-dom_7b2f6d3d._.js:9914:13)
    at commitRoot (http://localhost:3001/_next/static/chunks/f12ff_next_dist_compiled_react-dom_7b2f6d3d._.js:9720:432)
    at commitRootWhenReady (http://localhost:3001/_next/static/chunks/f12ff_next_dist_compiled_react-dom_7b2f6d3d._.js:9194:9)
    at performWorkOnRoot (http://localhost:3001/_next/static/chunks/f12ff_next_dist_compiled_react-dom_7b2f6d3d._.js:9166:25)
    at performWorkOnRootViaSchedulerTask (http://localhost:3001/_next/static/chunks/f12ff_next_dist_compiled_react-dom_7b2f6d3d._.js:10230:9)
    at MessagePort.performWorkUntilDeadline (http://localhost:3001/_next/static/chunks/f12ff_next_dist_compiled_cd863794._.js:2647:64) @ http://localhost:3001/_next/static/chunks/f12ff_next_dist_95687940._.js:3132
[ 6300332ms] [ERROR] IntlError: MISSING_MESSAGE: Cannot read properties of undefined (reading 'split')
    at getFallbackFromErrorAndNotify (http://localhost:3001/_next/static/chunks/node_modules__pnpm_a92eadf3._.js:7251:23)
    at translateBaseFn (http://localhost:3001/_next/static/chunks/node_modules__pnpm_a92eadf3._.js:7281:28)
    at translateFn (http://localhost:3001/_next/static/chunks/node_modules__pnpm_a92eadf3._.js:7343:24)
    at labelFor (http://localhost:3001/_next/static/chunks/_af79dd3a._.js:631:30)
    at http://localhost:3001/_next/static/chunks/_af79dd3a._.js:142:34
    at Array.map (<anonymous>)
    at RegionChoropleth (http://localhost:3001/_next/static/chunks/_af79dd3a._.js:134:43)
    at Object.react_stack_bottom_frame (http://localhost:3001/_next/static/chunks/f12ff_next_dist_compiled_react-dom_7b2f6d3d._.js:14826:24)
    at renderWithHooksAgain (http://localhost:3001/_next/static/chunks/f12ff_next_dist_compiled_react-dom_7b2f6d3d._.js:4706:24)
    at renderWithHooks (http://localhost:3001/_next/static/chunks/f12ff_next_dist_compiled_react-dom_7b2f6d3d._.js:4657:28)
    at updateFunctionComponent (http://localhost:3001/_next/static/chunks/f12ff_next_dist_compiled_react-dom_7b2f6d3d._.js:6112:21)
    at beginWork (http://localhost:3001/_next/static/chunks/f12ff_next_dist_compiled_react-dom_7b2f6d3d._.js:6708:24)
    at runWithFiberInDEV (http://localhost:3001/_next/static/chunks/f12ff_next_dist_compiled_react-dom_7b2f6d3d._.js:965:74)
    at performUnitOfWork (http://localhost:3001/_next/static/chunks/f12ff_next_dist_compiled_react-dom_7b2f6d3d._.js:9562:97)
    at workLoopSync (http://localhost:3001/_next/static/chunks/f12ff_next_dist_compiled_react-dom_7b2f6d3d._.js:9456:40)
    at renderRootSync (http://localhost:3001/_next/static/chunks/f12ff_next_dist_compiled_react-dom_7b2f6d3d._.js:9440:13)
    at performWorkOnRoot (http://localhost:3001/_next/static/chunks/f12ff_next_dist_compiled_react-dom_7b2f6d3d._.js:9068:186)
    at performSyncWorkOnRoot (http://localhost:3001/_next/static/chunks/f12ff_next_dist_compiled_react-dom_7b2f6d3d._.js:10238:9)
    at flushSyncWorkAcrossRoots_impl (http://localhost:3001/_next/static/chunks/f12ff_next_dist_compiled_react-dom_7b2f6d3d._.js:10154:316)
    at flushSpawnedWork (http://localhost:3001/_next/static/chunks/f12ff_next_dist_compiled_react-dom_7b2f6d3d._.js:9914:13)
    at commitRoot (http://localhost:3001/_next/static/chunks/f12ff_next_dist_compiled_react-dom_7b2f6d3d._.js:9720:432)
    at commitRootWhenReady (http://localhost:3001/_next/static/chunks/f12ff_next_dist_compiled_react-dom_7b2f6d3d._.js:9194:9)
    at performWorkOnRoot (http://localhost:3001/_next/static/chunks/f12ff_next_dist_compiled_react-dom_7b2f6d3d._.js:9166:25)
    at performWorkOnRootViaSchedulerTask (http://localhost:3001/_next/static/chunks/f12ff_next_dist_compiled_react-dom_7b2f6d3d._.js:10230:9)
    at MessagePort.performWorkUntilDeadline (http://localhost:3001/_next/static/chunks/f12ff_next_dist_compiled_cd863794._.js:2647:64) @ http://localhost:3001/_next/static/chunks/f12ff_next_dist_95687940._.js:3132
[ 6300333ms] [ERROR] IntlError: MISSING_MESSAGE: Cannot read properties of undefined (reading 'split')
    at getFallbackFromErrorAndNotify (http://localhost:3001/_next/static/chunks/node_modules__pnpm_a92eadf3._.js:7251:23)
    at translateBaseFn (http://localhost:3001/_next/static/chunks/node_modules__pnpm_a92eadf3._.js:7281:28)
    at translateFn (http://localhost:3001/_next/static/chunks/node_modules__pnpm_a92eadf3._.js:7343:24)
    at labelFor (http://localhost:3001/_next/static/chunks/_af79dd3a._.js:631:30)
    at http://localhost:3001/_next/static/chunks/_af79dd3a._.js:142:34
    at Array.map (<anonymous>)
    at RegionChoropleth (http://localhost:3001/_next/static/chunks/_af79dd3a._.js:134:43)
    at Object.react_stack_bottom_frame (http://localhost:3001/_next/static/chunks/f12ff_next_dist_compiled_react-dom_7b2f6d3d._.js:14826:24)
    at renderWithHooksAgain (http://localhost:3001/_next/static/chunks/f12ff_next_dist_compiled_react-dom_7b2f6d3d._.js:4706:24)
    at renderWithHooks (http://localhost:3001/_next/static/chunks/f12ff_next_dist_compiled_react-dom_7b2f6d3d._.js:4657:28)
    at updateFunctionComponent (http://localhost:3001/_next/static/chunks/f12ff_next_dist_compiled_react-dom_7b2f6d3d._.js:6112:21)
    at beginWork (http://localhost:3001/_next/static/chunks/f12ff_next_dist_compiled_react-dom_7b2f6d3d._.js:6708:24)
    at runWithFiberInDEV (http://localhost:3001/_next/static/chunks/f12ff_next_dist_compiled_react-dom_7b2f6d3d._.js:965:74)
    at performUnitOfWork (http://localhost:3001/_next/static/chunks/f12ff_next_dist_compiled_react-dom_7b2f6d3d._.js:9562:97)
    at workLoopSync (http://localhost:3001/_next/static/chunks/f12ff_next_dist_compiled_react-dom_7b2f6d3d._.js:9456:40)
    at renderRootSync (http://localhost:3001/_next/static/chunks/f12ff_next_dist_compiled_react-dom_7b2f6d3d._.js:9440:13)
    at performWorkOnRoot (http://localhost:3001/_next/static/chunks/f12ff_next_dist_compiled_react-dom_7b2f6d3d._.js:9068:186)
    at performSyncWorkOnRoot (http://localhost:3001/_next/static/chunks/f12ff_next_dist_compiled_react-dom_7b2f6d3d._.js:10238:9)
    at flushSyncWorkAcrossRoots_impl (http://localhost:3001/_next/static/chunks/f12ff_next_dist_compiled_react-dom_7b2f6d3d._.js:10154:316)
    at flushSpawnedWork (http://localhost:3001/_next/static/chunks/f12ff_next_dist_compiled_react-dom_7b2f6d3d._.js:9914:13)
    at commitRoot (http://localhost:3001/_next/static/chunks/f12ff_next_dist_compiled_react-dom_7b2f6d3d._.js:9720:432)
    at commitRootWhenReady (http://localhost:3001/_next/static/chunks/f12ff_next_dist_compiled_react-dom_7b2f6d3d._.js:9194:9)
    at performWorkOnRoot (http://localhost:3001/_next/static/chunks/f12ff_next_dist_compiled_react-dom_7b2f6d3d._.js:9166:25)
    at performWorkOnRootViaSchedulerTask (http://localhost:3001/_next/static/chunks/f12ff_next_dist_compiled_react-dom_7b2f6d3d._.js:10230:9)
    at MessagePort.performWorkUntilDeadline (http://localhost:3001/_next/static/chunks/f12ff_next_dist_compiled_cd863794._.js:2647:64) @ http://localhost:3001/_next/static/chunks/f12ff_next_dist_95687940._.js:3132
[ 6300335ms] [ERROR] IntlError: MISSING_MESSAGE: Cannot read properties of undefined (reading 'split')
    at getFallbackFromErrorAndNotify (http://localhost:3001/_next/static/chunks/node_modules__pnpm_a92eadf3._.js:7251:23)
    at translateBaseFn (http://localhost:3001/_next/static/chunks/node_modules__pnpm_a92eadf3._.js:7281:28)
    at translateFn (http://localhost:3001/_next/static/chunks/node_modules__pnpm_a92eadf3._.js:7343:24)
    at labelFor (http://localhost:3001/_next/static/chunks/_af79dd3a._.js:631:30)
    at http://localhost:3001/_next/static/chunks/_af79dd3a._.js:142:34
    at Array.map (<anonymous>)
    at RegionChoropleth (http://localhost:3001/_next/static/chunks/_af79dd3a._.js:134:43)
    at Object.react_stack_bottom_frame (http://localhost:3001/_next/static/chunks/f12ff_next_dist_compiled_react-dom_7b2f6d3d._.js:14826:24)
    at renderWithHooksAgain (http://localhost:3001/_next/static/chunks/f12ff_next_dist_compiled_react-dom_7b2f6d3d._.js:4706:24)
    at renderWithHooks (http://localhost:3001/_next/static/chunks/f12ff_next_dist_compiled_react-dom_7b2f6d3d._.js:4657:28)
    at updateFunctionComponent (http://localhost:3001/_next/static/chunks/f12ff_next_dist_compiled_react-dom_7b2f6d3d._.js:6112:21)
    at beginWork (http://localhost:3001/_next/static/chunks/f12ff_next_dist_compiled_react-dom_7b2f6d3d._.js:6708:24)
    at runWithFiberInDEV (http://localhost:3001/_next/static/chunks/f12ff_next_dist_compiled_react-dom_7b2f6d3d._.js:965:74)
    at performUnitOfWork (http://localhost:3001/_next/static/chunks/f12ff_next_dist_compiled_react-dom_7b2f6d3d._.js:9562:97)
    at workLoopSync (http://localhost:3001/_next/static/chunks/f12ff_next_dist_compiled_react-dom_7b2f6d3d._.js:9456:40)
    at renderRootSync (http://localhost:3001/_next/static/chunks/f12ff_next_dist_compiled_react-dom_7b2f6d3d._.js:9440:13)
    at performWorkOnRoot (http://localhost:3001/_next/static/chunks/f12ff_next_dist_compiled_react-dom_7b2f6d3d._.js:9068:186)
    at performSyncWorkOnRoot (http://localhost:3001/_next/static/chunks/f12ff_next_dist_compiled_react-dom_7b2f6d3d._.js:10238:9)
    at flushSyncWorkAcrossRoots_impl (http://localhost:3001/_next/static/chunks/f12ff_next_dist_compiled_react-dom_7b2f6d3d._.js:10154:316)
    at flushSpawnedWork (http://localhost:3001/_next/static/chunks/f12ff_next_dist_compiled_react-dom_7b2f6d3d._.js:9914:13)
    at commitRoot (http://localhost:3001/_next/static/chunks/f12ff_next_dist_compiled_react-dom_7b2f6d3d._.js:9720:432)
    at commitRootWhenReady (http://localhost:3001/_next/static/chunks/f12ff_next_dist_compiled_react-dom_7b2f6d3d._.js:9194:9)
    at performWorkOnRoot (http://localhost:3001/_next/static/chunks/f12ff_next_dist_compiled_react-dom_7b2f6d3d._.js:9166:25)
    at performWorkOnRootViaSchedulerTask (http://localhost:3001/_next/static/chunks/f12ff_next_dist_compiled_react-dom_7b2f6d3d._.js:10230:9)
    at MessagePort.performWorkUntilDeadline (http://localhost:3001/_next/static/chunks/f12ff_next_dist_compiled_cd863794._.js:2647:64) @ http://localhost:3001/_next/static/chunks/f12ff_next_dist_95687940._.js:3132
[ 6300335ms] [ERROR] IntlError: MISSING_MESSAGE: Cannot read properties of undefined (reading 'split')
    at getFallbackFromErrorAndNotify (http://localhost:3001/_next/static/chunks/node_modules__pnpm_a92eadf3._.js:7251:23)
    at translateBaseFn (http://localhost:3001/_next/static/chunks/node_modules__pnpm_a92eadf3._.js:7281:28)
    at translateFn (http://localhost:3001/_next/static/chunks/node_modules__pnpm_a92eadf3._.js:7343:24)
    at labelFor (http://localhost:3001/_next/static/chunks/_af79dd3a._.js:631:30)
    at http://localhost:3001/_next/static/chunks/_af79dd3a._.js:142:34
    at Array.map (<anonymous>)
    at RegionChoropleth (http://localhost:3001/_next/static/chunks/_af79dd3a._.js:134:43)
    at Object.react_stack_bottom_frame (http://localhost:3001/_next/static/chunks/f12ff_next_dist_compiled_react-dom_7b2f6d3d._.js:14826:24)
    at renderWithHooksAgain (http://localhost:3001/_next/static/chunks/f12ff_next_dist_compiled_react-dom_7b2f6d3d._.js:4706:24)
    at renderWithHooks (http://localhost:3001/_next/static/chunks/f12ff_next_dist_compiled_react-dom_7b2f6d3d._.js:4657:28)
    at updateFunctionComponent (http://localhost:3001/_next/static/chunks/f12ff_next_dist_compiled_react-dom_7b2f6d3d._.js:6112:21)
    at beginWork (http://localhost:3001/_next/static/chunks/f12ff_next_dist_compiled_react-dom_7b2f6d3d._.js:6708:24)
    at runWithFiberInDEV (http://localhost:3001/_next/static/chunks/f12ff_next_dist_compiled_react-dom_7b2f6d3d._.js:965:74)
    at performUnitOfWork (http://localhost:3001/_next/static/chunks/f12ff_next_dist_compiled_react-dom_7b2f6d3d._.js:9562:97)
    at workLoopSync (http://localhost:3001/_next/static/chunks/f12ff_next_dist_compiled_react-dom_7b2f6d3d._.js:9456:40)
    at renderRootSync (http://localhost:3001/_next/static/chunks/f12ff_next_dist_compiled_react-dom_7b2f6d3d._.js:9440:13)
    at performWorkOnRoot (http://localhost:3001/_next/static/chunks/f12ff_next_dist_compiled_react-dom_7b2f6d3d._.js:9068:186)
    at performSyncWorkOnRoot (http://localhost:3001/_next/static/chunks/f12ff_next_dist_compiled_react-dom_7b2f6d3d._.js:10238:9)
    at flushSyncWorkAcrossRoots_impl (http://localhost:3001/_next/static/chunks/f12ff_next_dist_compiled_react-dom_7b2f6d3d._.js:10154:316)
    at flushSpawnedWork (http://localhost:3001/_next/static/chunks/f12ff_next_dist_compiled_react-dom_7b2f6d3d._.js:9914:13)
    at commitRoot (http://localhost:3001/_next/static/chunks/f12ff_next_dist_compiled_react-dom_7b2f6d3d._.js:9720:432)
    at commitRootWhenReady (http://localhost:3001/_next/static/chunks/f12ff_next_dist_compiled_react-dom_7b2f6d3d._.js:9194:9)
    at performWorkOnRoot (http://localhost:3001/_next/static/chunks/f12ff_next_dist_compiled_react-dom_7b2f6d3d._.js:9166:25)
    at performWorkOnRootViaSchedulerTask (http://localhost:3001/_next/static/chunks/f12ff_next_dist_compiled_react-dom_7b2f6d3d._.js:10230:9)
    at MessagePort.performWorkUntilDeadline (http://localhost:3001/_next/static/chunks/f12ff_next_dist_compiled_cd863794._.js:2647:64) @ http://localhost:3001/_next/static/chunks/f12ff_next_dist_95687940._.js:3132
[ 6300336ms] [ERROR] IntlError: MISSING_MESSAGE: Cannot read properties of undefined (reading 'split')
    at getFallbackFromErrorAndNotify (http://localhost:3001/_next/static/chunks/node_modules__pnpm_a92eadf3._.js:7251:23)
    at translateBaseFn (http://localhost:3001/_next/static/chunks/node_modules__pnpm_a92eadf3._.js:7281:28)
    at translateFn (http://localhost:3001/_next/static/chunks/node_modules__pnpm_a92eadf3._.js:7343:24)
    at labelFor (http://localhost:3001/_next/static/chunks/_af79dd3a._.js:631:30)
    at http://localhost:3001/_next/static/chunks/_af79dd3a._.js:142:34
    at Array.map (<anonymous>)
    at RegionChoropleth (http://localhost:3001/_next/static/chunks/_af79dd3a._.js:134:43)
    at Object.react_stack_bottom_frame (http://localhost:3001/_next/static/chunks/f12ff_next_dist_compiled_react-dom_7b2f6d3d._.js:14826:24)
    at renderWithHooksAgain (http://localhost:3001/_next/static/chunks/f12ff_next_dist_compiled_react-dom_7b2f6d3d._.js:4706:24)
    at renderWithHooks (http://localhost:3001/_next/static/chunks/f12ff_next_dist_compiled_react-dom_7b2f6d3d._.js:4657:28)
    at updateFunctionComponent (http://localhost:3001/_next/static/chunks/f12ff_next_dist_compiled_react-dom_7b2f6d3d._.js:6112:21)
    at beginWork (http://localhost:3001/_next/static/chunks/f12ff_next_dist_compiled_react-dom_7b2f6d3d._.js:6708:24)
    at runWithFiberInDEV (http://localhost:3001/_next/static/chunks/f12ff_next_dist_compiled_react-dom_7b2f6d3d._.js:965:74)
    at performUnitOfWork (http://localhost:3001/_next/static/chunks/f12ff_next_dist_compiled_react-dom_7b2f6d3d._.js:9562:97)
    at workLoopSync (http://localhost:3001/_next/static/chunks/f12ff_next_dist_compiled_react-dom_7b2f6d3d._.js:9456:40)
    at renderRootSync (http://localhost:3001/_next/static/chunks/f12ff_next_dist_compiled_react-dom_7b2f6d3d._.js:9440:13)
    at performWorkOnRoot (http://localhost:3001/_next/static/chunks/f12ff_next_dist_compiled_react-dom_7b2f6d3d._.js:9068:186)
    at performSyncWorkOnRoot (http://localhost:3001/_next/static/chunks/f12ff_next_dist_compiled_react-dom_7b2f6d3d._.js:10238:9)
    at flushSyncWorkAcrossRoots_impl (http://localhost:3001/_next/static/chunks/f12ff_next_dist_compiled_react-dom_7b2f6d3d._.js:10154:316)
    at flushSpawnedWork (http://localhost:3001/_next/static/chunks/f12ff_next_dist_compiled_react-dom_7b2f6d3d._.js:9914:13)
    at commitRoot (http://localhost:3001/_next/static/chunks/f12ff_next_dist_compiled_react-dom_7b2f6d3d._.js:9720:432)
    at commitRootWhenReady (http://localhost:3001/_next/static/chunks/f12ff_next_dist_compiled_react-dom_7b2f6d3d._.js:9194:9)
    at performWorkOnRoot (http://localhost:3001/_next/static/chunks/f12ff_next_dist_compiled_react-dom_7b2f6d3d._.js:9166:25)
    at performWorkOnRootViaSchedulerTask (http://localhost:3001/_next/static/chunks/f12ff_next_dist_compiled_react-dom_7b2f6d3d._.js:10230:9)
    at MessagePort.performWorkUntilDeadline (http://localhost:3001/_next/static/chunks/f12ff_next_dist_compiled_cd863794._.js:2647:64) @ http://localhost:3001/_next/static/chunks/f12ff_next_dist_95687940._.js:3132
[ 6300377ms] [WARNING] Ignoring Event: localhost @ http://localhost:3001/_next/static/chunks/f12ff_next_dist_95687940._.js:2302
[ 6300831ms] [ERROR] Access to resource at 'https://gm67v7rk.api.sanity.io/v2024-04-24/data/live/events/development?tag=next-loader.live' from origin 'http://localhost:3001' has been blocked by CORS policy: No 'Access-Control-Allow-Origin' header is present on the requested resource. @ http://localhost:3001/en/atlas:0
[ 6300869ms] [ERROR] Failed to load resource: net::ERR_FAILED @ https://gm67v7rk.api.sanity.io/v2024-04-24/data/live/events/development?tag=next-loader.live:0
[ 6300999ms] [ERROR] Access to fetch at 'https://gm67v7rk.api.sanity.io/v2024-04-24/data/live/events/development?tag=next-loader.live' from origin 'http://localhost:3001' has been blocked by CORS policy: Response to preflight request doesn't pass access control check: No 'Access-Control-Allow-Origin' header is present on the requested resource. @ http://localhost:3001/en/atlas:0
[ 6300999ms] [ERROR] Failed to load resource: net::ERR_FAILED @ https://gm67v7rk.api.sanity.io/v2024-04-24/data/live/events/development?tag=next-loader.live:0
[ 6301108ms] [LOG] [Fast Refresh] done in 1180ms @ http://localhost:3001/_next/static/chunks/f12ff_next_dist_95687940._.js:2302
[ 6301108ms] [ERROR] Access to fetch at 'https://gm67v7rk.api.sanity.io/v2024-04-24/data/live/events/development?tag=next-loader.live' from origin 'http://localhost:3001' has been blocked by CORS policy: Response to preflight request doesn't pass access control check: No 'Access-Control-Allow-Origin' header is present on the requested resource. @ http://localhost:3001/en/atlas:0
[ 6301108ms] [ERROR] Failed to load resource: net::ERR_FAILED @ https://gm67v7rk.api.sanity.io/v2024-04-24/data/live/events/development?tag=next-loader.live:0
[ 6301108ms] [WARNING] Sanity Live is unable to connect to the Sanity API as the current origin - http://localhost:3001 - is not in the list of allowed CORS origins for this Sanity Project. Add it here: https://sanity.io/manage/project/gm67v7rk/api?cors=add&origin=http%3A%2F%2Flocalhost%3A3001 @ http://localhost:3001/_next/static/chunks/f12ff_next_dist_95687940._.js:2302
[ 6301159ms] [ERROR] IntlError: MISSING_MESSAGE: Cannot read properties of undefined (reading 'split')
    at getFallbackFromErrorAndNotify (http://localhost:3001/_next/static/chunks/node_modules__pnpm_a92eadf3._.js:7251:23)
    at translateBaseFn (http://localhost:3001/_next/static/chunks/node_modules__pnpm_a92eadf3._.js:7281:28)
    at translateFn (http://localhost:3001/_next/static/chunks/node_modules__pnpm_a92eadf3._.js:7343:24)
    at labelFor (http://localhost:3001/_next/static/chunks/_af79dd3a._.js:631:30)
    at http://localhost:3001/_next/static/chunks/_af79dd3a._.js:142:34
    at Array.map (<anonymous>)
    at RegionChoropleth (http://localhost:3001/_next/static/chunks/_af79dd3a._.js:134:43)
    at Object.react_stack_bottom_frame (http://localhost:3001/_next/static/chunks/f12ff_next_dist_compiled_react-dom_7b2f6d3d._.js:14826:24)
    at renderWithHooks (http://localhost:3001/_next/static/chunks/f12ff_next_dist_compiled_react-dom_7b2f6d3d._.js:4651:24)
    at updateFunctionComponent (http://localhost:3001/_next/static/chunks/f12ff_next_dist_compiled_react-dom_7b2f6d3d._.js:6112:21)
    at beginWork (http://localhost:3001/_next/static/chunks/f12ff_next_dist_compiled_react-dom_7b2f6d3d._.js:6708:24)
    at runWithFiberInDEV (http://localhost:3001/_next/static/chunks/f12ff_next_dist_compiled_react-dom_7b2f6d3d._.js:965:74)
    at performUnitOfWork (http://localhost:3001/_next/static/chunks/f12ff_next_dist_compiled_react-dom_7b2f6d3d._.js:9562:97)
    at workLoopSync (http://localhost:3001/_next/static/chunks/f12ff_next_dist_compiled_react-dom_7b2f6d3d._.js:9456:40)
    at renderRootSync (http://localhost:3001/_next/static/chunks/f12ff_next_dist_compiled_react-dom_7b2f6d3d._.js:9440:13)
    at performWorkOnRoot (http://localhost:3001/_next/static/chunks/f12ff_next_dist_compiled_react-dom_7b2f6d3d._.js:9068:186)
    at performSyncWorkOnRoot (http://localhost:3001/_next/static/chunks/f12ff_next_dist_compiled_react-dom_7b2f6d3d._.js:10238:9)
    at flushSyncWorkAcrossRoots_impl (http://localhost:3001/_next/static/chunks/f12ff_next_dist_compiled_react-dom_7b2f6d3d._.js:10154:316)
    at processRootScheduleInMicrotask (http://localhost:3001/_next/static/chunks/f12ff_next_dist_compiled_react-dom_7b2f6d3d._.js:10175:106)
    at http://localhost:3001/_next/static/chunks/f12ff_next_dist_compiled_react-dom_7b2f6d3d._.js:10249:158 @ http://localhost:3001/_next/static/chunks/f12ff_next_dist_95687940._.js:3132
[ 6301159ms] [ERROR] IntlError: MISSING_MESSAGE: Cannot read properties of undefined (reading 'split')
    at getFallbackFromErrorAndNotify (http://localhost:3001/_next/static/chunks/node_modules__pnpm_a92eadf3._.js:7251:23)
    at translateBaseFn (http://localhost:3001/_next/static/chunks/node_modules__pnpm_a92eadf3._.js:7281:28)
    at translateFn (http://localhost:3001/_next/static/chunks/node_modules__pnpm_a92eadf3._.js:7343:24)
    at labelFor (http://localhost:3001/_next/static/chunks/_af79dd3a._.js:631:30)
    at http://localhost:3001/_next/static/chunks/_af79dd3a._.js:142:34
    at Array.map (<anonymous>)
    at RegionChoropleth (http://localhost:3001/_next/static/chunks/_af79dd3a._.js:134:43)
    at Object.react_stack_bottom_frame (http://localhost:3001/_next/static/chunks/f12ff_next_dist_compiled_react-dom_7b2f6d3d._.js:14826:24)
    at renderWithHooks (http://localhost:3001/_next/static/chunks/f12ff_next_dist_compiled_react-dom_7b2f6d3d._.js:4651:24)
    at updateFunctionComponent (http://localhost:3001/_next/static/chunks/f12ff_next_dist_compiled_react-dom_7b2f6d3d._.js:6112:21)
    at beginWork (http://localhost:3001/_next/static/chunks/f12ff_next_dist_compiled_react-dom_7b2f6d3d._.js:6708:24)
    at runWithFiberInDEV (http://localhost:3001/_next/static/chunks/f12ff_next_dist_compiled_react-dom_7b2f6d3d._.js:965:74)
    at performUnitOfWork (http://localhost:3001/_next/static/chunks/f12ff_next_dist_compiled_react-dom_7b2f6d3d._.js:9562:97)
    at workLoopSync (http://localhost:3001/_next/static/chunks/f12ff_next_dist_compiled_react-dom_7b2f6d3d._.js:9456:40)
    at renderRootSync (http://localhost:3001/_next/static/chunks/f12ff_next_dist_compiled_react-dom_7b2f6d3d._.js:9440:13)
    at performWorkOnRoot (http://localhost:3001/_next/static/chunks/f12ff_next_dist_compiled_react-dom_7b2f6d3d._.js:9068:186)
    at performSyncWorkOnRoot (http://localhost:3001/_next/static/chunks/f12ff_next_dist_compiled_react-dom_7b2f6d3d._.js:10238:9)
    at flushSyncWorkAcrossRoots_impl (http://localhost:3001/_next/static/chunks/f12ff_next_dist_compiled_react-dom_7b2f6d3d._.js:10154:316)
    at processRootScheduleInMicrotask (http://localhost:3001/_next/static/chunks/f12ff_next_dist_compiled_react-dom_7b2f6d3d._.js:10175:106)
    at http://localhost:3001/_next/static/chunks/f12ff_next_dist_compiled_react-dom_7b2f6d3d._.js:10249:158 @ http://localhost:3001/_next/static/chunks/f12ff_next_dist_95687940._.js:3132
[ 6301159ms] [ERROR] IntlError: MISSING_MESSAGE: Cannot read properties of undefined (reading 'split')
    at getFallbackFromErrorAndNotify (http://localhost:3001/_next/static/chunks/node_modules__pnpm_a92eadf3._.js:7251:23)
    at translateBaseFn (http://localhost:3001/_next/static/chunks/node_modules__pnpm_a92eadf3._.js:7281:28)
    at translateFn (http://localhost:3001/_next/static/chunks/node_modules__pnpm_a92eadf3._.js:7343:24)
    at labelFor (http://localhost:3001/_next/static/chunks/_af79dd3a._.js:631:30)
    at http://localhost:3001/_next/static/chunks/_af79dd3a._.js:142:34
    at Array.map (<anonymous>)
    at RegionChoropleth (http://localhost:3001/_next/static/chunks/_af79dd3a._.js:134:43)
    at Object.react_stack_bottom_frame (http://localhost:3001/_next/static/chunks/f12ff_next_dist_compiled_react-dom_7b2f6d3d._.js:14826:24)
    at renderWithHooks (http://localhost:3001/_next/static/chunks/f12ff_next_dist_compiled_react-dom_7b2f6d3d._.js:4651:24)
    at updateFunctionComponent (http://localhost:3001/_next/static/chunks/f12ff_next_dist_compiled_react-dom_7b2f6d3d._.js:6112:21)
    at beginWork (http://localhost:3001/_next/static/chunks/f12ff_next_dist_compiled_react-dom_7b2f6d3d._.js:6708:24)
    at runWithFiberInDEV (http://localhost:3001/_next/static/chunks/f12ff_next_dist_compiled_react-dom_7b2f6d3d._.js:965:74)
    at performUnitOfWork (http://localhost:3001/_next/static/chunks/f12ff_next_dist_compiled_react-dom_7b2f6d3d._.js:9562:97)
    at workLoopSync (http://localhost:3001/_next/static/chunks/f12ff_next_dist_compiled_react-dom_7b2f6d3d._.js:9456:40)
    at renderRootSync (http://localhost:3001/_next/static/chunks/f12ff_next_dist_compiled_react-dom_7b2f6d3d._.js:9440:13)
    at performWorkOnRoot (http://localhost:3001/_next/static/chunks/f12ff_next_dist_compiled_react-dom_7b2f6d3d._.js:9068:186)
    at performSyncWorkOnRoot (http://localhost:3001/_next/static/chunks/f12ff_next_dist_compiled_react-dom_7b2f6d3d._.js:10238:9)
    at flushSyncWorkAcrossRoots_impl (http://localhost:3001/_next/static/chunks/f12ff_next_dist_compiled_react-dom_7b2f6d3d._.js:10154:316)
    at processRootScheduleInMicrotask (http://localhost:3001/_next/static/chunks/f12ff_next_dist_compiled_react-dom_7b2f6d3d._.js:10175:106)
    at http://localhost:3001/_next/static/chunks/f12ff_next_dist_compiled_react-dom_7b2f6d3d._.js:10249:158 @ http://localhost:3001/_next/static/chunks/f12ff_next_dist_95687940._.js:3132
[ 6301159ms] [ERROR] IntlError: MISSING_MESSAGE: Cannot read properties of undefined (reading 'split')
    at getFallbackFromErrorAndNotify (http://localhost:3001/_next/static/chunks/node_modules__pnpm_a92eadf3._.js:7251:23)
    at translateBaseFn (http://localhost:3001/_next/static/chunks/node_modules__pnpm_a92eadf3._.js:7281:28)
    at translateFn (http://localhost:3001/_next/static/chunks/node_modules__pnpm_a92eadf3._.js:7343:24)
    at labelFor (http://localhost:3001/_next/static/chunks/_af79dd3a._.js:631:30)
    at http://localhost:3001/_next/static/chunks/_af79dd3a._.js:142:34
    at Array.map (<anonymous>)
    at RegionChoropleth (http://localhost:3001/_next/static/chunks/_af79dd3a._.js:134:43)
    at Object.react_stack_bottom_frame (http://localhost:3001/_next/static/chunks/f12ff_next_dist_compiled_react-dom_7b2f6d3d._.js:14826:24)
    at renderWithHooks (http://localhost:3001/_next/static/chunks/f12ff_next_dist_compiled_react-dom_7b2f6d3d._.js:4651:24)
    at updateFunctionComponent (http://localhost:3001/_next/static/chunks/f12ff_next_dist_compiled_react-dom_7b2f6d3d._.js:6112:21)
    at beginWork (http://localhost:3001/_next/static/chunks/f12ff_next_dist_compiled_react-dom_7b2f6d3d._.js:6708:24)
    at runWithFiberInDEV (http://localhost:3001/_next/static/chunks/f12ff_next_dist_compiled_react-dom_7b2f6d3d._.js:965:74)
    at performUnitOfWork (http://localhost:3001/_next/static/chunks/f12ff_next_dist_compiled_react-dom_7b2f6d3d._.js:9562:97)
    at workLoopSync (http://localhost:3001/_next/static/chunks/f12ff_next_dist_compiled_react-dom_7b2f6d3d._.js:9456:40)
    at renderRootSync (http://localhost:3001/_next/static/chunks/f12ff_next_dist_compiled_react-dom_7b2f6d3d._.js:9440:13)
    at performWorkOnRoot (http://localhost:3001/_next/static/chunks/f12ff_next_dist_compiled_react-dom_7b2f6d3d._.js:9068:186)
    at performSyncWorkOnRoot (http://localhost:3001/_next/static/chunks/f12ff_next_dist_compiled_react-dom_7b2f6d3d._.js:10238:9)
    at flushSyncWorkAcrossRoots_impl (http://localhost:3001/_next/static/chunks/f12ff_next_dist_compiled_react-dom_7b2f6d3d._.js:10154:316)
    at processRootScheduleInMicrotask (http://localhost:3001/_next/static/chunks/f12ff_next_dist_compiled_react-dom_7b2f6d3d._.js:10175:106)
    at http://localhost:3001/_next/static/chunks/f12ff_next_dist_compiled_react-dom_7b2f6d3d._.js:10249:158 @ http://localhost:3001/_next/static/chunks/f12ff_next_dist_95687940._.js:3132
[ 6301160ms] [ERROR] IntlError: MISSING_MESSAGE: Cannot read properties of undefined (reading 'split')
    at getFallbackFromErrorAndNotify (http://localhost:3001/_next/static/chunks/node_modules__pnpm_a92eadf3._.js:7251:23)
    at translateBaseFn (http://localhost:3001/_next/static/chunks/node_modules__pnpm_a92eadf3._.js:7281:28)
    at translateFn (http://localhost:3001/_next/static/chunks/node_modules__pnpm_a92eadf3._.js:7343:24)
    at labelFor (http://localhost:3001/_next/static/chunks/_af79dd3a._.js:631:30)
    at http://localhost:3001/_next/static/chunks/_af79dd3a._.js:142:34
    at Array.map (<anonymous>)
    at RegionChoropleth (http://localhost:3001/_next/static/chunks/_af79dd3a._.js:134:43)
    at Object.react_stack_bottom_frame (http://localhost:3001/_next/static/chunks/f12ff_next_dist_compiled_react-dom_7b2f6d3d._.js:14826:24)
    at renderWithHooks (http://localhost:3001/_next/static/chunks/f12ff_next_dist_compiled_react-dom_7b2f6d3d._.js:4651:24)
    at updateFunctionComponent (http://localhost:3001/_next/static/chunks/f12ff_next_dist_compiled_react-dom_7b2f6d3d._.js:6112:21)
    at beginWork (http://localhost:3001/_next/static/chunks/f12ff_next_dist_compiled_react-dom_7b2f6d3d._.js:6708:24)
    at runWithFiberInDEV (http://localhost:3001/_next/static/chunks/f12ff_next_dist_compiled_react-dom_7b2f6d3d._.js:965:74)
    at performUnitOfWork (http://localhost:3001/_next/static/chunks/f12ff_next_dist_compiled_react-dom_7b2f6d3d._.js:9562:97)
    at workLoopSync (http://localhost:3001/_next/static/chunks/f12ff_next_dist_compiled_react-dom_7b2f6d3d._.js:9456:40)
    at renderRootSync (http://localhost:3001/_next/static/chunks/f12ff_next_dist_compiled_react-dom_7b2f6d3d._.js:9440:13)
    at performWorkOnRoot (http://localhost:3001/_next/static/chunks/f12ff_next_dist_compiled_react-dom_7b2f6d3d._.js:9068:186)
    at performSyncWorkOnRoot (http://localhost:3001/_next/static/chunks/f12ff_next_dist_compiled_react-dom_7b2f6d3d._.js:10238:9)
    at flushSyncWorkAcrossRoots_impl (http://localhost:3001/_next/static/chunks/f12ff_next_dist_compiled_react-dom_7b2f6d3d._.js:10154:316)
    at processRootScheduleInMicrotask (http://localhost:3001/_next/static/chunks/f12ff_next_dist_compiled_react-dom_7b2f6d3d._.js:10175:106)
    at http://localhost:3001/_next/static/chunks/f12ff_next_dist_compiled_react-dom_7b2f6d3d._.js:10249:158 @ http://localhost:3001/_next/static/chunks/f12ff_next_dist_95687940._.js:3132
[ 6301160ms] [ERROR] IntlError: MISSING_MESSAGE: Cannot read properties of undefined (reading 'split')
    at getFallbackFromErrorAndNotify (http://localhost:3001/_next/static/chunks/node_modules__pnpm_a92eadf3._.js:7251:23)
    at translateBaseFn (http://localhost:3001/_next/static/chunks/node_modules__pnpm_a92eadf3._.js:7281:28)
    at translateFn (http://localhost:3001/_next/static/chunks/node_modules__pnpm_a92eadf3._.js:7343:24)
    at labelFor (http://localhost:3001/_next/static/chunks/_af79dd3a._.js:631:30)
    at http://localhost:3001/_next/static/chunks/_af79dd3a._.js:142:34
    at Array.map (<anonymous>)
    at RegionChoropleth (http://localhost:3001/_next/static/chunks/_af79dd3a._.js:134:43)
    at Object.react_stack_bottom_frame (http://localhost:3001/_next/static/chunks/f12ff_next_dist_compiled_react-dom_7b2f6d3d._.js:14826:24)
    at renderWithHooks (http://localhost:3001/_next/static/chunks/f12ff_next_dist_compiled_react-dom_7b2f6d3d._.js:4651:24)
    at updateFunctionComponent (http://localhost:3001/_next/static/chunks/f12ff_next_dist_compiled_react-dom_7b2f6d3d._.js:6112:21)
    at beginWork (http://localhost:3001/_next/static/chunks/f12ff_next_dist_compiled_react-dom_7b2f6d3d._.js:6708:24)
    at runWithFiberInDEV (http://localhost:3001/_next/static/chunks/f12ff_next_dist_compiled_react-dom_7b2f6d3d._.js:965:74)
    at performUnitOfWork (http://localhost:3001/_next/static/chunks/f12ff_next_dist_compiled_react-dom_7b2f6d3d._.js:9562:97)
    at workLoopSync (http://localhost:3001/_next/static/chunks/f12ff_next_dist_compiled_react-dom_7b2f6d3d._.js:9456:40)
    at renderRootSync (http://localhost:3001/_next/static/chunks/f12ff_next_dist_compiled_react-dom_7b2f6d3d._.js:9440:13)
    at performWorkOnRoot (http://localhost:3001/_next/static/chunks/f12ff_next_dist_compiled_react-dom_7b2f6d3d._.js:9068:186)
    at performSyncWorkOnRoot (http://localhost:3001/_next/static/chunks/f12ff_next_dist_compiled_react-dom_7b2f6d3d._.js:10238:9)
    at flushSyncWorkAcrossRoots_impl (http://localhost:3001/_next/static/chunks/f12ff_next_dist_compiled_react-dom_7b2f6d3d._.js:10154:316)
    at processRootScheduleInMicrotask (http://localhost:3001/_next/static/chunks/f12ff_next_dist_compiled_react-dom_7b2f6d3d._.js:10175:106)
    at http://localhost:3001/_next/static/chunks/f12ff_next_dist_compiled_react-dom_7b2f6d3d._.js:10249:158 @ http://localhost:3001/_next/static/chunks/f12ff_next_dist_95687940._.js:3132
[ 6301160ms] [ERROR] IntlError: MISSING_MESSAGE: Cannot read properties of undefined (reading 'split')
    at getFallbackFromErrorAndNotify (http://localhost:3001/_next/static/chunks/node_modules__pnpm_a92eadf3._.js:7251:23)
    at translateBaseFn (http://localhost:3001/_next/static/chunks/node_modules__pnpm_a92eadf3._.js:7281:28)
    at translateFn (http://localhost:3001/_next/static/chunks/node_modules__pnpm_a92eadf3._.js:7343:24)
    at labelFor (http://localhost:3001/_next/static/chunks/_af79dd3a._.js:631:30)
    at http://localhost:3001/_next/static/chunks/_af79dd3a._.js:142:34
    at Array.map (<anonymous>)
    at RegionChoropleth (http://localhost:3001/_next/static/chunks/_af79dd3a._.js:134:43)
    at Object.react_stack_bottom_frame (http://localhost:3001/_next/static/chunks/f12ff_next_dist_compiled_react-dom_7b2f6d3d._.js:14826:24)
    at renderWithHooks (http://localhost:3001/_next/static/chunks/f12ff_next_dist_compiled_react-dom_7b2f6d3d._.js:4651:24)
    at updateFunctionComponent (http://localhost:3001/_next/static/chunks/f12ff_next_dist_compiled_react-dom_7b2f6d3d._.js:6112:21)
    at beginWork (http://localhost:3001/_next/static/chunks/f12ff_next_dist_compiled_react-dom_7b2f6d3d._.js:6708:24)
    at runWithFiberInDEV (http://localhost:3001/_next/static/chunks/f12ff_next_dist_compiled_react-dom_7b2f6d3d._.js:965:74)
    at performUnitOfWork (http://localhost:3001/_next/static/chunks/f12ff_next_dist_compiled_react-dom_7b2f6d3d._.js:9562:97)
    at workLoopSync (http://localhost:3001/_next/static/chunks/f12ff_next_dist_compiled_react-dom_7b2f6d3d._.js:9456:40)
    at renderRootSync (http://localhost:3001/_next/static/chunks/f12ff_next_dist_compiled_react-dom_7b2f6d3d._.js:9440:13)
    at performWorkOnRoot (http://localhost:3001/_next/static/chunks/f12ff_next_dist_compiled_react-dom_7b2f6d3d._.js:9068:186)
    at performSyncWorkOnRoot (http://localhost:3001/_next/static/chunks/f12ff_next_dist_compiled_react-dom_7b2f6d3d._.js:10238:9)
    at flushSyncWorkAcrossRoots_impl (http://localhost:3001/_next/static/chunks/f12ff_next_dist_compiled_react-dom_7b2f6d3d._.js:10154:316)
    at processRootScheduleInMicrotask (http://localhost:3001/_next/static/chunks/f12ff_next_dist_compiled_react-dom_7b2f6d3d._.js:10175:106)
    at http://localhost:3001/_next/static/chunks/f12ff_next_dist_compiled_react-dom_7b2f6d3d._.js:10249:158 @ http://localhost:3001/_next/static/chunks/f12ff_next_dist_95687940._.js:3132
[ 6301160ms] [ERROR] IntlError: MISSING_MESSAGE: Cannot read properties of undefined (reading 'split')
    at getFallbackFromErrorAndNotify (http://localhost:3001/_next/static/chunks/node_modules__pnpm_a92eadf3._.js:7251:23)
    at translateBaseFn (http://localhost:3001/_next/static/chunks/node_modules__pnpm_a92eadf3._.js:7281:28)
    at translateFn (http://localhost:3001/_next/static/chunks/node_modules__pnpm_a92eadf3._.js:7343:24)
    at labelFor (http://localhost:3001/_next/static/chunks/_af79dd3a._.js:631:30)
    at http://localhost:3001/_next/static/chunks/_af79dd3a._.js:142:34
    at Array.map (<anonymous>)
    at RegionChoropleth (http://localhost:3001/_next/static/chunks/_af79dd3a._.js:134:43)
    at Object.react_stack_bottom_frame (http://localhost:3001/_next/static/chunks/f12ff_next_dist_compiled_react-dom_7b2f6d3d._.js:14826:24)
    at renderWithHooksAgain (http://localhost:3001/_next/static/chunks/f12ff_next_dist_compiled_react-dom_7b2f6d3d._.js:4706:24)
    at renderWithHooks (http://localhost:3001/_next/static/chunks/f12ff_next_dist_compiled_react-dom_7b2f6d3d._.js:4657:28)
    at updateFunctionComponent (http://localhost:3001/_next/static/chunks/f12ff_next_dist_compiled_react-dom_7b2f6d3d._.js:6112:21)
    at beginWork (http://localhost:3001/_next/static/chunks/f12ff_next_dist_compiled_react-dom_7b2f6d3d._.js:6708:24)
    at runWithFiberInDEV (http://localhost:3001/_next/static/chunks/f12ff_next_dist_compiled_react-dom_7b2f6d3d._.js:965:74)
    at performUnitOfWork (http://localhost:3001/_next/static/chunks/f12ff_next_dist_compiled_react-dom_7b2f6d3d._.js:9562:97)
    at workLoopSync (http://localhost:3001/_next/static/chunks/f12ff_next_dist_compiled_react-dom_7b2f6d3d._.js:9456:40)
    at renderRootSync (http://localhost:3001/_next/static/chunks/f12ff_next_dist_compiled_react-dom_7b2f6d3d._.js:9440:13)
    at performWorkOnRoot (http://localhost:3001/_next/static/chunks/f12ff_next_dist_compiled_react-dom_7b2f6d3d._.js:9068:186)
    at performSyncWorkOnRoot (http://localhost:3001/_next/static/chunks/f12ff_next_dist_compiled_react-dom_7b2f6d3d._.js:10238:9)
    at flushSyncWorkAcrossRoots_impl (http://localhost:3001/_next/static/chunks/f12ff_next_dist_compiled_react-dom_7b2f6d3d._.js:10154:316)
    at processRootScheduleInMicrotask (http://localhost:3001/_next/static/chunks/f12ff_next_dist_compiled_react-dom_7b2f6d3d._.js:10175:106)
    at http://localhost:3001/_next/static/chunks/f12ff_next_dist_compiled_react-dom_7b2f6d3d._.js:10249:158 @ http://localhost:3001/_next/static/chunks/f12ff_next_dist_95687940._.js:3132
[ 6301160ms] [ERROR] IntlError: MISSING_MESSAGE: Cannot read properties of undefined (reading 'split')
    at getFallbackFromErrorAndNotify (http://localhost:3001/_next/static/chunks/node_modules__pnpm_a92eadf3._.js:7251:23)
    at translateBaseFn (http://localhost:3001/_next/static/chunks/node_modules__pnpm_a92eadf3._.js:7281:28)
    at translateFn (http://localhost:3001/_next/static/chunks/node_modules__pnpm_a92eadf3._.js:7343:24)
    at labelFor (http://localhost:3001/_next/static/chunks/_af79dd3a._.js:631:30)
    at http://localhost:3001/_next/static/chunks/_af79dd3a._.js:142:34
    at Array.map (<anonymous>)
    at RegionChoropleth (http://localhost:3001/_next/static/chunks/_af79dd3a._.js:134:43)
    at Object.react_stack_bottom_frame (http://localhost:3001/_next/static/chunks/f12ff_next_dist_compiled_react-dom_7b2f6d3d._.js:14826:24)
    at renderWithHooksAgain (http://localhost:3001/_next/static/chunks/f12ff_next_dist_compiled_react-dom_7b2f6d3d._.js:4706:24)
    at renderWithHooks (http://localhost:3001/_next/static/chunks/f12ff_next_dist_compiled_react-dom_7b2f6d3d._.js:4657:28)
    at updateFunctionComponent (http://localhost:3001/_next/static/chunks/f12ff_next_dist_compiled_react-dom_7b2f6d3d._.js:6112:21)
    at beginWork (http://localhost:3001/_next/static/chunks/f12ff_next_dist_compiled_react-dom_7b2f6d3d._.js:6708:24)
    at runWithFiberInDEV (http://localhost:3001/_next/static/chunks/f12ff_next_dist_compiled_react-dom_7b2f6d3d._.js:965:74)
    at performUnitOfWork (http://localhost:3001/_next/static/chunks/f12ff_next_dist_compiled_react-dom_7b2f6d3d._.js:9562:97)
    at workLoopSync (http://localhost:3001/_next/static/chunks/f12ff_next_dist_compiled_react-dom_7b2f6d3d._.js:9456:40)
    at renderRootSync (http://localhost:3001/_next/static/chunks/f12ff_next_dist_compiled_react-dom_7b2f6d3d._.js:9440:13)
    at performWorkOnRoot (http://localhost:3001/_next/static/chunks/f12ff_next_dist_compiled_react-dom_7b2f6d3d._.js:9068:186)
    at performSyncWorkOnRoot (http://localhost:3001/_next/static/chunks/f12ff_next_dist_compiled_react-dom_7b2f6d3d._.js:10238:9)
    at flushSyncWorkAcrossRoots_impl (http://localhost:3001/_next/static/chunks/f12ff_next_dist_compiled_react-dom_7b2f6d3d._.js:10154:316)
    at processRootScheduleInMicrotask (http://localhost:3001/_next/static/chunks/f12ff_next_dist_compiled_react-dom_7b2f6d3d._.js:10175:106)
    at http://localhost:3001/_next/static/chunks/f12ff_next_dist_compiled_react-dom_7b2f6d3d._.js:10249:158 @ http://localhost:3001/_next/static/chunks/f12ff_next_dist_95687940._.js:3132
[ 6301160ms] [ERROR] IntlError: MISSING_MESSAGE: Cannot read properties of undefined (reading 'split')
    at getFallbackFromErrorAndNotify (http://localhost:3001/_next/static/chunks/node_modules__pnpm_a92eadf3._.js:7251:23)
    at translateBaseFn (http://localhost:3001/_next/static/chunks/node_modules__pnpm_a92eadf3._.js:7281:28)
    at translateFn (http://localhost:3001/_next/static/chunks/node_modules__pnpm_a92eadf3._.js:7343:24)
    at labelFor (http://localhost:3001/_next/static/chunks/_af79dd3a._.js:631:30)
    at http://localhost:3001/_next/static/chunks/_af79dd3a._.js:142:34
    at Array.map (<anonymous>)
    at RegionChoropleth (http://localhost:3001/_next/static/chunks/_af79dd3a._.js:134:43)
    at Object.react_stack_bottom_frame (http://localhost:3001/_next/static/chunks/f12ff_next_dist_compiled_react-dom_7b2f6d3d._.js:14826:24)
    at renderWithHooksAgain (http://localhost:3001/_next/static/chunks/f12ff_next_dist_compiled_react-dom_7b2f6d3d._.js:4706:24)
    at renderWithHooks (http://localhost:3001/_next/static/chunks/f12ff_next_dist_compiled_react-dom_7b2f6d3d._.js:4657:28)
    at updateFunctionComponent (http://localhost:3001/_next/static/chunks/f12ff_next_dist_compiled_react-dom_7b2f6d3d._.js:6112:21)
    at beginWork (http://localhost:3001/_next/static/chunks/f12ff_next_dist_compiled_react-dom_7b2f6d3d._.js:6708:24)
    at runWithFiberInDEV (http://localhost:3001/_next/static/chunks/f12ff_next_dist_compiled_react-dom_7b2f6d3d._.js:965:74)
    at performUnitOfWork (http://localhost:3001/_next/static/chunks/f12ff_next_dist_compiled_react-dom_7b2f6d3d._.js:9562:97)
    at workLoopSync (http://localhost:3001/_next/static/chunks/f12ff_next_dist_compiled_react-dom_7b2f6d3d._.js:9456:40)
    at renderRootSync (http://localhost:3001/_next/static/chunks/f12ff_next_dist_compiled_react-dom_7b2f6d3d._.js:9440:13)
    at performWorkOnRoot (http://localhost:3001/_next/static/chunks/f12ff_next_dist_compiled_react-dom_7b2f6d3d._.js:9068:186)
    at performSyncWorkOnRoot (http://localhost:3001/_next/static/chunks/f12ff_next_dist_compiled_react-dom_7b2f6d3d._.js:10238:9)
    at flushSyncWorkAcrossRoots_impl (http://localhost:3001/_next/static/chunks/f12ff_next_dist_compiled_react-dom_7b2f6d3d._.js:10154:316)
    at processRootScheduleInMicrotask (http://localhost:3001/_next/static/chunks/f12ff_next_dist_compiled_react-dom_7b2f6d3d._.js:10175:106)
    at http://localhost:3001/_next/static/chunks/f12ff_next_dist_compiled_react-dom_7b2f6d3d._.js:10249:158 @ http://localhost:3001/_next/static/chunks/f12ff_next_dist_95687940._.js:3132
[ 6301161ms] [ERROR] IntlError: MISSING_MESSAGE: Cannot read properties of undefined (reading 'split')
    at getFallbackFromErrorAndNotify (http://localhost:3001/_next/static/chunks/node_modules__pnpm_a92eadf3._.js:7251:23)
    at translateBaseFn (http://localhost:3001/_next/static/chunks/node_modules__pnpm_a92eadf3._.js:7281:28)
    at translateFn (http://localhost:3001/_next/static/chunks/node_modules__pnpm_a92eadf3._.js:7343:24)
    at labelFor (http://localhost:3001/_next/static/chunks/_af79dd3a._.js:631:30)
    at http://localhost:3001/_next/static/chunks/_af79dd3a._.js:142:34
    at Array.map (<anonymous>)
    at RegionChoropleth (http://localhost:3001/_next/static/chunks/_af79dd3a._.js:134:43)
    at Object.react_stack_bottom_frame (http://localhost:3001/_next/static/chunks/f12ff_next_dist_compiled_react-dom_7b2f6d3d._.js:14826:24)
    at renderWithHooksAgain (http://localhost:3001/_next/static/chunks/f12ff_next_dist_compiled_react-dom_7b2f6d3d._.js:4706:24)
    at renderWithHooks (http://localhost:3001/_next/static/chunks/f12ff_next_dist_compiled_react-dom_7b2f6d3d._.js:4657:28)
    at updateFunctionComponent (http://localhost:3001/_next/static/chunks/f12ff_next_dist_compiled_react-dom_7b2f6d3d._.js:6112:21)
    at beginWork (http://localhost:3001/_next/static/chunks/f12ff_next_dist_compiled_react-dom_7b2f6d3d._.js:6708:24)
    at runWithFiberInDEV (http://localhost:3001/_next/static/chunks/f12ff_next_dist_compiled_react-dom_7b2f6d3d._.js:965:74)
    at performUnitOfWork (http://localhost:3001/_next/static/chunks/f12ff_next_dist_compiled_react-dom_7b2f6d3d._.js:9562:97)
    at workLoopSync (http://localhost:3001/_next/static/chunks/f12ff_next_dist_compiled_react-dom_7b2f6d3d._.js:9456:40)
    at renderRootSync (http://localhost:3001/_next/static/chunks/f12ff_next_dist_compiled_react-dom_7b2f6d3d._.js:9440:13)
    at performWorkOnRoot (http://localhost:3001/_next/static/chunks/f12ff_next_dist_compiled_react-dom_7b2f6d3d._.js:9068:186)
    at performSyncWorkOnRoot (http://localhost:3001/_next/static/chunks/f12ff_next_dist_compiled_react-dom_7b2f6d3d._.js:10238:9)
    at flushSyncWorkAcrossRoots_impl (http://localhost:3001/_next/static/chunks/f12ff_next_dist_compiled_react-dom_7b2f6d3d._.js:10154:316)
    at processRootScheduleInMicrotask (http://localhost:3001/_next/static/chunks/f12ff_next_dist_compiled_react-dom_7b2f6d3d._.js:10175:106)
    at http://localhost:3001/_next/static/chunks/f12ff_next_dist_compiled_react-dom_7b2f6d3d._.js:10249:158 @ http://localhost:3001/_next/static/chunks/f12ff_next_dist_95687940._.js:3132
[ 6301162ms] [ERROR] IntlError: MISSING_MESSAGE: Cannot read properties of undefined (reading 'split')
    at getFallbackFromErrorAndNotify (http://localhost:3001/_next/static/chunks/node_modules__pnpm_a92eadf3._.js:7251:23)
    at translateBaseFn (http://localhost:3001/_next/static/chunks/node_modules__pnpm_a92eadf3._.js:7281:28)
    at translateFn (http://localhost:3001/_next/static/chunks/node_modules__pnpm_a92eadf3._.js:7343:24)
    at labelFor (http://localhost:3001/_next/static/chunks/_af79dd3a._.js:631:30)
    at http://localhost:3001/_next/static/chunks/_af79dd3a._.js:142:34
    at Array.map (<anonymous>)
    at RegionChoropleth (http://localhost:3001/_next/static/chunks/_af79dd3a._.js:134:43)
    at Object.react_stack_bottom_frame (http://localhost:3001/_next/static/chunks/f12ff_next_dist_compiled_react-dom_7b2f6d3d._.js:14826:24)
    at renderWithHooksAgain (http://localhost:3001/_next/static/chunks/f12ff_next_dist_compiled_react-dom_7b2f6d3d._.js:4706:24)
    at renderWithHooks (http://localhost:3001/_next/static/chunks/f12ff_next_dist_compiled_react-dom_7b2f6d3d._.js:4657:28)
    at updateFunctionComponent (http://localhost:3001/_next/static/chunks/f12ff_next_dist_compiled_react-dom_7b2f6d3d._.js:6112:21)
    at beginWork (http://localhost:3001/_next/static/chunks/f12ff_next_dist_compiled_react-dom_7b2f6d3d._.js:6708:24)
    at runWithFiberInDEV (http://localhost:3001/_next/static/chunks/f12ff_next_dist_compiled_react-dom_7b2f6d3d._.js:965:74)
    at performUnitOfWork (http://localhost:3001/_next/static/chunks/f12ff_next_dist_compiled_react-dom_7b2f6d3d._.js:9562:97)
    at workLoopSync (http://localhost:3001/_next/static/chunks/f12ff_next_dist_compiled_react-dom_7b2f6d3d._.js:9456:40)
    at renderRootSync (http://localhost:3001/_next/static/chunks/f12ff_next_dist_compiled_react-dom_7b2f6d3d._.js:9440:13)
    at performWorkOnRoot (http://localhost:3001/_next/static/chunks/f12ff_next_dist_compiled_react-dom_7b2f6d3d._.js:9068:186)
    at performSyncWorkOnRoot (http://localhost:3001/_next/static/chunks/f12ff_next_dist_compiled_react-dom_7b2f6d3d._.js:10238:9)
    at flushSyncWorkAcrossRoots_impl (http://localhost:3001/_next/static/chunks/f12ff_next_dist_compiled_react-dom_7b2f6d3d._.js:10154:316)
    at processRootScheduleInMicrotask (http://localhost:3001/_next/static/chunks/f12ff_next_dist_compiled_react-dom_7b2f6d3d._.js:10175:106)
    at http://localhost:3001/_next/static/chunks/f12ff_next_dist_compiled_react-dom_7b2f6d3d._.js:10249:158 @ http://localhost:3001/_next/static/chunks/f12ff_next_dist_95687940._.js:3132
[ 6301162ms] [ERROR] IntlError: MISSING_MESSAGE: Cannot read properties of undefined (reading 'split')
    at getFallbackFromErrorAndNotify (http://localhost:3001/_next/static/chunks/node_modules__pnpm_a92eadf3._.js:7251:23)
    at translateBaseFn (http://localhost:3001/_next/static/chunks/node_modules__pnpm_a92eadf3._.js:7281:28)
    at translateFn (http://localhost:3001/_next/static/chunks/node_modules__pnpm_a92eadf3._.js:7343:24)
    at labelFor (http://localhost:3001/_next/static/chunks/_af79dd3a._.js:631:30)
    at http://localhost:3001/_next/static/chunks/_af79dd3a._.js:142:34
    at Array.map (<anonymous>)
    at RegionChoropleth (http://localhost:3001/_next/static/chunks/_af79dd3a._.js:134:43)
    at Object.react_stack_bottom_frame (http://localhost:3001/_next/static/chunks/f12ff_next_dist_compiled_react-dom_7b2f6d3d._.js:14826:24)
    at renderWithHooksAgain (http://localhost:3001/_next/static/chunks/f12ff_next_dist_compiled_react-dom_7b2f6d3d._.js:4706:24)
    at renderWithHooks (http://localhost:3001/_next/static/chunks/f12ff_next_dist_compiled_react-dom_7b2f6d3d._.js:4657:28)
    at updateFunctionComponent (http://localhost:3001/_next/static/chunks/f12ff_next_dist_compiled_react-dom_7b2f6d3d._.js:6112:21)
    at beginWork (http://localhost:3001/_next/static/chunks/f12ff_next_dist_compiled_react-dom_7b2f6d3d._.js:6708:24)
    at runWithFiberInDEV (http://localhost:3001/_next/static/chunks/f12ff_next_dist_compiled_react-dom_7b2f6d3d._.js:965:74)
    at performUnitOfWork (http://localhost:3001/_next/static/chunks/f12ff_next_dist_compiled_react-dom_7b2f6d3d._.js:9562:97)
    at workLoopSync (http://localhost:3001/_next/static/chunks/f12ff_next_dist_compiled_react-dom_7b2f6d3d._.js:9456:40)
    at renderRootSync (http://localhost:3001/_next/static/chunks/f12ff_next_dist_compiled_react-dom_7b2f6d3d._.js:9440:13)
    at performWorkOnRoot (http://localhost:3001/_next/static/chunks/f12ff_next_dist_compiled_react-dom_7b2f6d3d._.js:9068:186)
    at performSyncWorkOnRoot (http://localhost:3001/_next/static/chunks/f12ff_next_dist_compiled_react-dom_7b2f6d3d._.js:10238:9)
    at flushSyncWorkAcrossRoots_impl (http://localhost:3001/_next/static/chunks/f12ff_next_dist_compiled_react-dom_7b2f6d3d._.js:10154:316)
    at processRootScheduleInMicrotask (http://localhost:3001/_next/static/chunks/f12ff_next_dist_compiled_react-dom_7b2f6d3d._.js:10175:106)
    at http://localhost:3001/_next/static/chunks/f12ff_next_dist_compiled_react-dom_7b2f6d3d._.js:10249:158 @ http://localhost:3001/_next/static/chunks/f12ff_next_dist_95687940._.js:3132
[ 6301162ms] [ERROR] IntlError: MISSING_MESSAGE: Cannot read properties of undefined (reading 'split')
    at getFallbackFromErrorAndNotify (http://localhost:3001/_next/static/chunks/node_modules__pnpm_a92eadf3._.js:7251:23)
    at translateBaseFn (http://localhost:3001/_next/static/chunks/node_modules__pnpm_a92eadf3._.js:7281:28)
    at translateFn (http://localhost:3001/_next/static/chunks/node_modules__pnpm_a92eadf3._.js:7343:24)
    at labelFor (http://localhost:3001/_next/static/chunks/_af79dd3a._.js:631:30)
    at http://localhost:3001/_next/static/chunks/_af79dd3a._.js:142:34
    at Array.map (<anonymous>)
    at RegionChoropleth (http://localhost:3001/_next/static/chunks/_af79dd3a._.js:134:43)
    at Object.react_stack_bottom_frame (http://localhost:3001/_next/static/chunks/f12ff_next_dist_compiled_react-dom_7b2f6d3d._.js:14826:24)
    at renderWithHooksAgain (http://localhost:3001/_next/static/chunks/f12ff_next_dist_compiled_react-dom_7b2f6d3d._.js:4706:24)
    at renderWithHooks (http://localhost:3001/_next/static/chunks/f12ff_next_dist_compiled_react-dom_7b2f6d3d._.js:4657:28)
    at updateFunctionComponent (http://localhost:3001/_next/static/chunks/f12ff_next_dist_compiled_react-dom_7b2f6d3d._.js:6112:21)
    at beginWork (http://localhost:3001/_next/static/chunks/f12ff_next_dist_compiled_react-dom_7b2f6d3d._.js:6708:24)
    at runWithFiberInDEV (http://localhost:3001/_next/static/chunks/f12ff_next_dist_compiled_react-dom_7b2f6d3d._.js:965:74)
    at performUnitOfWork (http://localhost:3001/_next/static/chunks/f12ff_next_dist_compiled_react-dom_7b2f6d3d._.js:9562:97)
    at workLoopSync (http://localhost:3001/_next/static/chunks/f12ff_next_dist_compiled_react-dom_7b2f6d3d._.js:9456:40)
    at renderRootSync (http://localhost:3001/_next/static/chunks/f12ff_next_dist_compiled_react-dom_7b2f6d3d._.js:9440:13)
    at performWorkOnRoot (http://localhost:3001/_next/static/chunks/f12ff_next_dist_compiled_react-dom_7b2f6d3d._.js:9068:186)
    at performSyncWorkOnRoot (http://localhost:3001/_next/static/chunks/f12ff_next_dist_compiled_react-dom_7b2f6d3d._.js:10238:9)
    at flushSyncWorkAcrossRoots_impl (http://localhost:3001/_next/static/chunks/f12ff_next_dist_compiled_react-dom_7b2f6d3d._.js:10154:316)
    at processRootScheduleInMicrotask (http://localhost:3001/_next/static/chunks/f12ff_next_dist_compiled_react-dom_7b2f6d3d._.js:10175:106)
    at http://localhost:3001/_next/static/chunks/f12ff_next_dist_compiled_react-dom_7b2f6d3d._.js:10249:158 @ http://localhost:3001/_next/static/chunks/f12ff_next_dist_95687940._.js:3132
