[    9138ms] [ERROR] Failed to load resource: the server responded with a status of 404 (Not Found) @ http://localhost:3001/_next/image?url=https%3A%2F%2Fcdn.sanity.io%2Fimages%2Fgm67v7rk%2Fdevelopment%2F4d9d7a94f2c8f2dad9da4d47b702bc091a8795c6-750x750.webp%3Ffm%3Dwebp%26fit%3Dmax&w=96&q=75:0
[    9144ms] [ERROR] Failed to load resource: the server responded with a status of 404 (Not Found) @ http://localhost:3001/_next/image?url=https%3A%2F%2Fcdn.sanity.io%2Fimages%2Fgm67v7rk%2Fdevelopment%2F11af89ad0f6b46dd87a02de8bd5709815561c12e-750x750.webp%3Ffm%3Dwebp%26fit%3Dmax&w=96&q=75:0
[    9144ms] [ERROR] Failed to load resource: the server responded with a status of 404 (Not Found) @ http://localhost:3001/_next/image?url=https%3A%2F%2Fcdn.sanity.io%2Fimages%2Fgm67v7rk%2Fdevelopment%2Feda83dfa50044686af5c5460a7357193fdafe434-750x750.webp%3Ffm%3Dwebp%26fit%3Dmax&w=96&q=75:0
[    9781ms] [ERROR] Failed to load resource: the server responded with a status of 404 (Not Found) @ http://localhost:3001/_next/image?url=https%3A%2F%2Fcdn.sanity.io%2Fimages%2Fgm67v7rk%2Fdevelopment%2F7131d0c3058e42bdacb40588daaa07ca3bf11b5f-2083x1488.png%3Fw%3D1100%26fm%3Dwebp%26fit%3Dmax&w=640&q=75:0
[    9782ms] [ERROR] Failed to load resource: the server responded with a status of 404 (Not Found) @ http://localhost:3001/_next/image?url=https%3A%2F%2Fcdn.sanity.io%2Fimages%2Fgm67v7rk%2Fdevelopment%2F41c12b03acf832baf1a7bc1dd79c3bcd9854dadf-3937x4096.webp%3Fw%3D1100%26fm%3Dwebp%26fit%3Dmax&w=640&q=75:0
[    9783ms] [ERROR] Failed to load resource: the server responded with a status of 404 (Not Found) @ http://localhost:3001/_next/image?url=https%3A%2F%2Fcdn.sanity.io%2Fimages%2Fgm67v7rk%2Fdevelopment%2F9596343a0722c7e501a5c63912b85e75a989ed3a-828x716.webp%3Fw%3D1100%26fm%3Dwebp%26fit%3Dmax&w=640&q=75:0
[    9949ms] [ERROR] Failed to load resource: the server responded with a status of 404 (Not Found) @ http://localhost:3001/_next/image?url=https%3A%2F%2Fcdn.sanity.io%2Fimages%2Fgm67v7rk%2Fdevelopment%2Fd800ae0083a85016fd1640ec6a414b5dfd8217f1-3840x2160.png%3Frect%3D299%2C0%2C3242%2C2160%26w%3D800%26h%3D533%26fit%3Dcrop%26auto%3Dformat&w=384&q=75:0
[    9949ms] [ERROR] Failed to load resource: the server responded with a status of 404 (Not Found) @ http://localhost:3001/_next/image?url=https%3A%2F%2Fcdn.sanity.io%2Fimages%2Fgm67v7rk%2Fdevelopment%2Fa188992df760eecc7333d6fbe0c264d859fb3523-3840x2160.png%3Frect%3D299%2C0%2C3242%2C2160%26w%3D800%26h%3D533%26fit%3Dcrop%26auto%3Dformat&w=384&q=75:0
[   10003ms] [ERROR] Failed to load resource: the server responded with a status of 404 (Not Found) @ http://localhost:3001/_next/image?url=https%3A%2F%2Fcdn.sanity.io%2Fimages%2Fgm67v7rk%2Fdevelopment%2F5a171b7507c1d52a3190bd70967050359220c0d8-3840x2160.png%3Frect%3D299%2C0%2C3242%2C2160%26w%3D800%26h%3D533%26fit%3Dcrop%26auto%3Dformat&w=384&q=75:0
[   10883ms] [LOG] [Client Instrumentation Hook] Slow execution detected: 17ms (Note: Code download overhead is not included in this measurement) @ http://localhost:3001/_next/static/chunks/f12ff_next_dist_95687940._.js:1530
[   10905ms] [INFO] %cDownload the React DevTools for a better development experience: https://react.dev/link/react-devtools font-weight:bold @ http://localhost:3001/_next/static/chunks/f12ff_next_dist_95687940._.js:2302
[   11070ms] [LOG] [HMR] connected @ http://localhost:3001/_next/static/chunks/f12ff_next_dist_95687940._.js:2302
[   11330ms] [WARNING] Missing Algolia environment variables: ALGOLIA_API_KEY @ http://localhost:3001/_next/static/chunks/f12ff_next_dist_95687940._.js:2302
[   11330ms] [WARNING] Algolia admin client not available - missing credentials @ http://localhost:3001/_next/static/chunks/f12ff_next_dist_95687940._.js:2302
[   11331ms] [LOG] ✅ Algolia search client initialized successfully @ http://localhost:3001/_next/static/chunks/f12ff_next_dist_95687940._.js:2302
[   11352ms] [LOG] [Fast Refresh] rebuilding @ http://localhost:3001/_next/static/chunks/f12ff_next_dist_95687940._.js:2302
[   11454ms] [WARNING] Image with src "/connecting-climate-minds-logo-white.png" was detected as the Largest Contentful Paint (LCP). Please add the `loading="eager"` property if this image is above the fold.
Read more: https://nextjs.org/docs/app/api-reference/components/image#loading @ http://localhost:3001/_next/static/chunks/f12ff_next_dist_95687940._.js:2302
[   11485ms] [WARNING] %c%s%c PortableText block detected in page blocks array. This should be rendered via PortableTextRenderer, not Blocks component. background: #e6e6e6;background: light-dark(rgba(0,0,0,0.1), rgba(255,255,255,0.25));color: #000000;color: light-dark(#000000, #ffffff);border-radius: 2px  Server   ukren1 @ http://localhost:3001/_next/static/chunks/f12ff_next_dist_95687940._.js:2302
[   11510ms] [WARNING] %c%s%c PortableText block detected in page blocks array. This should be rendered via PortableTextRenderer, not Blocks component. background: #e6e6e6;background: light-dark(rgba(0,0,0,0.1), rgba(255,255,255,0.25));color: #000000;color: light-dark(#000000, #ffffff);border-radius: 2px  Server   wm4f29 @ http://localhost:3001/_next/static/chunks/f12ff_next_dist_95687940._.js:2302
[   11518ms] [WARNING] %c%s%c PortableText block detected in page blocks array. This should be rendered via PortableTextRenderer, not Blocks component. background: #e6e6e6;background: light-dark(rgba(0,0,0,0.1), rgba(255,255,255,0.25));color: #000000;color: light-dark(#000000, #ffffff);border-radius: 2px  Server   20o54t @ http://localhost:3001/_next/static/chunks/f12ff_next_dist_95687940._.js:2302
[   12141ms] [WARNING] Clerk: Clerk has been loaded with development keys. Development instances have strict usage limits and should not be used when deploying your application to production. Learn more: https://clerk.com/docs/deployments/overview @ http://localhost:3001/_next/static/chunks/f12ff_next_dist_95687940._.js:2302
[   13482ms] [WARNING] Ignoring Event: localhost @ http://localhost:3001/_next/static/chunks/f12ff_next_dist_95687940._.js:2302
[   13484ms] [LOG] [Fast Refresh] done in 2288ms @ http://localhost:3001/_next/static/chunks/f12ff_next_dist_95687940._.js:2302
[   13649ms] [LOG] [Fast Refresh] rebuilding @ http://localhost:3001/_next/static/chunks/f12ff_next_dist_95687940._.js:2302
[   13849ms] [ERROR] Access to resource at 'https://gm67v7rk.api.sanity.io/v2024-04-24/data/live/events/development?tag=next-loader.live' from origin 'http://localhost:3001' has been blocked by CORS policy: No 'Access-Control-Allow-Origin' header is present on the requested resource. @ http://localhost:3001/en:0
[   13855ms] [ERROR] Failed to load resource: net::ERR_FAILED @ https://gm67v7rk.api.sanity.io/v2024-04-24/data/live/events/development?tag=next-loader.live:0
[   13967ms] [ERROR] Access to fetch at 'https://gm67v7rk.api.sanity.io/v2024-04-24/data/live/events/development?tag=next-loader.live' from origin 'http://localhost:3001' has been blocked by CORS policy: Response to preflight request doesn't pass access control check: No 'Access-Control-Allow-Origin' header is present on the requested resource. @ http://localhost:3001/en:0
[   13967ms] [ERROR] Failed to load resource: net::ERR_FAILED @ https://gm67v7rk.api.sanity.io/v2024-04-24/data/live/events/development?tag=next-loader.live:0
[   14086ms] [ERROR] Access to fetch at 'https://gm67v7rk.api.sanity.io/v2024-04-24/data/live/events/development?tag=next-loader.live' from origin 'http://localhost:3001' has been blocked by CORS policy: Response to preflight request doesn't pass access control check: No 'Access-Control-Allow-Origin' header is present on the requested resource. @ http://localhost:3001/en:0
[   14086ms] [ERROR] Failed to load resource: net::ERR_FAILED @ https://gm67v7rk.api.sanity.io/v2024-04-24/data/live/events/development?tag=next-loader.live:0
[   14087ms] [WARNING] Sanity Live is unable to connect to the Sanity API as the current origin - http://localhost:3001 - is not in the list of allowed CORS origins for this Sanity Project. Add it here: https://sanity.io/manage/project/gm67v7rk/api?cors=add&origin=http%3A%2F%2Flocalhost%3A3001 @ http://localhost:3001/_next/static/chunks/f12ff_next_dist_95687940._.js:2302
[   14865ms] [LOG] [Fast Refresh] done in 1317ms @ http://localhost:3001/_next/static/chunks/f12ff_next_dist_95687940._.js:2302
[   15456ms] [LOG] [Fast Refresh] rebuilding @ http://localhost:3001/_next/static/chunks/f12ff_next_dist_95687940._.js:2302
[   15597ms] [LOG] [Fast Refresh] done in 242ms @ http://localhost:3001/_next/static/chunks/f12ff_next_dist_95687940._.js:2302
[   15700ms] [LOG] [Fast Refresh] rebuilding @ http://localhost:3001/_next/static/chunks/f12ff_next_dist_95687940._.js:2302
[   16014ms] [LOG] [Fast Refresh] done in 414ms @ http://localhost:3001/_next/static/chunks/f12ff_next_dist_95687940._.js:2302
[   56432ms] [ERROR] Failed to load resource: the server responded with a status of 404 (Not Found) @ http://localhost:3001/_next/image?url=https%3A%2F%2Fcdn.sanity.io%2Fimages%2Fgm67v7rk%2Fdevelopment%2F8f182169a67886cf95906ec92a3beb8ff792e6ae-1920x1080.webp%3Frect%3D150%2C0%2C1621%2C1080%26w%3D800%26h%3D533%26fit%3Dcrop%26auto%3Dformat&w=384&q=75:0
[   56440ms] [ERROR] Failed to load resource: the server responded with a status of 404 (Not Found) @ http://localhost:3001/_next/image?url=https%3A%2F%2Fcdn.sanity.io%2Fimages%2Fgm67v7rk%2Fdevelopment%2F3d248e796789c6d5cd9cb4af3dd45b915348f0f1-1920x1080.webp%3Frect%3D150%2C0%2C1621%2C1080%26w%3D800%26h%3D533%26fit%3Dcrop%26auto%3Dformat&w=384&q=75:0
[   56460ms] [ERROR] Failed to load resource: the server responded with a status of 404 (Not Found) @ http://localhost:3001/_next/image?url=https%3A%2F%2Fcdn.sanity.io%2Fimages%2Fgm67v7rk%2Fdevelopment%2F57418cdb829659625ab81fb7a141aec3ba10dfa2-640x666.webp%3Fw%3D1100%26fm%3Dwebp%26fit%3Dmax&w=640&q=75:0
[   56460ms] [ERROR] Failed to load resource: the server responded with a status of 404 (Not Found) @ http://localhost:3001/_next/image?url=https%3A%2F%2Fcdn.sanity.io%2Fimages%2Fgm67v7rk%2Fdevelopment%2F82a8471785a1948de6dc2263076553c20ea83a8a-1920x1080.webp%3Frect%3D150%2C0%2C1621%2C1080%26w%3D800%26h%3D533%26fit%3Dcrop%26auto%3Dformat&w=384&q=75:0
[   56461ms] [ERROR] Failed to load resource: the server responded with a status of 404 (Not Found) @ http://localhost:3001/_next/image?url=https%3A%2F%2Fcdn.sanity.io%2Fimages%2Fgm67v7rk%2Fdevelopment%2Fe2ad835ed91c9e4296e1436fd8dd63d5d8ce5fcf-1920x1080.webp%3Frect%3D150%2C0%2C1621%2C1080%26w%3D800%26h%3D533%26fit%3Dcrop%26auto%3Dformat&w=384&q=75:0
[   56571ms] [ERROR] Failed to load resource: the server responded with a status of 404 (Not Found) @ http://localhost:3001/_next/image?url=https%3A%2F%2Fcdn.sanity.io%2Fimages%2Fgm67v7rk%2Fdevelopment%2F0316fdac42c8440a3ccd61ff5ca6d65582068426-640x603.webp%3Fw%3D1100%26fm%3Dwebp%26fit%3Dmax&w=640&q=75:0
[   56576ms] [ERROR] Failed to load resource: the server responded with a status of 404 (Not Found) @ http://localhost:3001/_next/image?url=https%3A%2F%2Fcdn.sanity.io%2Fimages%2Fgm67v7rk%2Fdevelopment%2F1e53c8216d88a819ddc8ef94749e4f380103ee4e-3840x1280.heif%3Frect%3D960%2C0%2C1921%2C1280%26w%3D800%26h%3D533%26fit%3Dcrop%26auto%3Dformat&w=384&q=75:0
[   57619ms] [ERROR] Failed to load resource: the server responded with a status of 404 (Not Found) @ http://localhost:3001/_next/image?url=https%3A%2F%2Fcdn.sanity.io%2Fimages%2Fgm67v7rk%2Fdevelopment%2F4808835b193451a77f9f87fd3cccd1d686805cbe-1200x630.jpg%3Frect%3D127%2C0%2C946%2C630%26w%3D800%26h%3D533%26fit%3Dcrop%26auto%3Dformat&w=384&q=75:0
[   72103ms] [LOG] [Fast Refresh] rebuilding @ http://localhost:3001/_next/static/chunks/f12ff_next_dist_95687940._.js:2302
[   74570ms] [LOG] [Fast Refresh] done in 2569ms @ http://localhost:3001/_next/static/chunks/f12ff_next_dist_95687940._.js:2302
[  197992ms] [LOG] [Fast Refresh] rebuilding @ http://localhost:3001/_next/static/chunks/f12ff_next_dist_95687940._.js:2302
[  198003ms] [LOG] [Fast Refresh] done in 148ms @ http://localhost:3001/_next/static/chunks/f12ff_next_dist_95687940._.js:2302
[  901393ms] [LOG] [Fast Refresh] rebuilding @ http://localhost:3001/_next/static/chunks/f12ff_next_dist_95687940._.js:2302
[  904082ms] [LOG] [Fast Refresh] done in 3012ms @ http://localhost:3001/_next/static/chunks/f12ff_next_dist_95687940._.js:2302
[  932780ms] [LOG] [Fast Refresh] rebuilding @ http://localhost:3001/_next/static/chunks/f12ff_next_dist_95687940._.js:2302
[  932794ms] [LOG] [Fast Refresh] done in 118ms @ http://localhost:3001/_next/static/chunks/f12ff_next_dist_95687940._.js:2302
[ 1056110ms] [LOG] [Fast Refresh] rebuilding @ http://localhost:3001/_next/static/chunks/f12ff_next_dist_95687940._.js:2302
[ 1056117ms] [LOG] [Fast Refresh] done in 111ms @ http://localhost:3001/_next/static/chunks/f12ff_next_dist_95687940._.js:2302
[ 1117393ms] [LOG] [Fast Refresh] rebuilding @ http://localhost:3001/_next/static/chunks/f12ff_next_dist_95687940._.js:2302
[ 1117404ms] [LOG] [Fast Refresh] done in 114ms @ http://localhost:3001/_next/static/chunks/f12ff_next_dist_95687940._.js:2302
[ 1668616ms] [LOG] [Fast Refresh] rebuilding @ http://localhost:3001/_next/static/chunks/f12ff_next_dist_95687940._.js:2302
[ 1668621ms] [LOG] [Fast Refresh] done in 107ms @ http://localhost:3001/_next/static/chunks/f12ff_next_dist_95687940._.js:2302
[ 1789789ms] [LOG] [Fast Refresh] rebuilding @ http://localhost:3001/_next/static/chunks/f12ff_next_dist_95687940._.js:2302
[ 1790195ms] [LOG] [Fast Refresh] done in 508ms @ http://localhost:3001/_next/static/chunks/f12ff_next_dist_95687940._.js:2302
[ 2163930ms] [LOG] [Fast Refresh] rebuilding @ http://localhost:3001/_next/static/chunks/f12ff_next_dist_95687940._.js:2302
[ 2165173ms] [LOG] [Fast Refresh] done in 1343ms @ http://localhost:3001/_next/static/chunks/f12ff_next_dist_95687940._.js:2302
[ 2188698ms] [LOG] [Fast Refresh] rebuilding @ http://localhost:3001/_next/static/chunks/f12ff_next_dist_95687940._.js:2302
[ 2189547ms] [LOG] [Fast Refresh] done in 952ms @ http://localhost:3001/_next/static/chunks/f12ff_next_dist_95687940._.js:2302
[ 2201674ms] [LOG] [Fast Refresh] rebuilding @ http://localhost:3001/_next/static/chunks/f12ff_next_dist_95687940._.js:2302
[ 2201840ms] [LOG] [Fast Refresh] done in 268ms @ http://localhost:3001/_next/static/chunks/f12ff_next_dist_95687940._.js:2302
[ 2214273ms] [LOG] [Fast Refresh] rebuilding @ http://localhost:3001/_next/static/chunks/f12ff_next_dist_95687940._.js:2302
[ 2214378ms] [LOG] [Fast Refresh] done in 205ms @ http://localhost:3001/_next/static/chunks/f12ff_next_dist_95687940._.js:2302
[ 2227618ms] [LOG] [Fast Refresh] rebuilding @ http://localhost:3001/_next/static/chunks/f12ff_next_dist_95687940._.js:2302
[ 2227910ms] [LOG] [Fast Refresh] done in 395ms @ http://localhost:3001/_next/static/chunks/f12ff_next_dist_95687940._.js:2302
[ 2256017ms] [LOG] [Fast Refresh] rebuilding @ http://localhost:3001/_next/static/chunks/f12ff_next_dist_95687940._.js:2302
[ 2256295ms] [LOG] [Fast Refresh] done in 381ms @ http://localhost:3001/_next/static/chunks/f12ff_next_dist_95687940._.js:2302
[ 2276671ms] [LOG] [Fast Refresh] rebuilding @ http://localhost:3001/_next/static/chunks/f12ff_next_dist_95687940._.js:2302
[ 2276820ms] [LOG] [Fast Refresh] done in 252ms @ http://localhost:3001/_next/static/chunks/f12ff_next_dist_95687940._.js:2302
[ 2463174ms] [LOG] [Fast Refresh] rebuilding @ http://localhost:3001/_next/static/chunks/f12ff_next_dist_95687940._.js:2302
[ 2463187ms] [LOG] [Fast Refresh] done in 120ms @ http://localhost:3001/_next/static/chunks/f12ff_next_dist_95687940._.js:2302
[ 2880197ms] [LOG] [Fast Refresh] rebuilding @ http://localhost:3001/_next/static/chunks/f12ff_next_dist_95687940._.js:2302
[ 2881013ms] [LOG] [Fast Refresh] done in 918ms @ http://localhost:3001/_next/static/chunks/f12ff_next_dist_95687940._.js:2302
[ 4450152ms] [LOG] [Fast Refresh] rebuilding @ http://localhost:3001/_next/static/chunks/f12ff_next_dist_95687940._.js:2302
[ 4450346ms] [LOG] [Fast Refresh] done in 296ms @ http://localhost:3001/_next/static/chunks/f12ff_next_dist_95687940._.js:2302
[10598906ms] [LOG] [Fast Refresh] rebuilding @ http://localhost:3001/_next/static/chunks/f12ff_next_dist_95687940._.js:2302
[10599574ms] [LOG] [Fast Refresh] done in 770ms @ http://localhost:3001/_next/static/chunks/f12ff_next_dist_95687940._.js:2302
[10603449ms] [ERROR] Failed to load resource: the server responded with a status of 404 (Not Found) @ http://localhost:3001/_next/image?url=https%3A%2F%2Fcdn.sanity.io%2Fimages%2Fgm67v7rk%2Fdevelopment%2F57cb29c17a2461ae75ee12f8427837d0ee0dabe7-1920x1080.webp%3Frect%3D150%2C0%2C1621%2C1080%26w%3D800%26h%3D533%26fit%3Dcrop%26auto%3Dformat&w=384&q=75:0
[10603452ms] [ERROR] Failed to load resource: the server responded with a status of 404 (Not Found) @ http://localhost:3001/_next/image?url=https%3A%2F%2Fcdn.sanity.io%2Fimages%2Fgm67v7rk%2Fdevelopment%2F4a3f03eb4bac43c6d93ce72a569d4de47637ccd4-1920x1080.webp%3Frect%3D150%2C0%2C1621%2C1080%26w%3D800%26h%3D533%26fit%3Dcrop%26auto%3Dformat&w=384&q=75:0
[10603477ms] [ERROR] Failed to load resource: the server responded with a status of 404 (Not Found) @ http://localhost:3001/_next/image?url=https%3A%2F%2Fcdn.sanity.io%2Fimages%2Fgm67v7rk%2Fdevelopment%2F55c6db4f9014a38d8f96aad25fbaa3295abc68e4-1920x1080.webp%3Frect%3D150%2C0%2C1621%2C1080%26w%3D800%26h%3D533%26fit%3Dcrop%26auto%3Dformat&w=384&q=75:0
[10611611ms] [LOG] [Fast Refresh] rebuilding @ http://localhost:3001/_next/static/chunks/f12ff_next_dist_95687940._.js:2302
[10611619ms] [LOG] [Fast Refresh] done in 109ms @ http://localhost:3001/_next/static/chunks/f12ff_next_dist_95687940._.js:2302
[10621363ms] [ERROR] Failed to load resource: the server responded with a status of 404 (Not Found) @ http://localhost:3001/_next/image?url=https%3A%2F%2Fcdn.sanity.io%2Fimages%2Fgm67v7rk%2Fdevelopment%2Fa7e6dc310b622f00ead8abddd65762ff80b1c104-750x750.webp%3Ffm%3Dwebp%26fit%3Dmax&w=96&q=75:0
[10621366ms] [ERROR] Failed to load resource: the server responded with a status of 404 (Not Found) @ http://localhost:3001/_next/image?url=https%3A%2F%2Fcdn.sanity.io%2Fimages%2Fgm67v7rk%2Fdevelopment%2F6437b4ba6cb5b4f299f64692dc7806d2fceac7ef-750x549.webp%3Ffm%3Dwebp%26fit%3Dmax&w=96&q=75:0
[10621367ms] [ERROR] Failed to load resource: the server responded with a status of 404 (Not Found) @ http://localhost:3001/_next/image?url=https%3A%2F%2Fcdn.sanity.io%2Fimages%2Fgm67v7rk%2Fdevelopment%2Fab11d65d7b66f84578619c8b018a04fbc60559ca-750x549.webp%3Ffm%3Dwebp%26fit%3Dmax&w=96&q=75:0
[10621368ms] [ERROR] Failed to load resource: the server responded with a status of 404 (Not Found) @ http://localhost:3001/_next/image?url=https%3A%2F%2Fcdn.sanity.io%2Fimages%2Fgm67v7rk%2Fdevelopment%2F38d69bc1d7ab168e940dafa51abc4837d967d691-750x750.webp%3Ffm%3Dwebp%26fit%3Dmax&w=96&q=75:0
[10621497ms] [ERROR] Failed to load resource: the server responded with a status of 404 (Not Found) @ http://localhost:3001/_next/image?url=https%3A%2F%2Fcdn.sanity.io%2Fimages%2Fgm67v7rk%2Fdevelopment%2F84a70c2c58245617e6dca99edfa23e273d4c1aba-750x750.webp%3Ffm%3Dwebp%26fit%3Dmax&w=96&q=75:0
[10621502ms] [ERROR] Failed to load resource: the server responded with a status of 404 (Not Found) @ http://localhost:3001/_next/image?url=https%3A%2F%2Fcdn.sanity.io%2Fimages%2Fgm67v7rk%2Fdevelopment%2Fb7e4d1e3b0a6c8f4db622ada4a03d2e3e1ad54b3-772x772.webp%3Ffm%3Dwebp%26fit%3Dmax&w=96&q=75:0
[10621507ms] [ERROR] Failed to load resource: the server responded with a status of 404 (Not Found) @ http://localhost:3001/_next/image?url=https%3A%2F%2Fcdn.sanity.io%2Fimages%2Fgm67v7rk%2Fdevelopment%2F30b103b868e2d0ab9974a66c0cf03a8479b4a228-750x549.webp%3Ffm%3Dwebp%26fit%3Dmax&w=96&q=75:0
[10622202ms] [ERROR] Failed to load resource: the server responded with a status of 404 (Not Found) @ http://localhost:3001/_next/image?url=https%3A%2F%2Fcdn.sanity.io%2Fimages%2Fgm67v7rk%2Fdevelopment%2Ffc928150891e063f2f7cc221e4a82658b78cb046-750x549.webp%3Ffm%3Dwebp%26fit%3Dmax&w=96&q=75:0
[10623230ms] [ERROR] Failed to load resource: the server responded with a status of 404 (Not Found) @ http://localhost:3001/_next/image?url=https%3A%2F%2Fcdn.sanity.io%2Fimages%2Fgm67v7rk%2Fdevelopment%2F689e390cba4a4a3c089eb0f65fe1d871a65e6b41-750x750.webp%3Ffm%3Dwebp%26fit%3Dmax&w=96&q=75:0
[10624273ms] [ERROR] Failed to load resource: the server responded with a status of 404 (Not Found) @ http://localhost:3001/_next/image?url=https%3A%2F%2Fcdn.sanity.io%2Fimages%2Fgm67v7rk%2Fdevelopment%2Fcdc11b432cc1729c2208ecfa720f210f9c8eda6f-750x549.webp%3Ffm%3Dwebp%26fit%3Dmax&w=96&q=75:0
[10709295ms] [LOG] [Fast Refresh] rebuilding @ http://localhost:3001/_next/static/chunks/f12ff_next_dist_95687940._.js:2302
[10711389ms] [LOG] [Fast Refresh] done in 2195ms @ http://localhost:3001/_next/static/chunks/f12ff_next_dist_95687940._.js:2302
[10725601ms] [LOG] [Fast Refresh] rebuilding @ http://localhost:3001/_next/static/chunks/f12ff_next_dist_95687940._.js:2302
[10726002ms] [LOG] [Fast Refresh] done in 504ms @ http://localhost:3001/_next/static/chunks/f12ff_next_dist_95687940._.js:2302
[10754574ms] [LOG] [Fast Refresh] rebuilding @ http://localhost:3001/_next/static/chunks/f12ff_next_dist_95687940._.js:2302
[10756077ms] [LOG] [Fast Refresh] done in 1605ms @ http://localhost:3001/_next/static/chunks/f12ff_next_dist_95687940._.js:2302
[10756159ms] [LOG] [Fast Refresh] rebuilding @ http://localhost:3001/_next/static/chunks/f12ff_next_dist_95687940._.js:2302
[10756473ms] [LOG] [Fast Refresh] done in 360ms @ http://localhost:3001/_next/static/chunks/f12ff_next_dist_95687940._.js:2302
[10756579ms] [LOG] [Fast Refresh] rebuilding @ http://localhost:3001/_next/static/chunks/f12ff_next_dist_95687940._.js:2302
[10757069ms] [LOG] [Fast Refresh] done in 591ms @ http://localhost:3001/_next/static/chunks/f12ff_next_dist_95687940._.js:2302
[10757396ms] [LOG] [Fast Refresh] rebuilding @ http://localhost:3001/_next/static/chunks/f12ff_next_dist_95687940._.js:2302
[10757506ms] [LOG] [Fast Refresh] done in 212ms @ http://localhost:3001/_next/static/chunks/f12ff_next_dist_95687940._.js:2302
[10758291ms] [WARNING] %c%s%c PortableText block detected in page blocks array. This should be rendered via PortableTextRenderer, not Blocks component. background: #e6e6e6;background: light-dark(rgba(0,0,0,0.1), rgba(255,255,255,0.25));color: #000000;color: light-dark(#000000, #ffffff);border-radius: 2px  Server   ukren1 @ http://localhost:3001/_next/static/chunks/f12ff_next_dist_95687940._.js:2302
[10758291ms] [WARNING] %c%s%c PortableText block detected in page blocks array. This should be rendered via PortableTextRenderer, not Blocks component. background: #e6e6e6;background: light-dark(rgba(0,0,0,0.1), rgba(255,255,255,0.25));color: #000000;color: light-dark(#000000, #ffffff);border-radius: 2px  Server   wm4f29 @ http://localhost:3001/_next/static/chunks/f12ff_next_dist_95687940._.js:2302
[10758321ms] [WARNING] %c%s%c PortableText block detected in page blocks array. This should be rendered via PortableTextRenderer, not Blocks component. background: #e6e6e6;background: light-dark(rgba(0,0,0,0.1), rgba(255,255,255,0.25));color: #000000;color: light-dark(#000000, #ffffff);border-radius: 2px  Server   ukren1 @ http://localhost:3001/_next/static/chunks/f12ff_next_dist_95687940._.js:2302
[10758321ms] [WARNING] %c%s%c PortableText block detected in page blocks array. This should be rendered via PortableTextRenderer, not Blocks component. background: #e6e6e6;background: light-dark(rgba(0,0,0,0.1), rgba(255,255,255,0.25));color: #000000;color: light-dark(#000000, #ffffff);border-radius: 2px  Server   wm4f29 @ http://localhost:3001/_next/static/chunks/f12ff_next_dist_95687940._.js:2302
[10758323ms] [WARNING] %c%s%c PortableText block detected in page blocks array. This should be rendered via PortableTextRenderer, not Blocks component. background: #e6e6e6;background: light-dark(rgba(0,0,0,0.1), rgba(255,255,255,0.25));color: #000000;color: light-dark(#000000, #ffffff);border-radius: 2px  Server   20o54t @ http://localhost:3001/_next/static/chunks/f12ff_next_dist_95687940._.js:2302
[10758419ms] [WARNING] %c%s%c PortableText block detected in page blocks array. This should be rendered via PortableTextRenderer, not Blocks component. background: #e6e6e6;background: light-dark(rgba(0,0,0,0.1), rgba(255,255,255,0.25));color: #000000;color: light-dark(#000000, #ffffff);border-radius: 2px  Server   ukren1 @ http://localhost:3001/_next/static/chunks/f12ff_next_dist_95687940._.js:2302
[10758420ms] [WARNING] %c%s%c PortableText block detected in page blocks array. This should be rendered via PortableTextRenderer, not Blocks component. background: #e6e6e6;background: light-dark(rgba(0,0,0,0.1), rgba(255,255,255,0.25));color: #000000;color: light-dark(#000000, #ffffff);border-radius: 2px  Server   wm4f29 @ http://localhost:3001/_next/static/chunks/f12ff_next_dist_95687940._.js:2302
[10758420ms] [WARNING] %c%s%c PortableText block detected in page blocks array. This should be rendered via PortableTextRenderer, not Blocks component. background: #e6e6e6;background: light-dark(rgba(0,0,0,0.1), rgba(255,255,255,0.25));color: #000000;color: light-dark(#000000, #ffffff);border-radius: 2px  Server   20o54t @ http://localhost:3001/_next/static/chunks/f12ff_next_dist_95687940._.js:2302
[10758482ms] [WARNING] %c%s%c PortableText block detected in page blocks array. This should be rendered via PortableTextRenderer, not Blocks component. background: #e6e6e6;background: light-dark(rgba(0,0,0,0.1), rgba(255,255,255,0.25));color: #000000;color: light-dark(#000000, #ffffff);border-radius: 2px  Server   ukren1 @ http://localhost:3001/_next/static/chunks/f12ff_next_dist_95687940._.js:2302
[10758482ms] [WARNING] %c%s%c PortableText block detected in page blocks array. This should be rendered via PortableTextRenderer, not Blocks component. background: #e6e6e6;background: light-dark(rgba(0,0,0,0.1), rgba(255,255,255,0.25));color: #000000;color: light-dark(#000000, #ffffff);border-radius: 2px  Server   wm4f29 @ http://localhost:3001/_next/static/chunks/f12ff_next_dist_95687940._.js:2302
[10758484ms] [WARNING] %c%s%c PortableText block detected in page blocks array. This should be rendered via PortableTextRenderer, not Blocks component. background: #e6e6e6;background: light-dark(rgba(0,0,0,0.1), rgba(255,255,255,0.25));color: #000000;color: light-dark(#000000, #ffffff);border-radius: 2px  Server   20o54t @ http://localhost:3001/_next/static/chunks/f12ff_next_dist_95687940._.js:2302
[10758627ms] [WARNING] %c%s%c PortableText block detected in page blocks array. This should be rendered via PortableTextRenderer, not Blocks component. background: #e6e6e6;background: light-dark(rgba(0,0,0,0.1), rgba(255,255,255,0.25));color: #000000;color: light-dark(#000000, #ffffff);border-radius: 2px  Server   ukren1 @ http://localhost:3001/_next/static/chunks/f12ff_next_dist_95687940._.js:2302
[10758628ms] [WARNING] %c%s%c PortableText block detected in page blocks array. This should be rendered via PortableTextRenderer, not Blocks component. background: #e6e6e6;background: light-dark(rgba(0,0,0,0.1), rgba(255,255,255,0.25));color: #000000;color: light-dark(#000000, #ffffff);border-radius: 2px  Server   wm4f29 @ http://localhost:3001/_next/static/chunks/f12ff_next_dist_95687940._.js:2302
[10758629ms] [WARNING] %c%s%c PortableText block detected in page blocks array. This should be rendered via PortableTextRenderer, not Blocks component. background: #e6e6e6;background: light-dark(rgba(0,0,0,0.1), rgba(255,255,255,0.25));color: #000000;color: light-dark(#000000, #ffffff);border-radius: 2px  Server   20o54t @ http://localhost:3001/_next/static/chunks/f12ff_next_dist_95687940._.js:2302
[10758657ms] [WARNING] %c%s%c PortableText block detected in page blocks array. This should be rendered via PortableTextRenderer, not Blocks component. background: #e6e6e6;background: light-dark(rgba(0,0,0,0.1), rgba(255,255,255,0.25));color: #000000;color: light-dark(#000000, #ffffff);border-radius: 2px  Server   ukren1 @ http://localhost:3001/_next/static/chunks/f12ff_next_dist_95687940._.js:2302
[10758657ms] [WARNING] %c%s%c PortableText block detected in page blocks array. This should be rendered via PortableTextRenderer, not Blocks component. background: #e6e6e6;background: light-dark(rgba(0,0,0,0.1), rgba(255,255,255,0.25));color: #000000;color: light-dark(#000000, #ffffff);border-radius: 2px  Server   wm4f29 @ http://localhost:3001/_next/static/chunks/f12ff_next_dist_95687940._.js:2302
[10758657ms] [WARNING] %c%s%c PortableText block detected in page blocks array. This should be rendered via PortableTextRenderer, not Blocks component. background: #e6e6e6;background: light-dark(rgba(0,0,0,0.1), rgba(255,255,255,0.25));color: #000000;color: light-dark(#000000, #ffffff);border-radius: 2px  Server   20o54t @ http://localhost:3001/_next/static/chunks/f12ff_next_dist_95687940._.js:2302
[10758663ms] [WARNING] %c%s%c PortableText block detected in page blocks array. This should be rendered via PortableTextRenderer, not Blocks component. background: #e6e6e6;background: light-dark(rgba(0,0,0,0.1), rgba(255,255,255,0.25));color: #000000;color: light-dark(#000000, #ffffff);border-radius: 2px  Server   20o54t @ http://localhost:3001/_next/static/chunks/f12ff_next_dist_95687940._.js:2302
[10758779ms] [WARNING] %c%s%c PortableText block detected in page blocks array. This should be rendered via PortableTextRenderer, not Blocks component. background: #e6e6e6;background: light-dark(rgba(0,0,0,0.1), rgba(255,255,255,0.25));color: #000000;color: light-dark(#000000, #ffffff);border-radius: 2px  Server   ukren1 @ http://localhost:3001/_next/static/chunks/f12ff_next_dist_95687940._.js:2302
[10758779ms] [WARNING] %c%s%c PortableText block detected in page blocks array. This should be rendered via PortableTextRenderer, not Blocks component. background: #e6e6e6;background: light-dark(rgba(0,0,0,0.1), rgba(255,255,255,0.25));color: #000000;color: light-dark(#000000, #ffffff);border-radius: 2px  Server   wm4f29 @ http://localhost:3001/_next/static/chunks/f12ff_next_dist_95687940._.js:2302
[10758854ms] [WARNING] %c%s%c PortableText block detected in page blocks array. This should be rendered via PortableTextRenderer, not Blocks component. background: #e6e6e6;background: light-dark(rgba(0,0,0,0.1), rgba(255,255,255,0.25));color: #000000;color: light-dark(#000000, #ffffff);border-radius: 2px  Server   ukren1 @ http://localhost:3001/_next/static/chunks/f12ff_next_dist_95687940._.js:2302
[10758854ms] [WARNING] %c%s%c PortableText block detected in page blocks array. This should be rendered via PortableTextRenderer, not Blocks component. background: #e6e6e6;background: light-dark(rgba(0,0,0,0.1), rgba(255,255,255,0.25));color: #000000;color: light-dark(#000000, #ffffff);border-radius: 2px  Server   wm4f29 @ http://localhost:3001/_next/static/chunks/f12ff_next_dist_95687940._.js:2302
[10758856ms] [WARNING] %c%s%c PortableText block detected in page blocks array. This should be rendered via PortableTextRenderer, not Blocks component. background: #e6e6e6;background: light-dark(rgba(0,0,0,0.1), rgba(255,255,255,0.25));color: #000000;color: light-dark(#000000, #ffffff);border-radius: 2px  Server   20o54t @ http://localhost:3001/_next/static/chunks/f12ff_next_dist_95687940._.js:2302
[10758935ms] [WARNING] %c%s%c PortableText block detected in page blocks array. This should be rendered via PortableTextRenderer, not Blocks component. background: #e6e6e6;background: light-dark(rgba(0,0,0,0.1), rgba(255,255,255,0.25));color: #000000;color: light-dark(#000000, #ffffff);border-radius: 2px  Server   ukren1 @ http://localhost:3001/_next/static/chunks/f12ff_next_dist_95687940._.js:2302
[10758935ms] [WARNING] %c%s%c PortableText block detected in page blocks array. This should be rendered via PortableTextRenderer, not Blocks component. background: #e6e6e6;background: light-dark(rgba(0,0,0,0.1), rgba(255,255,255,0.25));color: #000000;color: light-dark(#000000, #ffffff);border-radius: 2px  Server   wm4f29 @ http://localhost:3001/_next/static/chunks/f12ff_next_dist_95687940._.js:2302
[10758937ms] [WARNING] %c%s%c PortableText block detected in page blocks array. This should be rendered via PortableTextRenderer, not Blocks component. background: #e6e6e6;background: light-dark(rgba(0,0,0,0.1), rgba(255,255,255,0.25));color: #000000;color: light-dark(#000000, #ffffff);border-radius: 2px  Server   20o54t @ http://localhost:3001/_next/static/chunks/f12ff_next_dist_95687940._.js:2302
[10759051ms] [WARNING] %c%s%c PortableText block detected in page blocks array. This should be rendered via PortableTextRenderer, not Blocks component. background: #e6e6e6;background: light-dark(rgba(0,0,0,0.1), rgba(255,255,255,0.25));color: #000000;color: light-dark(#000000, #ffffff);border-radius: 2px  Server   ukren1 @ http://localhost:3001/_next/static/chunks/f12ff_next_dist_95687940._.js:2302
[10759052ms] [WARNING] %c%s%c PortableText block detected in page blocks array. This should be rendered via PortableTextRenderer, not Blocks component. background: #e6e6e6;background: light-dark(rgba(0,0,0,0.1), rgba(255,255,255,0.25));color: #000000;color: light-dark(#000000, #ffffff);border-radius: 2px  Server   wm4f29 @ http://localhost:3001/_next/static/chunks/f12ff_next_dist_95687940._.js:2302
[10759053ms] [WARNING] %c%s%c PortableText block detected in page blocks array. This should be rendered via PortableTextRenderer, not Blocks component. background: #e6e6e6;background: light-dark(rgba(0,0,0,0.1), rgba(255,255,255,0.25));color: #000000;color: light-dark(#000000, #ffffff);border-radius: 2px  Server   20o54t @ http://localhost:3001/_next/static/chunks/f12ff_next_dist_95687940._.js:2302
[10759121ms] [WARNING] %c%s%c PortableText block detected in page blocks array. This should be rendered via PortableTextRenderer, not Blocks component. background: #e6e6e6;background: light-dark(rgba(0,0,0,0.1), rgba(255,255,255,0.25));color: #000000;color: light-dark(#000000, #ffffff);border-radius: 2px  Server   ukren1 @ http://localhost:3001/_next/static/chunks/f12ff_next_dist_95687940._.js:2302
[10759121ms] [WARNING] %c%s%c PortableText block detected in page blocks array. This should be rendered via PortableTextRenderer, not Blocks component. background: #e6e6e6;background: light-dark(rgba(0,0,0,0.1), rgba(255,255,255,0.25));color: #000000;color: light-dark(#000000, #ffffff);border-radius: 2px  Server   wm4f29 @ http://localhost:3001/_next/static/chunks/f12ff_next_dist_95687940._.js:2302
[10759121ms] [WARNING] %c%s%c PortableText block detected in page blocks array. This should be rendered via PortableTextRenderer, not Blocks component. background: #e6e6e6;background: light-dark(rgba(0,0,0,0.1), rgba(255,255,255,0.25));color: #000000;color: light-dark(#000000, #ffffff);border-radius: 2px  Server   20o54t @ http://localhost:3001/_next/static/chunks/f12ff_next_dist_95687940._.js:2302
[10759141ms] [WARNING] %c%s%c PortableText block detected in page blocks array. This should be rendered via PortableTextRenderer, not Blocks component. background: #e6e6e6;background: light-dark(rgba(0,0,0,0.1), rgba(255,255,255,0.25));color: #000000;color: light-dark(#000000, #ffffff);border-radius: 2px  Server   ukren1 @ http://localhost:3001/_next/static/chunks/f12ff_next_dist_95687940._.js:2302
[10759141ms] [WARNING] %c%s%c PortableText block detected in page blocks array. This should be rendered via PortableTextRenderer, not Blocks component. background: #e6e6e6;background: light-dark(rgba(0,0,0,0.1), rgba(255,255,255,0.25));color: #000000;color: light-dark(#000000, #ffffff);border-radius: 2px  Server   wm4f29 @ http://localhost:3001/_next/static/chunks/f12ff_next_dist_95687940._.js:2302
[10759141ms] [WARNING] %c%s%c PortableText block detected in page blocks array. This should be rendered via PortableTextRenderer, not Blocks component. background: #e6e6e6;background: light-dark(rgba(0,0,0,0.1), rgba(255,255,255,0.25));color: #000000;color: light-dark(#000000, #ffffff);border-radius: 2px  Server   20o54t @ http://localhost:3001/_next/static/chunks/f12ff_next_dist_95687940._.js:2302
[10759148ms] [WARNING] %c%s%c PortableText block detected in page blocks array. This should be rendered via PortableTextRenderer, not Blocks component. background: #e6e6e6;background: light-dark(rgba(0,0,0,0.1), rgba(255,255,255,0.25));color: #000000;color: light-dark(#000000, #ffffff);border-radius: 2px  Server   20o54t @ http://localhost:3001/_next/static/chunks/f12ff_next_dist_95687940._.js:2302
[10759275ms] [LOG] [Fast Refresh] rebuilding @ http://localhost:3001/_next/static/chunks/f12ff_next_dist_95687940._.js:2302
[10759275ms] [LOG] [Fast Refresh] done in 101ms @ http://localhost:3001/_next/static/chunks/f12ff_next_dist_95687940._.js:2302
[10759428ms] [WARNING] %c%s%c PortableText block detected in page blocks array. This should be rendered via PortableTextRenderer, not Blocks component. background: #e6e6e6;background: light-dark(rgba(0,0,0,0.1), rgba(255,255,255,0.25));color: #000000;color: light-dark(#000000, #ffffff);border-radius: 2px  Server   ukren1 @ http://localhost:3001/_next/static/chunks/f12ff_next_dist_95687940._.js:2302
[10759428ms] [WARNING] %c%s%c PortableText block detected in page blocks array. This should be rendered via PortableTextRenderer, not Blocks component. background: #e6e6e6;background: light-dark(rgba(0,0,0,0.1), rgba(255,255,255,0.25));color: #000000;color: light-dark(#000000, #ffffff);border-radius: 2px  Server   wm4f29 @ http://localhost:3001/_next/static/chunks/f12ff_next_dist_95687940._.js:2302
[10759428ms] [WARNING] %c%s%c PortableText block detected in page blocks array. This should be rendered via PortableTextRenderer, not Blocks component. background: #e6e6e6;background: light-dark(rgba(0,0,0,0.1), rgba(255,255,255,0.25));color: #000000;color: light-dark(#000000, #ffffff);border-radius: 2px  Server   20o54t @ http://localhost:3001/_next/static/chunks/f12ff_next_dist_95687940._.js:2302
[10759492ms] [WARNING] %c%s%c PortableText block detected in page blocks array. This should be rendered via PortableTextRenderer, not Blocks component. background: #e6e6e6;background: light-dark(rgba(0,0,0,0.1), rgba(255,255,255,0.25));color: #000000;color: light-dark(#000000, #ffffff);border-radius: 2px  Server   ukren1 @ http://localhost:3001/_next/static/chunks/f12ff_next_dist_95687940._.js:2302
[10759493ms] [WARNING] %c%s%c PortableText block detected in page blocks array. This should be rendered via PortableTextRenderer, not Blocks component. background: #e6e6e6;background: light-dark(rgba(0,0,0,0.1), rgba(255,255,255,0.25));color: #000000;color: light-dark(#000000, #ffffff);border-radius: 2px  Server   wm4f29 @ http://localhost:3001/_next/static/chunks/f12ff_next_dist_95687940._.js:2302
[10759494ms] [WARNING] %c%s%c PortableText block detected in page blocks array. This should be rendered via PortableTextRenderer, not Blocks component. background: #e6e6e6;background: light-dark(rgba(0,0,0,0.1), rgba(255,255,255,0.25));color: #000000;color: light-dark(#000000, #ffffff);border-radius: 2px  Server   20o54t @ http://localhost:3001/_next/static/chunks/f12ff_next_dist_95687940._.js:2302
[10759559ms] [WARNING] %c%s%c PortableText block detected in page blocks array. This should be rendered via PortableTextRenderer, not Blocks component. background: #e6e6e6;background: light-dark(rgba(0,0,0,0.1), rgba(255,255,255,0.25));color: #000000;color: light-dark(#000000, #ffffff);border-radius: 2px  Server   ukren1 @ http://localhost:3001/_next/static/chunks/f12ff_next_dist_95687940._.js:2302
[10759559ms] [WARNING] %c%s%c PortableText block detected in page blocks array. This should be rendered via PortableTextRenderer, not Blocks component. background: #e6e6e6;background: light-dark(rgba(0,0,0,0.1), rgba(255,255,255,0.25));color: #000000;color: light-dark(#000000, #ffffff);border-radius: 2px  Server   wm4f29 @ http://localhost:3001/_next/static/chunks/f12ff_next_dist_95687940._.js:2302
[10759560ms] [WARNING] %c%s%c PortableText block detected in page blocks array. This should be rendered via PortableTextRenderer, not Blocks component. background: #e6e6e6;background: light-dark(rgba(0,0,0,0.1), rgba(255,255,255,0.25));color: #000000;color: light-dark(#000000, #ffffff);border-radius: 2px  Server   20o54t @ http://localhost:3001/_next/static/chunks/f12ff_next_dist_95687940._.js:2302
[10759641ms] [WARNING] %c%s%c PortableText block detected in page blocks array. This should be rendered via PortableTextRenderer, not Blocks component. background: #e6e6e6;background: light-dark(rgba(0,0,0,0.1), rgba(255,255,255,0.25));color: #000000;color: light-dark(#000000, #ffffff);border-radius: 2px  Server   ukren1 @ http://localhost:3001/_next/static/chunks/f12ff_next_dist_95687940._.js:2302
[10759642ms] [WARNING] %c%s%c PortableText block detected in page blocks array. This should be rendered via PortableTextRenderer, not Blocks component. background: #e6e6e6;background: light-dark(rgba(0,0,0,0.1), rgba(255,255,255,0.25));color: #000000;color: light-dark(#000000, #ffffff);border-radius: 2px  Server   wm4f29 @ http://localhost:3001/_next/static/chunks/f12ff_next_dist_95687940._.js:2302
[10759642ms] [WARNING] %c%s%c PortableText block detected in page blocks array. This should be rendered via PortableTextRenderer, not Blocks component. background: #e6e6e6;background: light-dark(rgba(0,0,0,0.1), rgba(255,255,255,0.25));color: #000000;color: light-dark(#000000, #ffffff);border-radius: 2px  Server   20o54t @ http://localhost:3001/_next/static/chunks/f12ff_next_dist_95687940._.js:2302
[10759680ms] [WARNING] %c%s%c PortableText block detected in page blocks array. This should be rendered via PortableTextRenderer, not Blocks component. background: #e6e6e6;background: light-dark(rgba(0,0,0,0.1), rgba(255,255,255,0.25));color: #000000;color: light-dark(#000000, #ffffff);border-radius: 2px  Server   ukren1 @ http://localhost:3001/_next/static/chunks/f12ff_next_dist_95687940._.js:2302
[10759681ms] [WARNING] %c%s%c PortableText block detected in page blocks array. This should be rendered via PortableTextRenderer, not Blocks component. background: #e6e6e6;background: light-dark(rgba(0,0,0,0.1), rgba(255,255,255,0.25));color: #000000;color: light-dark(#000000, #ffffff);border-radius: 2px  Server   wm4f29 @ http://localhost:3001/_next/static/chunks/f12ff_next_dist_95687940._.js:2302
[10759681ms] [WARNING] %c%s%c PortableText block detected in page blocks array. This should be rendered via PortableTextRenderer, not Blocks component. background: #e6e6e6;background: light-dark(rgba(0,0,0,0.1), rgba(255,255,255,0.25));color: #000000;color: light-dark(#000000, #ffffff);border-radius: 2px  Server   20o54t @ http://localhost:3001/_next/static/chunks/f12ff_next_dist_95687940._.js:2302
[10759707ms] [WARNING] %c%s%c PortableText block detected in page blocks array. This should be rendered via PortableTextRenderer, not Blocks component. background: #e6e6e6;background: light-dark(rgba(0,0,0,0.1), rgba(255,255,255,0.25));color: #000000;color: light-dark(#000000, #ffffff);border-radius: 2px  Server   ukren1 @ http://localhost:3001/_next/static/chunks/f12ff_next_dist_95687940._.js:2302
[10759707ms] [WARNING] %c%s%c PortableText block detected in page blocks array. This should be rendered via PortableTextRenderer, not Blocks component. background: #e6e6e6;background: light-dark(rgba(0,0,0,0.1), rgba(255,255,255,0.25));color: #000000;color: light-dark(#000000, #ffffff);border-radius: 2px  Server   wm4f29 @ http://localhost:3001/_next/static/chunks/f12ff_next_dist_95687940._.js:2302
[10759707ms] [WARNING] %c%s%c PortableText block detected in page blocks array. This should be rendered via PortableTextRenderer, not Blocks component. background: #e6e6e6;background: light-dark(rgba(0,0,0,0.1), rgba(255,255,255,0.25));color: #000000;color: light-dark(#000000, #ffffff);border-radius: 2px  Server   20o54t @ http://localhost:3001/_next/static/chunks/f12ff_next_dist_95687940._.js:2302
[10759812ms] [WARNING] %c%s%c PortableText block detected in page blocks array. This should be rendered via PortableTextRenderer, not Blocks component. background: #e6e6e6;background: light-dark(rgba(0,0,0,0.1), rgba(255,255,255,0.25));color: #000000;color: light-dark(#000000, #ffffff);border-radius: 2px  Server   ukren1 @ http://localhost:3001/_next/static/chunks/f12ff_next_dist_95687940._.js:2302
[10759813ms] [WARNING] %c%s%c PortableText block detected in page blocks array. This should be rendered via PortableTextRenderer, not Blocks component. background: #e6e6e6;background: light-dark(rgba(0,0,0,0.1), rgba(255,255,255,0.25));color: #000000;color: light-dark(#000000, #ffffff);border-radius: 2px  Server   wm4f29 @ http://localhost:3001/_next/static/chunks/f12ff_next_dist_95687940._.js:2302
[10759813ms] [WARNING] %c%s%c PortableText block detected in page blocks array. This should be rendered via PortableTextRenderer, not Blocks component. background: #e6e6e6;background: light-dark(rgba(0,0,0,0.1), rgba(255,255,255,0.25));color: #000000;color: light-dark(#000000, #ffffff);border-radius: 2px  Server   20o54t @ http://localhost:3001/_next/static/chunks/f12ff_next_dist_95687940._.js:2302
[10759861ms] [WARNING] %c%s%c PortableText block detected in page blocks array. This should be rendered via PortableTextRenderer, not Blocks component. background: #e6e6e6;background: light-dark(rgba(0,0,0,0.1), rgba(255,255,255,0.25));color: #000000;color: light-dark(#000000, #ffffff);border-radius: 2px  Server   ukren1 @ http://localhost:3001/_next/static/chunks/f12ff_next_dist_95687940._.js:2302
[10759861ms] [WARNING] %c%s%c PortableText block detected in page blocks array. This should be rendered via PortableTextRenderer, not Blocks component. background: #e6e6e6;background: light-dark(rgba(0,0,0,0.1), rgba(255,255,255,0.25));color: #000000;color: light-dark(#000000, #ffffff);border-radius: 2px  Server   wm4f29 @ http://localhost:3001/_next/static/chunks/f12ff_next_dist_95687940._.js:2302
[10759862ms] [WARNING] %c%s%c PortableText block detected in page blocks array. This should be rendered via PortableTextRenderer, not Blocks component. background: #e6e6e6;background: light-dark(rgba(0,0,0,0.1), rgba(255,255,255,0.25));color: #000000;color: light-dark(#000000, #ffffff);border-radius: 2px  Server   20o54t @ http://localhost:3001/_next/static/chunks/f12ff_next_dist_95687940._.js:2302
[10759916ms] [WARNING] %c%s%c PortableText block detected in page blocks array. This should be rendered via PortableTextRenderer, not Blocks component. background: #e6e6e6;background: light-dark(rgba(0,0,0,0.1), rgba(255,255,255,0.25));color: #000000;color: light-dark(#000000, #ffffff);border-radius: 2px  Server   ukren1 @ http://localhost:3001/_next/static/chunks/f12ff_next_dist_95687940._.js:2302
[10759916ms] [WARNING] %c%s%c PortableText block detected in page blocks array. This should be rendered via PortableTextRenderer, not Blocks component. background: #e6e6e6;background: light-dark(rgba(0,0,0,0.1), rgba(255,255,255,0.25));color: #000000;color: light-dark(#000000, #ffffff);border-radius: 2px  Server   wm4f29 @ http://localhost:3001/_next/static/chunks/f12ff_next_dist_95687940._.js:2302
[10759917ms] [WARNING] %c%s%c PortableText block detected in page blocks array. This should be rendered via PortableTextRenderer, not Blocks component. background: #e6e6e6;background: light-dark(rgba(0,0,0,0.1), rgba(255,255,255,0.25));color: #000000;color: light-dark(#000000, #ffffff);border-radius: 2px  Server   20o54t @ http://localhost:3001/_next/static/chunks/f12ff_next_dist_95687940._.js:2302
[10759954ms] [WARNING] %c%s%c PortableText block detected in page blocks array. This should be rendered via PortableTextRenderer, not Blocks component. background: #e6e6e6;background: light-dark(rgba(0,0,0,0.1), rgba(255,255,255,0.25));color: #000000;color: light-dark(#000000, #ffffff);border-radius: 2px  Server   ukren1 @ http://localhost:3001/_next/static/chunks/f12ff_next_dist_95687940._.js:2302
[10759954ms] [WARNING] %c%s%c PortableText block detected in page blocks array. This should be rendered via PortableTextRenderer, not Blocks component. background: #e6e6e6;background: light-dark(rgba(0,0,0,0.1), rgba(255,255,255,0.25));color: #000000;color: light-dark(#000000, #ffffff);border-radius: 2px  Server   wm4f29 @ http://localhost:3001/_next/static/chunks/f12ff_next_dist_95687940._.js:2302
[10759954ms] [WARNING] %c%s%c PortableText block detected in page blocks array. This should be rendered via PortableTextRenderer, not Blocks component. background: #e6e6e6;background: light-dark(rgba(0,0,0,0.1), rgba(255,255,255,0.25));color: #000000;color: light-dark(#000000, #ffffff);border-radius: 2px  Server   20o54t @ http://localhost:3001/_next/static/chunks/f12ff_next_dist_95687940._.js:2302
[10759970ms] [WARNING] %c%s%c PortableText block detected in page blocks array. This should be rendered via PortableTextRenderer, not Blocks component. background: #e6e6e6;background: light-dark(rgba(0,0,0,0.1), rgba(255,255,255,0.25));color: #000000;color: light-dark(#000000, #ffffff);border-radius: 2px  Server   ukren1 @ http://localhost:3001/_next/static/chunks/f12ff_next_dist_95687940._.js:2302
[10759970ms] [WARNING] %c%s%c PortableText block detected in page blocks array. This should be rendered via PortableTextRenderer, not Blocks component. background: #e6e6e6;background: light-dark(rgba(0,0,0,0.1), rgba(255,255,255,0.25));color: #000000;color: light-dark(#000000, #ffffff);border-radius: 2px  Server   wm4f29 @ http://localhost:3001/_next/static/chunks/f12ff_next_dist_95687940._.js:2302
[10759970ms] [WARNING] %c%s%c PortableText block detected in page blocks array. This should be rendered via PortableTextRenderer, not Blocks component. background: #e6e6e6;background: light-dark(rgba(0,0,0,0.1), rgba(255,255,255,0.25));color: #000000;color: light-dark(#000000, #ffffff);border-radius: 2px  Server   20o54t @ http://localhost:3001/_next/static/chunks/f12ff_next_dist_95687940._.js:2302
[10760012ms] [WARNING] %c%s%c PortableText block detected in page blocks array. This should be rendered via PortableTextRenderer, not Blocks component. background: #e6e6e6;background: light-dark(rgba(0,0,0,0.1), rgba(255,255,255,0.25));color: #000000;color: light-dark(#000000, #ffffff);border-radius: 2px  Server   ukren1 @ http://localhost:3001/_next/static/chunks/f12ff_next_dist_95687940._.js:2302
[10760013ms] [WARNING] %c%s%c PortableText block detected in page blocks array. This should be rendered via PortableTextRenderer, not Blocks component. background: #e6e6e6;background: light-dark(rgba(0,0,0,0.1), rgba(255,255,255,0.25));color: #000000;color: light-dark(#000000, #ffffff);border-radius: 2px  Server   wm4f29 @ http://localhost:3001/_next/static/chunks/f12ff_next_dist_95687940._.js:2302
[10760157ms] [WARNING] %c%s%c PortableText block detected in page blocks array. This should be rendered via PortableTextRenderer, not Blocks component. background: #e6e6e6;background: light-dark(rgba(0,0,0,0.1), rgba(255,255,255,0.25));color: #000000;color: light-dark(#000000, #ffffff);border-radius: 2px  Server   20o54t @ http://localhost:3001/_next/static/chunks/f12ff_next_dist_95687940._.js:2302
[10760323ms] [WARNING] %c%s%c PortableText block detected in page blocks array. This should be rendered via PortableTextRenderer, not Blocks component. background: #e6e6e6;background: light-dark(rgba(0,0,0,0.1), rgba(255,255,255,0.25));color: #000000;color: light-dark(#000000, #ffffff);border-radius: 2px  Server   ukren1 @ http://localhost:3001/_next/static/chunks/f12ff_next_dist_95687940._.js:2302
[10760323ms] [WARNING] %c%s%c PortableText block detected in page blocks array. This should be rendered via PortableTextRenderer, not Blocks component. background: #e6e6e6;background: light-dark(rgba(0,0,0,0.1), rgba(255,255,255,0.25));color: #000000;color: light-dark(#000000, #ffffff);border-radius: 2px  Server   wm4f29 @ http://localhost:3001/_next/static/chunks/f12ff_next_dist_95687940._.js:2302
[10760323ms] [WARNING] %c%s%c PortableText block detected in page blocks array. This should be rendered via PortableTextRenderer, not Blocks component. background: #e6e6e6;background: light-dark(rgba(0,0,0,0.1), rgba(255,255,255,0.25));color: #000000;color: light-dark(#000000, #ffffff);border-radius: 2px  Server   20o54t @ http://localhost:3001/_next/static/chunks/f12ff_next_dist_95687940._.js:2302
[10760357ms] [WARNING] %c%s%c PortableText block detected in page blocks array. This should be rendered via PortableTextRenderer, not Blocks component. background: #e6e6e6;background: light-dark(rgba(0,0,0,0.1), rgba(255,255,255,0.25));color: #000000;color: light-dark(#000000, #ffffff);border-radius: 2px  Server   ukren1 @ http://localhost:3001/_next/static/chunks/f12ff_next_dist_95687940._.js:2302
[10760357ms] [WARNING] %c%s%c PortableText block detected in page blocks array. This should be rendered via PortableTextRenderer, not Blocks component. background: #e6e6e6;background: light-dark(rgba(0,0,0,0.1), rgba(255,255,255,0.25));color: #000000;color: light-dark(#000000, #ffffff);border-radius: 2px  Server   wm4f29 @ http://localhost:3001/_next/static/chunks/f12ff_next_dist_95687940._.js:2302
[10760357ms] [WARNING] %c%s%c PortableText block detected in page blocks array. This should be rendered via PortableTextRenderer, not Blocks component. background: #e6e6e6;background: light-dark(rgba(0,0,0,0.1), rgba(255,255,255,0.25));color: #000000;color: light-dark(#000000, #ffffff);border-radius: 2px  Server   20o54t @ http://localhost:3001/_next/static/chunks/f12ff_next_dist_95687940._.js:2302
[10760447ms] [WARNING] %c%s%c PortableText block detected in page blocks array. This should be rendered via PortableTextRenderer, not Blocks component. background: #e6e6e6;background: light-dark(rgba(0,0,0,0.1), rgba(255,255,255,0.25));color: #000000;color: light-dark(#000000, #ffffff);border-radius: 2px  Server   ukren1 @ http://localhost:3001/_next/static/chunks/f12ff_next_dist_95687940._.js:2302
[10760447ms] [WARNING] %c%s%c PortableText block detected in page blocks array. This should be rendered via PortableTextRenderer, not Blocks component. background: #e6e6e6;background: light-dark(rgba(0,0,0,0.1), rgba(255,255,255,0.25));color: #000000;color: light-dark(#000000, #ffffff);border-radius: 2px  Server   wm4f29 @ http://localhost:3001/_next/static/chunks/f12ff_next_dist_95687940._.js:2302
[10760447ms] [WARNING] %c%s%c PortableText block detected in page blocks array. This should be rendered via PortableTextRenderer, not Blocks component. background: #e6e6e6;background: light-dark(rgba(0,0,0,0.1), rgba(255,255,255,0.25));color: #000000;color: light-dark(#000000, #ffffff);border-radius: 2px  Server   20o54t @ http://localhost:3001/_next/static/chunks/f12ff_next_dist_95687940._.js:2302
[10760467ms] [WARNING] %c%s%c PortableText block detected in page blocks array. This should be rendered via PortableTextRenderer, not Blocks component. background: #e6e6e6;background: light-dark(rgba(0,0,0,0.1), rgba(255,255,255,0.25));color: #000000;color: light-dark(#000000, #ffffff);border-radius: 2px  Server   ukren1 @ http://localhost:3001/_next/static/chunks/f12ff_next_dist_95687940._.js:2302
[10760467ms] [WARNING] %c%s%c PortableText block detected in page blocks array. This should be rendered via PortableTextRenderer, not Blocks component. background: #e6e6e6;background: light-dark(rgba(0,0,0,0.1), rgba(255,255,255,0.25));color: #000000;color: light-dark(#000000, #ffffff);border-radius: 2px  Server   wm4f29 @ http://localhost:3001/_next/static/chunks/f12ff_next_dist_95687940._.js:2302
[10760467ms] [WARNING] %c%s%c PortableText block detected in page blocks array. This should be rendered via PortableTextRenderer, not Blocks component. background: #e6e6e6;background: light-dark(rgba(0,0,0,0.1), rgba(255,255,255,0.25));color: #000000;color: light-dark(#000000, #ffffff);border-radius: 2px  Server   20o54t @ http://localhost:3001/_next/static/chunks/f12ff_next_dist_95687940._.js:2302
[10760475ms] [WARNING] %c%s%c PortableText block detected in page blocks array. This should be rendered via PortableTextRenderer, not Blocks component. background: #e6e6e6;background: light-dark(rgba(0,0,0,0.1), rgba(255,255,255,0.25));color: #000000;color: light-dark(#000000, #ffffff);border-radius: 2px  Server   ukren1 @ http://localhost:3001/_next/static/chunks/f12ff_next_dist_95687940._.js:2302
[10760475ms] [WARNING] %c%s%c PortableText block detected in page blocks array. This should be rendered via PortableTextRenderer, not Blocks component. background: #e6e6e6;background: light-dark(rgba(0,0,0,0.1), rgba(255,255,255,0.25));color: #000000;color: light-dark(#000000, #ffffff);border-radius: 2px  Server   wm4f29 @ http://localhost:3001/_next/static/chunks/f12ff_next_dist_95687940._.js:2302
[10760475ms] [WARNING] %c%s%c PortableText block detected in page blocks array. This should be rendered via PortableTextRenderer, not Blocks component. background: #e6e6e6;background: light-dark(rgba(0,0,0,0.1), rgba(255,255,255,0.25));color: #000000;color: light-dark(#000000, #ffffff);border-radius: 2px  Server   20o54t @ http://localhost:3001/_next/static/chunks/f12ff_next_dist_95687940._.js:2302
[10760496ms] [WARNING] %c%s%c PortableText block detected in page blocks array. This should be rendered via PortableTextRenderer, not Blocks component. background: #e6e6e6;background: light-dark(rgba(0,0,0,0.1), rgba(255,255,255,0.25));color: #000000;color: light-dark(#000000, #ffffff);border-radius: 2px  Server   ukren1 @ http://localhost:3001/_next/static/chunks/f12ff_next_dist_95687940._.js:2302
[10760496ms] [WARNING] %c%s%c PortableText block detected in page blocks array. This should be rendered via PortableTextRenderer, not Blocks component. background: #e6e6e6;background: light-dark(rgba(0,0,0,0.1), rgba(255,255,255,0.25));color: #000000;color: light-dark(#000000, #ffffff);border-radius: 2px  Server   wm4f29 @ http://localhost:3001/_next/static/chunks/f12ff_next_dist_95687940._.js:2302
[10760534ms] [WARNING] %c%s%c PortableText block detected in page blocks array. This should be rendered via PortableTextRenderer, not Blocks component. background: #e6e6e6;background: light-dark(rgba(0,0,0,0.1), rgba(255,255,255,0.25));color: #000000;color: light-dark(#000000, #ffffff);border-radius: 2px  Server   20o54t @ http://localhost:3001/_next/static/chunks/f12ff_next_dist_95687940._.js:2302
[10760652ms] [LOG] [Fast Refresh] rebuilding @ http://localhost:3001/_next/static/chunks/f12ff_next_dist_95687940._.js:2302
[10760696ms] [LOG] [Fast Refresh] done in 145ms @ http://localhost:3001/_next/static/chunks/f12ff_next_dist_95687940._.js:2302
[10761013ms] [WARNING] %c%s%c PortableText block detected in page blocks array. This should be rendered via PortableTextRenderer, not Blocks component. background: #e6e6e6;background: light-dark(rgba(0,0,0,0.1), rgba(255,255,255,0.25));color: #000000;color: light-dark(#000000, #ffffff);border-radius: 2px  Server   ukren1 @ http://localhost:3001/_next/static/chunks/f12ff_next_dist_95687940._.js:2302
[10761014ms] [WARNING] %c%s%c PortableText block detected in page blocks array. This should be rendered via PortableTextRenderer, not Blocks component. background: #e6e6e6;background: light-dark(rgba(0,0,0,0.1), rgba(255,255,255,0.25));color: #000000;color: light-dark(#000000, #ffffff);border-radius: 2px  Server   wm4f29 @ http://localhost:3001/_next/static/chunks/f12ff_next_dist_95687940._.js:2302
[10761014ms] [WARNING] %c%s%c PortableText block detected in page blocks array. This should be rendered via PortableTextRenderer, not Blocks component. background: #e6e6e6;background: light-dark(rgba(0,0,0,0.1), rgba(255,255,255,0.25));color: #000000;color: light-dark(#000000, #ffffff);border-radius: 2px  Server   20o54t @ http://localhost:3001/_next/static/chunks/f12ff_next_dist_95687940._.js:2302
[10761023ms] [WARNING] %c%s%c PortableText block detected in page blocks array. This should be rendered via PortableTextRenderer, not Blocks component. background: #e6e6e6;background: light-dark(rgba(0,0,0,0.1), rgba(255,255,255,0.25));color: #000000;color: light-dark(#000000, #ffffff);border-radius: 2px  Server   ukren1 @ http://localhost:3001/_next/static/chunks/f12ff_next_dist_95687940._.js:2302
[10761023ms] [WARNING] %c%s%c PortableText block detected in page blocks array. This should be rendered via PortableTextRenderer, not Blocks component. background: #e6e6e6;background: light-dark(rgba(0,0,0,0.1), rgba(255,255,255,0.25));color: #000000;color: light-dark(#000000, #ffffff);border-radius: 2px  Server   wm4f29 @ http://localhost:3001/_next/static/chunks/f12ff_next_dist_95687940._.js:2302
[10761023ms] [WARNING] %c%s%c PortableText block detected in page blocks array. This should be rendered via PortableTextRenderer, not Blocks component. background: #e6e6e6;background: light-dark(rgba(0,0,0,0.1), rgba(255,255,255,0.25));color: #000000;color: light-dark(#000000, #ffffff);border-radius: 2px  Server   20o54t @ http://localhost:3001/_next/static/chunks/f12ff_next_dist_95687940._.js:2302
[10761033ms] [WARNING] %c%s%c PortableText block detected in page blocks array. This should be rendered via PortableTextRenderer, not Blocks component. background: #e6e6e6;background: light-dark(rgba(0,0,0,0.1), rgba(255,255,255,0.25));color: #000000;color: light-dark(#000000, #ffffff);border-radius: 2px  Server   ukren1 @ http://localhost:3001/_next/static/chunks/f12ff_next_dist_95687940._.js:2302
[10761033ms] [WARNING] %c%s%c PortableText block detected in page blocks array. This should be rendered via PortableTextRenderer, not Blocks component. background: #e6e6e6;background: light-dark(rgba(0,0,0,0.1), rgba(255,255,255,0.25));color: #000000;color: light-dark(#000000, #ffffff);border-radius: 2px  Server   wm4f29 @ http://localhost:3001/_next/static/chunks/f12ff_next_dist_95687940._.js:2302
[10761039ms] [WARNING] %c%s%c PortableText block detected in page blocks array. This should be rendered via PortableTextRenderer, not Blocks component. background: #e6e6e6;background: light-dark(rgba(0,0,0,0.1), rgba(255,255,255,0.25));color: #000000;color: light-dark(#000000, #ffffff);border-radius: 2px  Server   ukren1 @ http://localhost:3001/_next/static/chunks/f12ff_next_dist_95687940._.js:2302
[10761039ms] [WARNING] %c%s%c PortableText block detected in page blocks array. This should be rendered via PortableTextRenderer, not Blocks component. background: #e6e6e6;background: light-dark(rgba(0,0,0,0.1), rgba(255,255,255,0.25));color: #000000;color: light-dark(#000000, #ffffff);border-radius: 2px  Server   wm4f29 @ http://localhost:3001/_next/static/chunks/f12ff_next_dist_95687940._.js:2302
[10761039ms] [WARNING] %c%s%c PortableText block detected in page blocks array. This should be rendered via PortableTextRenderer, not Blocks component. background: #e6e6e6;background: light-dark(rgba(0,0,0,0.1), rgba(255,255,255,0.25));color: #000000;color: light-dark(#000000, #ffffff);border-radius: 2px  Server   20o54t @ http://localhost:3001/_next/static/chunks/f12ff_next_dist_95687940._.js:2302
[10761052ms] [WARNING] %c%s%c PortableText block detected in page blocks array. This should be rendered via PortableTextRenderer, not Blocks component. background: #e6e6e6;background: light-dark(rgba(0,0,0,0.1), rgba(255,255,255,0.25));color: #000000;color: light-dark(#000000, #ffffff);border-radius: 2px  Server   20o54t @ http://localhost:3001/_next/static/chunks/f12ff_next_dist_95687940._.js:2302
[10761170ms] [LOG] [Fast Refresh] rebuilding @ http://localhost:3001/_next/static/chunks/f12ff_next_dist_95687940._.js:2302
[10761187ms] [LOG] [Fast Refresh] done in 117ms @ http://localhost:3001/_next/static/chunks/f12ff_next_dist_95687940._.js:2302
[10761310ms] [WARNING] %c%s%c PortableText block detected in page blocks array. This should be rendered via PortableTextRenderer, not Blocks component. background: #e6e6e6;background: light-dark(rgba(0,0,0,0.1), rgba(255,255,255,0.25));color: #000000;color: light-dark(#000000, #ffffff);border-radius: 2px  Server   ukren1 @ http://localhost:3001/_next/static/chunks/f12ff_next_dist_95687940._.js:2302
[10761310ms] [WARNING] %c%s%c PortableText block detected in page blocks array. This should be rendered via PortableTextRenderer, not Blocks component. background: #e6e6e6;background: light-dark(rgba(0,0,0,0.1), rgba(255,255,255,0.25));color: #000000;color: light-dark(#000000, #ffffff);border-radius: 2px  Server   wm4f29 @ http://localhost:3001/_next/static/chunks/f12ff_next_dist_95687940._.js:2302
[10761322ms] [WARNING] %c%s%c PortableText block detected in page blocks array. This should be rendered via PortableTextRenderer, not Blocks component. background: #e6e6e6;background: light-dark(rgba(0,0,0,0.1), rgba(255,255,255,0.25));color: #000000;color: light-dark(#000000, #ffffff);border-radius: 2px  Server   ukren1 @ http://localhost:3001/_next/static/chunks/f12ff_next_dist_95687940._.js:2302
[10761322ms] [WARNING] %c%s%c PortableText block detected in page blocks array. This should be rendered via PortableTextRenderer, not Blocks component. background: #e6e6e6;background: light-dark(rgba(0,0,0,0.1), rgba(255,255,255,0.25));color: #000000;color: light-dark(#000000, #ffffff);border-radius: 2px  Server   wm4f29 @ http://localhost:3001/_next/static/chunks/f12ff_next_dist_95687940._.js:2302
[10761322ms] [WARNING] %c%s%c PortableText block detected in page blocks array. This should be rendered via PortableTextRenderer, not Blocks component. background: #e6e6e6;background: light-dark(rgba(0,0,0,0.1), rgba(255,255,255,0.25));color: #000000;color: light-dark(#000000, #ffffff);border-radius: 2px  Server   20o54t @ http://localhost:3001/_next/static/chunks/f12ff_next_dist_95687940._.js:2302
[10761464ms] [WARNING] %c%s%c PortableText block detected in page blocks array. This should be rendered via PortableTextRenderer, not Blocks component. background: #e6e6e6;background: light-dark(rgba(0,0,0,0.1), rgba(255,255,255,0.25));color: #000000;color: light-dark(#000000, #ffffff);border-radius: 2px  Server   20o54t @ http://localhost:3001/_next/static/chunks/f12ff_next_dist_95687940._.js:2302
[10761660ms] [WARNING] %c%s%c PortableText block detected in page blocks array. This should be rendered via PortableTextRenderer, not Blocks component. background: #e6e6e6;background: light-dark(rgba(0,0,0,0.1), rgba(255,255,255,0.25));color: #000000;color: light-dark(#000000, #ffffff);border-radius: 2px  Server   ukren1 @ http://localhost:3001/_next/static/chunks/f12ff_next_dist_95687940._.js:2302
[10761661ms] [WARNING] %c%s%c PortableText block detected in page blocks array. This should be rendered via PortableTextRenderer, not Blocks component. background: #e6e6e6;background: light-dark(rgba(0,0,0,0.1), rgba(255,255,255,0.25));color: #000000;color: light-dark(#000000, #ffffff);border-radius: 2px  Server   wm4f29 @ http://localhost:3001/_next/static/chunks/f12ff_next_dist_95687940._.js:2302
[10761665ms] [WARNING] %c%s%c PortableText block detected in page blocks array. This should be rendered via PortableTextRenderer, not Blocks component. background: #e6e6e6;background: light-dark(rgba(0,0,0,0.1), rgba(255,255,255,0.25));color: #000000;color: light-dark(#000000, #ffffff);border-radius: 2px  Server   ukren1 @ http://localhost:3001/_next/static/chunks/f12ff_next_dist_95687940._.js:2302
[10761665ms] [WARNING] %c%s%c PortableText block detected in page blocks array. This should be rendered via PortableTextRenderer, not Blocks component. background: #e6e6e6;background: light-dark(rgba(0,0,0,0.1), rgba(255,255,255,0.25));color: #000000;color: light-dark(#000000, #ffffff);border-radius: 2px  Server   wm4f29 @ http://localhost:3001/_next/static/chunks/f12ff_next_dist_95687940._.js:2302
[10761673ms] [WARNING] %c%s%c PortableText block detected in page blocks array. This should be rendered via PortableTextRenderer, not Blocks component. background: #e6e6e6;background: light-dark(rgba(0,0,0,0.1), rgba(255,255,255,0.25));color: #000000;color: light-dark(#000000, #ffffff);border-radius: 2px  Server   ukren1 @ http://localhost:3001/_next/static/chunks/f12ff_next_dist_95687940._.js:2302
[10761673ms] [WARNING] %c%s%c PortableText block detected in page blocks array. This should be rendered via PortableTextRenderer, not Blocks component. background: #e6e6e6;background: light-dark(rgba(0,0,0,0.1), rgba(255,255,255,0.25));color: #000000;color: light-dark(#000000, #ffffff);border-radius: 2px  Server   wm4f29 @ http://localhost:3001/_next/static/chunks/f12ff_next_dist_95687940._.js:2302
[10761674ms] [WARNING] %c%s%c PortableText block detected in page blocks array. This should be rendered via PortableTextRenderer, not Blocks component. background: #e6e6e6;background: light-dark(rgba(0,0,0,0.1), rgba(255,255,255,0.25));color: #000000;color: light-dark(#000000, #ffffff);border-radius: 2px  Server   20o54t @ http://localhost:3001/_next/static/chunks/f12ff_next_dist_95687940._.js:2302
[10761680ms] [WARNING] %c%s%c PortableText block detected in page blocks array. This should be rendered via PortableTextRenderer, not Blocks component. background: #e6e6e6;background: light-dark(rgba(0,0,0,0.1), rgba(255,255,255,0.25));color: #000000;color: light-dark(#000000, #ffffff);border-radius: 2px  Server   20o54t @ http://localhost:3001/_next/static/chunks/f12ff_next_dist_95687940._.js:2302
[10761686ms] [WARNING] %c%s%c PortableText block detected in page blocks array. This should be rendered via PortableTextRenderer, not Blocks component. background: #e6e6e6;background: light-dark(rgba(0,0,0,0.1), rgba(255,255,255,0.25));color: #000000;color: light-dark(#000000, #ffffff);border-radius: 2px  Server   ukren1 @ http://localhost:3001/_next/static/chunks/f12ff_next_dist_95687940._.js:2302
[10761687ms] [WARNING] %c%s%c PortableText block detected in page blocks array. This should be rendered via PortableTextRenderer, not Blocks component. background: #e6e6e6;background: light-dark(rgba(0,0,0,0.1), rgba(255,255,255,0.25));color: #000000;color: light-dark(#000000, #ffffff);border-radius: 2px  Server   wm4f29 @ http://localhost:3001/_next/static/chunks/f12ff_next_dist_95687940._.js:2302
[10761687ms] [WARNING] %c%s%c PortableText block detected in page blocks array. This should be rendered via PortableTextRenderer, not Blocks component. background: #e6e6e6;background: light-dark(rgba(0,0,0,0.1), rgba(255,255,255,0.25));color: #000000;color: light-dark(#000000, #ffffff);border-radius: 2px  Server   20o54t @ http://localhost:3001/_next/static/chunks/f12ff_next_dist_95687940._.js:2302
[10761693ms] [WARNING] %c%s%c PortableText block detected in page blocks array. This should be rendered via PortableTextRenderer, not Blocks component. background: #e6e6e6;background: light-dark(rgba(0,0,0,0.1), rgba(255,255,255,0.25));color: #000000;color: light-dark(#000000, #ffffff);border-radius: 2px  Server   20o54t @ http://localhost:3001/_next/static/chunks/f12ff_next_dist_95687940._.js:2302
[10761848ms] [WARNING] %c%s%c PortableText block detected in page blocks array. This should be rendered via PortableTextRenderer, not Blocks component. background: #e6e6e6;background: light-dark(rgba(0,0,0,0.1), rgba(255,255,255,0.25));color: #000000;color: light-dark(#000000, #ffffff);border-radius: 2px  Server   ukren1 @ http://localhost:3001/_next/static/chunks/f12ff_next_dist_95687940._.js:2302
[10761848ms] [WARNING] %c%s%c PortableText block detected in page blocks array. This should be rendered via PortableTextRenderer, not Blocks component. background: #e6e6e6;background: light-dark(rgba(0,0,0,0.1), rgba(255,255,255,0.25));color: #000000;color: light-dark(#000000, #ffffff);border-radius: 2px  Server   wm4f29 @ http://localhost:3001/_next/static/chunks/f12ff_next_dist_95687940._.js:2302
[10761854ms] [WARNING] %c%s%c PortableText block detected in page blocks array. This should be rendered via PortableTextRenderer, not Blocks component. background: #e6e6e6;background: light-dark(rgba(0,0,0,0.1), rgba(255,255,255,0.25));color: #000000;color: light-dark(#000000, #ffffff);border-radius: 2px  Server   20o54t @ http://localhost:3001/_next/static/chunks/f12ff_next_dist_95687940._.js:2302
[10761928ms] [WARNING] %c%s%c PortableText block detected in page blocks array. This should be rendered via PortableTextRenderer, not Blocks component. background: #e6e6e6;background: light-dark(rgba(0,0,0,0.1), rgba(255,255,255,0.25));color: #000000;color: light-dark(#000000, #ffffff);border-radius: 2px  Server   ukren1 @ http://localhost:3001/_next/static/chunks/f12ff_next_dist_95687940._.js:2302
[10761930ms] [WARNING] %c%s%c PortableText block detected in page blocks array. This should be rendered via PortableTextRenderer, not Blocks component. background: #e6e6e6;background: light-dark(rgba(0,0,0,0.1), rgba(255,255,255,0.25));color: #000000;color: light-dark(#000000, #ffffff);border-radius: 2px  Server   wm4f29 @ http://localhost:3001/_next/static/chunks/f12ff_next_dist_95687940._.js:2302
[10761995ms] [WARNING] %c%s%c PortableText block detected in page blocks array. This should be rendered via PortableTextRenderer, not Blocks component. background: #e6e6e6;background: light-dark(rgba(0,0,0,0.1), rgba(255,255,255,0.25));color: #000000;color: light-dark(#000000, #ffffff);border-radius: 2px  Server   20o54t @ http://localhost:3001/_next/static/chunks/f12ff_next_dist_95687940._.js:2302
[10762184ms] [WARNING] %c%s%c PortableText block detected in page blocks array. This should be rendered via PortableTextRenderer, not Blocks component. background: #e6e6e6;background: light-dark(rgba(0,0,0,0.1), rgba(255,255,255,0.25));color: #000000;color: light-dark(#000000, #ffffff);border-radius: 2px  Server   ukren1 @ http://localhost:3001/_next/static/chunks/f12ff_next_dist_95687940._.js:2302
[10762184ms] [WARNING] %c%s%c PortableText block detected in page blocks array. This should be rendered via PortableTextRenderer, not Blocks component. background: #e6e6e6;background: light-dark(rgba(0,0,0,0.1), rgba(255,255,255,0.25));color: #000000;color: light-dark(#000000, #ffffff);border-radius: 2px  Server   wm4f29 @ http://localhost:3001/_next/static/chunks/f12ff_next_dist_95687940._.js:2302
[10762184ms] [WARNING] %c%s%c PortableText block detected in page blocks array. This should be rendered via PortableTextRenderer, not Blocks component. background: #e6e6e6;background: light-dark(rgba(0,0,0,0.1), rgba(255,255,255,0.25));color: #000000;color: light-dark(#000000, #ffffff);border-radius: 2px  Server   20o54t @ http://localhost:3001/_next/static/chunks/f12ff_next_dist_95687940._.js:2302
[10762185ms] [WARNING] %c%s%c PortableText block detected in page blocks array. This should be rendered via PortableTextRenderer, not Blocks component. background: #e6e6e6;background: light-dark(rgba(0,0,0,0.1), rgba(255,255,255,0.25));color: #000000;color: light-dark(#000000, #ffffff);border-radius: 2px  Server   ukren1 @ http://localhost:3001/_next/static/chunks/f12ff_next_dist_95687940._.js:2302
[10762185ms] [WARNING] %c%s%c PortableText block detected in page blocks array. This should be rendered via PortableTextRenderer, not Blocks component. background: #e6e6e6;background: light-dark(rgba(0,0,0,0.1), rgba(255,255,255,0.25));color: #000000;color: light-dark(#000000, #ffffff);border-radius: 2px  Server   wm4f29 @ http://localhost:3001/_next/static/chunks/f12ff_next_dist_95687940._.js:2302
[10762186ms] [WARNING] %c%s%c PortableText block detected in page blocks array. This should be rendered via PortableTextRenderer, not Blocks component. background: #e6e6e6;background: light-dark(rgba(0,0,0,0.1), rgba(255,255,255,0.25));color: #000000;color: light-dark(#000000, #ffffff);border-radius: 2px  Server   20o54t @ http://localhost:3001/_next/static/chunks/f12ff_next_dist_95687940._.js:2302
[10762201ms] [WARNING] %c%s%c PortableText block detected in page blocks array. This should be rendered via PortableTextRenderer, not Blocks component. background: #e6e6e6;background: light-dark(rgba(0,0,0,0.1), rgba(255,255,255,0.25));color: #000000;color: light-dark(#000000, #ffffff);border-radius: 2px  Server   ukren1 @ http://localhost:3001/_next/static/chunks/f12ff_next_dist_95687940._.js:2302
[10762201ms] [WARNING] %c%s%c PortableText block detected in page blocks array. This should be rendered via PortableTextRenderer, not Blocks component. background: #e6e6e6;background: light-dark(rgba(0,0,0,0.1), rgba(255,255,255,0.25));color: #000000;color: light-dark(#000000, #ffffff);border-radius: 2px  Server   wm4f29 @ http://localhost:3001/_next/static/chunks/f12ff_next_dist_95687940._.js:2302
[10762213ms] [WARNING] %c%s%c PortableText block detected in page blocks array. This should be rendered via PortableTextRenderer, not Blocks component. background: #e6e6e6;background: light-dark(rgba(0,0,0,0.1), rgba(255,255,255,0.25));color: #000000;color: light-dark(#000000, #ffffff);border-radius: 2px  Server   ukren1 @ http://localhost:3001/_next/static/chunks/f12ff_next_dist_95687940._.js:2302
[10762213ms] [WARNING] %c%s%c PortableText block detected in page blocks array. This should be rendered via PortableTextRenderer, not Blocks component. background: #e6e6e6;background: light-dark(rgba(0,0,0,0.1), rgba(255,255,255,0.25));color: #000000;color: light-dark(#000000, #ffffff);border-radius: 2px  Server   wm4f29 @ http://localhost:3001/_next/static/chunks/f12ff_next_dist_95687940._.js:2302
[10762214ms] [WARNING] %c%s%c PortableText block detected in page blocks array. This should be rendered via PortableTextRenderer, not Blocks component. background: #e6e6e6;background: light-dark(rgba(0,0,0,0.1), rgba(255,255,255,0.25));color: #000000;color: light-dark(#000000, #ffffff);border-radius: 2px  Server   20o54t @ http://localhost:3001/_next/static/chunks/f12ff_next_dist_95687940._.js:2302
[10762214ms] [WARNING] %c%s%c PortableText block detected in page blocks array. This should be rendered via PortableTextRenderer, not Blocks component. background: #e6e6e6;background: light-dark(rgba(0,0,0,0.1), rgba(255,255,255,0.25));color: #000000;color: light-dark(#000000, #ffffff);border-radius: 2px  Server   20o54t @ http://localhost:3001/_next/static/chunks/f12ff_next_dist_95687940._.js:2302
[10762327ms] [WARNING] %c%s%c PortableText block detected in page blocks array. This should be rendered via PortableTextRenderer, not Blocks component. background: #e6e6e6;background: light-dark(rgba(0,0,0,0.1), rgba(255,255,255,0.25));color: #000000;color: light-dark(#000000, #ffffff);border-radius: 2px  Server   ukren1 @ http://localhost:3001/_next/static/chunks/f12ff_next_dist_95687940._.js:2302
[10762328ms] [WARNING] %c%s%c PortableText block detected in page blocks array. This should be rendered via PortableTextRenderer, not Blocks component. background: #e6e6e6;background: light-dark(rgba(0,0,0,0.1), rgba(255,255,255,0.25));color: #000000;color: light-dark(#000000, #ffffff);border-radius: 2px  Server   wm4f29 @ http://localhost:3001/_next/static/chunks/f12ff_next_dist_95687940._.js:2302
[10762395ms] [WARNING] %c%s%c PortableText block detected in page blocks array. This should be rendered via PortableTextRenderer, not Blocks component. background: #e6e6e6;background: light-dark(rgba(0,0,0,0.1), rgba(255,255,255,0.25));color: #000000;color: light-dark(#000000, #ffffff);border-radius: 2px  Server   20o54t @ http://localhost:3001/_next/static/chunks/f12ff_next_dist_95687940._.js:2302
[10762470ms] [WARNING] %c%s%c PortableText block detected in page blocks array. This should be rendered via PortableTextRenderer, not Blocks component. background: #e6e6e6;background: light-dark(rgba(0,0,0,0.1), rgba(255,255,255,0.25));color: #000000;color: light-dark(#000000, #ffffff);border-radius: 2px  Server   ukren1 @ http://localhost:3001/_next/static/chunks/f12ff_next_dist_95687940._.js:2302
[10762470ms] [WARNING] %c%s%c PortableText block detected in page blocks array. This should be rendered via PortableTextRenderer, not Blocks component. background: #e6e6e6;background: light-dark(rgba(0,0,0,0.1), rgba(255,255,255,0.25));color: #000000;color: light-dark(#000000, #ffffff);border-radius: 2px  Server   wm4f29 @ http://localhost:3001/_next/static/chunks/f12ff_next_dist_95687940._.js:2302
[10762540ms] [WARNING] %c%s%c PortableText block detected in page blocks array. This should be rendered via PortableTextRenderer, not Blocks component. background: #e6e6e6;background: light-dark(rgba(0,0,0,0.1), rgba(255,255,255,0.25));color: #000000;color: light-dark(#000000, #ffffff);border-radius: 2px  Server   20o54t @ http://localhost:3001/_next/static/chunks/f12ff_next_dist_95687940._.js:2302
[10762733ms] [WARNING] %c%s%c PortableText block detected in page blocks array. This should be rendered via PortableTextRenderer, not Blocks component. background: #e6e6e6;background: light-dark(rgba(0,0,0,0.1), rgba(255,255,255,0.25));color: #000000;color: light-dark(#000000, #ffffff);border-radius: 2px  Server   ukren1 @ http://localhost:3001/_next/static/chunks/f12ff_next_dist_95687940._.js:2302
[10762734ms] [WARNING] %c%s%c PortableText block detected in page blocks array. This should be rendered via PortableTextRenderer, not Blocks component. background: #e6e6e6;background: light-dark(rgba(0,0,0,0.1), rgba(255,255,255,0.25));color: #000000;color: light-dark(#000000, #ffffff);border-radius: 2px  Server   wm4f29 @ http://localhost:3001/_next/static/chunks/f12ff_next_dist_95687940._.js:2302
[10762740ms] [WARNING] %c%s%c PortableText block detected in page blocks array. This should be rendered via PortableTextRenderer, not Blocks component. background: #e6e6e6;background: light-dark(rgba(0,0,0,0.1), rgba(255,255,255,0.25));color: #000000;color: light-dark(#000000, #ffffff);border-radius: 2px  Server   ukren1 @ http://localhost:3001/_next/static/chunks/f12ff_next_dist_95687940._.js:2302
[10762740ms] [WARNING] %c%s%c PortableText block detected in page blocks array. This should be rendered via PortableTextRenderer, not Blocks component. background: #e6e6e6;background: light-dark(rgba(0,0,0,0.1), rgba(255,255,255,0.25));color: #000000;color: light-dark(#000000, #ffffff);border-radius: 2px  Server   wm4f29 @ http://localhost:3001/_next/static/chunks/f12ff_next_dist_95687940._.js:2302
[10762740ms] [WARNING] %c%s%c PortableText block detected in page blocks array. This should be rendered via PortableTextRenderer, not Blocks component. background: #e6e6e6;background: light-dark(rgba(0,0,0,0.1), rgba(255,255,255,0.25));color: #000000;color: light-dark(#000000, #ffffff);border-radius: 2px  Server   20o54t @ http://localhost:3001/_next/static/chunks/f12ff_next_dist_95687940._.js:2302
[10762747ms] [WARNING] %c%s%c PortableText block detected in page blocks array. This should be rendered via PortableTextRenderer, not Blocks component. background: #e6e6e6;background: light-dark(rgba(0,0,0,0.1), rgba(255,255,255,0.25));color: #000000;color: light-dark(#000000, #ffffff);border-radius: 2px  Server   20o54t @ http://localhost:3001/_next/static/chunks/f12ff_next_dist_95687940._.js:2302
[10762755ms] [WARNING] %c%s%c PortableText block detected in page blocks array. This should be rendered via PortableTextRenderer, not Blocks component. background: #e6e6e6;background: light-dark(rgba(0,0,0,0.1), rgba(255,255,255,0.25));color: #000000;color: light-dark(#000000, #ffffff);border-radius: 2px  Server   ukren1 @ http://localhost:3001/_next/static/chunks/f12ff_next_dist_95687940._.js:2302
[10762756ms] [WARNING] %c%s%c PortableText block detected in page blocks array. This should be rendered via PortableTextRenderer, not Blocks component. background: #e6e6e6;background: light-dark(rgba(0,0,0,0.1), rgba(255,255,255,0.25));color: #000000;color: light-dark(#000000, #ffffff);border-radius: 2px  Server   wm4f29 @ http://localhost:3001/_next/static/chunks/f12ff_next_dist_95687940._.js:2302
[10762757ms] [WARNING] %c%s%c PortableText block detected in page blocks array. This should be rendered via PortableTextRenderer, not Blocks component. background: #e6e6e6;background: light-dark(rgba(0,0,0,0.1), rgba(255,255,255,0.25));color: #000000;color: light-dark(#000000, #ffffff);border-radius: 2px  Server   ukren1 @ http://localhost:3001/_next/static/chunks/f12ff_next_dist_95687940._.js:2302
[10762758ms] [WARNING] %c%s%c PortableText block detected in page blocks array. This should be rendered via PortableTextRenderer, not Blocks component. background: #e6e6e6;background: light-dark(rgba(0,0,0,0.1), rgba(255,255,255,0.25));color: #000000;color: light-dark(#000000, #ffffff);border-radius: 2px  Server   wm4f29 @ http://localhost:3001/_next/static/chunks/f12ff_next_dist_95687940._.js:2302
[10762758ms] [WARNING] %c%s%c PortableText block detected in page blocks array. This should be rendered via PortableTextRenderer, not Blocks component. background: #e6e6e6;background: light-dark(rgba(0,0,0,0.1), rgba(255,255,255,0.25));color: #000000;color: light-dark(#000000, #ffffff);border-radius: 2px  Server   20o54t @ http://localhost:3001/_next/static/chunks/f12ff_next_dist_95687940._.js:2302
[10762855ms] [WARNING] %c%s%c PortableText block detected in page blocks array. This should be rendered via PortableTextRenderer, not Blocks component. background: #e6e6e6;background: light-dark(rgba(0,0,0,0.1), rgba(255,255,255,0.25));color: #000000;color: light-dark(#000000, #ffffff);border-radius: 2px  Server   20o54t @ http://localhost:3001/_next/static/chunks/f12ff_next_dist_95687940._.js:2302
[10762973ms] [LOG] [Fast Refresh] rebuilding @ http://localhost:3001/_next/static/chunks/f12ff_next_dist_95687940._.js:2302
[10764360ms] [LOG] [Fast Refresh] done in 1489ms @ http://localhost:3001/_next/static/chunks/f12ff_next_dist_95687940._.js:2302
[10764423ms] [WARNING] %c%s%c PortableText block detected in page blocks array. This should be rendered via PortableTextRenderer, not Blocks component. background: #e6e6e6;background: light-dark(rgba(0,0,0,0.1), rgba(255,255,255,0.25));color: #000000;color: light-dark(#000000, #ffffff);border-radius: 2px  Server   ukren1 @ http://localhost:3001/_next/static/chunks/f12ff_next_dist_95687940._.js:2302
[10764423ms] [WARNING] %c%s%c PortableText block detected in page blocks array. This should be rendered via PortableTextRenderer, not Blocks component. background: #e6e6e6;background: light-dark(rgba(0,0,0,0.1), rgba(255,255,255,0.25));color: #000000;color: light-dark(#000000, #ffffff);border-radius: 2px  Server   wm4f29 @ http://localhost:3001/_next/static/chunks/f12ff_next_dist_95687940._.js:2302
[10764524ms] [LOG] [Fast Refresh] rebuilding @ http://localhost:3001/_next/static/chunks/f12ff_next_dist_95687940._.js:2302
[10764526ms] [LOG] [Fast Refresh] done in 103ms @ http://localhost:3001/_next/static/chunks/f12ff_next_dist_95687940._.js:2302
[10764530ms] [WARNING] %c%s%c PortableText block detected in page blocks array. This should be rendered via PortableTextRenderer, not Blocks component. background: #e6e6e6;background: light-dark(rgba(0,0,0,0.1), rgba(255,255,255,0.25));color: #000000;color: light-dark(#000000, #ffffff);border-radius: 2px  Server   20o54t @ http://localhost:3001/_next/static/chunks/f12ff_next_dist_95687940._.js:2302
[10764736ms] [WARNING] %c%s%c PortableText block detected in page blocks array. This should be rendered via PortableTextRenderer, not Blocks component. background: #e6e6e6;background: light-dark(rgba(0,0,0,0.1), rgba(255,255,255,0.25));color: #000000;color: light-dark(#000000, #ffffff);border-radius: 2px  Server   ukren1 @ http://localhost:3001/_next/static/chunks/f12ff_next_dist_95687940._.js:2302
[10764741ms] [WARNING] %c%s%c PortableText block detected in page blocks array. This should be rendered via PortableTextRenderer, not Blocks component. background: #e6e6e6;background: light-dark(rgba(0,0,0,0.1), rgba(255,255,255,0.25));color: #000000;color: light-dark(#000000, #ffffff);border-radius: 2px  Server   wm4f29 @ http://localhost:3001/_next/static/chunks/f12ff_next_dist_95687940._.js:2302
[10764741ms] [WARNING] %c%s%c PortableText block detected in page blocks array. This should be rendered via PortableTextRenderer, not Blocks component. background: #e6e6e6;background: light-dark(rgba(0,0,0,0.1), rgba(255,255,255,0.25));color: #000000;color: light-dark(#000000, #ffffff);border-radius: 2px  Server   20o54t @ http://localhost:3001/_next/static/chunks/f12ff_next_dist_95687940._.js:2302
[10765010ms] [WARNING] %c%s%c PortableText block detected in page blocks array. This should be rendered via PortableTextRenderer, not Blocks component. background: #e6e6e6;background: light-dark(rgba(0,0,0,0.1), rgba(255,255,255,0.25));color: #000000;color: light-dark(#000000, #ffffff);border-radius: 2px  Server   ukren1 @ http://localhost:3001/_next/static/chunks/f12ff_next_dist_95687940._.js:2302
[10765010ms] [WARNING] %c%s%c PortableText block detected in page blocks array. This should be rendered via PortableTextRenderer, not Blocks component. background: #e6e6e6;background: light-dark(rgba(0,0,0,0.1), rgba(255,255,255,0.25));color: #000000;color: light-dark(#000000, #ffffff);border-radius: 2px  Server   wm4f29 @ http://localhost:3001/_next/static/chunks/f12ff_next_dist_95687940._.js:2302
[10765010ms] [WARNING] %c%s%c PortableText block detected in page blocks array. This should be rendered via PortableTextRenderer, not Blocks component. background: #e6e6e6;background: light-dark(rgba(0,0,0,0.1), rgba(255,255,255,0.25));color: #000000;color: light-dark(#000000, #ffffff);border-radius: 2px  Server   20o54t @ http://localhost:3001/_next/static/chunks/f12ff_next_dist_95687940._.js:2302
[10765011ms] [WARNING] %c%s%c PortableText block detected in page blocks array. This should be rendered via PortableTextRenderer, not Blocks component. background: #e6e6e6;background: light-dark(rgba(0,0,0,0.1), rgba(255,255,255,0.25));color: #000000;color: light-dark(#000000, #ffffff);border-radius: 2px  Server   ukren1 @ http://localhost:3001/_next/static/chunks/f12ff_next_dist_95687940._.js:2302
[10765011ms] [WARNING] %c%s%c PortableText block detected in page blocks array. This should be rendered via PortableTextRenderer, not Blocks component. background: #e6e6e6;background: light-dark(rgba(0,0,0,0.1), rgba(255,255,255,0.25));color: #000000;color: light-dark(#000000, #ffffff);border-radius: 2px  Server   wm4f29 @ http://localhost:3001/_next/static/chunks/f12ff_next_dist_95687940._.js:2302
[10765061ms] [WARNING] %c%s%c PortableText block detected in page blocks array. This should be rendered via PortableTextRenderer, not Blocks component. background: #e6e6e6;background: light-dark(rgba(0,0,0,0.1), rgba(255,255,255,0.25));color: #000000;color: light-dark(#000000, #ffffff);border-radius: 2px  Server   ukren1 @ http://localhost:3001/_next/static/chunks/f12ff_next_dist_95687940._.js:2302
[10765062ms] [WARNING] %c%s%c PortableText block detected in page blocks array. This should be rendered via PortableTextRenderer, not Blocks component. background: #e6e6e6;background: light-dark(rgba(0,0,0,0.1), rgba(255,255,255,0.25));color: #000000;color: light-dark(#000000, #ffffff);border-radius: 2px  Server   wm4f29 @ http://localhost:3001/_next/static/chunks/f12ff_next_dist_95687940._.js:2302
[10765062ms] [WARNING] %c%s%c PortableText block detected in page blocks array. This should be rendered via PortableTextRenderer, not Blocks component. background: #e6e6e6;background: light-dark(rgba(0,0,0,0.1), rgba(255,255,255,0.25));color: #000000;color: light-dark(#000000, #ffffff);border-radius: 2px  Server   20o54t @ http://localhost:3001/_next/static/chunks/f12ff_next_dist_95687940._.js:2302
[10765078ms] [WARNING] %c%s%c PortableText block detected in page blocks array. This should be rendered via PortableTextRenderer, not Blocks component. background: #e6e6e6;background: light-dark(rgba(0,0,0,0.1), rgba(255,255,255,0.25));color: #000000;color: light-dark(#000000, #ffffff);border-radius: 2px  Server   20o54t @ http://localhost:3001/_next/static/chunks/f12ff_next_dist_95687940._.js:2302
[10765092ms] [WARNING] %c%s%c PortableText block detected in page blocks array. This should be rendered via PortableTextRenderer, not Blocks component. background: #e6e6e6;background: light-dark(rgba(0,0,0,0.1), rgba(255,255,255,0.25));color: #000000;color: light-dark(#000000, #ffffff);border-radius: 2px  Server   ukren1 @ http://localhost:3001/_next/static/chunks/f12ff_next_dist_95687940._.js:2302
[10765093ms] [WARNING] %c%s%c PortableText block detected in page blocks array. This should be rendered via PortableTextRenderer, not Blocks component. background: #e6e6e6;background: light-dark(rgba(0,0,0,0.1), rgba(255,255,255,0.25));color: #000000;color: light-dark(#000000, #ffffff);border-radius: 2px  Server   wm4f29 @ http://localhost:3001/_next/static/chunks/f12ff_next_dist_95687940._.js:2302
[10765093ms] [WARNING] %c%s%c PortableText block detected in page blocks array. This should be rendered via PortableTextRenderer, not Blocks component. background: #e6e6e6;background: light-dark(rgba(0,0,0,0.1), rgba(255,255,255,0.25));color: #000000;color: light-dark(#000000, #ffffff);border-radius: 2px  Server   20o54t @ http://localhost:3001/_next/static/chunks/f12ff_next_dist_95687940._.js:2302
[10765192ms] [WARNING] %c%s%c PortableText block detected in page blocks array. This should be rendered via PortableTextRenderer, not Blocks component. background: #e6e6e6;background: light-dark(rgba(0,0,0,0.1), rgba(255,255,255,0.25));color: #000000;color: light-dark(#000000, #ffffff);border-radius: 2px  Server   ukren1 @ http://localhost:3001/_next/static/chunks/f12ff_next_dist_95687940._.js:2302
[10765193ms] [WARNING] %c%s%c PortableText block detected in page blocks array. This should be rendered via PortableTextRenderer, not Blocks component. background: #e6e6e6;background: light-dark(rgba(0,0,0,0.1), rgba(255,255,255,0.25));color: #000000;color: light-dark(#000000, #ffffff);border-radius: 2px  Server   wm4f29 @ http://localhost:3001/_next/static/chunks/f12ff_next_dist_95687940._.js:2302
[10765258ms] [WARNING] %c%s%c PortableText block detected in page blocks array. This should be rendered via PortableTextRenderer, not Blocks component. background: #e6e6e6;background: light-dark(rgba(0,0,0,0.1), rgba(255,255,255,0.25));color: #000000;color: light-dark(#000000, #ffffff);border-radius: 2px  Server   20o54t @ http://localhost:3001/_next/static/chunks/f12ff_next_dist_95687940._.js:2302
[10765365ms] [WARNING] %c%s%c PortableText block detected in page blocks array. This should be rendered via PortableTextRenderer, not Blocks component. background: #e6e6e6;background: light-dark(rgba(0,0,0,0.1), rgba(255,255,255,0.25));color: #000000;color: light-dark(#000000, #ffffff);border-radius: 2px  Server   ukren1 @ http://localhost:3001/_next/static/chunks/f12ff_next_dist_95687940._.js:2302
[10765374ms] [WARNING] %c%s%c PortableText block detected in page blocks array. This should be rendered via PortableTextRenderer, not Blocks component. background: #e6e6e6;background: light-dark(rgba(0,0,0,0.1), rgba(255,255,255,0.25));color: #000000;color: light-dark(#000000, #ffffff);border-radius: 2px  Server   wm4f29 @ http://localhost:3001/_next/static/chunks/f12ff_next_dist_95687940._.js:2302
[10765433ms] [WARNING] %c%s%c PortableText block detected in page blocks array. This should be rendered via PortableTextRenderer, not Blocks component. background: #e6e6e6;background: light-dark(rgba(0,0,0,0.1), rgba(255,255,255,0.25));color: #000000;color: light-dark(#000000, #ffffff);border-radius: 2px  Server   20o54t @ http://localhost:3001/_next/static/chunks/f12ff_next_dist_95687940._.js:2302
[10765613ms] [WARNING] %c%s%c PortableText block detected in page blocks array. This should be rendered via PortableTextRenderer, not Blocks component. background: #e6e6e6;background: light-dark(rgba(0,0,0,0.1), rgba(255,255,255,0.25));color: #000000;color: light-dark(#000000, #ffffff);border-radius: 2px  Server   ukren1 @ http://localhost:3001/_next/static/chunks/f12ff_next_dist_95687940._.js:2302
[10765613ms] [WARNING] %c%s%c PortableText block detected in page blocks array. This should be rendered via PortableTextRenderer, not Blocks component. background: #e6e6e6;background: light-dark(rgba(0,0,0,0.1), rgba(255,255,255,0.25));color: #000000;color: light-dark(#000000, #ffffff);border-radius: 2px  Server   wm4f29 @ http://localhost:3001/_next/static/chunks/f12ff_next_dist_95687940._.js:2302
[10765616ms] [WARNING] %c%s%c PortableText block detected in page blocks array. This should be rendered via PortableTextRenderer, not Blocks component. background: #e6e6e6;background: light-dark(rgba(0,0,0,0.1), rgba(255,255,255,0.25));color: #000000;color: light-dark(#000000, #ffffff);border-radius: 2px  Server   ukren1 @ http://localhost:3001/_next/static/chunks/f12ff_next_dist_95687940._.js:2302
[10765616ms] [WARNING] %c%s%c PortableText block detected in page blocks array. This should be rendered via PortableTextRenderer, not Blocks component. background: #e6e6e6;background: light-dark(rgba(0,0,0,0.1), rgba(255,255,255,0.25));color: #000000;color: light-dark(#000000, #ffffff);border-radius: 2px  Server   wm4f29 @ http://localhost:3001/_next/static/chunks/f12ff_next_dist_95687940._.js:2302
[10765620ms] [WARNING] %c%s%c PortableText block detected in page blocks array. This should be rendered via PortableTextRenderer, not Blocks component. background: #e6e6e6;background: light-dark(rgba(0,0,0,0.1), rgba(255,255,255,0.25));color: #000000;color: light-dark(#000000, #ffffff);border-radius: 2px  Server   20o54t @ http://localhost:3001/_next/static/chunks/f12ff_next_dist_95687940._.js:2302
[10765627ms] [WARNING] %c%s%c PortableText block detected in page blocks array. This should be rendered via PortableTextRenderer, not Blocks component. background: #e6e6e6;background: light-dark(rgba(0,0,0,0.1), rgba(255,255,255,0.25));color: #000000;color: light-dark(#000000, #ffffff);border-radius: 2px  Server   ukren1 @ http://localhost:3001/_next/static/chunks/f12ff_next_dist_95687940._.js:2302
[10765627ms] [WARNING] %c%s%c PortableText block detected in page blocks array. This should be rendered via PortableTextRenderer, not Blocks component. background: #e6e6e6;background: light-dark(rgba(0,0,0,0.1), rgba(255,255,255,0.25));color: #000000;color: light-dark(#000000, #ffffff);border-radius: 2px  Server   wm4f29 @ http://localhost:3001/_next/static/chunks/f12ff_next_dist_95687940._.js:2302
[10765628ms] [WARNING] %c%s%c PortableText block detected in page blocks array. This should be rendered via PortableTextRenderer, not Blocks component. background: #e6e6e6;background: light-dark(rgba(0,0,0,0.1), rgba(255,255,255,0.25));color: #000000;color: light-dark(#000000, #ffffff);border-radius: 2px  Server   20o54t @ http://localhost:3001/_next/static/chunks/f12ff_next_dist_95687940._.js:2302
[10765635ms] [WARNING] %c%s%c PortableText block detected in page blocks array. This should be rendered via PortableTextRenderer, not Blocks component. background: #e6e6e6;background: light-dark(rgba(0,0,0,0.1), rgba(255,255,255,0.25));color: #000000;color: light-dark(#000000, #ffffff);border-radius: 2px  Server   ukren1 @ http://localhost:3001/_next/static/chunks/f12ff_next_dist_95687940._.js:2302
[10765635ms] [WARNING] %c%s%c PortableText block detected in page blocks array. This should be rendered via PortableTextRenderer, not Blocks component. background: #e6e6e6;background: light-dark(rgba(0,0,0,0.1), rgba(255,255,255,0.25));color: #000000;color: light-dark(#000000, #ffffff);border-radius: 2px  Server   wm4f29 @ http://localhost:3001/_next/static/chunks/f12ff_next_dist_95687940._.js:2302
[10765646ms] [WARNING] %c%s%c PortableText block detected in page blocks array. This should be rendered via PortableTextRenderer, not Blocks component. background: #e6e6e6;background: light-dark(rgba(0,0,0,0.1), rgba(255,255,255,0.25));color: #000000;color: light-dark(#000000, #ffffff);border-radius: 2px  Server   20o54t @ http://localhost:3001/_next/static/chunks/f12ff_next_dist_95687940._.js:2302
[10765652ms] [WARNING] %c%s%c PortableText block detected in page blocks array. This should be rendered via PortableTextRenderer, not Blocks component. background: #e6e6e6;background: light-dark(rgba(0,0,0,0.1), rgba(255,255,255,0.25));color: #000000;color: light-dark(#000000, #ffffff);border-radius: 2px  Server   20o54t @ http://localhost:3001/_next/static/chunks/f12ff_next_dist_95687940._.js:2302
[10765767ms] [LOG] [Fast Refresh] rebuilding @ http://localhost:3001/_next/static/chunks/f12ff_next_dist_95687940._.js:2302
[10765801ms] [LOG] [Fast Refresh] done in 145ms @ http://localhost:3001/_next/static/chunks/f12ff_next_dist_95687940._.js:2302
[10765801ms] [WARNING] %c%s%c PortableText block detected in page blocks array. This should be rendered via PortableTextRenderer, not Blocks component. background: #e6e6e6;background: light-dark(rgba(0,0,0,0.1), rgba(255,255,255,0.25));color: #000000;color: light-dark(#000000, #ffffff);border-radius: 2px  Server   ukren1 @ http://localhost:3001/_next/static/chunks/f12ff_next_dist_95687940._.js:2302
[10765802ms] [WARNING] %c%s%c PortableText block detected in page blocks array. This should be rendered via PortableTextRenderer, not Blocks component. background: #e6e6e6;background: light-dark(rgba(0,0,0,0.1), rgba(255,255,255,0.25));color: #000000;color: light-dark(#000000, #ffffff);border-radius: 2px  Server   wm4f29 @ http://localhost:3001/_next/static/chunks/f12ff_next_dist_95687940._.js:2302
[10765889ms] [WARNING] %c%s%c PortableText block detected in page blocks array. This should be rendered via PortableTextRenderer, not Blocks component. background: #e6e6e6;background: light-dark(rgba(0,0,0,0.1), rgba(255,255,255,0.25));color: #000000;color: light-dark(#000000, #ffffff);border-radius: 2px  Server   20o54t @ http://localhost:3001/_next/static/chunks/f12ff_next_dist_95687940._.js:2302
[10766090ms] [LOG] [Fast Refresh] rebuilding @ http://localhost:3001/_next/static/chunks/f12ff_next_dist_95687940._.js:2302
[10766118ms] [LOG] [Fast Refresh] done in 129ms @ http://localhost:3001/_next/static/chunks/f12ff_next_dist_95687940._.js:2302
[10766124ms] [WARNING] %c%s%c PortableText block detected in page blocks array. This should be rendered via PortableTextRenderer, not Blocks component. background: #e6e6e6;background: light-dark(rgba(0,0,0,0.1), rgba(255,255,255,0.25));color: #000000;color: light-dark(#000000, #ffffff);border-radius: 2px  Server   ukren1 @ http://localhost:3001/_next/static/chunks/f12ff_next_dist_95687940._.js:2302
[10766124ms] [WARNING] %c%s%c PortableText block detected in page blocks array. This should be rendered via PortableTextRenderer, not Blocks component. background: #e6e6e6;background: light-dark(rgba(0,0,0,0.1), rgba(255,255,255,0.25));color: #000000;color: light-dark(#000000, #ffffff);border-radius: 2px  Server   wm4f29 @ http://localhost:3001/_next/static/chunks/f12ff_next_dist_95687940._.js:2302
[10766172ms] [WARNING] %c%s%c PortableText block detected in page blocks array. This should be rendered via PortableTextRenderer, not Blocks component. background: #e6e6e6;background: light-dark(rgba(0,0,0,0.1), rgba(255,255,255,0.25));color: #000000;color: light-dark(#000000, #ffffff);border-radius: 2px  Server   20o54t @ http://localhost:3001/_next/static/chunks/f12ff_next_dist_95687940._.js:2302
[10766298ms] [LOG] [Fast Refresh] rebuilding @ http://localhost:3001/_next/static/chunks/f12ff_next_dist_95687940._.js:2302
[10766381ms] [LOG] [Fast Refresh] done in 184ms @ http://localhost:3001/_next/static/chunks/f12ff_next_dist_95687940._.js:2302
[10766523ms] [WARNING] %c%s%c PortableText block detected in page blocks array. This should be rendered via PortableTextRenderer, not Blocks component. background: #e6e6e6;background: light-dark(rgba(0,0,0,0.1), rgba(255,255,255,0.25));color: #000000;color: light-dark(#000000, #ffffff);border-radius: 2px  Server   ukren1 @ http://localhost:3001/_next/static/chunks/f12ff_next_dist_95687940._.js:2302
[10766523ms] [WARNING] %c%s%c PortableText block detected in page blocks array. This should be rendered via PortableTextRenderer, not Blocks component. background: #e6e6e6;background: light-dark(rgba(0,0,0,0.1), rgba(255,255,255,0.25));color: #000000;color: light-dark(#000000, #ffffff);border-radius: 2px  Server   wm4f29 @ http://localhost:3001/_next/static/chunks/f12ff_next_dist_95687940._.js:2302
[10766523ms] [WARNING] %c%s%c PortableText block detected in page blocks array. This should be rendered via PortableTextRenderer, not Blocks component. background: #e6e6e6;background: light-dark(rgba(0,0,0,0.1), rgba(255,255,255,0.25));color: #000000;color: light-dark(#000000, #ffffff);border-radius: 2px  Server   20o54t @ http://localhost:3001/_next/static/chunks/f12ff_next_dist_95687940._.js:2302
[10766525ms] [WARNING] %c%s%c PortableText block detected in page blocks array. This should be rendered via PortableTextRenderer, not Blocks component. background: #e6e6e6;background: light-dark(rgba(0,0,0,0.1), rgba(255,255,255,0.25));color: #000000;color: light-dark(#000000, #ffffff);border-radius: 2px  Server   ukren1 @ http://localhost:3001/_next/static/chunks/f12ff_next_dist_95687940._.js:2302
[10766525ms] [WARNING] %c%s%c PortableText block detected in page blocks array. This should be rendered via PortableTextRenderer, not Blocks component. background: #e6e6e6;background: light-dark(rgba(0,0,0,0.1), rgba(255,255,255,0.25));color: #000000;color: light-dark(#000000, #ffffff);border-radius: 2px  Server   wm4f29 @ http://localhost:3001/_next/static/chunks/f12ff_next_dist_95687940._.js:2302
[10766525ms] [WARNING] %c%s%c PortableText block detected in page blocks array. This should be rendered via PortableTextRenderer, not Blocks component. background: #e6e6e6;background: light-dark(rgba(0,0,0,0.1), rgba(255,255,255,0.25));color: #000000;color: light-dark(#000000, #ffffff);border-radius: 2px  Server   20o54t @ http://localhost:3001/_next/static/chunks/f12ff_next_dist_95687940._.js:2302
[10766549ms] [WARNING] %c%s%c PortableText block detected in page blocks array. This should be rendered via PortableTextRenderer, not Blocks component. background: #e6e6e6;background: light-dark(rgba(0,0,0,0.1), rgba(255,255,255,0.25));color: #000000;color: light-dark(#000000, #ffffff);border-radius: 2px  Server   ukren1 @ http://localhost:3001/_next/static/chunks/f12ff_next_dist_95687940._.js:2302
[10766549ms] [WARNING] %c%s%c PortableText block detected in page blocks array. This should be rendered via PortableTextRenderer, not Blocks component. background: #e6e6e6;background: light-dark(rgba(0,0,0,0.1), rgba(255,255,255,0.25));color: #000000;color: light-dark(#000000, #ffffff);border-radius: 2px  Server   wm4f29 @ http://localhost:3001/_next/static/chunks/f12ff_next_dist_95687940._.js:2302
[10766549ms] [WARNING] %c%s%c PortableText block detected in page blocks array. This should be rendered via PortableTextRenderer, not Blocks component. background: #e6e6e6;background: light-dark(rgba(0,0,0,0.1), rgba(255,255,255,0.25));color: #000000;color: light-dark(#000000, #ffffff);border-radius: 2px  Server   20o54t @ http://localhost:3001/_next/static/chunks/f12ff_next_dist_95687940._.js:2302
[10766556ms] [WARNING] %c%s%c PortableText block detected in page blocks array. This should be rendered via PortableTextRenderer, not Blocks component. background: #e6e6e6;background: light-dark(rgba(0,0,0,0.1), rgba(255,255,255,0.25));color: #000000;color: light-dark(#000000, #ffffff);border-radius: 2px  Server   ukren1 @ http://localhost:3001/_next/static/chunks/f12ff_next_dist_95687940._.js:2302
[10766556ms] [WARNING] %c%s%c PortableText block detected in page blocks array. This should be rendered via PortableTextRenderer, not Blocks component. background: #e6e6e6;background: light-dark(rgba(0,0,0,0.1), rgba(255,255,255,0.25));color: #000000;color: light-dark(#000000, #ffffff);border-radius: 2px  Server   wm4f29 @ http://localhost:3001/_next/static/chunks/f12ff_next_dist_95687940._.js:2302
[10766556ms] [WARNING] %c%s%c PortableText block detected in page blocks array. This should be rendered via PortableTextRenderer, not Blocks component. background: #e6e6e6;background: light-dark(rgba(0,0,0,0.1), rgba(255,255,255,0.25));color: #000000;color: light-dark(#000000, #ffffff);border-radius: 2px  Server   20o54t @ http://localhost:3001/_next/static/chunks/f12ff_next_dist_95687940._.js:2302
[10766611ms] [WARNING] %c%s%c PortableText block detected in page blocks array. This should be rendered via PortableTextRenderer, not Blocks component. background: #e6e6e6;background: light-dark(rgba(0,0,0,0.1), rgba(255,255,255,0.25));color: #000000;color: light-dark(#000000, #ffffff);border-radius: 2px  Server   ukren1 @ http://localhost:3001/_next/static/chunks/f12ff_next_dist_95687940._.js:2302
[10766613ms] [WARNING] %c%s%c PortableText block detected in page blocks array. This should be rendered via PortableTextRenderer, not Blocks component. background: #e6e6e6;background: light-dark(rgba(0,0,0,0.1), rgba(255,255,255,0.25));color: #000000;color: light-dark(#000000, #ffffff);border-radius: 2px  Server   wm4f29 @ http://localhost:3001/_next/static/chunks/f12ff_next_dist_95687940._.js:2302
[10766625ms] [WARNING] %c%s%c PortableText block detected in page blocks array. This should be rendered via PortableTextRenderer, not Blocks component. background: #e6e6e6;background: light-dark(rgba(0,0,0,0.1), rgba(255,255,255,0.25));color: #000000;color: light-dark(#000000, #ffffff);border-radius: 2px  Server   20o54t @ http://localhost:3001/_next/static/chunks/f12ff_next_dist_95687940._.js:2302
[10766882ms] [WARNING] %c%s%c PortableText block detected in page blocks array. This should be rendered via PortableTextRenderer, not Blocks component. background: #e6e6e6;background: light-dark(rgba(0,0,0,0.1), rgba(255,255,255,0.25));color: #000000;color: light-dark(#000000, #ffffff);border-radius: 2px  Server   ukren1 @ http://localhost:3001/_next/static/chunks/f12ff_next_dist_95687940._.js:2302
[10766884ms] [WARNING] %c%s%c PortableText block detected in page blocks array. This should be rendered via PortableTextRenderer, not Blocks component. background: #e6e6e6;background: light-dark(rgba(0,0,0,0.1), rgba(255,255,255,0.25));color: #000000;color: light-dark(#000000, #ffffff);border-radius: 2px  Server   wm4f29 @ http://localhost:3001/_next/static/chunks/f12ff_next_dist_95687940._.js:2302
[10766903ms] [WARNING] %c%s%c PortableText block detected in page blocks array. This should be rendered via PortableTextRenderer, not Blocks component. background: #e6e6e6;background: light-dark(rgba(0,0,0,0.1), rgba(255,255,255,0.25));color: #000000;color: light-dark(#000000, #ffffff);border-radius: 2px  Server   20o54t @ http://localhost:3001/_next/static/chunks/f12ff_next_dist_95687940._.js:2302
[10767004ms] [LOG] [Fast Refresh] rebuilding @ http://localhost:3001/_next/static/chunks/f12ff_next_dist_95687940._.js:2302
[10767009ms] [LOG] [Fast Refresh] done in 105ms @ http://localhost:3001/_next/static/chunks/f12ff_next_dist_95687940._.js:2302
[10767180ms] [WARNING] %c%s%c PortableText block detected in page blocks array. This should be rendered via PortableTextRenderer, not Blocks component. background: #e6e6e6;background: light-dark(rgba(0,0,0,0.1), rgba(255,255,255,0.25));color: #000000;color: light-dark(#000000, #ffffff);border-radius: 2px  Server   ukren1 @ http://localhost:3001/_next/static/chunks/f12ff_next_dist_95687940._.js:2302
[10767181ms] [WARNING] %c%s%c PortableText block detected in page blocks array. This should be rendered via PortableTextRenderer, not Blocks component. background: #e6e6e6;background: light-dark(rgba(0,0,0,0.1), rgba(255,255,255,0.25));color: #000000;color: light-dark(#000000, #ffffff);border-radius: 2px  Server   wm4f29 @ http://localhost:3001/_next/static/chunks/f12ff_next_dist_95687940._.js:2302
[10767190ms] [WARNING] %c%s%c PortableText block detected in page blocks array. This should be rendered via PortableTextRenderer, not Blocks component. background: #e6e6e6;background: light-dark(rgba(0,0,0,0.1), rgba(255,255,255,0.25));color: #000000;color: light-dark(#000000, #ffffff);border-radius: 2px  Server   20o54t @ http://localhost:3001/_next/static/chunks/f12ff_next_dist_95687940._.js:2302
[10767191ms] [WARNING] %c%s%c PortableText block detected in page blocks array. This should be rendered via PortableTextRenderer, not Blocks component. background: #e6e6e6;background: light-dark(rgba(0,0,0,0.1), rgba(255,255,255,0.25));color: #000000;color: light-dark(#000000, #ffffff);border-radius: 2px  Server   ukren1 @ http://localhost:3001/_next/static/chunks/f12ff_next_dist_95687940._.js:2302
[10767191ms] [WARNING] %c%s%c PortableText block detected in page blocks array. This should be rendered via PortableTextRenderer, not Blocks component. background: #e6e6e6;background: light-dark(rgba(0,0,0,0.1), rgba(255,255,255,0.25));color: #000000;color: light-dark(#000000, #ffffff);border-radius: 2px  Server   wm4f29 @ http://localhost:3001/_next/static/chunks/f12ff_next_dist_95687940._.js:2302
[10767215ms] [WARNING] %c%s%c PortableText block detected in page blocks array. This should be rendered via PortableTextRenderer, not Blocks component. background: #e6e6e6;background: light-dark(rgba(0,0,0,0.1), rgba(255,255,255,0.25));color: #000000;color: light-dark(#000000, #ffffff);border-radius: 2px  Server   20o54t @ http://localhost:3001/_next/static/chunks/f12ff_next_dist_95687940._.js:2302
[10767219ms] [WARNING] %c%s%c PortableText block detected in page blocks array. This should be rendered via PortableTextRenderer, not Blocks component. background: #e6e6e6;background: light-dark(rgba(0,0,0,0.1), rgba(255,255,255,0.25));color: #000000;color: light-dark(#000000, #ffffff);border-radius: 2px  Server   ukren1 @ http://localhost:3001/_next/static/chunks/f12ff_next_dist_95687940._.js:2302
[10767219ms] [WARNING] %c%s%c PortableText block detected in page blocks array. This should be rendered via PortableTextRenderer, not Blocks component. background: #e6e6e6;background: light-dark(rgba(0,0,0,0.1), rgba(255,255,255,0.25));color: #000000;color: light-dark(#000000, #ffffff);border-radius: 2px  Server   wm4f29 @ http://localhost:3001/_next/static/chunks/f12ff_next_dist_95687940._.js:2302
[10767219ms] [WARNING] %c%s%c PortableText block detected in page blocks array. This should be rendered via PortableTextRenderer, not Blocks component. background: #e6e6e6;background: light-dark(rgba(0,0,0,0.1), rgba(255,255,255,0.25));color: #000000;color: light-dark(#000000, #ffffff);border-radius: 2px  Server   20o54t @ http://localhost:3001/_next/static/chunks/f12ff_next_dist_95687940._.js:2302
[10767224ms] [WARNING] %c%s%c PortableText block detected in page blocks array. This should be rendered via PortableTextRenderer, not Blocks component. background: #e6e6e6;background: light-dark(rgba(0,0,0,0.1), rgba(255,255,255,0.25));color: #000000;color: light-dark(#000000, #ffffff);border-radius: 2px  Server   ukren1 @ http://localhost:3001/_next/static/chunks/f12ff_next_dist_95687940._.js:2302
[10767224ms] [WARNING] %c%s%c PortableText block detected in page blocks array. This should be rendered via PortableTextRenderer, not Blocks component. background: #e6e6e6;background: light-dark(rgba(0,0,0,0.1), rgba(255,255,255,0.25));color: #000000;color: light-dark(#000000, #ffffff);border-radius: 2px  Server   wm4f29 @ http://localhost:3001/_next/static/chunks/f12ff_next_dist_95687940._.js:2302
[10767231ms] [WARNING] %c%s%c PortableText block detected in page blocks array. This should be rendered via PortableTextRenderer, not Blocks component. background: #e6e6e6;background: light-dark(rgba(0,0,0,0.1), rgba(255,255,255,0.25));color: #000000;color: light-dark(#000000, #ffffff);border-radius: 2px  Server   20o54t @ http://localhost:3001/_next/static/chunks/f12ff_next_dist_95687940._.js:2302
[10767440ms] [WARNING] %c%s%c PortableText block detected in page blocks array. This should be rendered via PortableTextRenderer, not Blocks component. background: #e6e6e6;background: light-dark(rgba(0,0,0,0.1), rgba(255,255,255,0.25));color: #000000;color: light-dark(#000000, #ffffff);border-radius: 2px  Server   ukren1 @ http://localhost:3001/_next/static/chunks/f12ff_next_dist_95687940._.js:2302
[10767440ms] [WARNING] %c%s%c PortableText block detected in page blocks array. This should be rendered via PortableTextRenderer, not Blocks component. background: #e6e6e6;background: light-dark(rgba(0,0,0,0.1), rgba(255,255,255,0.25));color: #000000;color: light-dark(#000000, #ffffff);border-radius: 2px  Server   wm4f29 @ http://localhost:3001/_next/static/chunks/f12ff_next_dist_95687940._.js:2302
[10767445ms] [WARNING] %c%s%c PortableText block detected in page blocks array. This should be rendered via PortableTextRenderer, not Blocks component. background: #e6e6e6;background: light-dark(rgba(0,0,0,0.1), rgba(255,255,255,0.25));color: #000000;color: light-dark(#000000, #ffffff);border-radius: 2px  Server   20o54t @ http://localhost:3001/_next/static/chunks/f12ff_next_dist_95687940._.js:2302
[10767672ms] [WARNING] %c%s%c PortableText block detected in page blocks array. This should be rendered via PortableTextRenderer, not Blocks component. background: #e6e6e6;background: light-dark(rgba(0,0,0,0.1), rgba(255,255,255,0.25));color: #000000;color: light-dark(#000000, #ffffff);border-radius: 2px  Server   ukren1 @ http://localhost:3001/_next/static/chunks/f12ff_next_dist_95687940._.js:2302
[10767672ms] [WARNING] %c%s%c PortableText block detected in page blocks array. This should be rendered via PortableTextRenderer, not Blocks component. background: #e6e6e6;background: light-dark(rgba(0,0,0,0.1), rgba(255,255,255,0.25));color: #000000;color: light-dark(#000000, #ffffff);border-radius: 2px  Server   wm4f29 @ http://localhost:3001/_next/static/chunks/f12ff_next_dist_95687940._.js:2302
[10767681ms] [WARNING] %c%s%c PortableText block detected in page blocks array. This should be rendered via PortableTextRenderer, not Blocks component. background: #e6e6e6;background: light-dark(rgba(0,0,0,0.1), rgba(255,255,255,0.25));color: #000000;color: light-dark(#000000, #ffffff);border-radius: 2px  Server   20o54t @ http://localhost:3001/_next/static/chunks/f12ff_next_dist_95687940._.js:2302
[10767919ms] [WARNING] %c%s%c PortableText block detected in page blocks array. This should be rendered via PortableTextRenderer, not Blocks component. background: #e6e6e6;background: light-dark(rgba(0,0,0,0.1), rgba(255,255,255,0.25));color: #000000;color: light-dark(#000000, #ffffff);border-radius: 2px  Server   ukren1 @ http://localhost:3001/_next/static/chunks/f12ff_next_dist_95687940._.js:2302
[10767919ms] [WARNING] %c%s%c PortableText block detected in page blocks array. This should be rendered via PortableTextRenderer, not Blocks component. background: #e6e6e6;background: light-dark(rgba(0,0,0,0.1), rgba(255,255,255,0.25));color: #000000;color: light-dark(#000000, #ffffff);border-radius: 2px  Server   wm4f29 @ http://localhost:3001/_next/static/chunks/f12ff_next_dist_95687940._.js:2302
[10767919ms] [WARNING] %c%s%c PortableText block detected in page blocks array. This should be rendered via PortableTextRenderer, not Blocks component. background: #e6e6e6;background: light-dark(rgba(0,0,0,0.1), rgba(255,255,255,0.25));color: #000000;color: light-dark(#000000, #ffffff);border-radius: 2px  Server   20o54t @ http://localhost:3001/_next/static/chunks/f12ff_next_dist_95687940._.js:2302
[10767929ms] [WARNING] %c%s%c PortableText block detected in page blocks array. This should be rendered via PortableTextRenderer, not Blocks component. background: #e6e6e6;background: light-dark(rgba(0,0,0,0.1), rgba(255,255,255,0.25));color: #000000;color: light-dark(#000000, #ffffff);border-radius: 2px  Server   ukren1 @ http://localhost:3001/_next/static/chunks/f12ff_next_dist_95687940._.js:2302
[10767929ms] [WARNING] %c%s%c PortableText block detected in page blocks array. This should be rendered via PortableTextRenderer, not Blocks component. background: #e6e6e6;background: light-dark(rgba(0,0,0,0.1), rgba(255,255,255,0.25));color: #000000;color: light-dark(#000000, #ffffff);border-radius: 2px  Server   wm4f29 @ http://localhost:3001/_next/static/chunks/f12ff_next_dist_95687940._.js:2302
[10767929ms] [WARNING] %c%s%c PortableText block detected in page blocks array. This should be rendered via PortableTextRenderer, not Blocks component. background: #e6e6e6;background: light-dark(rgba(0,0,0,0.1), rgba(255,255,255,0.25));color: #000000;color: light-dark(#000000, #ffffff);border-radius: 2px  Server   20o54t @ http://localhost:3001/_next/static/chunks/f12ff_next_dist_95687940._.js:2302
[10767939ms] [WARNING] %c%s%c PortableText block detected in page blocks array. This should be rendered via PortableTextRenderer, not Blocks component. background: #e6e6e6;background: light-dark(rgba(0,0,0,0.1), rgba(255,255,255,0.25));color: #000000;color: light-dark(#000000, #ffffff);border-radius: 2px  Server   ukren1 @ http://localhost:3001/_next/static/chunks/f12ff_next_dist_95687940._.js:2302
[10767939ms] [WARNING] %c%s%c PortableText block detected in page blocks array. This should be rendered via PortableTextRenderer, not Blocks component. background: #e6e6e6;background: light-dark(rgba(0,0,0,0.1), rgba(255,255,255,0.25));color: #000000;color: light-dark(#000000, #ffffff);border-radius: 2px  Server   wm4f29 @ http://localhost:3001/_next/static/chunks/f12ff_next_dist_95687940._.js:2302
[10767939ms] [WARNING] %c%s%c PortableText block detected in page blocks array. This should be rendered via PortableTextRenderer, not Blocks component. background: #e6e6e6;background: light-dark(rgba(0,0,0,0.1), rgba(255,255,255,0.25));color: #000000;color: light-dark(#000000, #ffffff);border-radius: 2px  Server   20o54t @ http://localhost:3001/_next/static/chunks/f12ff_next_dist_95687940._.js:2302
[10767949ms] [WARNING] %c%s%c PortableText block detected in page blocks array. This should be rendered via PortableTextRenderer, not Blocks component. background: #e6e6e6;background: light-dark(rgba(0,0,0,0.1), rgba(255,255,255,0.25));color: #000000;color: light-dark(#000000, #ffffff);border-radius: 2px  Server   ukren1 @ http://localhost:3001/_next/static/chunks/f12ff_next_dist_95687940._.js:2302
[10767949ms] [WARNING] %c%s%c PortableText block detected in page blocks array. This should be rendered via PortableTextRenderer, not Blocks component. background: #e6e6e6;background: light-dark(rgba(0,0,0,0.1), rgba(255,255,255,0.25));color: #000000;color: light-dark(#000000, #ffffff);border-radius: 2px  Server   wm4f29 @ http://localhost:3001/_next/static/chunks/f12ff_next_dist_95687940._.js:2302
[10767949ms] [WARNING] %c%s%c PortableText block detected in page blocks array. This should be rendered via PortableTextRenderer, not Blocks component. background: #e6e6e6;background: light-dark(rgba(0,0,0,0.1), rgba(255,255,255,0.25));color: #000000;color: light-dark(#000000, #ffffff);border-radius: 2px  Server   20o54t @ http://localhost:3001/_next/static/chunks/f12ff_next_dist_95687940._.js:2302
[10768106ms] [WARNING] %c%s%c PortableText block detected in page blocks array. This should be rendered via PortableTextRenderer, not Blocks component. background: #e6e6e6;background: light-dark(rgba(0,0,0,0.1), rgba(255,255,255,0.25));color: #000000;color: light-dark(#000000, #ffffff);border-radius: 2px  Server   ukren1 @ http://localhost:3001/_next/static/chunks/f12ff_next_dist_95687940._.js:2302
[10768107ms] [WARNING] %c%s%c PortableText block detected in page blocks array. This should be rendered via PortableTextRenderer, not Blocks component. background: #e6e6e6;background: light-dark(rgba(0,0,0,0.1), rgba(255,255,255,0.25));color: #000000;color: light-dark(#000000, #ffffff);border-radius: 2px  Server   wm4f29 @ http://localhost:3001/_next/static/chunks/f12ff_next_dist_95687940._.js:2302
[10768119ms] [WARNING] %c%s%c PortableText block detected in page blocks array. This should be rendered via PortableTextRenderer, not Blocks component. background: #e6e6e6;background: light-dark(rgba(0,0,0,0.1), rgba(255,255,255,0.25));color: #000000;color: light-dark(#000000, #ffffff);border-radius: 2px  Server   20o54t @ http://localhost:3001/_next/static/chunks/f12ff_next_dist_95687940._.js:2302
[10768296ms] [WARNING] %c%s%c PortableText block detected in page blocks array. This should be rendered via PortableTextRenderer, not Blocks component. background: #e6e6e6;background: light-dark(rgba(0,0,0,0.1), rgba(255,255,255,0.25));color: #000000;color: light-dark(#000000, #ffffff);border-radius: 2px  Server   ukren1 @ http://localhost:3001/_next/static/chunks/f12ff_next_dist_95687940._.js:2302
[10768338ms] [WARNING] %c%s%c PortableText block detected in page blocks array. This should be rendered via PortableTextRenderer, not Blocks component. background: #e6e6e6;background: light-dark(rgba(0,0,0,0.1), rgba(255,255,255,0.25));color: #000000;color: light-dark(#000000, #ffffff);border-radius: 2px  Server   wm4f29 @ http://localhost:3001/_next/static/chunks/f12ff_next_dist_95687940._.js:2302
[10768340ms] [WARNING] %c%s%c PortableText block detected in page blocks array. This should be rendered via PortableTextRenderer, not Blocks component. background: #e6e6e6;background: light-dark(rgba(0,0,0,0.1), rgba(255,255,255,0.25));color: #000000;color: light-dark(#000000, #ffffff);border-radius: 2px  Server   20o54t @ http://localhost:3001/_next/static/chunks/f12ff_next_dist_95687940._.js:2302
[10768549ms] [WARNING] %c%s%c PortableText block detected in page blocks array. This should be rendered via PortableTextRenderer, not Blocks component. background: #e6e6e6;background: light-dark(rgba(0,0,0,0.1), rgba(255,255,255,0.25));color: #000000;color: light-dark(#000000, #ffffff);border-radius: 2px  Server   ukren1 @ http://localhost:3001/_next/static/chunks/f12ff_next_dist_95687940._.js:2302
[10768550ms] [WARNING] %c%s%c PortableText block detected in page blocks array. This should be rendered via PortableTextRenderer, not Blocks component. background: #e6e6e6;background: light-dark(rgba(0,0,0,0.1), rgba(255,255,255,0.25));color: #000000;color: light-dark(#000000, #ffffff);border-radius: 2px  Server   wm4f29 @ http://localhost:3001/_next/static/chunks/f12ff_next_dist_95687940._.js:2302
[10768556ms] [WARNING] %c%s%c PortableText block detected in page blocks array. This should be rendered via PortableTextRenderer, not Blocks component. background: #e6e6e6;background: light-dark(rgba(0,0,0,0.1), rgba(255,255,255,0.25));color: #000000;color: light-dark(#000000, #ffffff);border-radius: 2px  Server   20o54t @ http://localhost:3001/_next/static/chunks/f12ff_next_dist_95687940._.js:2302
[10768560ms] [WARNING] %c%s%c PortableText block detected in page blocks array. This should be rendered via PortableTextRenderer, not Blocks component. background: #e6e6e6;background: light-dark(rgba(0,0,0,0.1), rgba(255,255,255,0.25));color: #000000;color: light-dark(#000000, #ffffff);border-radius: 2px  Server   ukren1 @ http://localhost:3001/_next/static/chunks/f12ff_next_dist_95687940._.js:2302
[10768560ms] [WARNING] %c%s%c PortableText block detected in page blocks array. This should be rendered via PortableTextRenderer, not Blocks component. background: #e6e6e6;background: light-dark(rgba(0,0,0,0.1), rgba(255,255,255,0.25));color: #000000;color: light-dark(#000000, #ffffff);border-radius: 2px  Server   wm4f29 @ http://localhost:3001/_next/static/chunks/f12ff_next_dist_95687940._.js:2302
[10768566ms] [WARNING] %c%s%c PortableText block detected in page blocks array. This should be rendered via PortableTextRenderer, not Blocks component. background: #e6e6e6;background: light-dark(rgba(0,0,0,0.1), rgba(255,255,255,0.25));color: #000000;color: light-dark(#000000, #ffffff);border-radius: 2px  Server   20o54t @ http://localhost:3001/_next/static/chunks/f12ff_next_dist_95687940._.js:2302
[10768578ms] [WARNING] %c%s%c PortableText block detected in page blocks array. This should be rendered via PortableTextRenderer, not Blocks component. background: #e6e6e6;background: light-dark(rgba(0,0,0,0.1), rgba(255,255,255,0.25));color: #000000;color: light-dark(#000000, #ffffff);border-radius: 2px  Server   ukren1 @ http://localhost:3001/_next/static/chunks/f12ff_next_dist_95687940._.js:2302
[10768578ms] [WARNING] %c%s%c PortableText block detected in page blocks array. This should be rendered via PortableTextRenderer, not Blocks component. background: #e6e6e6;background: light-dark(rgba(0,0,0,0.1), rgba(255,255,255,0.25));color: #000000;color: light-dark(#000000, #ffffff);border-radius: 2px  Server   wm4f29 @ http://localhost:3001/_next/static/chunks/f12ff_next_dist_95687940._.js:2302
[10768578ms] [WARNING] %c%s%c PortableText block detected in page blocks array. This should be rendered via PortableTextRenderer, not Blocks component. background: #e6e6e6;background: light-dark(rgba(0,0,0,0.1), rgba(255,255,255,0.25));color: #000000;color: light-dark(#000000, #ffffff);border-radius: 2px  Server   20o54t @ http://localhost:3001/_next/static/chunks/f12ff_next_dist_95687940._.js:2302
[10768585ms] [WARNING] %c%s%c PortableText block detected in page blocks array. This should be rendered via PortableTextRenderer, not Blocks component. background: #e6e6e6;background: light-dark(rgba(0,0,0,0.1), rgba(255,255,255,0.25));color: #000000;color: light-dark(#000000, #ffffff);border-radius: 2px  Server   ukren1 @ http://localhost:3001/_next/static/chunks/f12ff_next_dist_95687940._.js:2302
[10768585ms] [WARNING] %c%s%c PortableText block detected in page blocks array. This should be rendered via PortableTextRenderer, not Blocks component. background: #e6e6e6;background: light-dark(rgba(0,0,0,0.1), rgba(255,255,255,0.25));color: #000000;color: light-dark(#000000, #ffffff);border-radius: 2px  Server   wm4f29 @ http://localhost:3001/_next/static/chunks/f12ff_next_dist_95687940._.js:2302
[10768611ms] [WARNING] %c%s%c PortableText block detected in page blocks array. This should be rendered via PortableTextRenderer, not Blocks component. background: #e6e6e6;background: light-dark(rgba(0,0,0,0.1), rgba(255,255,255,0.25));color: #000000;color: light-dark(#000000, #ffffff);border-radius: 2px  Server   20o54t @ http://localhost:3001/_next/static/chunks/f12ff_next_dist_95687940._.js:2302
[10768808ms] [WARNING] %c%s%c PortableText block detected in page blocks array. This should be rendered via PortableTextRenderer, not Blocks component. background: #e6e6e6;background: light-dark(rgba(0,0,0,0.1), rgba(255,255,255,0.25));color: #000000;color: light-dark(#000000, #ffffff);border-radius: 2px  Server   ukren1 @ http://localhost:3001/_next/static/chunks/f12ff_next_dist_95687940._.js:2302
[10768809ms] [WARNING] %c%s%c PortableText block detected in page blocks array. This should be rendered via PortableTextRenderer, not Blocks component. background: #e6e6e6;background: light-dark(rgba(0,0,0,0.1), rgba(255,255,255,0.25));color: #000000;color: light-dark(#000000, #ffffff);border-radius: 2px  Server   wm4f29 @ http://localhost:3001/_next/static/chunks/f12ff_next_dist_95687940._.js:2302
[10768831ms] [WARNING] %c%s%c PortableText block detected in page blocks array. This should be rendered via PortableTextRenderer, not Blocks component. background: #e6e6e6;background: light-dark(rgba(0,0,0,0.1), rgba(255,255,255,0.25));color: #000000;color: light-dark(#000000, #ffffff);border-radius: 2px  Server   20o54t @ http://localhost:3001/_next/static/chunks/f12ff_next_dist_95687940._.js:2302
[10768991ms] [WARNING] %c%s%c PortableText block detected in page blocks array. This should be rendered via PortableTextRenderer, not Blocks component. background: #e6e6e6;background: light-dark(rgba(0,0,0,0.1), rgba(255,255,255,0.25));color: #000000;color: light-dark(#000000, #ffffff);border-radius: 2px  Server   ukren1 @ http://localhost:3001/_next/static/chunks/f12ff_next_dist_95687940._.js:2302
[10768991ms] [WARNING] %c%s%c PortableText block detected in page blocks array. This should be rendered via PortableTextRenderer, not Blocks component. background: #e6e6e6;background: light-dark(rgba(0,0,0,0.1), rgba(255,255,255,0.25));color: #000000;color: light-dark(#000000, #ffffff);border-radius: 2px  Server   wm4f29 @ http://localhost:3001/_next/static/chunks/f12ff_next_dist_95687940._.js:2302
[10769088ms] [WARNING] %c%s%c PortableText block detected in page blocks array. This should be rendered via PortableTextRenderer, not Blocks component. background: #e6e6e6;background: light-dark(rgba(0,0,0,0.1), rgba(255,255,255,0.25));color: #000000;color: light-dark(#000000, #ffffff);border-radius: 2px  Server   20o54t @ http://localhost:3001/_next/static/chunks/f12ff_next_dist_95687940._.js:2302
[10769235ms] [WARNING] %c%s%c PortableText block detected in page blocks array. This should be rendered via PortableTextRenderer, not Blocks component. background: #e6e6e6;background: light-dark(rgba(0,0,0,0.1), rgba(255,255,255,0.25));color: #000000;color: light-dark(#000000, #ffffff);border-radius: 2px  Server   ukren1 @ http://localhost:3001/_next/static/chunks/f12ff_next_dist_95687940._.js:2302
[10769235ms] [WARNING] %c%s%c PortableText block detected in page blocks array. This should be rendered via PortableTextRenderer, not Blocks component. background: #e6e6e6;background: light-dark(rgba(0,0,0,0.1), rgba(255,255,255,0.25));color: #000000;color: light-dark(#000000, #ffffff);border-radius: 2px  Server   wm4f29 @ http://localhost:3001/_next/static/chunks/f12ff_next_dist_95687940._.js:2302
[10769242ms] [WARNING] %c%s%c PortableText block detected in page blocks array. This should be rendered via PortableTextRenderer, not Blocks component. background: #e6e6e6;background: light-dark(rgba(0,0,0,0.1), rgba(255,255,255,0.25));color: #000000;color: light-dark(#000000, #ffffff);border-radius: 2px  Server   20o54t @ http://localhost:3001/_next/static/chunks/f12ff_next_dist_95687940._.js:2302
[10769247ms] [WARNING] %c%s%c PortableText block detected in page blocks array. This should be rendered via PortableTextRenderer, not Blocks component. background: #e6e6e6;background: light-dark(rgba(0,0,0,0.1), rgba(255,255,255,0.25));color: #000000;color: light-dark(#000000, #ffffff);border-radius: 2px  Server   ukren1 @ http://localhost:3001/_next/static/chunks/f12ff_next_dist_95687940._.js:2302
[10769248ms] [WARNING] %c%s%c PortableText block detected in page blocks array. This should be rendered via PortableTextRenderer, not Blocks component. background: #e6e6e6;background: light-dark(rgba(0,0,0,0.1), rgba(255,255,255,0.25));color: #000000;color: light-dark(#000000, #ffffff);border-radius: 2px  Server   wm4f29 @ http://localhost:3001/_next/static/chunks/f12ff_next_dist_95687940._.js:2302
[10769258ms] [WARNING] %c%s%c PortableText block detected in page blocks array. This should be rendered via PortableTextRenderer, not Blocks component. background: #e6e6e6;background: light-dark(rgba(0,0,0,0.1), rgba(255,255,255,0.25));color: #000000;color: light-dark(#000000, #ffffff);border-radius: 2px  Server   20o54t @ http://localhost:3001/_next/static/chunks/f12ff_next_dist_95687940._.js:2302
[10769273ms] [WARNING] %c%s%c PortableText block detected in page blocks array. This should be rendered via PortableTextRenderer, not Blocks component. background: #e6e6e6;background: light-dark(rgba(0,0,0,0.1), rgba(255,255,255,0.25));color: #000000;color: light-dark(#000000, #ffffff);border-radius: 2px  Server   ukren1 @ http://localhost:3001/_next/static/chunks/f12ff_next_dist_95687940._.js:2302
[10769276ms] [WARNING] %c%s%c PortableText block detected in page blocks array. This should be rendered via PortableTextRenderer, not Blocks component. background: #e6e6e6;background: light-dark(rgba(0,0,0,0.1), rgba(255,255,255,0.25));color: #000000;color: light-dark(#000000, #ffffff);border-radius: 2px  Server   ukren1 @ http://localhost:3001/_next/static/chunks/f12ff_next_dist_95687940._.js:2302
[10769276ms] [WARNING] %c%s%c PortableText block detected in page blocks array. This should be rendered via PortableTextRenderer, not Blocks component. background: #e6e6e6;background: light-dark(rgba(0,0,0,0.1), rgba(255,255,255,0.25));color: #000000;color: light-dark(#000000, #ffffff);border-radius: 2px  Server   wm4f29 @ http://localhost:3001/_next/static/chunks/f12ff_next_dist_95687940._.js:2302
[10769281ms] [WARNING] %c%s%c PortableText block detected in page blocks array. This should be rendered via PortableTextRenderer, not Blocks component. background: #e6e6e6;background: light-dark(rgba(0,0,0,0.1), rgba(255,255,255,0.25));color: #000000;color: light-dark(#000000, #ffffff);border-radius: 2px  Server   wm4f29 @ http://localhost:3001/_next/static/chunks/f12ff_next_dist_95687940._.js:2302
[10769297ms] [WARNING] %c%s%c PortableText block detected in page blocks array. This should be rendered via PortableTextRenderer, not Blocks component. background: #e6e6e6;background: light-dark(rgba(0,0,0,0.1), rgba(255,255,255,0.25));color: #000000;color: light-dark(#000000, #ffffff);border-radius: 2px  Server   20o54t @ http://localhost:3001/_next/static/chunks/f12ff_next_dist_95687940._.js:2302
[10769382ms] [WARNING] %c%s%c PortableText block detected in page blocks array. This should be rendered via PortableTextRenderer, not Blocks component. background: #e6e6e6;background: light-dark(rgba(0,0,0,0.1), rgba(255,255,255,0.25));color: #000000;color: light-dark(#000000, #ffffff);border-radius: 2px  Server   20o54t @ http://localhost:3001/_next/static/chunks/f12ff_next_dist_95687940._.js:2302
[10769488ms] [WARNING] %c%s%c PortableText block detected in page blocks array. This should be rendered via PortableTextRenderer, not Blocks component. background: #e6e6e6;background: light-dark(rgba(0,0,0,0.1), rgba(255,255,255,0.25));color: #000000;color: light-dark(#000000, #ffffff);border-radius: 2px  Server   ukren1 @ http://localhost:3001/_next/static/chunks/f12ff_next_dist_95687940._.js:2302
[10769488ms] [WARNING] %c%s%c PortableText block detected in page blocks array. This should be rendered via PortableTextRenderer, not Blocks component. background: #e6e6e6;background: light-dark(rgba(0,0,0,0.1), rgba(255,255,255,0.25));color: #000000;color: light-dark(#000000, #ffffff);border-radius: 2px  Server   wm4f29 @ http://localhost:3001/_next/static/chunks/f12ff_next_dist_95687940._.js:2302
[10769502ms] [WARNING] %c%s%c PortableText block detected in page blocks array. This should be rendered via PortableTextRenderer, not Blocks component. background: #e6e6e6;background: light-dark(rgba(0,0,0,0.1), rgba(255,255,255,0.25));color: #000000;color: light-dark(#000000, #ffffff);border-radius: 2px  Server   20o54t @ http://localhost:3001/_next/static/chunks/f12ff_next_dist_95687940._.js:2302
[10769604ms] [LOG] [Fast Refresh] rebuilding @ http://localhost:3001/_next/static/chunks/f12ff_next_dist_95687940._.js:2302
[10769612ms] [LOG] [Fast Refresh] done in 109ms @ http://localhost:3001/_next/static/chunks/f12ff_next_dist_95687940._.js:2302
[10769726ms] [WARNING] %c%s%c PortableText block detected in page blocks array. This should be rendered via PortableTextRenderer, not Blocks component. background: #e6e6e6;background: light-dark(rgba(0,0,0,0.1), rgba(255,255,255,0.25));color: #000000;color: light-dark(#000000, #ffffff);border-radius: 2px  Server   ukren1 @ http://localhost:3001/_next/static/chunks/f12ff_next_dist_95687940._.js:2302
[10769727ms] [WARNING] %c%s%c PortableText block detected in page blocks array. This should be rendered via PortableTextRenderer, not Blocks component. background: #e6e6e6;background: light-dark(rgba(0,0,0,0.1), rgba(255,255,255,0.25));color: #000000;color: light-dark(#000000, #ffffff);border-radius: 2px  Server   wm4f29 @ http://localhost:3001/_next/static/chunks/f12ff_next_dist_95687940._.js:2302
[10769802ms] [WARNING] %c%s%c PortableText block detected in page blocks array. This should be rendered via PortableTextRenderer, not Blocks component. background: #e6e6e6;background: light-dark(rgba(0,0,0,0.1), rgba(255,255,255,0.25));color: #000000;color: light-dark(#000000, #ffffff);border-radius: 2px  Server   20o54t @ http://localhost:3001/_next/static/chunks/f12ff_next_dist_95687940._.js:2302
[10769959ms] [WARNING] %c%s%c PortableText block detected in page blocks array. This should be rendered via PortableTextRenderer, not Blocks component. background: #e6e6e6;background: light-dark(rgba(0,0,0,0.1), rgba(255,255,255,0.25));color: #000000;color: light-dark(#000000, #ffffff);border-radius: 2px  Server   ukren1 @ http://localhost:3001/_next/static/chunks/f12ff_next_dist_95687940._.js:2302
[10769959ms] [WARNING] %c%s%c PortableText block detected in page blocks array. This should be rendered via PortableTextRenderer, not Blocks component. background: #e6e6e6;background: light-dark(rgba(0,0,0,0.1), rgba(255,255,255,0.25));color: #000000;color: light-dark(#000000, #ffffff);border-radius: 2px  Server   wm4f29 @ http://localhost:3001/_next/static/chunks/f12ff_next_dist_95687940._.js:2302
[10769959ms] [WARNING] %c%s%c PortableText block detected in page blocks array. This should be rendered via PortableTextRenderer, not Blocks component. background: #e6e6e6;background: light-dark(rgba(0,0,0,0.1), rgba(255,255,255,0.25));color: #000000;color: light-dark(#000000, #ffffff);border-radius: 2px  Server   20o54t @ http://localhost:3001/_next/static/chunks/f12ff_next_dist_95687940._.js:2302
[10769965ms] [WARNING] %c%s%c PortableText block detected in page blocks array. This should be rendered via PortableTextRenderer, not Blocks component. background: #e6e6e6;background: light-dark(rgba(0,0,0,0.1), rgba(255,255,255,0.25));color: #000000;color: light-dark(#000000, #ffffff);border-radius: 2px  Server   ukren1 @ http://localhost:3001/_next/static/chunks/f12ff_next_dist_95687940._.js:2302
[10769966ms] [WARNING] %c%s%c PortableText block detected in page blocks array. This should be rendered via PortableTextRenderer, not Blocks component. background: #e6e6e6;background: light-dark(rgba(0,0,0,0.1), rgba(255,255,255,0.25));color: #000000;color: light-dark(#000000, #ffffff);border-radius: 2px  Server   wm4f29 @ http://localhost:3001/_next/static/chunks/f12ff_next_dist_95687940._.js:2302
[10769978ms] [WARNING] %c%s%c PortableText block detected in page blocks array. This should be rendered via PortableTextRenderer, not Blocks component. background: #e6e6e6;background: light-dark(rgba(0,0,0,0.1), rgba(255,255,255,0.25));color: #000000;color: light-dark(#000000, #ffffff);border-radius: 2px  Server   20o54t @ http://localhost:3001/_next/static/chunks/f12ff_next_dist_95687940._.js:2302
[10770008ms] [WARNING] %c%s%c PortableText block detected in page blocks array. This should be rendered via PortableTextRenderer, not Blocks component. background: #e6e6e6;background: light-dark(rgba(0,0,0,0.1), rgba(255,255,255,0.25));color: #000000;color: light-dark(#000000, #ffffff);border-radius: 2px  Server   ukren1 @ http://localhost:3001/_next/static/chunks/f12ff_next_dist_95687940._.js:2302
[10770008ms] [WARNING] %c%s%c PortableText block detected in page blocks array. This should be rendered via PortableTextRenderer, not Blocks component. background: #e6e6e6;background: light-dark(rgba(0,0,0,0.1), rgba(255,255,255,0.25));color: #000000;color: light-dark(#000000, #ffffff);border-radius: 2px  Server   wm4f29 @ http://localhost:3001/_next/static/chunks/f12ff_next_dist_95687940._.js:2302
[10770016ms] [WARNING] %c%s%c PortableText block detected in page blocks array. This should be rendered via PortableTextRenderer, not Blocks component. background: #e6e6e6;background: light-dark(rgba(0,0,0,0.1), rgba(255,255,255,0.25));color: #000000;color: light-dark(#000000, #ffffff);border-radius: 2px  Server   20o54t @ http://localhost:3001/_next/static/chunks/f12ff_next_dist_95687940._.js:2302
[10770016ms] [WARNING] %c%s%c PortableText block detected in page blocks array. This should be rendered via PortableTextRenderer, not Blocks component. background: #e6e6e6;background: light-dark(rgba(0,0,0,0.1), rgba(255,255,255,0.25));color: #000000;color: light-dark(#000000, #ffffff);border-radius: 2px  Server   ukren1 @ http://localhost:3001/_next/static/chunks/f12ff_next_dist_95687940._.js:2302
[10770088ms] [WARNING] %c%s%c PortableText block detected in page blocks array. This should be rendered via PortableTextRenderer, not Blocks component. background: #e6e6e6;background: light-dark(rgba(0,0,0,0.1), rgba(255,255,255,0.25));color: #000000;color: light-dark(#000000, #ffffff);border-radius: 2px  Server   wm4f29 @ http://localhost:3001/_next/static/chunks/f12ff_next_dist_95687940._.js:2302
[10770094ms] [WARNING] %c%s%c PortableText block detected in page blocks array. This should be rendered via PortableTextRenderer, not Blocks component. background: #e6e6e6;background: light-dark(rgba(0,0,0,0.1), rgba(255,255,255,0.25));color: #000000;color: light-dark(#000000, #ffffff);border-radius: 2px  Server   20o54t @ http://localhost:3001/_next/static/chunks/f12ff_next_dist_95687940._.js:2302
[10770183ms] [WARNING] %c%s%c PortableText block detected in page blocks array. This should be rendered via PortableTextRenderer, not Blocks component. background: #e6e6e6;background: light-dark(rgba(0,0,0,0.1), rgba(255,255,255,0.25));color: #000000;color: light-dark(#000000, #ffffff);border-radius: 2px  Server   ukren1 @ http://localhost:3001/_next/static/chunks/f12ff_next_dist_95687940._.js:2302
[10770184ms] [WARNING] %c%s%c PortableText block detected in page blocks array. This should be rendered via PortableTextRenderer, not Blocks component. background: #e6e6e6;background: light-dark(rgba(0,0,0,0.1), rgba(255,255,255,0.25));color: #000000;color: light-dark(#000000, #ffffff);border-radius: 2px  Server   wm4f29 @ http://localhost:3001/_next/static/chunks/f12ff_next_dist_95687940._.js:2302
[10770259ms] [WARNING] %c%s%c PortableText block detected in page blocks array. This should be rendered via PortableTextRenderer, not Blocks component. background: #e6e6e6;background: light-dark(rgba(0,0,0,0.1), rgba(255,255,255,0.25));color: #000000;color: light-dark(#000000, #ffffff);border-radius: 2px  Server   20o54t @ http://localhost:3001/_next/static/chunks/f12ff_next_dist_95687940._.js:2302
[10770374ms] [LOG] [Fast Refresh] rebuilding @ http://localhost:3001/_next/static/chunks/f12ff_next_dist_95687940._.js:2302
[10770385ms] [LOG] [Fast Refresh] done in 112ms @ http://localhost:3001/_next/static/chunks/f12ff_next_dist_95687940._.js:2302
[10770454ms] [WARNING] %c%s%c PortableText block detected in page blocks array. This should be rendered via PortableTextRenderer, not Blocks component. background: #e6e6e6;background: light-dark(rgba(0,0,0,0.1), rgba(255,255,255,0.25));color: #000000;color: light-dark(#000000, #ffffff);border-radius: 2px  Server   ukren1 @ http://localhost:3001/_next/static/chunks/f12ff_next_dist_95687940._.js:2302
[10770457ms] [WARNING] %c%s%c PortableText block detected in page blocks array. This should be rendered via PortableTextRenderer, not Blocks component. background: #e6e6e6;background: light-dark(rgba(0,0,0,0.1), rgba(255,255,255,0.25));color: #000000;color: light-dark(#000000, #ffffff);border-radius: 2px  Server   wm4f29 @ http://localhost:3001/_next/static/chunks/f12ff_next_dist_95687940._.js:2302
[10770616ms] [LOG] [Fast Refresh] rebuilding @ http://localhost:3001/_next/static/chunks/f12ff_next_dist_95687940._.js:2302
[10770765ms] [LOG] [Fast Refresh] done in 249ms @ http://localhost:3001/_next/static/chunks/f12ff_next_dist_95687940._.js:2302
[10770778ms] [WARNING] %c%s%c PortableText block detected in page blocks array. This should be rendered via PortableTextRenderer, not Blocks component. background: #e6e6e6;background: light-dark(rgba(0,0,0,0.1), rgba(255,255,255,0.25));color: #000000;color: light-dark(#000000, #ffffff);border-radius: 2px  Server   20o54t @ http://localhost:3001/_next/static/chunks/f12ff_next_dist_95687940._.js:2302
[10770895ms] [WARNING] %c%s%c PortableText block detected in page blocks array. This should be rendered via PortableTextRenderer, not Blocks component. background: #e6e6e6;background: light-dark(rgba(0,0,0,0.1), rgba(255,255,255,0.25));color: #000000;color: light-dark(#000000, #ffffff);border-radius: 2px  Server   ukren1 @ http://localhost:3001/_next/static/chunks/f12ff_next_dist_95687940._.js:2302
[10770896ms] [WARNING] %c%s%c PortableText block detected in page blocks array. This should be rendered via PortableTextRenderer, not Blocks component. background: #e6e6e6;background: light-dark(rgba(0,0,0,0.1), rgba(255,255,255,0.25));color: #000000;color: light-dark(#000000, #ffffff);border-radius: 2px  Server   wm4f29 @ http://localhost:3001/_next/static/chunks/f12ff_next_dist_95687940._.js:2302
[10770909ms] [WARNING] %c%s%c PortableText block detected in page blocks array. This should be rendered via PortableTextRenderer, not Blocks component. background: #e6e6e6;background: light-dark(rgba(0,0,0,0.1), rgba(255,255,255,0.25));color: #000000;color: light-dark(#000000, #ffffff);border-radius: 2px  Server   20o54t @ http://localhost:3001/_next/static/chunks/f12ff_next_dist_95687940._.js:2302
[10770917ms] [WARNING] %c%s%c PortableText block detected in page blocks array. This should be rendered via PortableTextRenderer, not Blocks component. background: #e6e6e6;background: light-dark(rgba(0,0,0,0.1), rgba(255,255,255,0.25));color: #000000;color: light-dark(#000000, #ffffff);border-radius: 2px  Server   ukren1 @ http://localhost:3001/_next/static/chunks/f12ff_next_dist_95687940._.js:2302
[10770918ms] [WARNING] %c%s%c PortableText block detected in page blocks array. This should be rendered via PortableTextRenderer, not Blocks component. background: #e6e6e6;background: light-dark(rgba(0,0,0,0.1), rgba(255,255,255,0.25));color: #000000;color: light-dark(#000000, #ffffff);border-radius: 2px  Server   wm4f29 @ http://localhost:3001/_next/static/chunks/f12ff_next_dist_95687940._.js:2302
[10770923ms] [WARNING] %c%s%c PortableText block detected in page blocks array. This should be rendered via PortableTextRenderer, not Blocks component. background: #e6e6e6;background: light-dark(rgba(0,0,0,0.1), rgba(255,255,255,0.25));color: #000000;color: light-dark(#000000, #ffffff);border-radius: 2px  Server   20o54t @ http://localhost:3001/_next/static/chunks/f12ff_next_dist_95687940._.js:2302
[10770934ms] [WARNING] %c%s%c PortableText block detected in page blocks array. This should be rendered via PortableTextRenderer, not Blocks component. background: #e6e6e6;background: light-dark(rgba(0,0,0,0.1), rgba(255,255,255,0.25));color: #000000;color: light-dark(#000000, #ffffff);border-radius: 2px  Server   ukren1 @ http://localhost:3001/_next/static/chunks/f12ff_next_dist_95687940._.js:2302
[10770935ms] [WARNING] %c%s%c PortableText block detected in page blocks array. This should be rendered via PortableTextRenderer, not Blocks component. background: #e6e6e6;background: light-dark(rgba(0,0,0,0.1), rgba(255,255,255,0.25));color: #000000;color: light-dark(#000000, #ffffff);border-radius: 2px  Server   wm4f29 @ http://localhost:3001/_next/static/chunks/f12ff_next_dist_95687940._.js:2302
[10770952ms] [WARNING] %c%s%c PortableText block detected in page blocks array. This should be rendered via PortableTextRenderer, not Blocks component. background: #e6e6e6;background: light-dark(rgba(0,0,0,0.1), rgba(255,255,255,0.25));color: #000000;color: light-dark(#000000, #ffffff);border-radius: 2px  Server   20o54t @ http://localhost:3001/_next/static/chunks/f12ff_next_dist_95687940._.js:2302
[10771026ms] [WARNING] %c%s%c PortableText block detected in page blocks array. This should be rendered via PortableTextRenderer, not Blocks component. background: #e6e6e6;background: light-dark(rgba(0,0,0,0.1), rgba(255,255,255,0.25));color: #000000;color: light-dark(#000000, #ffffff);border-radius: 2px  Server   ukren1 @ http://localhost:3001/_next/static/chunks/f12ff_next_dist_95687940._.js:2302
[10771026ms] [WARNING] %c%s%c PortableText block detected in page blocks array. This should be rendered via PortableTextRenderer, not Blocks component. background: #e6e6e6;background: light-dark(rgba(0,0,0,0.1), rgba(255,255,255,0.25));color: #000000;color: light-dark(#000000, #ffffff);border-radius: 2px  Server   wm4f29 @ http://localhost:3001/_next/static/chunks/f12ff_next_dist_95687940._.js:2302
[10771031ms] [WARNING] %c%s%c PortableText block detected in page blocks array. This should be rendered via PortableTextRenderer, not Blocks component. background: #e6e6e6;background: light-dark(rgba(0,0,0,0.1), rgba(255,255,255,0.25));color: #000000;color: light-dark(#000000, #ffffff);border-radius: 2px  Server   20o54t @ http://localhost:3001/_next/static/chunks/f12ff_next_dist_95687940._.js:2302
[10771135ms] [WARNING] %c%s%c PortableText block detected in page blocks array. This should be rendered via PortableTextRenderer, not Blocks component. background: #e6e6e6;background: light-dark(rgba(0,0,0,0.1), rgba(255,255,255,0.25));color: #000000;color: light-dark(#000000, #ffffff);border-radius: 2px  Server   ukren1 @ http://localhost:3001/_next/static/chunks/f12ff_next_dist_95687940._.js:2302
[10771136ms] [WARNING] %c%s%c PortableText block detected in page blocks array. This should be rendered via PortableTextRenderer, not Blocks component. background: #e6e6e6;background: light-dark(rgba(0,0,0,0.1), rgba(255,255,255,0.25));color: #000000;color: light-dark(#000000, #ffffff);border-radius: 2px  Server   wm4f29 @ http://localhost:3001/_next/static/chunks/f12ff_next_dist_95687940._.js:2302
[10771204ms] [WARNING] %c%s%c PortableText block detected in page blocks array. This should be rendered via PortableTextRenderer, not Blocks component. background: #e6e6e6;background: light-dark(rgba(0,0,0,0.1), rgba(255,255,255,0.25));color: #000000;color: light-dark(#000000, #ffffff);border-radius: 2px  Server   20o54t @ http://localhost:3001/_next/static/chunks/f12ff_next_dist_95687940._.js:2302
[10771300ms] [WARNING] %c%s%c PortableText block detected in page blocks array. This should be rendered via PortableTextRenderer, not Blocks component. background: #e6e6e6;background: light-dark(rgba(0,0,0,0.1), rgba(255,255,255,0.25));color: #000000;color: light-dark(#000000, #ffffff);border-radius: 2px  Server   ukren1 @ http://localhost:3001/_next/static/chunks/f12ff_next_dist_95687940._.js:2302
[10771301ms] [WARNING] %c%s%c PortableText block detected in page blocks array. This should be rendered via PortableTextRenderer, not Blocks component. background: #e6e6e6;background: light-dark(rgba(0,0,0,0.1), rgba(255,255,255,0.25));color: #000000;color: light-dark(#000000, #ffffff);border-radius: 2px  Server   wm4f29 @ http://localhost:3001/_next/static/chunks/f12ff_next_dist_95687940._.js:2302
[10771396ms] [WARNING] %c%s%c PortableText block detected in page blocks array. This should be rendered via PortableTextRenderer, not Blocks component. background: #e6e6e6;background: light-dark(rgba(0,0,0,0.1), rgba(255,255,255,0.25));color: #000000;color: light-dark(#000000, #ffffff);border-radius: 2px  Server   20o54t @ http://localhost:3001/_next/static/chunks/f12ff_next_dist_95687940._.js:2302
[10771531ms] [WARNING] %c%s%c PortableText block detected in page blocks array. This should be rendered via PortableTextRenderer, not Blocks component. background: #e6e6e6;background: light-dark(rgba(0,0,0,0.1), rgba(255,255,255,0.25));color: #000000;color: light-dark(#000000, #ffffff);border-radius: 2px  Server   ukren1 @ http://localhost:3001/_next/static/chunks/f12ff_next_dist_95687940._.js:2302
[10771531ms] [WARNING] %c%s%c PortableText block detected in page blocks array. This should be rendered via PortableTextRenderer, not Blocks component. background: #e6e6e6;background: light-dark(rgba(0,0,0,0.1), rgba(255,255,255,0.25));color: #000000;color: light-dark(#000000, #ffffff);border-radius: 2px  Server   wm4f29 @ http://localhost:3001/_next/static/chunks/f12ff_next_dist_95687940._.js:2302
[10771536ms] [WARNING] %c%s%c PortableText block detected in page blocks array. This should be rendered via PortableTextRenderer, not Blocks component. background: #e6e6e6;background: light-dark(rgba(0,0,0,0.1), rgba(255,255,255,0.25));color: #000000;color: light-dark(#000000, #ffffff);border-radius: 2px  Server   20o54t @ http://localhost:3001/_next/static/chunks/f12ff_next_dist_95687940._.js:2302
[10771538ms] [WARNING] %c%s%c PortableText block detected in page blocks array. This should be rendered via PortableTextRenderer, not Blocks component. background: #e6e6e6;background: light-dark(rgba(0,0,0,0.1), rgba(255,255,255,0.25));color: #000000;color: light-dark(#000000, #ffffff);border-radius: 2px  Server   ukren1 @ http://localhost:3001/_next/static/chunks/f12ff_next_dist_95687940._.js:2302
[10771538ms] [WARNING] %c%s%c PortableText block detected in page blocks array. This should be rendered via PortableTextRenderer, not Blocks component. background: #e6e6e6;background: light-dark(rgba(0,0,0,0.1), rgba(255,255,255,0.25));color: #000000;color: light-dark(#000000, #ffffff);border-radius: 2px  Server   wm4f29 @ http://localhost:3001/_next/static/chunks/f12ff_next_dist_95687940._.js:2302
[10771550ms] [WARNING] %c%s%c PortableText block detected in page blocks array. This should be rendered via PortableTextRenderer, not Blocks component. background: #e6e6e6;background: light-dark(rgba(0,0,0,0.1), rgba(255,255,255,0.25));color: #000000;color: light-dark(#000000, #ffffff);border-radius: 2px  Server   20o54t @ http://localhost:3001/_next/static/chunks/f12ff_next_dist_95687940._.js:2302
[10771557ms] [WARNING] %c%s%c PortableText block detected in page blocks array. This should be rendered via PortableTextRenderer, not Blocks component. background: #e6e6e6;background: light-dark(rgba(0,0,0,0.1), rgba(255,255,255,0.25));color: #000000;color: light-dark(#000000, #ffffff);border-radius: 2px  Server   ukren1 @ http://localhost:3001/_next/static/chunks/f12ff_next_dist_95687940._.js:2302
[10771557ms] [WARNING] %c%s%c PortableText block detected in page blocks array. This should be rendered via PortableTextRenderer, not Blocks component. background: #e6e6e6;background: light-dark(rgba(0,0,0,0.1), rgba(255,255,255,0.25));color: #000000;color: light-dark(#000000, #ffffff);border-radius: 2px  Server   wm4f29 @ http://localhost:3001/_next/static/chunks/f12ff_next_dist_95687940._.js:2302
[10771560ms] [WARNING] %c%s%c PortableText block detected in page blocks array. This should be rendered via PortableTextRenderer, not Blocks component. background: #e6e6e6;background: light-dark(rgba(0,0,0,0.1), rgba(255,255,255,0.25));color: #000000;color: light-dark(#000000, #ffffff);border-radius: 2px  Server   ukren1 @ http://localhost:3001/_next/static/chunks/f12ff_next_dist_95687940._.js:2302
[10771560ms] [WARNING] %c%s%c PortableText block detected in page blocks array. This should be rendered via PortableTextRenderer, not Blocks component. background: #e6e6e6;background: light-dark(rgba(0,0,0,0.1), rgba(255,255,255,0.25));color: #000000;color: light-dark(#000000, #ffffff);border-radius: 2px  Server   wm4f29 @ http://localhost:3001/_next/static/chunks/f12ff_next_dist_95687940._.js:2302
[10771562ms] [WARNING] %c%s%c PortableText block detected in page blocks array. This should be rendered via PortableTextRenderer, not Blocks component. background: #e6e6e6;background: light-dark(rgba(0,0,0,0.1), rgba(255,255,255,0.25));color: #000000;color: light-dark(#000000, #ffffff);border-radius: 2px  Server   20o54t @ http://localhost:3001/_next/static/chunks/f12ff_next_dist_95687940._.js:2302
[10771623ms] [WARNING] %c%s%c PortableText block detected in page blocks array. This should be rendered via PortableTextRenderer, not Blocks component. background: #e6e6e6;background: light-dark(rgba(0,0,0,0.1), rgba(255,255,255,0.25));color: #000000;color: light-dark(#000000, #ffffff);border-radius: 2px  Server   20o54t @ http://localhost:3001/_next/static/chunks/f12ff_next_dist_95687940._.js:2302
[10771716ms] [WARNING] %c%s%c PortableText block detected in page blocks array. This should be rendered via PortableTextRenderer, not Blocks component. background: #e6e6e6;background: light-dark(rgba(0,0,0,0.1), rgba(255,255,255,0.25));color: #000000;color: light-dark(#000000, #ffffff);border-radius: 2px  Server   ukren1 @ http://localhost:3001/_next/static/chunks/f12ff_next_dist_95687940._.js:2302
[10771716ms] [WARNING] %c%s%c PortableText block detected in page blocks array. This should be rendered via PortableTextRenderer, not Blocks component. background: #e6e6e6;background: light-dark(rgba(0,0,0,0.1), rgba(255,255,255,0.25));color: #000000;color: light-dark(#000000, #ffffff);border-radius: 2px  Server   wm4f29 @ http://localhost:3001/_next/static/chunks/f12ff_next_dist_95687940._.js:2302
[10771795ms] [WARNING] %c%s%c PortableText block detected in page blocks array. This should be rendered via PortableTextRenderer, not Blocks component. background: #e6e6e6;background: light-dark(rgba(0,0,0,0.1), rgba(255,255,255,0.25));color: #000000;color: light-dark(#000000, #ffffff);border-radius: 2px  Server   20o54t @ http://localhost:3001/_next/static/chunks/f12ff_next_dist_95687940._.js:2302
[10771906ms] [WARNING] %c%s%c PortableText block detected in page blocks array. This should be rendered via PortableTextRenderer, not Blocks component. background: #e6e6e6;background: light-dark(rgba(0,0,0,0.1), rgba(255,255,255,0.25));color: #000000;color: light-dark(#000000, #ffffff);border-radius: 2px  Server   ukren1 @ http://localhost:3001/_next/static/chunks/f12ff_next_dist_95687940._.js:2302
[10771994ms] [WARNING] %c%s%c PortableText block detected in page blocks array. This should be rendered via PortableTextRenderer, not Blocks component. background: #e6e6e6;background: light-dark(rgba(0,0,0,0.1), rgba(255,255,255,0.25));color: #000000;color: light-dark(#000000, #ffffff);border-radius: 2px  Server   wm4f29 @ http://localhost:3001/_next/static/chunks/f12ff_next_dist_95687940._.js:2302
[10772000ms] [WARNING] %c%s%c PortableText block detected in page blocks array. This should be rendered via PortableTextRenderer, not Blocks component. background: #e6e6e6;background: light-dark(rgba(0,0,0,0.1), rgba(255,255,255,0.25));color: #000000;color: light-dark(#000000, #ffffff);border-radius: 2px  Server   20o54t @ http://localhost:3001/_next/static/chunks/f12ff_next_dist_95687940._.js:2302
[10772121ms] [WARNING] %c%s%c PortableText block detected in page blocks array. This should be rendered via PortableTextRenderer, not Blocks component. background: #e6e6e6;background: light-dark(rgba(0,0,0,0.1), rgba(255,255,255,0.25));color: #000000;color: light-dark(#000000, #ffffff);border-radius: 2px  Server   ukren1 @ http://localhost:3001/_next/static/chunks/f12ff_next_dist_95687940._.js:2302
[10772122ms] [WARNING] %c%s%c PortableText block detected in page blocks array. This should be rendered via PortableTextRenderer, not Blocks component. background: #e6e6e6;background: light-dark(rgba(0,0,0,0.1), rgba(255,255,255,0.25));color: #000000;color: light-dark(#000000, #ffffff);border-radius: 2px  Server   wm4f29 @ http://localhost:3001/_next/static/chunks/f12ff_next_dist_95687940._.js:2302
[10772126ms] [WARNING] %c%s%c PortableText block detected in page blocks array. This should be rendered via PortableTextRenderer, not Blocks component. background: #e6e6e6;background: light-dark(rgba(0,0,0,0.1), rgba(255,255,255,0.25));color: #000000;color: light-dark(#000000, #ffffff);border-radius: 2px  Server   20o54t @ http://localhost:3001/_next/static/chunks/f12ff_next_dist_95687940._.js:2302
[10772127ms] [WARNING] %c%s%c PortableText block detected in page blocks array. This should be rendered via PortableTextRenderer, not Blocks component. background: #e6e6e6;background: light-dark(rgba(0,0,0,0.1), rgba(255,255,255,0.25));color: #000000;color: light-dark(#000000, #ffffff);border-radius: 2px  Server   ukren1 @ http://localhost:3001/_next/static/chunks/f12ff_next_dist_95687940._.js:2302
[10772127ms] [WARNING] %c%s%c PortableText block detected in page blocks array. This should be rendered via PortableTextRenderer, not Blocks component. background: #e6e6e6;background: light-dark(rgba(0,0,0,0.1), rgba(255,255,255,0.25));color: #000000;color: light-dark(#000000, #ffffff);border-radius: 2px  Server   wm4f29 @ http://localhost:3001/_next/static/chunks/f12ff_next_dist_95687940._.js:2302
[10772136ms] [WARNING] %c%s%c PortableText block detected in page blocks array. This should be rendered via PortableTextRenderer, not Blocks component. background: #e6e6e6;background: light-dark(rgba(0,0,0,0.1), rgba(255,255,255,0.25));color: #000000;color: light-dark(#000000, #ffffff);border-radius: 2px  Server   20o54t @ http://localhost:3001/_next/static/chunks/f12ff_next_dist_95687940._.js:2302
[10772151ms] [WARNING] %c%s%c PortableText block detected in page blocks array. This should be rendered via PortableTextRenderer, not Blocks component. background: #e6e6e6;background: light-dark(rgba(0,0,0,0.1), rgba(255,255,255,0.25));color: #000000;color: light-dark(#000000, #ffffff);border-radius: 2px  Server   ukren1 @ http://localhost:3001/_next/static/chunks/f12ff_next_dist_95687940._.js:2302
[10772151ms] [WARNING] %c%s%c PortableText block detected in page blocks array. This should be rendered via PortableTextRenderer, not Blocks component. background: #e6e6e6;background: light-dark(rgba(0,0,0,0.1), rgba(255,255,255,0.25));color: #000000;color: light-dark(#000000, #ffffff);border-radius: 2px  Server   wm4f29 @ http://localhost:3001/_next/static/chunks/f12ff_next_dist_95687940._.js:2302
[10772151ms] [WARNING] %c%s%c PortableText block detected in page blocks array. This should be rendered via PortableTextRenderer, not Blocks component. background: #e6e6e6;background: light-dark(rgba(0,0,0,0.1), rgba(255,255,255,0.25));color: #000000;color: light-dark(#000000, #ffffff);border-radius: 2px  Server   20o54t @ http://localhost:3001/_next/static/chunks/f12ff_next_dist_95687940._.js:2302
[10772153ms] [WARNING] %c%s%c PortableText block detected in page blocks array. This should be rendered via PortableTextRenderer, not Blocks component. background: #e6e6e6;background: light-dark(rgba(0,0,0,0.1), rgba(255,255,255,0.25));color: #000000;color: light-dark(#000000, #ffffff);border-radius: 2px  Server   ukren1 @ http://localhost:3001/_next/static/chunks/f12ff_next_dist_95687940._.js:2302
[10772153ms] [WARNING] %c%s%c PortableText block detected in page blocks array. This should be rendered via PortableTextRenderer, not Blocks component. background: #e6e6e6;background: light-dark(rgba(0,0,0,0.1), rgba(255,255,255,0.25));color: #000000;color: light-dark(#000000, #ffffff);border-radius: 2px  Server   wm4f29 @ http://localhost:3001/_next/static/chunks/f12ff_next_dist_95687940._.js:2302
[10772233ms] [WARNING] %c%s%c PortableText block detected in page blocks array. This should be rendered via PortableTextRenderer, not Blocks component. background: #e6e6e6;background: light-dark(rgba(0,0,0,0.1), rgba(255,255,255,0.25));color: #000000;color: light-dark(#000000, #ffffff);border-radius: 2px  Server   20o54t @ http://localhost:3001/_next/static/chunks/f12ff_next_dist_95687940._.js:2302
[10772336ms] [WARNING] %c%s%c PortableText block detected in page blocks array. This should be rendered via PortableTextRenderer, not Blocks component. background: #e6e6e6;background: light-dark(rgba(0,0,0,0.1), rgba(255,255,255,0.25));color: #000000;color: light-dark(#000000, #ffffff);border-radius: 2px  Server   ukren1 @ http://localhost:3001/_next/static/chunks/f12ff_next_dist_95687940._.js:2302
[10772336ms] [WARNING] %c%s%c PortableText block detected in page blocks array. This should be rendered via PortableTextRenderer, not Blocks component. background: #e6e6e6;background: light-dark(rgba(0,0,0,0.1), rgba(255,255,255,0.25));color: #000000;color: light-dark(#000000, #ffffff);border-radius: 2px  Server   wm4f29 @ http://localhost:3001/_next/static/chunks/f12ff_next_dist_95687940._.js:2302
[10772410ms] [WARNING] %c%s%c PortableText block detected in page blocks array. This should be rendered via PortableTextRenderer, not Blocks component. background: #e6e6e6;background: light-dark(rgba(0,0,0,0.1), rgba(255,255,255,0.25));color: #000000;color: light-dark(#000000, #ffffff);border-radius: 2px  Server   20o54t @ http://localhost:3001/_next/static/chunks/f12ff_next_dist_95687940._.js:2302
[10772579ms] [WARNING] %c%s%c PortableText block detected in page blocks array. This should be rendered via PortableTextRenderer, not Blocks component. background: #e6e6e6;background: light-dark(rgba(0,0,0,0.1), rgba(255,255,255,0.25));color: #000000;color: light-dark(#000000, #ffffff);border-radius: 2px  Server   ukren1 @ http://localhost:3001/_next/static/chunks/f12ff_next_dist_95687940._.js:2302
[10772579ms] [WARNING] %c%s%c PortableText block detected in page blocks array. This should be rendered via PortableTextRenderer, not Blocks component. background: #e6e6e6;background: light-dark(rgba(0,0,0,0.1), rgba(255,255,255,0.25));color: #000000;color: light-dark(#000000, #ffffff);border-radius: 2px  Server   wm4f29 @ http://localhost:3001/_next/static/chunks/f12ff_next_dist_95687940._.js:2302
[10772584ms] [WARNING] %c%s%c PortableText block detected in page blocks array. This should be rendered via PortableTextRenderer, not Blocks component. background: #e6e6e6;background: light-dark(rgba(0,0,0,0.1), rgba(255,255,255,0.25));color: #000000;color: light-dark(#000000, #ffffff);border-radius: 2px  Server   20o54t @ http://localhost:3001/_next/static/chunks/f12ff_next_dist_95687940._.js:2302
[10772695ms] [WARNING] %c%s%c PortableText block detected in page blocks array. This should be rendered via PortableTextRenderer, not Blocks component. background: #e6e6e6;background: light-dark(rgba(0,0,0,0.1), rgba(255,255,255,0.25));color: #000000;color: light-dark(#000000, #ffffff);border-radius: 2px  Server   ukren1 @ http://localhost:3001/_next/static/chunks/f12ff_next_dist_95687940._.js:2302
[10772695ms] [WARNING] %c%s%c PortableText block detected in page blocks array. This should be rendered via PortableTextRenderer, not Blocks component. background: #e6e6e6;background: light-dark(rgba(0,0,0,0.1), rgba(255,255,255,0.25));color: #000000;color: light-dark(#000000, #ffffff);border-radius: 2px  Server   wm4f29 @ http://localhost:3001/_next/static/chunks/f12ff_next_dist_95687940._.js:2302
[10772700ms] [WARNING] %c%s%c PortableText block detected in page blocks array. This should be rendered via PortableTextRenderer, not Blocks component. background: #e6e6e6;background: light-dark(rgba(0,0,0,0.1), rgba(255,255,255,0.25));color: #000000;color: light-dark(#000000, #ffffff);border-radius: 2px  Server   20o54t @ http://localhost:3001/_next/static/chunks/f12ff_next_dist_95687940._.js:2302
[10772700ms] [WARNING] %c%s%c PortableText block detected in page blocks array. This should be rendered via PortableTextRenderer, not Blocks component. background: #e6e6e6;background: light-dark(rgba(0,0,0,0.1), rgba(255,255,255,0.25));color: #000000;color: light-dark(#000000, #ffffff);border-radius: 2px  Server   ukren1 @ http://localhost:3001/_next/static/chunks/f12ff_next_dist_95687940._.js:2302
[10772700ms] [WARNING] %c%s%c PortableText block detected in page blocks array. This should be rendered via PortableTextRenderer, not Blocks component. background: #e6e6e6;background: light-dark(rgba(0,0,0,0.1), rgba(255,255,255,0.25));color: #000000;color: light-dark(#000000, #ffffff);border-radius: 2px  Server   wm4f29 @ http://localhost:3001/_next/static/chunks/f12ff_next_dist_95687940._.js:2302
[10772701ms] [WARNING] %c%s%c PortableText block detected in page blocks array. This should be rendered via PortableTextRenderer, not Blocks component. background: #e6e6e6;background: light-dark(rgba(0,0,0,0.1), rgba(255,255,255,0.25));color: #000000;color: light-dark(#000000, #ffffff);border-radius: 2px  Server   20o54t @ http://localhost:3001/_next/static/chunks/f12ff_next_dist_95687940._.js:2302
[10772715ms] [WARNING] %c%s%c PortableText block detected in page blocks array. This should be rendered via PortableTextRenderer, not Blocks component. background: #e6e6e6;background: light-dark(rgba(0,0,0,0.1), rgba(255,255,255,0.25));color: #000000;color: light-dark(#000000, #ffffff);border-radius: 2px  Server   ukren1 @ http://localhost:3001/_next/static/chunks/f12ff_next_dist_95687940._.js:2302
[10772715ms] [WARNING] %c%s%c PortableText block detected in page blocks array. This should be rendered via PortableTextRenderer, not Blocks component. background: #e6e6e6;background: light-dark(rgba(0,0,0,0.1), rgba(255,255,255,0.25));color: #000000;color: light-dark(#000000, #ffffff);border-radius: 2px  Server   wm4f29 @ http://localhost:3001/_next/static/chunks/f12ff_next_dist_95687940._.js:2302
[10772729ms] [WARNING] %c%s%c PortableText block detected in page blocks array. This should be rendered via PortableTextRenderer, not Blocks component. background: #e6e6e6;background: light-dark(rgba(0,0,0,0.1), rgba(255,255,255,0.25));color: #000000;color: light-dark(#000000, #ffffff);border-radius: 2px  Server   ukren1 @ http://localhost:3001/_next/static/chunks/f12ff_next_dist_95687940._.js:2302
[10772729ms] [WARNING] %c%s%c PortableText block detected in page blocks array. This should be rendered via PortableTextRenderer, not Blocks component. background: #e6e6e6;background: light-dark(rgba(0,0,0,0.1), rgba(255,255,255,0.25));color: #000000;color: light-dark(#000000, #ffffff);border-radius: 2px  Server   wm4f29 @ http://localhost:3001/_next/static/chunks/f12ff_next_dist_95687940._.js:2302
[10772736ms] [WARNING] %c%s%c PortableText block detected in page blocks array. This should be rendered via PortableTextRenderer, not Blocks component. background: #e6e6e6;background: light-dark(rgba(0,0,0,0.1), rgba(255,255,255,0.25));color: #000000;color: light-dark(#000000, #ffffff);border-radius: 2px  Server   20o54t @ http://localhost:3001/_next/static/chunks/f12ff_next_dist_95687940._.js:2302
[10772739ms] [WARNING] %c%s%c PortableText block detected in page blocks array. This should be rendered via PortableTextRenderer, not Blocks component. background: #e6e6e6;background: light-dark(rgba(0,0,0,0.1), rgba(255,255,255,0.25));color: #000000;color: light-dark(#000000, #ffffff);border-radius: 2px  Server   20o54t @ http://localhost:3001/_next/static/chunks/f12ff_next_dist_95687940._.js:2302
[10772937ms] [WARNING] %c%s%c PortableText block detected in page blocks array. This should be rendered via PortableTextRenderer, not Blocks component. background: #e6e6e6;background: light-dark(rgba(0,0,0,0.1), rgba(255,255,255,0.25));color: #000000;color: light-dark(#000000, #ffffff);border-radius: 2px  Server   ukren1 @ http://localhost:3001/_next/static/chunks/f12ff_next_dist_95687940._.js:2302
[10772940ms] [WARNING] %c%s%c PortableText block detected in page blocks array. This should be rendered via PortableTextRenderer, not Blocks component. background: #e6e6e6;background: light-dark(rgba(0,0,0,0.1), rgba(255,255,255,0.25));color: #000000;color: light-dark(#000000, #ffffff);border-radius: 2px  Server   wm4f29 @ http://localhost:3001/_next/static/chunks/f12ff_next_dist_95687940._.js:2302
[10772953ms] [WARNING] %c%s%c PortableText block detected in page blocks array. This should be rendered via PortableTextRenderer, not Blocks component. background: #e6e6e6;background: light-dark(rgba(0,0,0,0.1), rgba(255,255,255,0.25));color: #000000;color: light-dark(#000000, #ffffff);border-radius: 2px  Server   20o54t @ http://localhost:3001/_next/static/chunks/f12ff_next_dist_95687940._.js:2302
[10773214ms] [WARNING] %c%s%c PortableText block detected in page blocks array. This should be rendered via PortableTextRenderer, not Blocks component. background: #e6e6e6;background: light-dark(rgba(0,0,0,0.1), rgba(255,255,255,0.25));color: #000000;color: light-dark(#000000, #ffffff);border-radius: 2px  Server   ukren1 @ http://localhost:3001/_next/static/chunks/f12ff_next_dist_95687940._.js:2302
[10773215ms] [WARNING] %c%s%c PortableText block detected in page blocks array. This should be rendered via PortableTextRenderer, not Blocks component. background: #e6e6e6;background: light-dark(rgba(0,0,0,0.1), rgba(255,255,255,0.25));color: #000000;color: light-dark(#000000, #ffffff);border-radius: 2px  Server   wm4f29 @ http://localhost:3001/_next/static/chunks/f12ff_next_dist_95687940._.js:2302
[10773223ms] [WARNING] %c%s%c PortableText block detected in page blocks array. This should be rendered via PortableTextRenderer, not Blocks component. background: #e6e6e6;background: light-dark(rgba(0,0,0,0.1), rgba(255,255,255,0.25));color: #000000;color: light-dark(#000000, #ffffff);border-radius: 2px  Server   20o54t @ http://localhost:3001/_next/static/chunks/f12ff_next_dist_95687940._.js:2302
[10773372ms] [LOG] [Fast Refresh] rebuilding @ http://localhost:3001/_next/static/chunks/f12ff_next_dist_95687940._.js:2302
[10773392ms] [LOG] [Fast Refresh] done in 120ms @ http://localhost:3001/_next/static/chunks/f12ff_next_dist_95687940._.js:2302
[10773443ms] [WARNING] %c%s%c PortableText block detected in page blocks array. This should be rendered via PortableTextRenderer, not Blocks component. background: #e6e6e6;background: light-dark(rgba(0,0,0,0.1), rgba(255,255,255,0.25));color: #000000;color: light-dark(#000000, #ffffff);border-radius: 2px  Server   ukren1 @ http://localhost:3001/_next/static/chunks/f12ff_next_dist_95687940._.js:2302
[10773443ms] [WARNING] %c%s%c PortableText block detected in page blocks array. This should be rendered via PortableTextRenderer, not Blocks component. background: #e6e6e6;background: light-dark(rgba(0,0,0,0.1), rgba(255,255,255,0.25));color: #000000;color: light-dark(#000000, #ffffff);border-radius: 2px  Server   wm4f29 @ http://localhost:3001/_next/static/chunks/f12ff_next_dist_95687940._.js:2302
[10773447ms] [WARNING] %c%s%c PortableText block detected in page blocks array. This should be rendered via PortableTextRenderer, not Blocks component. background: #e6e6e6;background: light-dark(rgba(0,0,0,0.1), rgba(255,255,255,0.25));color: #000000;color: light-dark(#000000, #ffffff);border-radius: 2px  Server   ukren1 @ http://localhost:3001/_next/static/chunks/f12ff_next_dist_95687940._.js:2302
[10773447ms] [WARNING] %c%s%c PortableText block detected in page blocks array. This should be rendered via PortableTextRenderer, not Blocks component. background: #e6e6e6;background: light-dark(rgba(0,0,0,0.1), rgba(255,255,255,0.25));color: #000000;color: light-dark(#000000, #ffffff);border-radius: 2px  Server   wm4f29 @ http://localhost:3001/_next/static/chunks/f12ff_next_dist_95687940._.js:2302
[10773456ms] [WARNING] %c%s%c PortableText block detected in page blocks array. This should be rendered via PortableTextRenderer, not Blocks component. background: #e6e6e6;background: light-dark(rgba(0,0,0,0.1), rgba(255,255,255,0.25));color: #000000;color: light-dark(#000000, #ffffff);border-radius: 2px  Server   20o54t @ http://localhost:3001/_next/static/chunks/f12ff_next_dist_95687940._.js:2302
[10773462ms] [WARNING] %c%s%c PortableText block detected in page blocks array. This should be rendered via PortableTextRenderer, not Blocks component. background: #e6e6e6;background: light-dark(rgba(0,0,0,0.1), rgba(255,255,255,0.25));color: #000000;color: light-dark(#000000, #ffffff);border-radius: 2px  Server   20o54t @ http://localhost:3001/_next/static/chunks/f12ff_next_dist_95687940._.js:2302
[10773498ms] [WARNING] %c%s%c PortableText block detected in page blocks array. This should be rendered via PortableTextRenderer, not Blocks component. background: #e6e6e6;background: light-dark(rgba(0,0,0,0.1), rgba(255,255,255,0.25));color: #000000;color: light-dark(#000000, #ffffff);border-radius: 2px  Server   ukren1 @ http://localhost:3001/_next/static/chunks/f12ff_next_dist_95687940._.js:2302
[10773498ms] [WARNING] %c%s%c PortableText block detected in page blocks array. This should be rendered via PortableTextRenderer, not Blocks component. background: #e6e6e6;background: light-dark(rgba(0,0,0,0.1), rgba(255,255,255,0.25));color: #000000;color: light-dark(#000000, #ffffff);border-radius: 2px  Server   wm4f29 @ http://localhost:3001/_next/static/chunks/f12ff_next_dist_95687940._.js:2302
[10773511ms] [WARNING] %c%s%c PortableText block detected in page blocks array. This should be rendered via PortableTextRenderer, not Blocks component. background: #e6e6e6;background: light-dark(rgba(0,0,0,0.1), rgba(255,255,255,0.25));color: #000000;color: light-dark(#000000, #ffffff);border-radius: 2px  Server   ukren1 @ http://localhost:3001/_next/static/chunks/f12ff_next_dist_95687940._.js:2302
[10773511ms] [WARNING] %c%s%c PortableText block detected in page blocks array. This should be rendered via PortableTextRenderer, not Blocks component. background: #e6e6e6;background: light-dark(rgba(0,0,0,0.1), rgba(255,255,255,0.25));color: #000000;color: light-dark(#000000, #ffffff);border-radius: 2px  Server   wm4f29 @ http://localhost:3001/_next/static/chunks/f12ff_next_dist_95687940._.js:2302
[10773512ms] [WARNING] %c%s%c PortableText block detected in page blocks array. This should be rendered via PortableTextRenderer, not Blocks component. background: #e6e6e6;background: light-dark(rgba(0,0,0,0.1), rgba(255,255,255,0.25));color: #000000;color: light-dark(#000000, #ffffff);border-radius: 2px  Server   20o54t @ http://localhost:3001/_next/static/chunks/f12ff_next_dist_95687940._.js:2302
[10773532ms] [WARNING] %c%s%c PortableText block detected in page blocks array. This should be rendered via PortableTextRenderer, not Blocks component. background: #e6e6e6;background: light-dark(rgba(0,0,0,0.1), rgba(255,255,255,0.25));color: #000000;color: light-dark(#000000, #ffffff);border-radius: 2px  Server   20o54t @ http://localhost:3001/_next/static/chunks/f12ff_next_dist_95687940._.js:2302
[10773635ms] [LOG] [Fast Refresh] rebuilding @ http://localhost:3001/_next/static/chunks/f12ff_next_dist_95687940._.js:2302
[10773645ms] [LOG] [Fast Refresh] done in 111ms @ http://localhost:3001/_next/static/chunks/f12ff_next_dist_95687940._.js:2302
[10773777ms] [LOG] [Fast Refresh] rebuilding @ http://localhost:3001/_next/static/chunks/f12ff_next_dist_95687940._.js:2302
[10773798ms] [LOG] [Fast Refresh] done in 123ms @ http://localhost:3001/_next/static/chunks/f12ff_next_dist_95687940._.js:2302
[10773832ms] [WARNING] %c%s%c PortableText block detected in page blocks array. This should be rendered via PortableTextRenderer, not Blocks component. background: #e6e6e6;background: light-dark(rgba(0,0,0,0.1), rgba(255,255,255,0.25));color: #000000;color: light-dark(#000000, #ffffff);border-radius: 2px  Server   ukren1 @ http://localhost:3001/_next/static/chunks/f12ff_next_dist_95687940._.js:2302
[10773832ms] [WARNING] %c%s%c PortableText block detected in page blocks array. This should be rendered via PortableTextRenderer, not Blocks component. background: #e6e6e6;background: light-dark(rgba(0,0,0,0.1), rgba(255,255,255,0.25));color: #000000;color: light-dark(#000000, #ffffff);border-radius: 2px  Server   wm4f29 @ http://localhost:3001/_next/static/chunks/f12ff_next_dist_95687940._.js:2302
[10773942ms] [LOG] [Fast Refresh] rebuilding @ http://localhost:3001/_next/static/chunks/f12ff_next_dist_95687940._.js:2302
[10773980ms] [LOG] [Fast Refresh] done in 142ms @ http://localhost:3001/_next/static/chunks/f12ff_next_dist_95687940._.js:2302
[10774007ms] [WARNING] %c%s%c PortableText block detected in page blocks array. This should be rendered via PortableTextRenderer, not Blocks component. background: #e6e6e6;background: light-dark(rgba(0,0,0,0.1), rgba(255,255,255,0.25));color: #000000;color: light-dark(#000000, #ffffff);border-radius: 2px  Server   20o54t @ http://localhost:3001/_next/static/chunks/f12ff_next_dist_95687940._.js:2302
[10774147ms] [WARNING] %c%s%c PortableText block detected in page blocks array. This should be rendered via PortableTextRenderer, not Blocks component. background: #e6e6e6;background: light-dark(rgba(0,0,0,0.1), rgba(255,255,255,0.25));color: #000000;color: light-dark(#000000, #ffffff);border-radius: 2px  Server   ukren1 @ http://localhost:3001/_next/static/chunks/f12ff_next_dist_95687940._.js:2302
[10774147ms] [WARNING] %c%s%c PortableText block detected in page blocks array. This should be rendered via PortableTextRenderer, not Blocks component. background: #e6e6e6;background: light-dark(rgba(0,0,0,0.1), rgba(255,255,255,0.25));color: #000000;color: light-dark(#000000, #ffffff);border-radius: 2px  Server   wm4f29 @ http://localhost:3001/_next/static/chunks/f12ff_next_dist_95687940._.js:2302
[10774208ms] [WARNING] %c%s%c PortableText block detected in page blocks array. This should be rendered via PortableTextRenderer, not Blocks component. background: #e6e6e6;background: light-dark(rgba(0,0,0,0.1), rgba(255,255,255,0.25));color: #000000;color: light-dark(#000000, #ffffff);border-radius: 2px  Server   20o54t @ http://localhost:3001/_next/static/chunks/f12ff_next_dist_95687940._.js:2302
[10774324ms] [WARNING] %c%s%c PortableText block detected in page blocks array. This should be rendered via PortableTextRenderer, not Blocks component. background: #e6e6e6;background: light-dark(rgba(0,0,0,0.1), rgba(255,255,255,0.25));color: #000000;color: light-dark(#000000, #ffffff);border-radius: 2px  Server   ukren1 @ http://localhost:3001/_next/static/chunks/f12ff_next_dist_95687940._.js:2302
[10774325ms] [WARNING] %c%s%c PortableText block detected in page blocks array. This should be rendered via PortableTextRenderer, not Blocks component. background: #e6e6e6;background: light-dark(rgba(0,0,0,0.1), rgba(255,255,255,0.25));color: #000000;color: light-dark(#000000, #ffffff);border-radius: 2px  Server   wm4f29 @ http://localhost:3001/_next/static/chunks/f12ff_next_dist_95687940._.js:2302
[10774326ms] [WARNING] %c%s%c PortableText block detected in page blocks array. This should be rendered via PortableTextRenderer, not Blocks component. background: #e6e6e6;background: light-dark(rgba(0,0,0,0.1), rgba(255,255,255,0.25));color: #000000;color: light-dark(#000000, #ffffff);border-radius: 2px  Server   ukren1 @ http://localhost:3001/_next/static/chunks/f12ff_next_dist_95687940._.js:2302
[10774326ms] [WARNING] %c%s%c PortableText block detected in page blocks array. This should be rendered via PortableTextRenderer, not Blocks component. background: #e6e6e6;background: light-dark(rgba(0,0,0,0.1), rgba(255,255,255,0.25));color: #000000;color: light-dark(#000000, #ffffff);border-radius: 2px  Server   wm4f29 @ http://localhost:3001/_next/static/chunks/f12ff_next_dist_95687940._.js:2302
[10774329ms] [WARNING] %c%s%c PortableText block detected in page blocks array. This should be rendered via PortableTextRenderer, not Blocks component. background: #e6e6e6;background: light-dark(rgba(0,0,0,0.1), rgba(255,255,255,0.25));color: #000000;color: light-dark(#000000, #ffffff);border-radius: 2px  Server   20o54t @ http://localhost:3001/_next/static/chunks/f12ff_next_dist_95687940._.js:2302
[10774333ms] [WARNING] %c%s%c PortableText block detected in page blocks array. This should be rendered via PortableTextRenderer, not Blocks component. background: #e6e6e6;background: light-dark(rgba(0,0,0,0.1), rgba(255,255,255,0.25));color: #000000;color: light-dark(#000000, #ffffff);border-radius: 2px  Server   20o54t @ http://localhost:3001/_next/static/chunks/f12ff_next_dist_95687940._.js:2302
[10774349ms] [WARNING] %c%s%c PortableText block detected in page blocks array. This should be rendered via PortableTextRenderer, not Blocks component. background: #e6e6e6;background: light-dark(rgba(0,0,0,0.1), rgba(255,255,255,0.25));color: #000000;color: light-dark(#000000, #ffffff);border-radius: 2px  Server   ukren1 @ http://localhost:3001/_next/static/chunks/f12ff_next_dist_95687940._.js:2302
[10774349ms] [WARNING] %c%s%c PortableText block detected in page blocks array. This should be rendered via PortableTextRenderer, not Blocks component. background: #e6e6e6;background: light-dark(rgba(0,0,0,0.1), rgba(255,255,255,0.25));color: #000000;color: light-dark(#000000, #ffffff);border-radius: 2px  Server   wm4f29 @ http://localhost:3001/_next/static/chunks/f12ff_next_dist_95687940._.js:2302
[10774349ms] [WARNING] %c%s%c PortableText block detected in page blocks array. This should be rendered via PortableTextRenderer, not Blocks component. background: #e6e6e6;background: light-dark(rgba(0,0,0,0.1), rgba(255,255,255,0.25));color: #000000;color: light-dark(#000000, #ffffff);border-radius: 2px  Server   20o54t @ http://localhost:3001/_next/static/chunks/f12ff_next_dist_95687940._.js:2302
[10774355ms] [WARNING] %c%s%c PortableText block detected in page blocks array. This should be rendered via PortableTextRenderer, not Blocks component. background: #e6e6e6;background: light-dark(rgba(0,0,0,0.1), rgba(255,255,255,0.25));color: #000000;color: light-dark(#000000, #ffffff);border-radius: 2px  Server   ukren1 @ http://localhost:3001/_next/static/chunks/f12ff_next_dist_95687940._.js:2302
[10774355ms] [WARNING] %c%s%c PortableText block detected in page blocks array. This should be rendered via PortableTextRenderer, not Blocks component. background: #e6e6e6;background: light-dark(rgba(0,0,0,0.1), rgba(255,255,255,0.25));color: #000000;color: light-dark(#000000, #ffffff);border-radius: 2px  Server   wm4f29 @ http://localhost:3001/_next/static/chunks/f12ff_next_dist_95687940._.js:2302
[10774364ms] [WARNING] %c%s%c PortableText block detected in page blocks array. This should be rendered via PortableTextRenderer, not Blocks component. background: #e6e6e6;background: light-dark(rgba(0,0,0,0.1), rgba(255,255,255,0.25));color: #000000;color: light-dark(#000000, #ffffff);border-radius: 2px  Server   20o54t @ http://localhost:3001/_next/static/chunks/f12ff_next_dist_95687940._.js:2302
[10774460ms] [WARNING] %c%s%c PortableText block detected in page blocks array. This should be rendered via PortableTextRenderer, not Blocks component. background: #e6e6e6;background: light-dark(rgba(0,0,0,0.1), rgba(255,255,255,0.25));color: #000000;color: light-dark(#000000, #ffffff);border-radius: 2px  Server   ukren1 @ http://localhost:3001/_next/static/chunks/f12ff_next_dist_95687940._.js:2302
[10774493ms] [WARNING] %c%s%c PortableText block detected in page blocks array. This should be rendered via PortableTextRenderer, not Blocks component. background: #e6e6e6;background: light-dark(rgba(0,0,0,0.1), rgba(255,255,255,0.25));color: #000000;color: light-dark(#000000, #ffffff);border-radius: 2px  Server   wm4f29 @ http://localhost:3001/_next/static/chunks/f12ff_next_dist_95687940._.js:2302
[10774555ms] [WARNING] %c%s%c PortableText block detected in page blocks array. This should be rendered via PortableTextRenderer, not Blocks component. background: #e6e6e6;background: light-dark(rgba(0,0,0,0.1), rgba(255,255,255,0.25));color: #000000;color: light-dark(#000000, #ffffff);border-radius: 2px  Server   20o54t @ http://localhost:3001/_next/static/chunks/f12ff_next_dist_95687940._.js:2302
[10774649ms] [WARNING] %c%s%c PortableText block detected in page blocks array. This should be rendered via PortableTextRenderer, not Blocks component. background: #e6e6e6;background: light-dark(rgba(0,0,0,0.1), rgba(255,255,255,0.25));color: #000000;color: light-dark(#000000, #ffffff);border-radius: 2px  Server   ukren1 @ http://localhost:3001/_next/static/chunks/f12ff_next_dist_95687940._.js:2302
[10774649ms] [WARNING] %c%s%c PortableText block detected in page blocks array. This should be rendered via PortableTextRenderer, not Blocks component. background: #e6e6e6;background: light-dark(rgba(0,0,0,0.1), rgba(255,255,255,0.25));color: #000000;color: light-dark(#000000, #ffffff);border-radius: 2px  Server   wm4f29 @ http://localhost:3001/_next/static/chunks/f12ff_next_dist_95687940._.js:2302
[10774722ms] [WARNING] %c%s%c PortableText block detected in page blocks array. This should be rendered via PortableTextRenderer, not Blocks component. background: #e6e6e6;background: light-dark(rgba(0,0,0,0.1), rgba(255,255,255,0.25));color: #000000;color: light-dark(#000000, #ffffff);border-radius: 2px  Server   20o54t @ http://localhost:3001/_next/static/chunks/f12ff_next_dist_95687940._.js:2302
[10775326ms] [WARNING] %c%s%c PortableText block detected in page blocks array. This should be rendered via PortableTextRenderer, not Blocks component. background: #e6e6e6;background: light-dark(rgba(0,0,0,0.1), rgba(255,255,255,0.25));color: #000000;color: light-dark(#000000, #ffffff);border-radius: 2px  Server   ukren1 @ http://localhost:3001/_next/static/chunks/f12ff_next_dist_95687940._.js:2302
[10775326ms] [WARNING] %c%s%c PortableText block detected in page blocks array. This should be rendered via PortableTextRenderer, not Blocks component. background: #e6e6e6;background: light-dark(rgba(0,0,0,0.1), rgba(255,255,255,0.25));color: #000000;color: light-dark(#000000, #ffffff);border-radius: 2px  Server   wm4f29 @ http://localhost:3001/_next/static/chunks/f12ff_next_dist_95687940._.js:2302
[10775330ms] [WARNING] %c%s%c PortableText block detected in page blocks array. This should be rendered via PortableTextRenderer, not Blocks component. background: #e6e6e6;background: light-dark(rgba(0,0,0,0.1), rgba(255,255,255,0.25));color: #000000;color: light-dark(#000000, #ffffff);border-radius: 2px  Server   20o54t @ http://localhost:3001/_next/static/chunks/f12ff_next_dist_95687940._.js:2302
[10775348ms] [WARNING] %c%s%c PortableText block detected in page blocks array. This should be rendered via PortableTextRenderer, not Blocks component. background: #e6e6e6;background: light-dark(rgba(0,0,0,0.1), rgba(255,255,255,0.25));color: #000000;color: light-dark(#000000, #ffffff);border-radius: 2px  Server   ukren1 @ http://localhost:3001/_next/static/chunks/f12ff_next_dist_95687940._.js:2302
[10775348ms] [WARNING] %c%s%c PortableText block detected in page blocks array. This should be rendered via PortableTextRenderer, not Blocks component. background: #e6e6e6;background: light-dark(rgba(0,0,0,0.1), rgba(255,255,255,0.25));color: #000000;color: light-dark(#000000, #ffffff);border-radius: 2px  Server   wm4f29 @ http://localhost:3001/_next/static/chunks/f12ff_next_dist_95687940._.js:2302
[10775355ms] [WARNING] %c%s%c PortableText block detected in page blocks array. This should be rendered via PortableTextRenderer, not Blocks component. background: #e6e6e6;background: light-dark(rgba(0,0,0,0.1), rgba(255,255,255,0.25));color: #000000;color: light-dark(#000000, #ffffff);border-radius: 2px  Server   20o54t @ http://localhost:3001/_next/static/chunks/f12ff_next_dist_95687940._.js:2302
[10775417ms] [WARNING] %c%s%c PortableText block detected in page blocks array. This should be rendered via PortableTextRenderer, not Blocks component. background: #e6e6e6;background: light-dark(rgba(0,0,0,0.1), rgba(255,255,255,0.25));color: #000000;color: light-dark(#000000, #ffffff);border-radius: 2px  Server   ukren1 @ http://localhost:3001/_next/static/chunks/f12ff_next_dist_95687940._.js:2302
[10775418ms] [WARNING] %c%s%c PortableText block detected in page blocks array. This should be rendered via PortableTextRenderer, not Blocks component. background: #e6e6e6;background: light-dark(rgba(0,0,0,0.1), rgba(255,255,255,0.25));color: #000000;color: light-dark(#000000, #ffffff);border-radius: 2px  Server   wm4f29 @ http://localhost:3001/_next/static/chunks/f12ff_next_dist_95687940._.js:2302
[10775425ms] [WARNING] %c%s%c PortableText block detected in page blocks array. This should be rendered via PortableTextRenderer, not Blocks component. background: #e6e6e6;background: light-dark(rgba(0,0,0,0.1), rgba(255,255,255,0.25));color: #000000;color: light-dark(#000000, #ffffff);border-radius: 2px  Server   20o54t @ http://localhost:3001/_next/static/chunks/f12ff_next_dist_95687940._.js:2302
[10775440ms] [WARNING] %c%s%c PortableText block detected in page blocks array. This should be rendered via PortableTextRenderer, not Blocks component. background: #e6e6e6;background: light-dark(rgba(0,0,0,0.1), rgba(255,255,255,0.25));color: #000000;color: light-dark(#000000, #ffffff);border-radius: 2px  Server   ukren1 @ http://localhost:3001/_next/static/chunks/f12ff_next_dist_95687940._.js:2302
[10775440ms] [WARNING] %c%s%c PortableText block detected in page blocks array. This should be rendered via PortableTextRenderer, not Blocks component. background: #e6e6e6;background: light-dark(rgba(0,0,0,0.1), rgba(255,255,255,0.25));color: #000000;color: light-dark(#000000, #ffffff);border-radius: 2px  Server   wm4f29 @ http://localhost:3001/_next/static/chunks/f12ff_next_dist_95687940._.js:2302
[10775445ms] [WARNING] %c%s%c PortableText block detected in page blocks array. This should be rendered via PortableTextRenderer, not Blocks component. background: #e6e6e6;background: light-dark(rgba(0,0,0,0.1), rgba(255,255,255,0.25));color: #000000;color: light-dark(#000000, #ffffff);border-radius: 2px  Server   20o54t @ http://localhost:3001/_next/static/chunks/f12ff_next_dist_95687940._.js:2302
[10775631ms] [WARNING] %c%s%c PortableText block detected in page blocks array. This should be rendered via PortableTextRenderer, not Blocks component. background: #e6e6e6;background: light-dark(rgba(0,0,0,0.1), rgba(255,255,255,0.25));color: #000000;color: light-dark(#000000, #ffffff);border-radius: 2px  Server   ukren1 @ http://localhost:3001/_next/static/chunks/f12ff_next_dist_95687940._.js:2302
[10775632ms] [WARNING] %c%s%c PortableText block detected in page blocks array. This should be rendered via PortableTextRenderer, not Blocks component. background: #e6e6e6;background: light-dark(rgba(0,0,0,0.1), rgba(255,255,255,0.25));color: #000000;color: light-dark(#000000, #ffffff);border-radius: 2px  Server   wm4f29 @ http://localhost:3001/_next/static/chunks/f12ff_next_dist_95687940._.js:2302
[10775742ms] [WARNING] %c%s%c PortableText block detected in page blocks array. This should be rendered via PortableTextRenderer, not Blocks component. background: #e6e6e6;background: light-dark(rgba(0,0,0,0.1), rgba(255,255,255,0.25));color: #000000;color: light-dark(#000000, #ffffff);border-radius: 2px  Server   20o54t @ http://localhost:3001/_next/static/chunks/f12ff_next_dist_95687940._.js:2302
[10775742ms] [WARNING] %c%s%c PortableText block detected in page blocks array. This should be rendered via PortableTextRenderer, not Blocks component. background: #e6e6e6;background: light-dark(rgba(0,0,0,0.1), rgba(255,255,255,0.25));color: #000000;color: light-dark(#000000, #ffffff);border-radius: 2px  Server   ukren1 @ http://localhost:3001/_next/static/chunks/f12ff_next_dist_95687940._.js:2302
[10775744ms] [WARNING] %c%s%c PortableText block detected in page blocks array. This should be rendered via PortableTextRenderer, not Blocks component. background: #e6e6e6;background: light-dark(rgba(0,0,0,0.1), rgba(255,255,255,0.25));color: #000000;color: light-dark(#000000, #ffffff);border-radius: 2px  Server   wm4f29 @ http://localhost:3001/_next/static/chunks/f12ff_next_dist_95687940._.js:2302
[10775749ms] [WARNING] %c%s%c PortableText block detected in page blocks array. This should be rendered via PortableTextRenderer, not Blocks component. background: #e6e6e6;background: light-dark(rgba(0,0,0,0.1), rgba(255,255,255,0.25));color: #000000;color: light-dark(#000000, #ffffff);border-radius: 2px  Server   20o54t @ http://localhost:3001/_next/static/chunks/f12ff_next_dist_95687940._.js:2302
[10775940ms] [WARNING] %c%s%c PortableText block detected in page blocks array. This should be rendered via PortableTextRenderer, not Blocks component. background: #e6e6e6;background: light-dark(rgba(0,0,0,0.1), rgba(255,255,255,0.25));color: #000000;color: light-dark(#000000, #ffffff);border-radius: 2px  Server   ukren1 @ http://localhost:3001/_next/static/chunks/f12ff_next_dist_95687940._.js:2302
[10775941ms] [WARNING] %c%s%c PortableText block detected in page blocks array. This should be rendered via PortableTextRenderer, not Blocks component. background: #e6e6e6;background: light-dark(rgba(0,0,0,0.1), rgba(255,255,255,0.25));color: #000000;color: light-dark(#000000, #ffffff);border-radius: 2px  Server   wm4f29 @ http://localhost:3001/_next/static/chunks/f12ff_next_dist_95687940._.js:2302
[10775945ms] [WARNING] %c%s%c PortableText block detected in page blocks array. This should be rendered via PortableTextRenderer, not Blocks component. background: #e6e6e6;background: light-dark(rgba(0,0,0,0.1), rgba(255,255,255,0.25));color: #000000;color: light-dark(#000000, #ffffff);border-radius: 2px  Server   20o54t @ http://localhost:3001/_next/static/chunks/f12ff_next_dist_95687940._.js:2302
[10775970ms] [WARNING] %c%s%c PortableText block detected in page blocks array. This should be rendered via PortableTextRenderer, not Blocks component. background: #e6e6e6;background: light-dark(rgba(0,0,0,0.1), rgba(255,255,255,0.25));color: #000000;color: light-dark(#000000, #ffffff);border-radius: 2px  Server   ukren1 @ http://localhost:3001/_next/static/chunks/f12ff_next_dist_95687940._.js:2302
[10775971ms] [WARNING] %c%s%c PortableText block detected in page blocks array. This should be rendered via PortableTextRenderer, not Blocks component. background: #e6e6e6;background: light-dark(rgba(0,0,0,0.1), rgba(255,255,255,0.25));color: #000000;color: light-dark(#000000, #ffffff);border-radius: 2px  Server   wm4f29 @ http://localhost:3001/_next/static/chunks/f12ff_next_dist_95687940._.js:2302
[10775980ms] [WARNING] %c%s%c PortableText block detected in page blocks array. This should be rendered via PortableTextRenderer, not Blocks component. background: #e6e6e6;background: light-dark(rgba(0,0,0,0.1), rgba(255,255,255,0.25));color: #000000;color: light-dark(#000000, #ffffff);border-radius: 2px  Server   ukren1 @ http://localhost:3001/_next/static/chunks/f12ff_next_dist_95687940._.js:2302
[10775980ms] [WARNING] %c%s%c PortableText block detected in page blocks array. This should be rendered via PortableTextRenderer, not Blocks component. background: #e6e6e6;background: light-dark(rgba(0,0,0,0.1), rgba(255,255,255,0.25));color: #000000;color: light-dark(#000000, #ffffff);border-radius: 2px  Server   wm4f29 @ http://localhost:3001/_next/static/chunks/f12ff_next_dist_95687940._.js:2302
[10776049ms] [WARNING] %c%s%c PortableText block detected in page blocks array. This should be rendered via PortableTextRenderer, not Blocks component. background: #e6e6e6;background: light-dark(rgba(0,0,0,0.1), rgba(255,255,255,0.25));color: #000000;color: light-dark(#000000, #ffffff);border-radius: 2px  Server   20o54t @ http://localhost:3001/_next/static/chunks/f12ff_next_dist_95687940._.js:2302
[10776050ms] [WARNING] %c%s%c PortableText block detected in page blocks array. This should be rendered via PortableTextRenderer, not Blocks component. background: #e6e6e6;background: light-dark(rgba(0,0,0,0.1), rgba(255,255,255,0.25));color: #000000;color: light-dark(#000000, #ffffff);border-radius: 2px  Server   20o54t @ http://localhost:3001/_next/static/chunks/f12ff_next_dist_95687940._.js:2302
[10776074ms] [WARNING] %c%s%c PortableText block detected in page blocks array. This should be rendered via PortableTextRenderer, not Blocks component. background: #e6e6e6;background: light-dark(rgba(0,0,0,0.1), rgba(255,255,255,0.25));color: #000000;color: light-dark(#000000, #ffffff);border-radius: 2px  Server   ukren1 @ http://localhost:3001/_next/static/chunks/f12ff_next_dist_95687940._.js:2302
[10776074ms] [WARNING] %c%s%c PortableText block detected in page blocks array. This should be rendered via PortableTextRenderer, not Blocks component. background: #e6e6e6;background: light-dark(rgba(0,0,0,0.1), rgba(255,255,255,0.25));color: #000000;color: light-dark(#000000, #ffffff);border-radius: 2px  Server   wm4f29 @ http://localhost:3001/_next/static/chunks/f12ff_next_dist_95687940._.js:2302
[10776074ms] [WARNING] %c%s%c PortableText block detected in page blocks array. This should be rendered via PortableTextRenderer, not Blocks component. background: #e6e6e6;background: light-dark(rgba(0,0,0,0.1), rgba(255,255,255,0.25));color: #000000;color: light-dark(#000000, #ffffff);border-radius: 2px  Server   20o54t @ http://localhost:3001/_next/static/chunks/f12ff_next_dist_95687940._.js:2302
[10776245ms] [WARNING] %c%s%c PortableText block detected in page blocks array. This should be rendered via PortableTextRenderer, not Blocks component. background: #e6e6e6;background: light-dark(rgba(0,0,0,0.1), rgba(255,255,255,0.25));color: #000000;color: light-dark(#000000, #ffffff);border-radius: 2px  Server   ukren1 @ http://localhost:3001/_next/static/chunks/f12ff_next_dist_95687940._.js:2302
[10776245ms] [WARNING] %c%s%c PortableText block detected in page blocks array. This should be rendered via PortableTextRenderer, not Blocks component. background: #e6e6e6;background: light-dark(rgba(0,0,0,0.1), rgba(255,255,255,0.25));color: #000000;color: light-dark(#000000, #ffffff);border-radius: 2px  Server   wm4f29 @ http://localhost:3001/_next/static/chunks/f12ff_next_dist_95687940._.js:2302
[10776330ms] [WARNING] %c%s%c PortableText block detected in page blocks array. This should be rendered via PortableTextRenderer, not Blocks component. background: #e6e6e6;background: light-dark(rgba(0,0,0,0.1), rgba(255,255,255,0.25));color: #000000;color: light-dark(#000000, #ffffff);border-radius: 2px  Server   20o54t @ http://localhost:3001/_next/static/chunks/f12ff_next_dist_95687940._.js:2302
[10776331ms] [WARNING] %c%s%c PortableText block detected in page blocks array. This should be rendered via PortableTextRenderer, not Blocks component. background: #e6e6e6;background: light-dark(rgba(0,0,0,0.1), rgba(255,255,255,0.25));color: #000000;color: light-dark(#000000, #ffffff);border-radius: 2px  Server   ukren1 @ http://localhost:3001/_next/static/chunks/f12ff_next_dist_95687940._.js:2302
[10776332ms] [WARNING] %c%s%c PortableText block detected in page blocks array. This should be rendered via PortableTextRenderer, not Blocks component. background: #e6e6e6;background: light-dark(rgba(0,0,0,0.1), rgba(255,255,255,0.25));color: #000000;color: light-dark(#000000, #ffffff);border-radius: 2px  Server   wm4f29 @ http://localhost:3001/_next/static/chunks/f12ff_next_dist_95687940._.js:2302
[10776335ms] [WARNING] %c%s%c PortableText block detected in page blocks array. This should be rendered via PortableTextRenderer, not Blocks component. background: #e6e6e6;background: light-dark(rgba(0,0,0,0.1), rgba(255,255,255,0.25));color: #000000;color: light-dark(#000000, #ffffff);border-radius: 2px  Server   20o54t @ http://localhost:3001/_next/static/chunks/f12ff_next_dist_95687940._.js:2302
[10776518ms] [WARNING] %c%s%c PortableText block detected in page blocks array. This should be rendered via PortableTextRenderer, not Blocks component. background: #e6e6e6;background: light-dark(rgba(0,0,0,0.1), rgba(255,255,255,0.25));color: #000000;color: light-dark(#000000, #ffffff);border-radius: 2px  Server   ukren1 @ http://localhost:3001/_next/static/chunks/f12ff_next_dist_95687940._.js:2302
[10776519ms] [WARNING] %c%s%c PortableText block detected in page blocks array. This should be rendered via PortableTextRenderer, not Blocks component. background: #e6e6e6;background: light-dark(rgba(0,0,0,0.1), rgba(255,255,255,0.25));color: #000000;color: light-dark(#000000, #ffffff);border-radius: 2px  Server   wm4f29 @ http://localhost:3001/_next/static/chunks/f12ff_next_dist_95687940._.js:2302
[10776524ms] [WARNING] %c%s%c PortableText block detected in page blocks array. This should be rendered via PortableTextRenderer, not Blocks component. background: #e6e6e6;background: light-dark(rgba(0,0,0,0.1), rgba(255,255,255,0.25));color: #000000;color: light-dark(#000000, #ffffff);border-radius: 2px  Server   20o54t @ http://localhost:3001/_next/static/chunks/f12ff_next_dist_95687940._.js:2302
[10776554ms] [WARNING] %c%s%c PortableText block detected in page blocks array. This should be rendered via PortableTextRenderer, not Blocks component. background: #e6e6e6;background: light-dark(rgba(0,0,0,0.1), rgba(255,255,255,0.25));color: #000000;color: light-dark(#000000, #ffffff);border-radius: 2px  Server   ukren1 @ http://localhost:3001/_next/static/chunks/f12ff_next_dist_95687940._.js:2302
[10776554ms] [WARNING] %c%s%c PortableText block detected in page blocks array. This should be rendered via PortableTextRenderer, not Blocks component. background: #e6e6e6;background: light-dark(rgba(0,0,0,0.1), rgba(255,255,255,0.25));color: #000000;color: light-dark(#000000, #ffffff);border-radius: 2px  Server   wm4f29 @ http://localhost:3001/_next/static/chunks/f12ff_next_dist_95687940._.js:2302
[10776554ms] [WARNING] %c%s%c PortableText block detected in page blocks array. This should be rendered via PortableTextRenderer, not Blocks component. background: #e6e6e6;background: light-dark(rgba(0,0,0,0.1), rgba(255,255,255,0.25));color: #000000;color: light-dark(#000000, #ffffff);border-radius: 2px  Server   20o54t @ http://localhost:3001/_next/static/chunks/f12ff_next_dist_95687940._.js:2302
[10776555ms] [WARNING] %c%s%c PortableText block detected in page blocks array. This should be rendered via PortableTextRenderer, not Blocks component. background: #e6e6e6;background: light-dark(rgba(0,0,0,0.1), rgba(255,255,255,0.25));color: #000000;color: light-dark(#000000, #ffffff);border-radius: 2px  Server   ukren1 @ http://localhost:3001/_next/static/chunks/f12ff_next_dist_95687940._.js:2302
[10776555ms] [WARNING] %c%s%c PortableText block detected in page blocks array. This should be rendered via PortableTextRenderer, not Blocks component. background: #e6e6e6;background: light-dark(rgba(0,0,0,0.1), rgba(255,255,255,0.25));color: #000000;color: light-dark(#000000, #ffffff);border-radius: 2px  Server   wm4f29 @ http://localhost:3001/_next/static/chunks/f12ff_next_dist_95687940._.js:2302
[10776642ms] [WARNING] %c%s%c PortableText block detected in page blocks array. This should be rendered via PortableTextRenderer, not Blocks component. background: #e6e6e6;background: light-dark(rgba(0,0,0,0.1), rgba(255,255,255,0.25));color: #000000;color: light-dark(#000000, #ffffff);border-radius: 2px  Server   20o54t @ http://localhost:3001/_next/static/chunks/f12ff_next_dist_95687940._.js:2302
[10776656ms] [WARNING] %c%s%c PortableText block detected in page blocks array. This should be rendered via PortableTextRenderer, not Blocks component. background: #e6e6e6;background: light-dark(rgba(0,0,0,0.1), rgba(255,255,255,0.25));color: #000000;color: light-dark(#000000, #ffffff);border-radius: 2px  Server   ukren1 @ http://localhost:3001/_next/static/chunks/f12ff_next_dist_95687940._.js:2302
[10776656ms] [WARNING] %c%s%c PortableText block detected in page blocks array. This should be rendered via PortableTextRenderer, not Blocks component. background: #e6e6e6;background: light-dark(rgba(0,0,0,0.1), rgba(255,255,255,0.25));color: #000000;color: light-dark(#000000, #ffffff);border-radius: 2px  Server   wm4f29 @ http://localhost:3001/_next/static/chunks/f12ff_next_dist_95687940._.js:2302
[10776656ms] [WARNING] %c%s%c PortableText block detected in page blocks array. This should be rendered via PortableTextRenderer, not Blocks component. background: #e6e6e6;background: light-dark(rgba(0,0,0,0.1), rgba(255,255,255,0.25));color: #000000;color: light-dark(#000000, #ffffff);border-radius: 2px  Server   20o54t @ http://localhost:3001/_next/static/chunks/f12ff_next_dist_95687940._.js:2302
[10776821ms] [WARNING] %c%s%c PortableText block detected in page blocks array. This should be rendered via PortableTextRenderer, not Blocks component. background: #e6e6e6;background: light-dark(rgba(0,0,0,0.1), rgba(255,255,255,0.25));color: #000000;color: light-dark(#000000, #ffffff);border-radius: 2px  Server   ukren1 @ http://localhost:3001/_next/static/chunks/f12ff_next_dist_95687940._.js:2302
[10776910ms] [WARNING] %c%s%c PortableText block detected in page blocks array. This should be rendered via PortableTextRenderer, not Blocks component. background: #e6e6e6;background: light-dark(rgba(0,0,0,0.1), rgba(255,255,255,0.25));color: #000000;color: light-dark(#000000, #ffffff);border-radius: 2px  Server   wm4f29 @ http://localhost:3001/_next/static/chunks/f12ff_next_dist_95687940._.js:2302
[10776913ms] [WARNING] %c%s%c PortableText block detected in page blocks array. This should be rendered via PortableTextRenderer, not Blocks component. background: #e6e6e6;background: light-dark(rgba(0,0,0,0.1), rgba(255,255,255,0.25));color: #000000;color: light-dark(#000000, #ffffff);border-radius: 2px  Server   20o54t @ http://localhost:3001/_next/static/chunks/f12ff_next_dist_95687940._.js:2302
[10776918ms] [WARNING] %c%s%c PortableText block detected in page blocks array. This should be rendered via PortableTextRenderer, not Blocks component. background: #e6e6e6;background: light-dark(rgba(0,0,0,0.1), rgba(255,255,255,0.25));color: #000000;color: light-dark(#000000, #ffffff);border-radius: 2px  Server   ukren1 @ http://localhost:3001/_next/static/chunks/f12ff_next_dist_95687940._.js:2302
[10776918ms] [WARNING] %c%s%c PortableText block detected in page blocks array. This should be rendered via PortableTextRenderer, not Blocks component. background: #e6e6e6;background: light-dark(rgba(0,0,0,0.1), rgba(255,255,255,0.25));color: #000000;color: light-dark(#000000, #ffffff);border-radius: 2px  Server   wm4f29 @ http://localhost:3001/_next/static/chunks/f12ff_next_dist_95687940._.js:2302
[10776920ms] [WARNING] %c%s%c PortableText block detected in page blocks array. This should be rendered via PortableTextRenderer, not Blocks component. background: #e6e6e6;background: light-dark(rgba(0,0,0,0.1), rgba(255,255,255,0.25));color: #000000;color: light-dark(#000000, #ffffff);border-radius: 2px  Server   20o54t @ http://localhost:3001/_next/static/chunks/f12ff_next_dist_95687940._.js:2302
[10777123ms] [WARNING] %c%s%c PortableText block detected in page blocks array. This should be rendered via PortableTextRenderer, not Blocks component. background: #e6e6e6;background: light-dark(rgba(0,0,0,0.1), rgba(255,255,255,0.25));color: #000000;color: light-dark(#000000, #ffffff);border-radius: 2px  Server   ukren1 @ http://localhost:3001/_next/static/chunks/f12ff_next_dist_95687940._.js:2302
[10777123ms] [WARNING] %c%s%c PortableText block detected in page blocks array. This should be rendered via PortableTextRenderer, not Blocks component. background: #e6e6e6;background: light-dark(rgba(0,0,0,0.1), rgba(255,255,255,0.25));color: #000000;color: light-dark(#000000, #ffffff);border-radius: 2px  Server   wm4f29 @ http://localhost:3001/_next/static/chunks/f12ff_next_dist_95687940._.js:2302
[10777137ms] [WARNING] %c%s%c PortableText block detected in page blocks array. This should be rendered via PortableTextRenderer, not Blocks component. background: #e6e6e6;background: light-dark(rgba(0,0,0,0.1), rgba(255,255,255,0.25));color: #000000;color: light-dark(#000000, #ffffff);border-radius: 2px  Server   20o54t @ http://localhost:3001/_next/static/chunks/f12ff_next_dist_95687940._.js:2302
[10777158ms] [WARNING] %c%s%c PortableText block detected in page blocks array. This should be rendered via PortableTextRenderer, not Blocks component. background: #e6e6e6;background: light-dark(rgba(0,0,0,0.1), rgba(255,255,255,0.25));color: #000000;color: light-dark(#000000, #ffffff);border-radius: 2px  Server   ukren1 @ http://localhost:3001/_next/static/chunks/f12ff_next_dist_95687940._.js:2302
[10777158ms] [WARNING] %c%s%c PortableText block detected in page blocks array. This should be rendered via PortableTextRenderer, not Blocks component. background: #e6e6e6;background: light-dark(rgba(0,0,0,0.1), rgba(255,255,255,0.25));color: #000000;color: light-dark(#000000, #ffffff);border-radius: 2px  Server   wm4f29 @ http://localhost:3001/_next/static/chunks/f12ff_next_dist_95687940._.js:2302
[10777162ms] [WARNING] %c%s%c PortableText block detected in page blocks array. This should be rendered via PortableTextRenderer, not Blocks component. background: #e6e6e6;background: light-dark(rgba(0,0,0,0.1), rgba(255,255,255,0.25));color: #000000;color: light-dark(#000000, #ffffff);border-radius: 2px  Server   20o54t @ http://localhost:3001/_next/static/chunks/f12ff_next_dist_95687940._.js:2302
[10777167ms] [WARNING] %c%s%c PortableText block detected in page blocks array. This should be rendered via PortableTextRenderer, not Blocks component. background: #e6e6e6;background: light-dark(rgba(0,0,0,0.1), rgba(255,255,255,0.25));color: #000000;color: light-dark(#000000, #ffffff);border-radius: 2px  Server   ukren1 @ http://localhost:3001/_next/static/chunks/f12ff_next_dist_95687940._.js:2302
[10777168ms] [WARNING] %c%s%c PortableText block detected in page blocks array. This should be rendered via PortableTextRenderer, not Blocks component. background: #e6e6e6;background: light-dark(rgba(0,0,0,0.1), rgba(255,255,255,0.25));color: #000000;color: light-dark(#000000, #ffffff);border-radius: 2px  Server   wm4f29 @ http://localhost:3001/_next/static/chunks/f12ff_next_dist_95687940._.js:2302
[10777266ms] [WARNING] %c%s%c PortableText block detected in page blocks array. This should be rendered via PortableTextRenderer, not Blocks component. background: #e6e6e6;background: light-dark(rgba(0,0,0,0.1), rgba(255,255,255,0.25));color: #000000;color: light-dark(#000000, #ffffff);border-radius: 2px  Server   20o54t @ http://localhost:3001/_next/static/chunks/f12ff_next_dist_95687940._.js:2302
[10777282ms] [WARNING] %c%s%c PortableText block detected in page blocks array. This should be rendered via PortableTextRenderer, not Blocks component. background: #e6e6e6;background: light-dark(rgba(0,0,0,0.1), rgba(255,255,255,0.25));color: #000000;color: light-dark(#000000, #ffffff);border-radius: 2px  Server   ukren1 @ http://localhost:3001/_next/static/chunks/f12ff_next_dist_95687940._.js:2302
[10777282ms] [WARNING] %c%s%c PortableText block detected in page blocks array. This should be rendered via PortableTextRenderer, not Blocks component. background: #e6e6e6;background: light-dark(rgba(0,0,0,0.1), rgba(255,255,255,0.25));color: #000000;color: light-dark(#000000, #ffffff);border-radius: 2px  Server   wm4f29 @ http://localhost:3001/_next/static/chunks/f12ff_next_dist_95687940._.js:2302
[10777288ms] [WARNING] %c%s%c PortableText block detected in page blocks array. This should be rendered via PortableTextRenderer, not Blocks component. background: #e6e6e6;background: light-dark(rgba(0,0,0,0.1), rgba(255,255,255,0.25));color: #000000;color: light-dark(#000000, #ffffff);border-radius: 2px  Server   20o54t @ http://localhost:3001/_next/static/chunks/f12ff_next_dist_95687940._.js:2302
[10777465ms] [WARNING] %c%s%c PortableText block detected in page blocks array. This should be rendered via PortableTextRenderer, not Blocks component. background: #e6e6e6;background: light-dark(rgba(0,0,0,0.1), rgba(255,255,255,0.25));color: #000000;color: light-dark(#000000, #ffffff);border-radius: 2px  Server   ukren1 @ http://localhost:3001/_next/static/chunks/f12ff_next_dist_95687940._.js:2302
[10777465ms] [WARNING] %c%s%c PortableText block detected in page blocks array. This should be rendered via PortableTextRenderer, not Blocks component. background: #e6e6e6;background: light-dark(rgba(0,0,0,0.1), rgba(255,255,255,0.25));color: #000000;color: light-dark(#000000, #ffffff);border-radius: 2px  Server   wm4f29 @ http://localhost:3001/_next/static/chunks/f12ff_next_dist_95687940._.js:2302
[10777535ms] [WARNING] %c%s%c PortableText block detected in page blocks array. This should be rendered via PortableTextRenderer, not Blocks component. background: #e6e6e6;background: light-dark(rgba(0,0,0,0.1), rgba(255,255,255,0.25));color: #000000;color: light-dark(#000000, #ffffff);border-radius: 2px  Server   20o54t @ http://localhost:3001/_next/static/chunks/f12ff_next_dist_95687940._.js:2302
[10777546ms] [WARNING] %c%s%c PortableText block detected in page blocks array. This should be rendered via PortableTextRenderer, not Blocks component. background: #e6e6e6;background: light-dark(rgba(0,0,0,0.1), rgba(255,255,255,0.25));color: #000000;color: light-dark(#000000, #ffffff);border-radius: 2px  Server   ukren1 @ http://localhost:3001/_next/static/chunks/f12ff_next_dist_95687940._.js:2302
[10777547ms] [WARNING] %c%s%c PortableText block detected in page blocks array. This should be rendered via PortableTextRenderer, not Blocks component. background: #e6e6e6;background: light-dark(rgba(0,0,0,0.1), rgba(255,255,255,0.25));color: #000000;color: light-dark(#000000, #ffffff);border-radius: 2px  Server   wm4f29 @ http://localhost:3001/_next/static/chunks/f12ff_next_dist_95687940._.js:2302
[10777547ms] [WARNING] %c%s%c PortableText block detected in page blocks array. This should be rendered via PortableTextRenderer, not Blocks component. background: #e6e6e6;background: light-dark(rgba(0,0,0,0.1), rgba(255,255,255,0.25));color: #000000;color: light-dark(#000000, #ffffff);border-radius: 2px  Server   20o54t @ http://localhost:3001/_next/static/chunks/f12ff_next_dist_95687940._.js:2302
[10777733ms] [WARNING] %c%s%c PortableText block detected in page blocks array. This should be rendered via PortableTextRenderer, not Blocks component. background: #e6e6e6;background: light-dark(rgba(0,0,0,0.1), rgba(255,255,255,0.25));color: #000000;color: light-dark(#000000, #ffffff);border-radius: 2px  Server   ukren1 @ http://localhost:3001/_next/static/chunks/f12ff_next_dist_95687940._.js:2302
[10777734ms] [WARNING] %c%s%c PortableText block detected in page blocks array. This should be rendered via PortableTextRenderer, not Blocks component. background: #e6e6e6;background: light-dark(rgba(0,0,0,0.1), rgba(255,255,255,0.25));color: #000000;color: light-dark(#000000, #ffffff);border-radius: 2px  Server   wm4f29 @ http://localhost:3001/_next/static/chunks/f12ff_next_dist_95687940._.js:2302
[10777739ms] [WARNING] %c%s%c PortableText block detected in page blocks array. This should be rendered via PortableTextRenderer, not Blocks component. background: #e6e6e6;background: light-dark(rgba(0,0,0,0.1), rgba(255,255,255,0.25));color: #000000;color: light-dark(#000000, #ffffff);border-radius: 2px  Server   20o54t @ http://localhost:3001/_next/static/chunks/f12ff_next_dist_95687940._.js:2302
[10777768ms] [WARNING] %c%s%c PortableText block detected in page blocks array. This should be rendered via PortableTextRenderer, not Blocks component. background: #e6e6e6;background: light-dark(rgba(0,0,0,0.1), rgba(255,255,255,0.25));color: #000000;color: light-dark(#000000, #ffffff);border-radius: 2px  Server   ukren1 @ http://localhost:3001/_next/static/chunks/f12ff_next_dist_95687940._.js:2302
[10777768ms] [WARNING] %c%s%c PortableText block detected in page blocks array. This should be rendered via PortableTextRenderer, not Blocks component. background: #e6e6e6;background: light-dark(rgba(0,0,0,0.1), rgba(255,255,255,0.25));color: #000000;color: light-dark(#000000, #ffffff);border-radius: 2px  Server   wm4f29 @ http://localhost:3001/_next/static/chunks/f12ff_next_dist_95687940._.js:2302
[10777768ms] [WARNING] %c%s%c PortableText block detected in page blocks array. This should be rendered via PortableTextRenderer, not Blocks component. background: #e6e6e6;background: light-dark(rgba(0,0,0,0.1), rgba(255,255,255,0.25));color: #000000;color: light-dark(#000000, #ffffff);border-radius: 2px  Server   20o54t @ http://localhost:3001/_next/static/chunks/f12ff_next_dist_95687940._.js:2302
[10777769ms] [WARNING] %c%s%c PortableText block detected in page blocks array. This should be rendered via PortableTextRenderer, not Blocks component. background: #e6e6e6;background: light-dark(rgba(0,0,0,0.1), rgba(255,255,255,0.25));color: #000000;color: light-dark(#000000, #ffffff);border-radius: 2px  Server   ukren1 @ http://localhost:3001/_next/static/chunks/f12ff_next_dist_95687940._.js:2302
[10777769ms] [WARNING] %c%s%c PortableText block detected in page blocks array. This should be rendered via PortableTextRenderer, not Blocks component. background: #e6e6e6;background: light-dark(rgba(0,0,0,0.1), rgba(255,255,255,0.25));color: #000000;color: light-dark(#000000, #ffffff);border-radius: 2px  Server   wm4f29 @ http://localhost:3001/_next/static/chunks/f12ff_next_dist_95687940._.js:2302
[10777779ms] [WARNING] %c%s%c PortableText block detected in page blocks array. This should be rendered via PortableTextRenderer, not Blocks component. background: #e6e6e6;background: light-dark(rgba(0,0,0,0.1), rgba(255,255,255,0.25));color: #000000;color: light-dark(#000000, #ffffff);border-radius: 2px  Server   20o54t @ http://localhost:3001/_next/static/chunks/f12ff_next_dist_95687940._.js:2302
[10777910ms] [WARNING] %c%s%c PortableText block detected in page blocks array. This should be rendered via PortableTextRenderer, not Blocks component. background: #e6e6e6;background: light-dark(rgba(0,0,0,0.1), rgba(255,255,255,0.25));color: #000000;color: light-dark(#000000, #ffffff);border-radius: 2px  Server   ukren1 @ http://localhost:3001/_next/static/chunks/f12ff_next_dist_95687940._.js:2302
[10777911ms] [WARNING] %c%s%c PortableText block detected in page blocks array. This should be rendered via PortableTextRenderer, not Blocks component. background: #e6e6e6;background: light-dark(rgba(0,0,0,0.1), rgba(255,255,255,0.25));color: #000000;color: light-dark(#000000, #ffffff);border-radius: 2px  Server   wm4f29 @ http://localhost:3001/_next/static/chunks/f12ff_next_dist_95687940._.js:2302
[10777924ms] [WARNING] %c%s%c PortableText block detected in page blocks array. This should be rendered via PortableTextRenderer, not Blocks component. background: #e6e6e6;background: light-dark(rgba(0,0,0,0.1), rgba(255,255,255,0.25));color: #000000;color: light-dark(#000000, #ffffff);border-radius: 2px  Server   20o54t @ http://localhost:3001/_next/static/chunks/f12ff_next_dist_95687940._.js:2302
[10778030ms] [LOG] [Fast Refresh] rebuilding @ http://localhost:3001/_next/static/chunks/f12ff_next_dist_95687940._.js:2302
[10778032ms] [LOG] [Fast Refresh] done in 103ms @ http://localhost:3001/_next/static/chunks/f12ff_next_dist_95687940._.js:2302
[10778113ms] [WARNING] %c%s%c PortableText block detected in page blocks array. This should be rendered via PortableTextRenderer, not Blocks component. background: #e6e6e6;background: light-dark(rgba(0,0,0,0.1), rgba(255,255,255,0.25));color: #000000;color: light-dark(#000000, #ffffff);border-radius: 2px  Server   ukren1 @ http://localhost:3001/_next/static/chunks/f12ff_next_dist_95687940._.js:2302
[10778117ms] [WARNING] %c%s%c PortableText block detected in page blocks array. This should be rendered via PortableTextRenderer, not Blocks component. background: #e6e6e6;background: light-dark(rgba(0,0,0,0.1), rgba(255,255,255,0.25));color: #000000;color: light-dark(#000000, #ffffff);border-radius: 2px  Server   wm4f29 @ http://localhost:3001/_next/static/chunks/f12ff_next_dist_95687940._.js:2302
[10778145ms] [WARNING] %c%s%c PortableText block detected in page blocks array. This should be rendered via PortableTextRenderer, not Blocks component. background: #e6e6e6;background: light-dark(rgba(0,0,0,0.1), rgba(255,255,255,0.25));color: #000000;color: light-dark(#000000, #ffffff);border-radius: 2px  Server   20o54t @ http://localhost:3001/_next/static/chunks/f12ff_next_dist_95687940._.js:2302
[10778151ms] [WARNING] %c%s%c PortableText block detected in page blocks array. This should be rendered via PortableTextRenderer, not Blocks component. background: #e6e6e6;background: light-dark(rgba(0,0,0,0.1), rgba(255,255,255,0.25));color: #000000;color: light-dark(#000000, #ffffff);border-radius: 2px  Server   ukren1 @ http://localhost:3001/_next/static/chunks/f12ff_next_dist_95687940._.js:2302
[10778151ms] [WARNING] %c%s%c PortableText block detected in page blocks array. This should be rendered via PortableTextRenderer, not Blocks component. background: #e6e6e6;background: light-dark(rgba(0,0,0,0.1), rgba(255,255,255,0.25));color: #000000;color: light-dark(#000000, #ffffff);border-radius: 2px  Server   wm4f29 @ http://localhost:3001/_next/static/chunks/f12ff_next_dist_95687940._.js:2302
[10778155ms] [WARNING] %c%s%c PortableText block detected in page blocks array. This should be rendered via PortableTextRenderer, not Blocks component. background: #e6e6e6;background: light-dark(rgba(0,0,0,0.1), rgba(255,255,255,0.25));color: #000000;color: light-dark(#000000, #ffffff);border-radius: 2px  Server   20o54t @ http://localhost:3001/_next/static/chunks/f12ff_next_dist_95687940._.js:2302
[10778185ms] [WARNING] %c%s%c PortableText block detected in page blocks array. This should be rendered via PortableTextRenderer, not Blocks component. background: #e6e6e6;background: light-dark(rgba(0,0,0,0.1), rgba(255,255,255,0.25));color: #000000;color: light-dark(#000000, #ffffff);border-radius: 2px  Server   ukren1 @ http://localhost:3001/_next/static/chunks/f12ff_next_dist_95687940._.js:2302
[10778185ms] [WARNING] %c%s%c PortableText block detected in page blocks array. This should be rendered via PortableTextRenderer, not Blocks component. background: #e6e6e6;background: light-dark(rgba(0,0,0,0.1), rgba(255,255,255,0.25));color: #000000;color: light-dark(#000000, #ffffff);border-radius: 2px  Server   wm4f29 @ http://localhost:3001/_next/static/chunks/f12ff_next_dist_95687940._.js:2302
[10778185ms] [WARNING] %c%s%c PortableText block detected in page blocks array. This should be rendered via PortableTextRenderer, not Blocks component. background: #e6e6e6;background: light-dark(rgba(0,0,0,0.1), rgba(255,255,255,0.25));color: #000000;color: light-dark(#000000, #ffffff);border-radius: 2px  Server   20o54t @ http://localhost:3001/_next/static/chunks/f12ff_next_dist_95687940._.js:2302
[10778197ms] [WARNING] %c%s%c PortableText block detected in page blocks array. This should be rendered via PortableTextRenderer, not Blocks component. background: #e6e6e6;background: light-dark(rgba(0,0,0,0.1), rgba(255,255,255,0.25));color: #000000;color: light-dark(#000000, #ffffff);border-radius: 2px  Server   ukren1 @ http://localhost:3001/_next/static/chunks/f12ff_next_dist_95687940._.js:2302
[10778197ms] [WARNING] %c%s%c PortableText block detected in page blocks array. This should be rendered via PortableTextRenderer, not Blocks component. background: #e6e6e6;background: light-dark(rgba(0,0,0,0.1), rgba(255,255,255,0.25));color: #000000;color: light-dark(#000000, #ffffff);border-radius: 2px  Server   wm4f29 @ http://localhost:3001/_next/static/chunks/f12ff_next_dist_95687940._.js:2302
[10778197ms] [WARNING] %c%s%c PortableText block detected in page blocks array. This should be rendered via PortableTextRenderer, not Blocks component. background: #e6e6e6;background: light-dark(rgba(0,0,0,0.1), rgba(255,255,255,0.25));color: #000000;color: light-dark(#000000, #ffffff);border-radius: 2px  Server   20o54t @ http://localhost:3001/_next/static/chunks/f12ff_next_dist_95687940._.js:2302
[10778199ms] [WARNING] %c%s%c PortableText block detected in page blocks array. This should be rendered via PortableTextRenderer, not Blocks component. background: #e6e6e6;background: light-dark(rgba(0,0,0,0.1), rgba(255,255,255,0.25));color: #000000;color: light-dark(#000000, #ffffff);border-radius: 2px  Server   ukren1 @ http://localhost:3001/_next/static/chunks/f12ff_next_dist_95687940._.js:2302
[10778199ms] [WARNING] %c%s%c PortableText block detected in page blocks array. This should be rendered via PortableTextRenderer, not Blocks component. background: #e6e6e6;background: light-dark(rgba(0,0,0,0.1), rgba(255,255,255,0.25));color: #000000;color: light-dark(#000000, #ffffff);border-radius: 2px  Server   wm4f29 @ http://localhost:3001/_next/static/chunks/f12ff_next_dist_95687940._.js:2302
[10778199ms] [WARNING] %c%s%c PortableText block detected in page blocks array. This should be rendered via PortableTextRenderer, not Blocks component. background: #e6e6e6;background: light-dark(rgba(0,0,0,0.1), rgba(255,255,255,0.25));color: #000000;color: light-dark(#000000, #ffffff);border-radius: 2px  Server   20o54t @ http://localhost:3001/_next/static/chunks/f12ff_next_dist_95687940._.js:2302
[10779231ms] [WARNING] %c%s%c PortableText block detected in page blocks array. This should be rendered via PortableTextRenderer, not Blocks component. background: #e6e6e6;background: light-dark(rgba(0,0,0,0.1), rgba(255,255,255,0.25));color: #000000;color: light-dark(#000000, #ffffff);border-radius: 2px  Server   ukren1 @ http://localhost:3001/_next/static/chunks/f12ff_next_dist_95687940._.js:2302
[10779231ms] [WARNING] %c%s%c PortableText block detected in page blocks array. This should be rendered via PortableTextRenderer, not Blocks component. background: #e6e6e6;background: light-dark(rgba(0,0,0,0.1), rgba(255,255,255,0.25));color: #000000;color: light-dark(#000000, #ffffff);border-radius: 2px  Server   wm4f29 @ http://localhost:3001/_next/static/chunks/f12ff_next_dist_95687940._.js:2302
[10779231ms] [WARNING] %c%s%c PortableText block detected in page blocks array. This should be rendered via PortableTextRenderer, not Blocks component. background: #e6e6e6;background: light-dark(rgba(0,0,0,0.1), rgba(255,255,255,0.25));color: #000000;color: light-dark(#000000, #ffffff);border-radius: 2px  Server   20o54t @ http://localhost:3001/_next/static/chunks/f12ff_next_dist_95687940._.js:2302
[10779616ms] [WARNING] %c%s%c PortableText block detected in page blocks array. This should be rendered via PortableTextRenderer, not Blocks component. background: #e6e6e6;background: light-dark(rgba(0,0,0,0.1), rgba(255,255,255,0.25));color: #000000;color: light-dark(#000000, #ffffff);border-radius: 2px  Server   ukren1 @ http://localhost:3001/_next/static/chunks/f12ff_next_dist_95687940._.js:2302
[10779617ms] [WARNING] %c%s%c PortableText block detected in page blocks array. This should be rendered via PortableTextRenderer, not Blocks component. background: #e6e6e6;background: light-dark(rgba(0,0,0,0.1), rgba(255,255,255,0.25));color: #000000;color: light-dark(#000000, #ffffff);border-radius: 2px  Server   wm4f29 @ http://localhost:3001/_next/static/chunks/f12ff_next_dist_95687940._.js:2302
[10779617ms] [WARNING] %c%s%c PortableText block detected in page blocks array. This should be rendered via PortableTextRenderer, not Blocks component. background: #e6e6e6;background: light-dark(rgba(0,0,0,0.1), rgba(255,255,255,0.25));color: #000000;color: light-dark(#000000, #ffffff);border-radius: 2px  Server   20o54t @ http://localhost:3001/_next/static/chunks/f12ff_next_dist_95687940._.js:2302
[10779956ms] [WARNING] %c%s%c PortableText block detected in page blocks array. This should be rendered via PortableTextRenderer, not Blocks component. background: #e6e6e6;background: light-dark(rgba(0,0,0,0.1), rgba(255,255,255,0.25));color: #000000;color: light-dark(#000000, #ffffff);border-radius: 2px  Server   ukren1 @ http://localhost:3001/_next/static/chunks/f12ff_next_dist_95687940._.js:2302
[10779956ms] [WARNING] %c%s%c PortableText block detected in page blocks array. This should be rendered via PortableTextRenderer, not Blocks component. background: #e6e6e6;background: light-dark(rgba(0,0,0,0.1), rgba(255,255,255,0.25));color: #000000;color: light-dark(#000000, #ffffff);border-radius: 2px  Server   wm4f29 @ http://localhost:3001/_next/static/chunks/f12ff_next_dist_95687940._.js:2302
[10779956ms] [WARNING] %c%s%c PortableText block detected in page blocks array. This should be rendered via PortableTextRenderer, not Blocks component. background: #e6e6e6;background: light-dark(rgba(0,0,0,0.1), rgba(255,255,255,0.25));color: #000000;color: light-dark(#000000, #ffffff);border-radius: 2px  Server   20o54t @ http://localhost:3001/_next/static/chunks/f12ff_next_dist_95687940._.js:2302
[10780410ms] [WARNING] %c%s%c PortableText block detected in page blocks array. This should be rendered via PortableTextRenderer, not Blocks component. background: #e6e6e6;background: light-dark(rgba(0,0,0,0.1), rgba(255,255,255,0.25));color: #000000;color: light-dark(#000000, #ffffff);border-radius: 2px  Server   ukren1 @ http://localhost:3001/_next/static/chunks/f12ff_next_dist_95687940._.js:2302
[10780410ms] [WARNING] %c%s%c PortableText block detected in page blocks array. This should be rendered via PortableTextRenderer, not Blocks component. background: #e6e6e6;background: light-dark(rgba(0,0,0,0.1), rgba(255,255,255,0.25));color: #000000;color: light-dark(#000000, #ffffff);border-radius: 2px  Server   wm4f29 @ http://localhost:3001/_next/static/chunks/f12ff_next_dist_95687940._.js:2302
[10780410ms] [WARNING] %c%s%c PortableText block detected in page blocks array. This should be rendered via PortableTextRenderer, not Blocks component. background: #e6e6e6;background: light-dark(rgba(0,0,0,0.1), rgba(255,255,255,0.25));color: #000000;color: light-dark(#000000, #ffffff);border-radius: 2px  Server   20o54t @ http://localhost:3001/_next/static/chunks/f12ff_next_dist_95687940._.js:2302
[10780788ms] [LOG] [Fast Refresh] rebuilding @ http://localhost:3001/_next/static/chunks/f12ff_next_dist_95687940._.js:2302
[10780800ms] [LOG] [Fast Refresh] done in 112ms @ http://localhost:3001/_next/static/chunks/f12ff_next_dist_95687940._.js:2302
[10780832ms] [WARNING] %c%s%c PortableText block detected in page blocks array. This should be rendered via PortableTextRenderer, not Blocks component. background: #e6e6e6;background: light-dark(rgba(0,0,0,0.1), rgba(255,255,255,0.25));color: #000000;color: light-dark(#000000, #ffffff);border-radius: 2px  Server   ukren1 @ http://localhost:3001/_next/static/chunks/f12ff_next_dist_95687940._.js:2302
[10780832ms] [WARNING] %c%s%c PortableText block detected in page blocks array. This should be rendered via PortableTextRenderer, not Blocks component. background: #e6e6e6;background: light-dark(rgba(0,0,0,0.1), rgba(255,255,255,0.25));color: #000000;color: light-dark(#000000, #ffffff);border-radius: 2px  Server   wm4f29 @ http://localhost:3001/_next/static/chunks/f12ff_next_dist_95687940._.js:2302
[10780832ms] [WARNING] %c%s%c PortableText block detected in page blocks array. This should be rendered via PortableTextRenderer, not Blocks component. background: #e6e6e6;background: light-dark(rgba(0,0,0,0.1), rgba(255,255,255,0.25));color: #000000;color: light-dark(#000000, #ffffff);border-radius: 2px  Server   20o54t @ http://localhost:3001/_next/static/chunks/f12ff_next_dist_95687940._.js:2302
[10781213ms] [WARNING] %c%s%c PortableText block detected in page blocks array. This should be rendered via PortableTextRenderer, not Blocks component. background: #e6e6e6;background: light-dark(rgba(0,0,0,0.1), rgba(255,255,255,0.25));color: #000000;color: light-dark(#000000, #ffffff);border-radius: 2px  Server   ukren1 @ http://localhost:3001/_next/static/chunks/f12ff_next_dist_95687940._.js:2302
[10781214ms] [WARNING] %c%s%c PortableText block detected in page blocks array. This should be rendered via PortableTextRenderer, not Blocks component. background: #e6e6e6;background: light-dark(rgba(0,0,0,0.1), rgba(255,255,255,0.25));color: #000000;color: light-dark(#000000, #ffffff);border-radius: 2px  Server   wm4f29 @ http://localhost:3001/_next/static/chunks/f12ff_next_dist_95687940._.js:2302
[10781214ms] [WARNING] %c%s%c PortableText block detected in page blocks array. This should be rendered via PortableTextRenderer, not Blocks component. background: #e6e6e6;background: light-dark(rgba(0,0,0,0.1), rgba(255,255,255,0.25));color: #000000;color: light-dark(#000000, #ffffff);border-radius: 2px  Server   20o54t @ http://localhost:3001/_next/static/chunks/f12ff_next_dist_95687940._.js:2302
[10781661ms] [WARNING] %c%s%c PortableText block detected in page blocks array. This should be rendered via PortableTextRenderer, not Blocks component. background: #e6e6e6;background: light-dark(rgba(0,0,0,0.1), rgba(255,255,255,0.25));color: #000000;color: light-dark(#000000, #ffffff);border-radius: 2px  Server   ukren1 @ http://localhost:3001/_next/static/chunks/f12ff_next_dist_95687940._.js:2302
[10781661ms] [WARNING] %c%s%c PortableText block detected in page blocks array. This should be rendered via PortableTextRenderer, not Blocks component. background: #e6e6e6;background: light-dark(rgba(0,0,0,0.1), rgba(255,255,255,0.25));color: #000000;color: light-dark(#000000, #ffffff);border-radius: 2px  Server   wm4f29 @ http://localhost:3001/_next/static/chunks/f12ff_next_dist_95687940._.js:2302
[10781661ms] [WARNING] %c%s%c PortableText block detected in page blocks array. This should be rendered via PortableTextRenderer, not Blocks component. background: #e6e6e6;background: light-dark(rgba(0,0,0,0.1), rgba(255,255,255,0.25));color: #000000;color: light-dark(#000000, #ffffff);border-radius: 2px  Server   20o54t @ http://localhost:3001/_next/static/chunks/f12ff_next_dist_95687940._.js:2302
[10782023ms] [LOG] [Fast Refresh] rebuilding @ http://localhost:3001/_next/static/chunks/f12ff_next_dist_95687940._.js:2302
[10782027ms] [LOG] [Fast Refresh] done in 104ms @ http://localhost:3001/_next/static/chunks/f12ff_next_dist_95687940._.js:2302
[10782064ms] [WARNING] %c%s%c PortableText block detected in page blocks array. This should be rendered via PortableTextRenderer, not Blocks component. background: #e6e6e6;background: light-dark(rgba(0,0,0,0.1), rgba(255,255,255,0.25));color: #000000;color: light-dark(#000000, #ffffff);border-radius: 2px  Server   ukren1 @ http://localhost:3001/_next/static/chunks/f12ff_next_dist_95687940._.js:2302
[10782064ms] [WARNING] %c%s%c PortableText block detected in page blocks array. This should be rendered via PortableTextRenderer, not Blocks component. background: #e6e6e6;background: light-dark(rgba(0,0,0,0.1), rgba(255,255,255,0.25));color: #000000;color: light-dark(#000000, #ffffff);border-radius: 2px  Server   wm4f29 @ http://localhost:3001/_next/static/chunks/f12ff_next_dist_95687940._.js:2302
[10782064ms] [WARNING] %c%s%c PortableText block detected in page blocks array. This should be rendered via PortableTextRenderer, not Blocks component. background: #e6e6e6;background: light-dark(rgba(0,0,0,0.1), rgba(255,255,255,0.25));color: #000000;color: light-dark(#000000, #ffffff);border-radius: 2px  Server   20o54t @ http://localhost:3001/_next/static/chunks/f12ff_next_dist_95687940._.js:2302
[10782482ms] [WARNING] %c%s%c PortableText block detected in page blocks array. This should be rendered via PortableTextRenderer, not Blocks component. background: #e6e6e6;background: light-dark(rgba(0,0,0,0.1), rgba(255,255,255,0.25));color: #000000;color: light-dark(#000000, #ffffff);border-radius: 2px  Server   ukren1 @ http://localhost:3001/_next/static/chunks/f12ff_next_dist_95687940._.js:2302
[10782482ms] [WARNING] %c%s%c PortableText block detected in page blocks array. This should be rendered via PortableTextRenderer, not Blocks component. background: #e6e6e6;background: light-dark(rgba(0,0,0,0.1), rgba(255,255,255,0.25));color: #000000;color: light-dark(#000000, #ffffff);border-radius: 2px  Server   wm4f29 @ http://localhost:3001/_next/static/chunks/f12ff_next_dist_95687940._.js:2302
[10782482ms] [WARNING] %c%s%c PortableText block detected in page blocks array. This should be rendered via PortableTextRenderer, not Blocks component. background: #e6e6e6;background: light-dark(rgba(0,0,0,0.1), rgba(255,255,255,0.25));color: #000000;color: light-dark(#000000, #ffffff);border-radius: 2px  Server   20o54t @ http://localhost:3001/_next/static/chunks/f12ff_next_dist_95687940._.js:2302
[10782887ms] [LOG] [Fast Refresh] rebuilding @ http://localhost:3001/_next/static/chunks/f12ff_next_dist_95687940._.js:2302
[10782911ms] [LOG] [Fast Refresh] done in 126ms @ http://localhost:3001/_next/static/chunks/f12ff_next_dist_95687940._.js:2302
[10782970ms] [WARNING] %c%s%c PortableText block detected in page blocks array. This should be rendered via PortableTextRenderer, not Blocks component. background: #e6e6e6;background: light-dark(rgba(0,0,0,0.1), rgba(255,255,255,0.25));color: #000000;color: light-dark(#000000, #ffffff);border-radius: 2px  Server   ukren1 @ http://localhost:3001/_next/static/chunks/f12ff_next_dist_95687940._.js:2302
[10782971ms] [WARNING] %c%s%c PortableText block detected in page blocks array. This should be rendered via PortableTextRenderer, not Blocks component. background: #e6e6e6;background: light-dark(rgba(0,0,0,0.1), rgba(255,255,255,0.25));color: #000000;color: light-dark(#000000, #ffffff);border-radius: 2px  Server   wm4f29 @ http://localhost:3001/_next/static/chunks/f12ff_next_dist_95687940._.js:2302
[10782971ms] [WARNING] %c%s%c PortableText block detected in page blocks array. This should be rendered via PortableTextRenderer, not Blocks component. background: #e6e6e6;background: light-dark(rgba(0,0,0,0.1), rgba(255,255,255,0.25));color: #000000;color: light-dark(#000000, #ffffff);border-radius: 2px  Server   20o54t @ http://localhost:3001/_next/static/chunks/f12ff_next_dist_95687940._.js:2302
[10783394ms] [WARNING] %c%s%c PortableText block detected in page blocks array. This should be rendered via PortableTextRenderer, not Blocks component. background: #e6e6e6;background: light-dark(rgba(0,0,0,0.1), rgba(255,255,255,0.25));color: #000000;color: light-dark(#000000, #ffffff);border-radius: 2px  Server   ukren1 @ http://localhost:3001/_next/static/chunks/f12ff_next_dist_95687940._.js:2302
[10783394ms] [WARNING] %c%s%c PortableText block detected in page blocks array. This should be rendered via PortableTextRenderer, not Blocks component. background: #e6e6e6;background: light-dark(rgba(0,0,0,0.1), rgba(255,255,255,0.25));color: #000000;color: light-dark(#000000, #ffffff);border-radius: 2px  Server   wm4f29 @ http://localhost:3001/_next/static/chunks/f12ff_next_dist_95687940._.js:2302
[10783394ms] [WARNING] %c%s%c PortableText block detected in page blocks array. This should be rendered via PortableTextRenderer, not Blocks component. background: #e6e6e6;background: light-dark(rgba(0,0,0,0.1), rgba(255,255,255,0.25));color: #000000;color: light-dark(#000000, #ffffff);border-radius: 2px  Server   20o54t @ http://localhost:3001/_next/static/chunks/f12ff_next_dist_95687940._.js:2302
[10783765ms] [LOG] [Fast Refresh] rebuilding @ http://localhost:3001/_next/static/chunks/f12ff_next_dist_95687940._.js:2302
[10783791ms] [LOG] [Fast Refresh] done in 128ms @ http://localhost:3001/_next/static/chunks/f12ff_next_dist_95687940._.js:2302
[10783856ms] [WARNING] %c%s%c PortableText block detected in page blocks array. This should be rendered via PortableTextRenderer, not Blocks component. background: #e6e6e6;background: light-dark(rgba(0,0,0,0.1), rgba(255,255,255,0.25));color: #000000;color: light-dark(#000000, #ffffff);border-radius: 2px  Server   ukren1 @ http://localhost:3001/_next/static/chunks/f12ff_next_dist_95687940._.js:2302
[10783856ms] [WARNING] %c%s%c PortableText block detected in page blocks array. This should be rendered via PortableTextRenderer, not Blocks component. background: #e6e6e6;background: light-dark(rgba(0,0,0,0.1), rgba(255,255,255,0.25));color: #000000;color: light-dark(#000000, #ffffff);border-radius: 2px  Server   wm4f29 @ http://localhost:3001/_next/static/chunks/f12ff_next_dist_95687940._.js:2302
[10783856ms] [WARNING] %c%s%c PortableText block detected in page blocks array. This should be rendered via PortableTextRenderer, not Blocks component. background: #e6e6e6;background: light-dark(rgba(0,0,0,0.1), rgba(255,255,255,0.25));color: #000000;color: light-dark(#000000, #ffffff);border-radius: 2px  Server   20o54t @ http://localhost:3001/_next/static/chunks/f12ff_next_dist_95687940._.js:2302
[10784310ms] [LOG] [Fast Refresh] rebuilding @ http://localhost:3001/_next/static/chunks/f12ff_next_dist_95687940._.js:2302
[10784423ms] [LOG] [Fast Refresh] done in 215ms @ http://localhost:3001/_next/static/chunks/f12ff_next_dist_95687940._.js:2302
[10784483ms] [WARNING] %c%s%c PortableText block detected in page blocks array. This should be rendered via PortableTextRenderer, not Blocks component. background: #e6e6e6;background: light-dark(rgba(0,0,0,0.1), rgba(255,255,255,0.25));color: #000000;color: light-dark(#000000, #ffffff);border-radius: 2px  Server   ukren1 @ http://localhost:3001/_next/static/chunks/f12ff_next_dist_95687940._.js:2302
[10784483ms] [WARNING] %c%s%c PortableText block detected in page blocks array. This should be rendered via PortableTextRenderer, not Blocks component. background: #e6e6e6;background: light-dark(rgba(0,0,0,0.1), rgba(255,255,255,0.25));color: #000000;color: light-dark(#000000, #ffffff);border-radius: 2px  Server   wm4f29 @ http://localhost:3001/_next/static/chunks/f12ff_next_dist_95687940._.js:2302
[10784484ms] [WARNING] %c%s%c PortableText block detected in page blocks array. This should be rendered via PortableTextRenderer, not Blocks component. background: #e6e6e6;background: light-dark(rgba(0,0,0,0.1), rgba(255,255,255,0.25));color: #000000;color: light-dark(#000000, #ffffff);border-radius: 2px  Server   20o54t @ http://localhost:3001/_next/static/chunks/f12ff_next_dist_95687940._.js:2302
[10784819ms] [LOG] [Fast Refresh] rebuilding @ http://localhost:3001/_next/static/chunks/f12ff_next_dist_95687940._.js:2302
[10784950ms] [LOG] [Fast Refresh] done in 232ms @ http://localhost:3001/_next/static/chunks/f12ff_next_dist_95687940._.js:2302
[10784993ms] [WARNING] %c%s%c PortableText block detected in page blocks array. This should be rendered via PortableTextRenderer, not Blocks component. background: #e6e6e6;background: light-dark(rgba(0,0,0,0.1), rgba(255,255,255,0.25));color: #000000;color: light-dark(#000000, #ffffff);border-radius: 2px  Server   ukren1 @ http://localhost:3001/_next/static/chunks/f12ff_next_dist_95687940._.js:2302
[10784993ms] [WARNING] %c%s%c PortableText block detected in page blocks array. This should be rendered via PortableTextRenderer, not Blocks component. background: #e6e6e6;background: light-dark(rgba(0,0,0,0.1), rgba(255,255,255,0.25));color: #000000;color: light-dark(#000000, #ffffff);border-radius: 2px  Server   wm4f29 @ http://localhost:3001/_next/static/chunks/f12ff_next_dist_95687940._.js:2302
[10784993ms] [WARNING] %c%s%c PortableText block detected in page blocks array. This should be rendered via PortableTextRenderer, not Blocks component. background: #e6e6e6;background: light-dark(rgba(0,0,0,0.1), rgba(255,255,255,0.25));color: #000000;color: light-dark(#000000, #ffffff);border-radius: 2px  Server   20o54t @ http://localhost:3001/_next/static/chunks/f12ff_next_dist_95687940._.js:2302
[10785374ms] [WARNING] %c%s%c PortableText block detected in page blocks array. This should be rendered via PortableTextRenderer, not Blocks component. background: #e6e6e6;background: light-dark(rgba(0,0,0,0.1), rgba(255,255,255,0.25));color: #000000;color: light-dark(#000000, #ffffff);border-radius: 2px  Server   ukren1 @ http://localhost:3001/_next/static/chunks/f12ff_next_dist_95687940._.js:2302
[10785374ms] [WARNING] %c%s%c PortableText block detected in page blocks array. This should be rendered via PortableTextRenderer, not Blocks component. background: #e6e6e6;background: light-dark(rgba(0,0,0,0.1), rgba(255,255,255,0.25));color: #000000;color: light-dark(#000000, #ffffff);border-radius: 2px  Server   wm4f29 @ http://localhost:3001/_next/static/chunks/f12ff_next_dist_95687940._.js:2302
[10785374ms] [WARNING] %c%s%c PortableText block detected in page blocks array. This should be rendered via PortableTextRenderer, not Blocks component. background: #e6e6e6;background: light-dark(rgba(0,0,0,0.1), rgba(255,255,255,0.25));color: #000000;color: light-dark(#000000, #ffffff);border-radius: 2px  Server   20o54t @ http://localhost:3001/_next/static/chunks/f12ff_next_dist_95687940._.js:2302
[10785699ms] [LOG] [Fast Refresh] rebuilding @ http://localhost:3001/_next/static/chunks/f12ff_next_dist_95687940._.js:2302
[10785768ms] [LOG] [Fast Refresh] done in 170ms @ http://localhost:3001/_next/static/chunks/f12ff_next_dist_95687940._.js:2302
[10786251ms] [WARNING] %c%s%c PortableText block detected in page blocks array. This should be rendered via PortableTextRenderer, not Blocks component. background: #e6e6e6;background: light-dark(rgba(0,0,0,0.1), rgba(255,255,255,0.25));color: #000000;color: light-dark(#000000, #ffffff);border-radius: 2px  Server   ukren1 @ http://localhost:3001/_next/static/chunks/f12ff_next_dist_95687940._.js:2302
[10786252ms] [WARNING] %c%s%c PortableText block detected in page blocks array. This should be rendered via PortableTextRenderer, not Blocks component. background: #e6e6e6;background: light-dark(rgba(0,0,0,0.1), rgba(255,255,255,0.25));color: #000000;color: light-dark(#000000, #ffffff);border-radius: 2px  Server   wm4f29 @ http://localhost:3001/_next/static/chunks/f12ff_next_dist_95687940._.js:2302
[10786253ms] [WARNING] %c%s%c PortableText block detected in page blocks array. This should be rendered via PortableTextRenderer, not Blocks component. background: #e6e6e6;background: light-dark(rgba(0,0,0,0.1), rgba(255,255,255,0.25));color: #000000;color: light-dark(#000000, #ffffff);border-radius: 2px  Server   20o54t @ http://localhost:3001/_next/static/chunks/f12ff_next_dist_95687940._.js:2302
[10786419ms] [WARNING] %c%s%c PortableText block detected in page blocks array. This should be rendered via PortableTextRenderer, not Blocks component. background: #e6e6e6;background: light-dark(rgba(0,0,0,0.1), rgba(255,255,255,0.25));color: #000000;color: light-dark(#000000, #ffffff);border-radius: 2px  Server   ukren1 @ http://localhost:3001/_next/static/chunks/f12ff_next_dist_95687940._.js:2302
[10786419ms] [WARNING] %c%s%c PortableText block detected in page blocks array. This should be rendered via PortableTextRenderer, not Blocks component. background: #e6e6e6;background: light-dark(rgba(0,0,0,0.1), rgba(255,255,255,0.25));color: #000000;color: light-dark(#000000, #ffffff);border-radius: 2px  Server   wm4f29 @ http://localhost:3001/_next/static/chunks/f12ff_next_dist_95687940._.js:2302
[10786419ms] [WARNING] %c%s%c PortableText block detected in page blocks array. This should be rendered via PortableTextRenderer, not Blocks component. background: #e6e6e6;background: light-dark(rgba(0,0,0,0.1), rgba(255,255,255,0.25));color: #000000;color: light-dark(#000000, #ffffff);border-radius: 2px  Server   20o54t @ http://localhost:3001/_next/static/chunks/f12ff_next_dist_95687940._.js:2302
[10786770ms] [WARNING] %c%s%c PortableText block detected in page blocks array. This should be rendered via PortableTextRenderer, not Blocks component. background: #e6e6e6;background: light-dark(rgba(0,0,0,0.1), rgba(255,255,255,0.25));color: #000000;color: light-dark(#000000, #ffffff);border-radius: 2px  Server   ukren1 @ http://localhost:3001/_next/static/chunks/f12ff_next_dist_95687940._.js:2302
[10786770ms] [WARNING] %c%s%c PortableText block detected in page blocks array. This should be rendered via PortableTextRenderer, not Blocks component. background: #e6e6e6;background: light-dark(rgba(0,0,0,0.1), rgba(255,255,255,0.25));color: #000000;color: light-dark(#000000, #ffffff);border-radius: 2px  Server   wm4f29 @ http://localhost:3001/_next/static/chunks/f12ff_next_dist_95687940._.js:2302
[10786772ms] [WARNING] %c%s%c PortableText block detected in page blocks array. This should be rendered via PortableTextRenderer, not Blocks component. background: #e6e6e6;background: light-dark(rgba(0,0,0,0.1), rgba(255,255,255,0.25));color: #000000;color: light-dark(#000000, #ffffff);border-radius: 2px  Server   20o54t @ http://localhost:3001/_next/static/chunks/f12ff_next_dist_95687940._.js:2302
[10787156ms] [WARNING] %c%s%c PortableText block detected in page blocks array. This should be rendered via PortableTextRenderer, not Blocks component. background: #e6e6e6;background: light-dark(rgba(0,0,0,0.1), rgba(255,255,255,0.25));color: #000000;color: light-dark(#000000, #ffffff);border-radius: 2px  Server   ukren1 @ http://localhost:3001/_next/static/chunks/f12ff_next_dist_95687940._.js:2302
[10787156ms] [WARNING] %c%s%c PortableText block detected in page blocks array. This should be rendered via PortableTextRenderer, not Blocks component. background: #e6e6e6;background: light-dark(rgba(0,0,0,0.1), rgba(255,255,255,0.25));color: #000000;color: light-dark(#000000, #ffffff);border-radius: 2px  Server   wm4f29 @ http://localhost:3001/_next/static/chunks/f12ff_next_dist_95687940._.js:2302
[10787158ms] [WARNING] %c%s%c PortableText block detected in page blocks array. This should be rendered via PortableTextRenderer, not Blocks component. background: #e6e6e6;background: light-dark(rgba(0,0,0,0.1), rgba(255,255,255,0.25));color: #000000;color: light-dark(#000000, #ffffff);border-radius: 2px  Server   20o54t @ http://localhost:3001/_next/static/chunks/f12ff_next_dist_95687940._.js:2302
[10787494ms] [WARNING] %c%s%c PortableText block detected in page blocks array. This should be rendered via PortableTextRenderer, not Blocks component. background: #e6e6e6;background: light-dark(rgba(0,0,0,0.1), rgba(255,255,255,0.25));color: #000000;color: light-dark(#000000, #ffffff);border-radius: 2px  Server   ukren1 @ http://localhost:3001/_next/static/chunks/f12ff_next_dist_95687940._.js:2302
[10787495ms] [WARNING] %c%s%c PortableText block detected in page blocks array. This should be rendered via PortableTextRenderer, not Blocks component. background: #e6e6e6;background: light-dark(rgba(0,0,0,0.1), rgba(255,255,255,0.25));color: #000000;color: light-dark(#000000, #ffffff);border-radius: 2px  Server   wm4f29 @ http://localhost:3001/_next/static/chunks/f12ff_next_dist_95687940._.js:2302
[10787495ms] [WARNING] %c%s%c PortableText block detected in page blocks array. This should be rendered via PortableTextRenderer, not Blocks component. background: #e6e6e6;background: light-dark(rgba(0,0,0,0.1), rgba(255,255,255,0.25));color: #000000;color: light-dark(#000000, #ffffff);border-radius: 2px  Server   20o54t @ http://localhost:3001/_next/static/chunks/f12ff_next_dist_95687940._.js:2302
[10787886ms] [LOG] [Fast Refresh] rebuilding @ http://localhost:3001/_next/static/chunks/f12ff_next_dist_95687940._.js:2302
[10787924ms] [LOG] [Fast Refresh] done in 139ms @ http://localhost:3001/_next/static/chunks/f12ff_next_dist_95687940._.js:2302
[10787969ms] [WARNING] %c%s%c PortableText block detected in page blocks array. This should be rendered via PortableTextRenderer, not Blocks component. background: #e6e6e6;background: light-dark(rgba(0,0,0,0.1), rgba(255,255,255,0.25));color: #000000;color: light-dark(#000000, #ffffff);border-radius: 2px  Server   ukren1 @ http://localhost:3001/_next/static/chunks/f12ff_next_dist_95687940._.js:2302
[10787969ms] [WARNING] %c%s%c PortableText block detected in page blocks array. This should be rendered via PortableTextRenderer, not Blocks component. background: #e6e6e6;background: light-dark(rgba(0,0,0,0.1), rgba(255,255,255,0.25));color: #000000;color: light-dark(#000000, #ffffff);border-radius: 2px  Server   wm4f29 @ http://localhost:3001/_next/static/chunks/f12ff_next_dist_95687940._.js:2302
[10787969ms] [WARNING] %c%s%c PortableText block detected in page blocks array. This should be rendered via PortableTextRenderer, not Blocks component. background: #e6e6e6;background: light-dark(rgba(0,0,0,0.1), rgba(255,255,255,0.25));color: #000000;color: light-dark(#000000, #ffffff);border-radius: 2px  Server   20o54t @ http://localhost:3001/_next/static/chunks/f12ff_next_dist_95687940._.js:2302
[10788313ms] [WARNING] %c%s%c PortableText block detected in page blocks array. This should be rendered via PortableTextRenderer, not Blocks component. background: #e6e6e6;background: light-dark(rgba(0,0,0,0.1), rgba(255,255,255,0.25));color: #000000;color: light-dark(#000000, #ffffff);border-radius: 2px  Server   ukren1 @ http://localhost:3001/_next/static/chunks/f12ff_next_dist_95687940._.js:2302
[10788313ms] [WARNING] %c%s%c PortableText block detected in page blocks array. This should be rendered via PortableTextRenderer, not Blocks component. background: #e6e6e6;background: light-dark(rgba(0,0,0,0.1), rgba(255,255,255,0.25));color: #000000;color: light-dark(#000000, #ffffff);border-radius: 2px  Server   wm4f29 @ http://localhost:3001/_next/static/chunks/f12ff_next_dist_95687940._.js:2302
[10788313ms] [WARNING] %c%s%c PortableText block detected in page blocks array. This should be rendered via PortableTextRenderer, not Blocks component. background: #e6e6e6;background: light-dark(rgba(0,0,0,0.1), rgba(255,255,255,0.25));color: #000000;color: light-dark(#000000, #ffffff);border-radius: 2px  Server   20o54t @ http://localhost:3001/_next/static/chunks/f12ff_next_dist_95687940._.js:2302
[10788721ms] [WARNING] %c%s%c PortableText block detected in page blocks array. This should be rendered via PortableTextRenderer, not Blocks component. background: #e6e6e6;background: light-dark(rgba(0,0,0,0.1), rgba(255,255,255,0.25));color: #000000;color: light-dark(#000000, #ffffff);border-radius: 2px  Server   ukren1 @ http://localhost:3001/_next/static/chunks/f12ff_next_dist_95687940._.js:2302
[10788721ms] [WARNING] %c%s%c PortableText block detected in page blocks array. This should be rendered via PortableTextRenderer, not Blocks component. background: #e6e6e6;background: light-dark(rgba(0,0,0,0.1), rgba(255,255,255,0.25));color: #000000;color: light-dark(#000000, #ffffff);border-radius: 2px  Server   wm4f29 @ http://localhost:3001/_next/static/chunks/f12ff_next_dist_95687940._.js:2302
[10788721ms] [WARNING] %c%s%c PortableText block detected in page blocks array. This should be rendered via PortableTextRenderer, not Blocks component. background: #e6e6e6;background: light-dark(rgba(0,0,0,0.1), rgba(255,255,255,0.25));color: #000000;color: light-dark(#000000, #ffffff);border-radius: 2px  Server   20o54t @ http://localhost:3001/_next/static/chunks/f12ff_next_dist_95687940._.js:2302
[10789057ms] [WARNING] %c%s%c PortableText block detected in page blocks array. This should be rendered via PortableTextRenderer, not Blocks component. background: #e6e6e6;background: light-dark(rgba(0,0,0,0.1), rgba(255,255,255,0.25));color: #000000;color: light-dark(#000000, #ffffff);border-radius: 2px  Server   ukren1 @ http://localhost:3001/_next/static/chunks/f12ff_next_dist_95687940._.js:2302
[10789057ms] [WARNING] %c%s%c PortableText block detected in page blocks array. This should be rendered via PortableTextRenderer, not Blocks component. background: #e6e6e6;background: light-dark(rgba(0,0,0,0.1), rgba(255,255,255,0.25));color: #000000;color: light-dark(#000000, #ffffff);border-radius: 2px  Server   wm4f29 @ http://localhost:3001/_next/static/chunks/f12ff_next_dist_95687940._.js:2302
[10789057ms] [WARNING] %c%s%c PortableText block detected in page blocks array. This should be rendered via PortableTextRenderer, not Blocks component. background: #e6e6e6;background: light-dark(rgba(0,0,0,0.1), rgba(255,255,255,0.25));color: #000000;color: light-dark(#000000, #ffffff);border-radius: 2px  Server   20o54t @ http://localhost:3001/_next/static/chunks/f12ff_next_dist_95687940._.js:2302
[10789384ms] [WARNING] %c%s%c PortableText block detected in page blocks array. This should be rendered via PortableTextRenderer, not Blocks component. background: #e6e6e6;background: light-dark(rgba(0,0,0,0.1), rgba(255,255,255,0.25));color: #000000;color: light-dark(#000000, #ffffff);border-radius: 2px  Server   ukren1 @ http://localhost:3001/_next/static/chunks/f12ff_next_dist_95687940._.js:2302
[10789384ms] [WARNING] %c%s%c PortableText block detected in page blocks array. This should be rendered via PortableTextRenderer, not Blocks component. background: #e6e6e6;background: light-dark(rgba(0,0,0,0.1), rgba(255,255,255,0.25));color: #000000;color: light-dark(#000000, #ffffff);border-radius: 2px  Server   wm4f29 @ http://localhost:3001/_next/static/chunks/f12ff_next_dist_95687940._.js:2302
[10789384ms] [WARNING] %c%s%c PortableText block detected in page blocks array. This should be rendered via PortableTextRenderer, not Blocks component. background: #e6e6e6;background: light-dark(rgba(0,0,0,0.1), rgba(255,255,255,0.25));color: #000000;color: light-dark(#000000, #ffffff);border-radius: 2px  Server   20o54t @ http://localhost:3001/_next/static/chunks/f12ff_next_dist_95687940._.js:2302
[10789768ms] [WARNING] %c%s%c PortableText block detected in page blocks array. This should be rendered via PortableTextRenderer, not Blocks component. background: #e6e6e6;background: light-dark(rgba(0,0,0,0.1), rgba(255,255,255,0.25));color: #000000;color: light-dark(#000000, #ffffff);border-radius: 2px  Server   ukren1 @ http://localhost:3001/_next/static/chunks/f12ff_next_dist_95687940._.js:2302
[10789768ms] [WARNING] %c%s%c PortableText block detected in page blocks array. This should be rendered via PortableTextRenderer, not Blocks component. background: #e6e6e6;background: light-dark(rgba(0,0,0,0.1), rgba(255,255,255,0.25));color: #000000;color: light-dark(#000000, #ffffff);border-radius: 2px  Server   wm4f29 @ http://localhost:3001/_next/static/chunks/f12ff_next_dist_95687940._.js:2302
[10789768ms] [WARNING] %c%s%c PortableText block detected in page blocks array. This should be rendered via PortableTextRenderer, not Blocks component. background: #e6e6e6;background: light-dark(rgba(0,0,0,0.1), rgba(255,255,255,0.25));color: #000000;color: light-dark(#000000, #ffffff);border-radius: 2px  Server   20o54t @ http://localhost:3001/_next/static/chunks/f12ff_next_dist_95687940._.js:2302
[10790143ms] [WARNING] %c%s%c PortableText block detected in page blocks array. This should be rendered via PortableTextRenderer, not Blocks component. background: #e6e6e6;background: light-dark(rgba(0,0,0,0.1), rgba(255,255,255,0.25));color: #000000;color: light-dark(#000000, #ffffff);border-radius: 2px  Server   ukren1 @ http://localhost:3001/_next/static/chunks/f12ff_next_dist_95687940._.js:2302
[10790143ms] [WARNING] %c%s%c PortableText block detected in page blocks array. This should be rendered via PortableTextRenderer, not Blocks component. background: #e6e6e6;background: light-dark(rgba(0,0,0,0.1), rgba(255,255,255,0.25));color: #000000;color: light-dark(#000000, #ffffff);border-radius: 2px  Server   wm4f29 @ http://localhost:3001/_next/static/chunks/f12ff_next_dist_95687940._.js:2302
[10790143ms] [WARNING] %c%s%c PortableText block detected in page blocks array. This should be rendered via PortableTextRenderer, not Blocks component. background: #e6e6e6;background: light-dark(rgba(0,0,0,0.1), rgba(255,255,255,0.25));color: #000000;color: light-dark(#000000, #ffffff);border-radius: 2px  Server   20o54t @ http://localhost:3001/_next/static/chunks/f12ff_next_dist_95687940._.js:2302
[10790486ms] [WARNING] %c%s%c PortableText block detected in page blocks array. This should be rendered via PortableTextRenderer, not Blocks component. background: #e6e6e6;background: light-dark(rgba(0,0,0,0.1), rgba(255,255,255,0.25));color: #000000;color: light-dark(#000000, #ffffff);border-radius: 2px  Server   ukren1 @ http://localhost:3001/_next/static/chunks/f12ff_next_dist_95687940._.js:2302
[10790486ms] [WARNING] %c%s%c PortableText block detected in page blocks array. This should be rendered via PortableTextRenderer, not Blocks component. background: #e6e6e6;background: light-dark(rgba(0,0,0,0.1), rgba(255,255,255,0.25));color: #000000;color: light-dark(#000000, #ffffff);border-radius: 2px  Server   wm4f29 @ http://localhost:3001/_next/static/chunks/f12ff_next_dist_95687940._.js:2302
[10790486ms] [WARNING] %c%s%c PortableText block detected in page blocks array. This should be rendered via PortableTextRenderer, not Blocks component. background: #e6e6e6;background: light-dark(rgba(0,0,0,0.1), rgba(255,255,255,0.25));color: #000000;color: light-dark(#000000, #ffffff);border-radius: 2px  Server   20o54t @ http://localhost:3001/_next/static/chunks/f12ff_next_dist_95687940._.js:2302
[10790850ms] [WARNING] %c%s%c PortableText block detected in page blocks array. This should be rendered via PortableTextRenderer, not Blocks component. background: #e6e6e6;background: light-dark(rgba(0,0,0,0.1), rgba(255,255,255,0.25));color: #000000;color: light-dark(#000000, #ffffff);border-radius: 2px  Server   ukren1 @ http://localhost:3001/_next/static/chunks/f12ff_next_dist_95687940._.js:2302
[10790850ms] [WARNING] %c%s%c PortableText block detected in page blocks array. This should be rendered via PortableTextRenderer, not Blocks component. background: #e6e6e6;background: light-dark(rgba(0,0,0,0.1), rgba(255,255,255,0.25));color: #000000;color: light-dark(#000000, #ffffff);border-radius: 2px  Server   wm4f29 @ http://localhost:3001/_next/static/chunks/f12ff_next_dist_95687940._.js:2302
[10790850ms] [WARNING] %c%s%c PortableText block detected in page blocks array. This should be rendered via PortableTextRenderer, not Blocks component. background: #e6e6e6;background: light-dark(rgba(0,0,0,0.1), rgba(255,255,255,0.25));color: #000000;color: light-dark(#000000, #ffffff);border-radius: 2px  Server   20o54t @ http://localhost:3001/_next/static/chunks/f12ff_next_dist_95687940._.js:2302
[10791307ms] [WARNING] %c%s%c PortableText block detected in page blocks array. This should be rendered via PortableTextRenderer, not Blocks component. background: #e6e6e6;background: light-dark(rgba(0,0,0,0.1), rgba(255,255,255,0.25));color: #000000;color: light-dark(#000000, #ffffff);border-radius: 2px  Server   ukren1 @ http://localhost:3001/_next/static/chunks/f12ff_next_dist_95687940._.js:2302
[10791307ms] [WARNING] %c%s%c PortableText block detected in page blocks array. This should be rendered via PortableTextRenderer, not Blocks component. background: #e6e6e6;background: light-dark(rgba(0,0,0,0.1), rgba(255,255,255,0.25));color: #000000;color: light-dark(#000000, #ffffff);border-radius: 2px  Server   wm4f29 @ http://localhost:3001/_next/static/chunks/f12ff_next_dist_95687940._.js:2302
[10791307ms] [WARNING] %c%s%c PortableText block detected in page blocks array. This should be rendered via PortableTextRenderer, not Blocks component. background: #e6e6e6;background: light-dark(rgba(0,0,0,0.1), rgba(255,255,255,0.25));color: #000000;color: light-dark(#000000, #ffffff);border-radius: 2px  Server   20o54t @ http://localhost:3001/_next/static/chunks/f12ff_next_dist_95687940._.js:2302
[10813927ms] [LOG] [Fast Refresh] rebuilding @ http://localhost:3001/_next/static/chunks/f12ff_next_dist_95687940._.js:2302
[10814316ms] [LOG] [Fast Refresh] done in 490ms @ http://localhost:3001/_next/static/chunks/f12ff_next_dist_95687940._.js:2302
[10819756ms] [LOG] [Fast Refresh] rebuilding @ http://localhost:3001/_next/static/chunks/f12ff_next_dist_95687940._.js:2302
[10819877ms] [LOG] [Fast Refresh] done in 222ms @ http://localhost:3001/_next/static/chunks/f12ff_next_dist_95687940._.js:2302
[10833396ms] [LOG] [Fast Refresh] rebuilding @ http://localhost:3001/_next/static/chunks/f12ff_next_dist_95687940._.js:2302
[10836081ms] [LOG] [Fast Refresh] done in 1252ms @ http://localhost:3001/_next/static/chunks/f12ff_next_dist_95687940._.js:2302
[10836285ms] [LOG] [Fast Refresh] rebuilding @ http://localhost:3001/_next/static/chunks/f12ff_next_dist_95687940._.js:2302
[10836950ms] [WARNING] %c%s%c PortableText block detected in page blocks array. This should be rendered via PortableTextRenderer, not Blocks component. background: #e6e6e6;background: light-dark(rgba(0,0,0,0.1), rgba(255,255,255,0.25));color: #000000;color: light-dark(#000000, #ffffff);border-radius: 2px  Server   ukren1 @ http://localhost:3001/_next/static/chunks/f12ff_next_dist_95687940._.js:2302
[10836950ms] [WARNING] %c%s%c PortableText block detected in page blocks array. This should be rendered via PortableTextRenderer, not Blocks component. background: #e6e6e6;background: light-dark(rgba(0,0,0,0.1), rgba(255,255,255,0.25));color: #000000;color: light-dark(#000000, #ffffff);border-radius: 2px  Server   wm4f29 @ http://localhost:3001/_next/static/chunks/f12ff_next_dist_95687940._.js:2302
[10836950ms] [WARNING] %c%s%c PortableText block detected in page blocks array. This should be rendered via PortableTextRenderer, not Blocks component. background: #e6e6e6;background: light-dark(rgba(0,0,0,0.1), rgba(255,255,255,0.25));color: #000000;color: light-dark(#000000, #ffffff);border-radius: 2px  Server   20o54t @ http://localhost:3001/_next/static/chunks/f12ff_next_dist_95687940._.js:2302
[10836969ms] [WARNING] %c%s%c PortableText block detected in page blocks array. This should be rendered via PortableTextRenderer, not Blocks component. background: #e6e6e6;background: light-dark(rgba(0,0,0,0.1), rgba(255,255,255,0.25));color: #000000;color: light-dark(#000000, #ffffff);border-radius: 2px  Server   ukren1 @ http://localhost:3001/_next/static/chunks/f12ff_next_dist_95687940._.js:2302
[10836969ms] [WARNING] %c%s%c PortableText block detected in page blocks array. This should be rendered via PortableTextRenderer, not Blocks component. background: #e6e6e6;background: light-dark(rgba(0,0,0,0.1), rgba(255,255,255,0.25));color: #000000;color: light-dark(#000000, #ffffff);border-radius: 2px  Server   wm4f29 @ http://localhost:3001/_next/static/chunks/f12ff_next_dist_95687940._.js:2302
[10836973ms] [WARNING] %c%s%c PortableText block detected in page blocks array. This should be rendered via PortableTextRenderer, not Blocks component. background: #e6e6e6;background: light-dark(rgba(0,0,0,0.1), rgba(255,255,255,0.25));color: #000000;color: light-dark(#000000, #ffffff);border-radius: 2px  Server   20o54t @ http://localhost:3001/_next/static/chunks/f12ff_next_dist_95687940._.js:2302
[10837768ms] [LOG] [Fast Refresh] done in 1585ms @ http://localhost:3001/_next/static/chunks/f12ff_next_dist_95687940._.js:2302
[10857519ms] [LOG] [Fast Refresh] rebuilding @ http://localhost:3001/_next/static/chunks/f12ff_next_dist_95687940._.js:2302
[10858476ms] [LOG] [Fast Refresh] done in 1052ms @ http://localhost:3001/_next/static/chunks/f12ff_next_dist_95687940._.js:2302
[10859169ms] [LOG] [Fast Refresh] rebuilding @ http://localhost:3001/_next/static/chunks/f12ff_next_dist_95687940._.js:2302
[10870979ms] [LOG] [Fast Refresh] done in 11902ms @ http://localhost:3001/_next/static/chunks/f12ff_next_dist_95687940._.js:2302
[10872817ms] [LOG] [Fast Refresh] rebuilding @ http://localhost:3001/_next/static/chunks/f12ff_next_dist_95687940._.js:2302
[10880041ms] [LOG] [Fast Refresh] done in 7307ms @ http://localhost:3001/_next/static/chunks/f12ff_next_dist_95687940._.js:2302
[10881265ms] [WARNING] %c%s%c PortableText block detected in page blocks array. This should be rendered via PortableTextRenderer, not Blocks component. background: #e6e6e6;background: light-dark(rgba(0,0,0,0.1), rgba(255,255,255,0.25));color: #000000;color: light-dark(#000000, #ffffff);border-radius: 2px  Server   ukren1 @ http://localhost:3001/_next/static/chunks/f12ff_next_dist_95687940._.js:2302
[10881271ms] [WARNING] %c%s%c PortableText block detected in page blocks array. This should be rendered via PortableTextRenderer, not Blocks component. background: #e6e6e6;background: light-dark(rgba(0,0,0,0.1), rgba(255,255,255,0.25));color: #000000;color: light-dark(#000000, #ffffff);border-radius: 2px  Server   wm4f29 @ http://localhost:3001/_next/static/chunks/f12ff_next_dist_95687940._.js:2302
[10881271ms] [WARNING] %c%s%c PortableText block detected in page blocks array. This should be rendered via PortableTextRenderer, not Blocks component. background: #e6e6e6;background: light-dark(rgba(0,0,0,0.1), rgba(255,255,255,0.25));color: #000000;color: light-dark(#000000, #ffffff);border-radius: 2px  Server   20o54t @ http://localhost:3001/_next/static/chunks/f12ff_next_dist_95687940._.js:2302
[10881511ms] [WARNING] %c%s%c PortableText block detected in page blocks array. This should be rendered via PortableTextRenderer, not Blocks component. background: #e6e6e6;background: light-dark(rgba(0,0,0,0.1), rgba(255,255,255,0.25));color: #000000;color: light-dark(#000000, #ffffff);border-radius: 2px  Server   ukren1 @ http://localhost:3001/_next/static/chunks/f12ff_next_dist_95687940._.js:2302
[10881513ms] [WARNING] %c%s%c PortableText block detected in page blocks array. This should be rendered via PortableTextRenderer, not Blocks component. background: #e6e6e6;background: light-dark(rgba(0,0,0,0.1), rgba(255,255,255,0.25));color: #000000;color: light-dark(#000000, #ffffff);border-radius: 2px  Server   wm4f29 @ http://localhost:3001/_next/static/chunks/f12ff_next_dist_95687940._.js:2302
[10881516ms] [WARNING] %c%s%c PortableText block detected in page blocks array. This should be rendered via PortableTextRenderer, not Blocks component. background: #e6e6e6;background: light-dark(rgba(0,0,0,0.1), rgba(255,255,255,0.25));color: #000000;color: light-dark(#000000, #ffffff);border-radius: 2px  Server   20o54t @ http://localhost:3001/_next/static/chunks/f12ff_next_dist_95687940._.js:2302
[10939108ms] [ERROR] WebSocket connection to 'ws://localhost:3001/_next/webpack-hmr?id=IF5hwQHzonIZ8OGwp2XvG' failed:  @ http://localhost:3001/_next/static/chunks/f12ff_next_dist_client_d93c57ad._.js:10876
[10944293ms] [LOG] [HMR] connected @ http://localhost:3001/_next/static/chunks/f12ff_next_dist_95687940._.js:2302
