[     143ms] [LOG] [Fast Refresh] rebuilding @ http://localhost:3001/_next/static/chunks/f12ff_next_dist_95687940._.js:2302
[    1444ms] [LOG] [Fast Refresh] done in 1401ms @ http://localhost:3001/_next/static/chunks/f12ff_next_dist_95687940._.js:2302
[    2742ms] [INFO] %cDownload the React DevTools for a better development experience: https://react.dev/link/react-devtools font-weight:bold @ http://localhost:3001/_next/static/chunks/f12ff_next_dist_95687940._.js:2302
[    2806ms] [LOG] [HMR] connected @ http://localhost:3001/_next/static/chunks/f12ff_next_dist_95687940._.js:2302
[    2946ms] [WARNING] Missing Algolia environment variables: ALGOLIA_API_KEY @ http://localhost:3001/_next/static/chunks/f12ff_next_dist_95687940._.js:2302
[    2947ms] [WARNING] Algolia admin client not available - missing credentials @ http://localhost:3001/_next/static/chunks/f12ff_next_dist_95687940._.js:2302
[    2947ms] [LOG] ✅ Algolia search client initialized successfully @ http://localhost:3001/_next/static/chunks/f12ff_next_dist_95687940._.js:2302
[    2971ms] [WARNING] Image with src "/connecting-climate-minds-logo-white.png" was detected as the Largest Contentful Paint (LCP). Please add the `loading="eager"` property if this image is above the fold.
Read more: https://nextjs.org/docs/app/api-reference/components/image#loading @ http://localhost:3001/_next/static/chunks/f12ff_next_dist_95687940._.js:2302
[    3087ms] [WARNING] Ignoring Event: localhost @ http://localhost:3001/_next/static/chunks/f12ff_next_dist_95687940._.js:2302
[    3135ms] [WARNING] Clerk: Clerk has been loaded with development keys. Development instances have strict usage limits and should not be used when deploying your application to production. Learn more: https://clerk.com/docs/deployments/overview @ http://localhost:3001/_next/static/chunks/f12ff_next_dist_95687940._.js:2302
[    3177ms] [ERROR] Access to resource at 'https://gm67v7rk.api.sanity.io/v2024-04-24/data/live/events/development?tag=next-loader.live' from origin 'http://localhost:3001' has been blocked by CORS policy: No 'Access-Control-Allow-Origin' header is present on the requested resource. @ http://localhost:3001/en/research-and-action/case-studies/mental-health-effects-due-to-the-double-burden-of-covid-19-and-extreme-heat-and-drought-in-afgha:283
[    3177ms] [ERROR] Failed to load resource: net::ERR_FAILED @ https://gm67v7rk.api.sanity.io/v2024-04-24/data/live/events/development?tag=next-loader.live:0
[    3270ms] [ERROR] Access to fetch at 'https://gm67v7rk.api.sanity.io/v2024-04-24/data/live/events/development?tag=next-loader.live' from origin 'http://localhost:3001' has been blocked by CORS policy: Response to preflight request doesn't pass access control check: No 'Access-Control-Allow-Origin' header is present on the requested resource. @ http://localhost:3001/en/research-and-action/case-studies/mental-health-effects-due-to-the-double-burden-of-covid-19-and-extreme-heat-and-drought-in-afgha:283
[    3270ms] [ERROR] Failed to load resource: net::ERR_FAILED @ https://gm67v7rk.api.sanity.io/v2024-04-24/data/live/events/development?tag=next-loader.live:0
[    3371ms] [ERROR] Access to fetch at 'https://gm67v7rk.api.sanity.io/v2024-04-24/data/live/events/development?tag=next-loader.live' from origin 'http://localhost:3001' has been blocked by CORS policy: Response to preflight request doesn't pass access control check: No 'Access-Control-Allow-Origin' header is present on the requested resource. @ http://localhost:3001/en/research-and-action/case-studies/mental-health-effects-due-to-the-double-burden-of-covid-19-and-extreme-heat-and-drought-in-afgha:283
[    3371ms] [ERROR] Failed to load resource: net::ERR_FAILED @ https://gm67v7rk.api.sanity.io/v2024-04-24/data/live/events/development?tag=next-loader.live:0
[    3371ms] [WARNING] Sanity Live is unable to connect to the Sanity API as the current origin - http://localhost:3001 - is not in the list of allowed CORS origins for this Sanity Project. Add it here: https://sanity.io/manage/project/gm67v7rk/api?cors=add&origin=http%3A%2F%2Flocalhost%3A3001 @ http://localhost:3001/_next/static/chunks/f12ff_next_dist_95687940._.js:2302
[  736724ms] [LOG] [Fast Refresh] rebuilding @ http://localhost:3001/_next/static/chunks/f12ff_next_dist_95687940._.js:2302
[  738881ms] [LOG] [Fast Refresh] done in 2262ms @ http://localhost:3001/_next/static/chunks/f12ff_next_dist_95687940._.js:2302
[  742316ms] [LOG] [Fast Refresh] rebuilding @ http://localhost:3001/_next/static/chunks/f12ff_next_dist_95687940._.js:2302
[  743209ms] [LOG] [Fast Refresh] done in 993ms @ http://localhost:3001/_next/static/chunks/f12ff_next_dist_95687940._.js:2302
[  749687ms] [LOG] [Fast Refresh] rebuilding @ http://localhost:3001/_next/static/chunks/f12ff_next_dist_95687940._.js:2302
[  751735ms] [LOG] [Fast Refresh] done in 2150ms @ http://localhost:3001/_next/static/chunks/f12ff_next_dist_95687940._.js:2302
[  752739ms] [WARNING] Ignoring Event: localhost @ http://localhost:3001/_next/static/chunks/f12ff_next_dist_95687940._.js:2302
[  754053ms] [ERROR] Failed to load resource: the server responded with a status of 404 (Not Found) @ http://localhost:3001/_next/image?url=https%3A%2F%2Fcdn.sanity.io%2Fimages%2Fgm67v7rk%2Fdevelopment%2F1d3fae800fffe1b06b1978b583d73667dc0771bc-5760x3240.jpg%3Fw%3D1200%26h%3D675%26fit%3Dcrop%26auto%3Dformat&w=640&q=75:0
[  754056ms] [ERROR] Failed to load resource: the server responded with a status of 404 (Not Found) @ http://localhost:3001/_next/image?url=https%3A%2F%2Fcdn.sanity.io%2Fimages%2Fgm67v7rk%2Fdevelopment%2F409812e1376a6963f9d2c1b5bde737db665072f8-5760x3240.jpg%3Fw%3D800%26h%3D450%26fit%3Dcrop%26auto%3Dformat&w=640&q=75:0
[  754060ms] [ERROR] Failed to load resource: the server responded with a status of 404 (Not Found) @ http://localhost:3001/_next/image?url=https%3A%2F%2Fcdn.sanity.io%2Fimages%2Fgm67v7rk%2Fdevelopment%2Fa282930165acf6e24907b0eb70b9a9d451b9ca5e-5760x3240.jpg%3Fw%3D1200%26h%3D675%26fit%3Dcrop%26auto%3Dformat&w=640&q=75:0
[  754062ms] [ERROR] Failed to load resource: the server responded with a status of 404 (Not Found) @ http://localhost:3001/_next/image?url=https%3A%2F%2Fcdn.sanity.io%2Fimages%2Fgm67v7rk%2Fdevelopment%2F0bd85731843e59465cec14ea6bdcfa3f62ad7755-5760x3240.jpg%3Fw%3D800%26h%3D450%26fit%3Dcrop%26auto%3Dformat&w=640&q=75:0
[  754073ms] [ERROR] Failed to load resource: the server responded with a status of 404 (Not Found) @ http://localhost:3001/_next/image?url=https%3A%2F%2Fcdn.sanity.io%2Fimages%2Fgm67v7rk%2Fdevelopment%2Fb729d400282432d98191f5d09b047c932b115928-5760x3240.jpg%3Fw%3D800%26h%3D450%26fit%3Dcrop%26auto%3Dformat&w=640&q=75:0
[  755465ms] [ERROR] Failed to load resource: the server responded with a status of 404 (Not Found) @ http://localhost:3001/_next/image?url=https%3A%2F%2Fcdn.sanity.io%2Fimages%2Fgm67v7rk%2Fdevelopment%2F4702de34c3d2d250b21cdf332147acfc908c564d-5760x3240.jpg%3Fw%3D800%26h%3D450%26fit%3Dcrop%26auto%3Dformat&w=640&q=75:0
[  755690ms] [ERROR] Failed to load resource: the server responded with a status of 404 (Not Found) @ http://localhost:3001/_next/image?url=https%3A%2F%2Fcdn.sanity.io%2Fimages%2Fgm67v7rk%2Fdevelopment%2F62a17d25d42626083f78283e26050d1d21db6c3f-5760x3240.jpg%3Fw%3D800%26h%3D450%26fit%3Dcrop%26auto%3Dformat&w=640&q=75:0
[  756019ms] [ERROR] Failed to load resource: the server responded with a status of 404 (Not Found) @ http://localhost:3001/_next/image?url=https%3A%2F%2Fcdn.sanity.io%2Fimages%2Fgm67v7rk%2Fdevelopment%2Fc187fa8032707cf9a52bfb43bf4953eb13a49c08-5760x3240.jpg%3Fw%3D1200%26h%3D675%26fit%3Dcrop%26auto%3Dformat&w=640&q=75:0
[  756050ms] [ERROR] Failed to load resource: the server responded with a status of 404 (Not Found) @ http://localhost:3001/_next/image?url=https%3A%2F%2Fcdn.sanity.io%2Fimages%2Fgm67v7rk%2Fdevelopment%2F63e576f4a1b0dbfaa57650ee2538f85b7410a365-5760x3240.jpg%3Fw%3D800%26h%3D450%26fit%3Dcrop%26auto%3Dformat&w=640&q=75:0
[  756913ms] [ERROR] Failed to load resource: the server responded with a status of 404 (Not Found) @ http://localhost:3001/_next/image?url=https%3A%2F%2Fcdn.sanity.io%2Fimages%2Fgm67v7rk%2Fdevelopment%2Fba227b8947360c54af92bbcc9a43d498fbdbfff8-5760x3240.jpg%3Fw%3D800%26h%3D450%26fit%3Dcrop%26auto%3Dformat&w=640&q=75:0
[  757033ms] [ERROR] Failed to load resource: the server responded with a status of 404 (Not Found) @ http://localhost:3001/_next/image?url=https%3A%2F%2Fcdn.sanity.io%2Fimages%2Fgm67v7rk%2Fdevelopment%2F14e6994af186afdb274d3672b812e9f7e56cb94f-5760x3240.jpg%3Fw%3D1200%26h%3D675%26fit%3Dcrop%26auto%3Dformat&w=640&q=75:0
[  757699ms] [ERROR] Failed to load resource: the server responded with a status of 404 (Not Found) @ http://localhost:3001/_next/image?url=https%3A%2F%2Fcdn.sanity.io%2Fimages%2Fgm67v7rk%2Fdevelopment%2F0625145dfc370cbf9d5fdcd462cec17e0262176f-5760x3240.jpg%3Fw%3D1200%26h%3D675%26fit%3Dcrop%26auto%3Dformat&w=640&q=75:0
[  757708ms] [ERROR] Failed to load resource: the server responded with a status of 404 (Not Found) @ http://localhost:3001/_next/image?url=https%3A%2F%2Fcdn.sanity.io%2Fimages%2Fgm67v7rk%2Fdevelopment%2F1f75ac24ae57c353083be437fdbb59aefbe28d03-5760x3240.jpg%3Fw%3D800%26h%3D450%26fit%3Dcrop%26auto%3Dformat&w=640&q=75:0
[  758701ms] [ERROR] Failed to load resource: the server responded with a status of 404 (Not Found) @ http://localhost:3001/_next/image?url=https%3A%2F%2Fcdn.sanity.io%2Fimages%2Fgm67v7rk%2Fdevelopment%2F0147ffc6806b5f79d04e2115512ae7314c1cde22-3840x2160.jpg%3Fw%3D1200%26h%3D675%26fit%3Dcrop%26auto%3Dformat&w=640&q=75:0
[  758712ms] [ERROR] Failed to load resource: the server responded with a status of 404 (Not Found) @ http://localhost:3001/_next/image?url=https%3A%2F%2Fcdn.sanity.io%2Fimages%2Fgm67v7rk%2Fdevelopment%2F671afb7f218e51ee87f8d107883629536ef35788-3840x2160.jpg%3Fw%3D800%26h%3D450%26fit%3Dcrop%26auto%3Dformat&w=640&q=75:0
[  759545ms] [ERROR] Failed to load resource: the server responded with a status of 404 (Not Found) @ http://localhost:3001/_next/image?url=https%3A%2F%2Fcdn.sanity.io%2Fimages%2Fgm67v7rk%2Fdevelopment%2F0147ffc6806b5f79d04e2115512ae7314c1cde22-3840x2160.jpg%3Fw%3D800%26h%3D450%26fit%3Dcrop%26auto%3Dformat&w=640&q=75:0
[  770443ms] [LOG] [Fast Refresh] rebuilding @ http://localhost:3001/_next/static/chunks/f12ff_next_dist_95687940._.js:2302
[  772871ms] [LOG] [Fast Refresh] done in 2529ms @ http://localhost:3001/_next/static/chunks/f12ff_next_dist_95687940._.js:2302
[  773616ms] [WARNING] Ignoring Event: localhost @ http://localhost:3001/_next/static/chunks/f12ff_next_dist_95687940._.js:2302
[  774237ms] [LOG] [Fast Refresh] rebuilding @ http://localhost:3001/_next/static/chunks/f12ff_next_dist_95687940._.js:2302
[  774891ms] [LOG] [Fast Refresh] done in 869ms @ http://localhost:3001/_next/static/chunks/f12ff_next_dist_95687940._.js:2302
[  818131ms] [WARNING] [tiptap warn]: Duplicate extension names found: ['link']. This can lead to issues. @ http://localhost:3001/_next/static/chunks/f12ff_next_dist_95687940._.js:2302
[  828081ms] [LOG] [Fast Refresh] rebuilding @ http://localhost:3001/_next/static/chunks/f12ff_next_dist_95687940._.js:2302
[  829031ms] [LOG] [Fast Refresh] done in 1051ms @ http://localhost:3001/_next/static/chunks/f12ff_next_dist_95687940._.js:2302
[  829809ms] [ERROR] IntlError: MISSING_MESSAGE: Cannot read properties of undefined (reading 'split')
    at getFallbackFromErrorAndNotify (http://localhost:3001/_next/static/chunks/node_modules__pnpm_a92eadf3._.js:7251:23)
    at translateBaseFn (http://localhost:3001/_next/static/chunks/node_modules__pnpm_a92eadf3._.js:7281:28)
    at translateFn (http://localhost:3001/_next/static/chunks/node_modules__pnpm_a92eadf3._.js:7343:24)
    at labelFor (http://localhost:3001/_next/static/chunks/_af79dd3a._.js:633:30)
    at http://localhost:3001/_next/static/chunks/_af79dd3a._.js:142:34
    at Array.map (<anonymous>)
    at RegionChoropleth (http://localhost:3001/_next/static/chunks/_af79dd3a._.js:134:43)
    at Object.react_stack_bottom_frame (http://localhost:3001/_next/static/chunks/f12ff_next_dist_compiled_react-dom_7b2f6d3d._.js:14826:24)
    at renderWithHooks (http://localhost:3001/_next/static/chunks/f12ff_next_dist_compiled_react-dom_7b2f6d3d._.js:4651:24)
    at updateFunctionComponent (http://localhost:3001/_next/static/chunks/f12ff_next_dist_compiled_react-dom_7b2f6d3d._.js:6112:21)
    at beginWork (http://localhost:3001/_next/static/chunks/f12ff_next_dist_compiled_react-dom_7b2f6d3d._.js:6708:24)
    at runWithFiberInDEV (http://localhost:3001/_next/static/chunks/f12ff_next_dist_compiled_react-dom_7b2f6d3d._.js:965:74)
    at performUnitOfWork (http://localhost:3001/_next/static/chunks/f12ff_next_dist_compiled_react-dom_7b2f6d3d._.js:9562:97)
    at workLoopConcurrentByScheduler (http://localhost:3001/_next/static/chunks/f12ff_next_dist_compiled_react-dom_7b2f6d3d._.js:9558:58)
    at renderRootConcurrent (http://localhost:3001/_next/static/chunks/f12ff_next_dist_compiled_react-dom_7b2f6d3d._.js:9541:71)
    at performWorkOnRoot (http://localhost:3001/_next/static/chunks/f12ff_next_dist_compiled_react-dom_7b2f6d3d._.js:9068:150)
    at performWorkOnRootViaSchedulerTask (http://localhost:3001/_next/static/chunks/f12ff_next_dist_compiled_react-dom_7b2f6d3d._.js:10230:9)
    at MessagePort.performWorkUntilDeadline (http://localhost:3001/_next/static/chunks/f12ff_next_dist_compiled_cd863794._.js:2647:64) @ http://localhost:3001/_next/static/chunks/f12ff_next_dist_95687940._.js:3132
[  829813ms] [ERROR] IntlError: MISSING_MESSAGE: Cannot read properties of undefined (reading 'split')
    at getFallbackFromErrorAndNotify (http://localhost:3001/_next/static/chunks/node_modules__pnpm_a92eadf3._.js:7251:23)
    at translateBaseFn (http://localhost:3001/_next/static/chunks/node_modules__pnpm_a92eadf3._.js:7281:28)
    at translateFn (http://localhost:3001/_next/static/chunks/node_modules__pnpm_a92eadf3._.js:7343:24)
    at labelFor (http://localhost:3001/_next/static/chunks/_af79dd3a._.js:633:30)
    at http://localhost:3001/_next/static/chunks/_af79dd3a._.js:142:34
    at Array.map (<anonymous>)
    at RegionChoropleth (http://localhost:3001/_next/static/chunks/_af79dd3a._.js:134:43)
    at Object.react_stack_bottom_frame (http://localhost:3001/_next/static/chunks/f12ff_next_dist_compiled_react-dom_7b2f6d3d._.js:14826:24)
    at renderWithHooks (http://localhost:3001/_next/static/chunks/f12ff_next_dist_compiled_react-dom_7b2f6d3d._.js:4651:24)
    at updateFunctionComponent (http://localhost:3001/_next/static/chunks/f12ff_next_dist_compiled_react-dom_7b2f6d3d._.js:6112:21)
    at beginWork (http://localhost:3001/_next/static/chunks/f12ff_next_dist_compiled_react-dom_7b2f6d3d._.js:6708:24)
    at runWithFiberInDEV (http://localhost:3001/_next/static/chunks/f12ff_next_dist_compiled_react-dom_7b2f6d3d._.js:965:74)
    at performUnitOfWork (http://localhost:3001/_next/static/chunks/f12ff_next_dist_compiled_react-dom_7b2f6d3d._.js:9562:97)
    at workLoopConcurrentByScheduler (http://localhost:3001/_next/static/chunks/f12ff_next_dist_compiled_react-dom_7b2f6d3d._.js:9558:58)
    at renderRootConcurrent (http://localhost:3001/_next/static/chunks/f12ff_next_dist_compiled_react-dom_7b2f6d3d._.js:9541:71)
    at performWorkOnRoot (http://localhost:3001/_next/static/chunks/f12ff_next_dist_compiled_react-dom_7b2f6d3d._.js:9068:150)
    at performWorkOnRootViaSchedulerTask (http://localhost:3001/_next/static/chunks/f12ff_next_dist_compiled_react-dom_7b2f6d3d._.js:10230:9)
    at MessagePort.performWorkUntilDeadline (http://localhost:3001/_next/static/chunks/f12ff_next_dist_compiled_cd863794._.js:2647:64) @ http://localhost:3001/_next/static/chunks/f12ff_next_dist_95687940._.js:3132
[  829813ms] [ERROR] IntlError: MISSING_MESSAGE: Cannot read properties of undefined (reading 'split')
    at getFallbackFromErrorAndNotify (http://localhost:3001/_next/static/chunks/node_modules__pnpm_a92eadf3._.js:7251:23)
    at translateBaseFn (http://localhost:3001/_next/static/chunks/node_modules__pnpm_a92eadf3._.js:7281:28)
    at translateFn (http://localhost:3001/_next/static/chunks/node_modules__pnpm_a92eadf3._.js:7343:24)
    at labelFor (http://localhost:3001/_next/static/chunks/_af79dd3a._.js:633:30)
    at http://localhost:3001/_next/static/chunks/_af79dd3a._.js:142:34
    at Array.map (<anonymous>)
    at RegionChoropleth (http://localhost:3001/_next/static/chunks/_af79dd3a._.js:134:43)
    at Object.react_stack_bottom_frame (http://localhost:3001/_next/static/chunks/f12ff_next_dist_compiled_react-dom_7b2f6d3d._.js:14826:24)
    at renderWithHooks (http://localhost:3001/_next/static/chunks/f12ff_next_dist_compiled_react-dom_7b2f6d3d._.js:4651:24)
    at updateFunctionComponent (http://localhost:3001/_next/static/chunks/f12ff_next_dist_compiled_react-dom_7b2f6d3d._.js:6112:21)
    at beginWork (http://localhost:3001/_next/static/chunks/f12ff_next_dist_compiled_react-dom_7b2f6d3d._.js:6708:24)
    at runWithFiberInDEV (http://localhost:3001/_next/static/chunks/f12ff_next_dist_compiled_react-dom_7b2f6d3d._.js:965:74)
    at performUnitOfWork (http://localhost:3001/_next/static/chunks/f12ff_next_dist_compiled_react-dom_7b2f6d3d._.js:9562:97)
    at workLoopConcurrentByScheduler (http://localhost:3001/_next/static/chunks/f12ff_next_dist_compiled_react-dom_7b2f6d3d._.js:9558:58)
    at renderRootConcurrent (http://localhost:3001/_next/static/chunks/f12ff_next_dist_compiled_react-dom_7b2f6d3d._.js:9541:71)
    at performWorkOnRoot (http://localhost:3001/_next/static/chunks/f12ff_next_dist_compiled_react-dom_7b2f6d3d._.js:9068:150)
    at performWorkOnRootViaSchedulerTask (http://localhost:3001/_next/static/chunks/f12ff_next_dist_compiled_react-dom_7b2f6d3d._.js:10230:9)
    at MessagePort.performWorkUntilDeadline (http://localhost:3001/_next/static/chunks/f12ff_next_dist_compiled_cd863794._.js:2647:64) @ http://localhost:3001/_next/static/chunks/f12ff_next_dist_95687940._.js:3132
[  829813ms] [ERROR] IntlError: MISSING_MESSAGE: Cannot read properties of undefined (reading 'split')
    at getFallbackFromErrorAndNotify (http://localhost:3001/_next/static/chunks/node_modules__pnpm_a92eadf3._.js:7251:23)
    at translateBaseFn (http://localhost:3001/_next/static/chunks/node_modules__pnpm_a92eadf3._.js:7281:28)
    at translateFn (http://localhost:3001/_next/static/chunks/node_modules__pnpm_a92eadf3._.js:7343:24)
    at labelFor (http://localhost:3001/_next/static/chunks/_af79dd3a._.js:633:30)
    at http://localhost:3001/_next/static/chunks/_af79dd3a._.js:142:34
    at Array.map (<anonymous>)
    at RegionChoropleth (http://localhost:3001/_next/static/chunks/_af79dd3a._.js:134:43)
    at Object.react_stack_bottom_frame (http://localhost:3001/_next/static/chunks/f12ff_next_dist_compiled_react-dom_7b2f6d3d._.js:14826:24)
    at renderWithHooks (http://localhost:3001/_next/static/chunks/f12ff_next_dist_compiled_react-dom_7b2f6d3d._.js:4651:24)
    at updateFunctionComponent (http://localhost:3001/_next/static/chunks/f12ff_next_dist_compiled_react-dom_7b2f6d3d._.js:6112:21)
    at beginWork (http://localhost:3001/_next/static/chunks/f12ff_next_dist_compiled_react-dom_7b2f6d3d._.js:6708:24)
    at runWithFiberInDEV (http://localhost:3001/_next/static/chunks/f12ff_next_dist_compiled_react-dom_7b2f6d3d._.js:965:74)
    at performUnitOfWork (http://localhost:3001/_next/static/chunks/f12ff_next_dist_compiled_react-dom_7b2f6d3d._.js:9562:97)
    at workLoopConcurrentByScheduler (http://localhost:3001/_next/static/chunks/f12ff_next_dist_compiled_react-dom_7b2f6d3d._.js:9558:58)
    at renderRootConcurrent (http://localhost:3001/_next/static/chunks/f12ff_next_dist_compiled_react-dom_7b2f6d3d._.js:9541:71)
    at performWorkOnRoot (http://localhost:3001/_next/static/chunks/f12ff_next_dist_compiled_react-dom_7b2f6d3d._.js:9068:150)
    at performWorkOnRootViaSchedulerTask (http://localhost:3001/_next/static/chunks/f12ff_next_dist_compiled_react-dom_7b2f6d3d._.js:10230:9)
    at MessagePort.performWorkUntilDeadline (http://localhost:3001/_next/static/chunks/f12ff_next_dist_compiled_cd863794._.js:2647:64) @ http://localhost:3001/_next/static/chunks/f12ff_next_dist_95687940._.js:3132
[  829813ms] [ERROR] IntlError: MISSING_MESSAGE: Cannot read properties of undefined (reading 'split')
    at getFallbackFromErrorAndNotify (http://localhost:3001/_next/static/chunks/node_modules__pnpm_a92eadf3._.js:7251:23)
    at translateBaseFn (http://localhost:3001/_next/static/chunks/node_modules__pnpm_a92eadf3._.js:7281:28)
    at translateFn (http://localhost:3001/_next/static/chunks/node_modules__pnpm_a92eadf3._.js:7343:24)
    at labelFor (http://localhost:3001/_next/static/chunks/_af79dd3a._.js:633:30)
    at http://localhost:3001/_next/static/chunks/_af79dd3a._.js:142:34
    at Array.map (<anonymous>)
    at RegionChoropleth (http://localhost:3001/_next/static/chunks/_af79dd3a._.js:134:43)
    at Object.react_stack_bottom_frame (http://localhost:3001/_next/static/chunks/f12ff_next_dist_compiled_react-dom_7b2f6d3d._.js:14826:24)
    at renderWithHooks (http://localhost:3001/_next/static/chunks/f12ff_next_dist_compiled_react-dom_7b2f6d3d._.js:4651:24)
    at updateFunctionComponent (http://localhost:3001/_next/static/chunks/f12ff_next_dist_compiled_react-dom_7b2f6d3d._.js:6112:21)
    at beginWork (http://localhost:3001/_next/static/chunks/f12ff_next_dist_compiled_react-dom_7b2f6d3d._.js:6708:24)
    at runWithFiberInDEV (http://localhost:3001/_next/static/chunks/f12ff_next_dist_compiled_react-dom_7b2f6d3d._.js:965:74)
    at performUnitOfWork (http://localhost:3001/_next/static/chunks/f12ff_next_dist_compiled_react-dom_7b2f6d3d._.js:9562:97)
    at workLoopConcurrentByScheduler (http://localhost:3001/_next/static/chunks/f12ff_next_dist_compiled_react-dom_7b2f6d3d._.js:9558:58)
    at renderRootConcurrent (http://localhost:3001/_next/static/chunks/f12ff_next_dist_compiled_react-dom_7b2f6d3d._.js:9541:71)
    at performWorkOnRoot (http://localhost:3001/_next/static/chunks/f12ff_next_dist_compiled_react-dom_7b2f6d3d._.js:9068:150)
    at performWorkOnRootViaSchedulerTask (http://localhost:3001/_next/static/chunks/f12ff_next_dist_compiled_react-dom_7b2f6d3d._.js:10230:9)
    at MessagePort.performWorkUntilDeadline (http://localhost:3001/_next/static/chunks/f12ff_next_dist_compiled_cd863794._.js:2647:64) @ http://localhost:3001/_next/static/chunks/f12ff_next_dist_95687940._.js:3132
[  829813ms] [ERROR] IntlError: MISSING_MESSAGE: Cannot read properties of undefined (reading 'split')
    at getFallbackFromErrorAndNotify (http://localhost:3001/_next/static/chunks/node_modules__pnpm_a92eadf3._.js:7251:23)
    at translateBaseFn (http://localhost:3001/_next/static/chunks/node_modules__pnpm_a92eadf3._.js:7281:28)
    at translateFn (http://localhost:3001/_next/static/chunks/node_modules__pnpm_a92eadf3._.js:7343:24)
    at labelFor (http://localhost:3001/_next/static/chunks/_af79dd3a._.js:633:30)
    at http://localhost:3001/_next/static/chunks/_af79dd3a._.js:142:34
    at Array.map (<anonymous>)
    at RegionChoropleth (http://localhost:3001/_next/static/chunks/_af79dd3a._.js:134:43)
    at Object.react_stack_bottom_frame (http://localhost:3001/_next/static/chunks/f12ff_next_dist_compiled_react-dom_7b2f6d3d._.js:14826:24)
    at renderWithHooks (http://localhost:3001/_next/static/chunks/f12ff_next_dist_compiled_react-dom_7b2f6d3d._.js:4651:24)
    at updateFunctionComponent (http://localhost:3001/_next/static/chunks/f12ff_next_dist_compiled_react-dom_7b2f6d3d._.js:6112:21)
    at beginWork (http://localhost:3001/_next/static/chunks/f12ff_next_dist_compiled_react-dom_7b2f6d3d._.js:6708:24)
    at runWithFiberInDEV (http://localhost:3001/_next/static/chunks/f12ff_next_dist_compiled_react-dom_7b2f6d3d._.js:965:74)
    at performUnitOfWork (http://localhost:3001/_next/static/chunks/f12ff_next_dist_compiled_react-dom_7b2f6d3d._.js:9562:97)
    at workLoopConcurrentByScheduler (http://localhost:3001/_next/static/chunks/f12ff_next_dist_compiled_react-dom_7b2f6d3d._.js:9558:58)
    at renderRootConcurrent (http://localhost:3001/_next/static/chunks/f12ff_next_dist_compiled_react-dom_7b2f6d3d._.js:9541:71)
    at performWorkOnRoot (http://localhost:3001/_next/static/chunks/f12ff_next_dist_compiled_react-dom_7b2f6d3d._.js:9068:150)
    at performWorkOnRootViaSchedulerTask (http://localhost:3001/_next/static/chunks/f12ff_next_dist_compiled_react-dom_7b2f6d3d._.js:10230:9)
    at MessagePort.performWorkUntilDeadline (http://localhost:3001/_next/static/chunks/f12ff_next_dist_compiled_cd863794._.js:2647:64) @ http://localhost:3001/_next/static/chunks/f12ff_next_dist_95687940._.js:3132
[  829813ms] [ERROR] IntlError: MISSING_MESSAGE: Cannot read properties of undefined (reading 'split')
    at getFallbackFromErrorAndNotify (http://localhost:3001/_next/static/chunks/node_modules__pnpm_a92eadf3._.js:7251:23)
    at translateBaseFn (http://localhost:3001/_next/static/chunks/node_modules__pnpm_a92eadf3._.js:7281:28)
    at translateFn (http://localhost:3001/_next/static/chunks/node_modules__pnpm_a92eadf3._.js:7343:24)
    at labelFor (http://localhost:3001/_next/static/chunks/_af79dd3a._.js:633:30)
    at http://localhost:3001/_next/static/chunks/_af79dd3a._.js:142:34
    at Array.map (<anonymous>)
    at RegionChoropleth (http://localhost:3001/_next/static/chunks/_af79dd3a._.js:134:43)
    at Object.react_stack_bottom_frame (http://localhost:3001/_next/static/chunks/f12ff_next_dist_compiled_react-dom_7b2f6d3d._.js:14826:24)
    at renderWithHooks (http://localhost:3001/_next/static/chunks/f12ff_next_dist_compiled_react-dom_7b2f6d3d._.js:4651:24)
    at updateFunctionComponent (http://localhost:3001/_next/static/chunks/f12ff_next_dist_compiled_react-dom_7b2f6d3d._.js:6112:21)
    at beginWork (http://localhost:3001/_next/static/chunks/f12ff_next_dist_compiled_react-dom_7b2f6d3d._.js:6708:24)
    at runWithFiberInDEV (http://localhost:3001/_next/static/chunks/f12ff_next_dist_compiled_react-dom_7b2f6d3d._.js:965:74)
    at performUnitOfWork (http://localhost:3001/_next/static/chunks/f12ff_next_dist_compiled_react-dom_7b2f6d3d._.js:9562:97)
    at workLoopConcurrentByScheduler (http://localhost:3001/_next/static/chunks/f12ff_next_dist_compiled_react-dom_7b2f6d3d._.js:9558:58)
    at renderRootConcurrent (http://localhost:3001/_next/static/chunks/f12ff_next_dist_compiled_react-dom_7b2f6d3d._.js:9541:71)
    at performWorkOnRoot (http://localhost:3001/_next/static/chunks/f12ff_next_dist_compiled_react-dom_7b2f6d3d._.js:9068:150)
    at performWorkOnRootViaSchedulerTask (http://localhost:3001/_next/static/chunks/f12ff_next_dist_compiled_react-dom_7b2f6d3d._.js:10230:9)
    at MessagePort.performWorkUntilDeadline (http://localhost:3001/_next/static/chunks/f12ff_next_dist_compiled_cd863794._.js:2647:64) @ http://localhost:3001/_next/static/chunks/f12ff_next_dist_95687940._.js:3132
[  829814ms] [ERROR] IntlError: MISSING_MESSAGE: Cannot read properties of undefined (reading 'split')
    at getFallbackFromErrorAndNotify (http://localhost:3001/_next/static/chunks/node_modules__pnpm_a92eadf3._.js:7251:23)
    at translateBaseFn (http://localhost:3001/_next/static/chunks/node_modules__pnpm_a92eadf3._.js:7281:28)
    at translateFn (http://localhost:3001/_next/static/chunks/node_modules__pnpm_a92eadf3._.js:7343:24)
    at labelFor (http://localhost:3001/_next/static/chunks/_af79dd3a._.js:633:30)
    at http://localhost:3001/_next/static/chunks/_af79dd3a._.js:142:34
    at Array.map (<anonymous>)
    at RegionChoropleth (http://localhost:3001/_next/static/chunks/_af79dd3a._.js:134:43)
    at Object.react_stack_bottom_frame (http://localhost:3001/_next/static/chunks/f12ff_next_dist_compiled_react-dom_7b2f6d3d._.js:14826:24)
    at renderWithHooksAgain (http://localhost:3001/_next/static/chunks/f12ff_next_dist_compiled_react-dom_7b2f6d3d._.js:4706:24)
    at renderWithHooks (http://localhost:3001/_next/static/chunks/f12ff_next_dist_compiled_react-dom_7b2f6d3d._.js:4657:28)
    at updateFunctionComponent (http://localhost:3001/_next/static/chunks/f12ff_next_dist_compiled_react-dom_7b2f6d3d._.js:6112:21)
    at beginWork (http://localhost:3001/_next/static/chunks/f12ff_next_dist_compiled_react-dom_7b2f6d3d._.js:6708:24)
    at runWithFiberInDEV (http://localhost:3001/_next/static/chunks/f12ff_next_dist_compiled_react-dom_7b2f6d3d._.js:965:74)
    at performUnitOfWork (http://localhost:3001/_next/static/chunks/f12ff_next_dist_compiled_react-dom_7b2f6d3d._.js:9562:97)
    at workLoopConcurrentByScheduler (http://localhost:3001/_next/static/chunks/f12ff_next_dist_compiled_react-dom_7b2f6d3d._.js:9558:58)
    at renderRootConcurrent (http://localhost:3001/_next/static/chunks/f12ff_next_dist_compiled_react-dom_7b2f6d3d._.js:9541:71)
    at performWorkOnRoot (http://localhost:3001/_next/static/chunks/f12ff_next_dist_compiled_react-dom_7b2f6d3d._.js:9068:150)
    at performWorkOnRootViaSchedulerTask (http://localhost:3001/_next/static/chunks/f12ff_next_dist_compiled_react-dom_7b2f6d3d._.js:10230:9)
    at MessagePort.performWorkUntilDeadline (http://localhost:3001/_next/static/chunks/f12ff_next_dist_compiled_cd863794._.js:2647:64) @ http://localhost:3001/_next/static/chunks/f12ff_next_dist_95687940._.js:3132
[  829814ms] [ERROR] IntlError: MISSING_MESSAGE: Cannot read properties of undefined (reading 'split')
    at getFallbackFromErrorAndNotify (http://localhost:3001/_next/static/chunks/node_modules__pnpm_a92eadf3._.js:7251:23)
    at translateBaseFn (http://localhost:3001/_next/static/chunks/node_modules__pnpm_a92eadf3._.js:7281:28)
    at translateFn (http://localhost:3001/_next/static/chunks/node_modules__pnpm_a92eadf3._.js:7343:24)
    at labelFor (http://localhost:3001/_next/static/chunks/_af79dd3a._.js:633:30)
    at http://localhost:3001/_next/static/chunks/_af79dd3a._.js:142:34
    at Array.map (<anonymous>)
    at RegionChoropleth (http://localhost:3001/_next/static/chunks/_af79dd3a._.js:134:43)
    at Object.react_stack_bottom_frame (http://localhost:3001/_next/static/chunks/f12ff_next_dist_compiled_react-dom_7b2f6d3d._.js:14826:24)
    at renderWithHooksAgain (http://localhost:3001/_next/static/chunks/f12ff_next_dist_compiled_react-dom_7b2f6d3d._.js:4706:24)
    at renderWithHooks (http://localhost:3001/_next/static/chunks/f12ff_next_dist_compiled_react-dom_7b2f6d3d._.js:4657:28)
    at updateFunctionComponent (http://localhost:3001/_next/static/chunks/f12ff_next_dist_compiled_react-dom_7b2f6d3d._.js:6112:21)
    at beginWork (http://localhost:3001/_next/static/chunks/f12ff_next_dist_compiled_react-dom_7b2f6d3d._.js:6708:24)
    at runWithFiberInDEV (http://localhost:3001/_next/static/chunks/f12ff_next_dist_compiled_react-dom_7b2f6d3d._.js:965:74)
    at performUnitOfWork (http://localhost:3001/_next/static/chunks/f12ff_next_dist_compiled_react-dom_7b2f6d3d._.js:9562:97)
    at workLoopConcurrentByScheduler (http://localhost:3001/_next/static/chunks/f12ff_next_dist_compiled_react-dom_7b2f6d3d._.js:9558:58)
    at renderRootConcurrent (http://localhost:3001/_next/static/chunks/f12ff_next_dist_compiled_react-dom_7b2f6d3d._.js:9541:71)
    at performWorkOnRoot (http://localhost:3001/_next/static/chunks/f12ff_next_dist_compiled_react-dom_7b2f6d3d._.js:9068:150)
    at performWorkOnRootViaSchedulerTask (http://localhost:3001/_next/static/chunks/f12ff_next_dist_compiled_react-dom_7b2f6d3d._.js:10230:9)
    at MessagePort.performWorkUntilDeadline (http://localhost:3001/_next/static/chunks/f12ff_next_dist_compiled_cd863794._.js:2647:64) @ http://localhost:3001/_next/static/chunks/f12ff_next_dist_95687940._.js:3132
[  829814ms] [ERROR] IntlError: MISSING_MESSAGE: Cannot read properties of undefined (reading 'split')
    at getFallbackFromErrorAndNotify (http://localhost:3001/_next/static/chunks/node_modules__pnpm_a92eadf3._.js:7251:23)
    at translateBaseFn (http://localhost:3001/_next/static/chunks/node_modules__pnpm_a92eadf3._.js:7281:28)
    at translateFn (http://localhost:3001/_next/static/chunks/node_modules__pnpm_a92eadf3._.js:7343:24)
    at labelFor (http://localhost:3001/_next/static/chunks/_af79dd3a._.js:633:30)
    at http://localhost:3001/_next/static/chunks/_af79dd3a._.js:142:34
    at Array.map (<anonymous>)
    at RegionChoropleth (http://localhost:3001/_next/static/chunks/_af79dd3a._.js:134:43)
    at Object.react_stack_bottom_frame (http://localhost:3001/_next/static/chunks/f12ff_next_dist_compiled_react-dom_7b2f6d3d._.js:14826:24)
    at renderWithHooksAgain (http://localhost:3001/_next/static/chunks/f12ff_next_dist_compiled_react-dom_7b2f6d3d._.js:4706:24)
    at renderWithHooks (http://localhost:3001/_next/static/chunks/f12ff_next_dist_compiled_react-dom_7b2f6d3d._.js:4657:28)
    at updateFunctionComponent (http://localhost:3001/_next/static/chunks/f12ff_next_dist_compiled_react-dom_7b2f6d3d._.js:6112:21)
    at beginWork (http://localhost:3001/_next/static/chunks/f12ff_next_dist_compiled_react-dom_7b2f6d3d._.js:6708:24)
    at runWithFiberInDEV (http://localhost:3001/_next/static/chunks/f12ff_next_dist_compiled_react-dom_7b2f6d3d._.js:965:74)
    at performUnitOfWork (http://localhost:3001/_next/static/chunks/f12ff_next_dist_compiled_react-dom_7b2f6d3d._.js:9562:97)
    at workLoopConcurrentByScheduler (http://localhost:3001/_next/static/chunks/f12ff_next_dist_compiled_react-dom_7b2f6d3d._.js:9558:58)
    at renderRootConcurrent (http://localhost:3001/_next/static/chunks/f12ff_next_dist_compiled_react-dom_7b2f6d3d._.js:9541:71)
    at performWorkOnRoot (http://localhost:3001/_next/static/chunks/f12ff_next_dist_compiled_react-dom_7b2f6d3d._.js:9068:150)
    at performWorkOnRootViaSchedulerTask (http://localhost:3001/_next/static/chunks/f12ff_next_dist_compiled_react-dom_7b2f6d3d._.js:10230:9)
    at MessagePort.performWorkUntilDeadline (http://localhost:3001/_next/static/chunks/f12ff_next_dist_compiled_cd863794._.js:2647:64) @ http://localhost:3001/_next/static/chunks/f12ff_next_dist_95687940._.js:3132
[  829814ms] [ERROR] IntlError: MISSING_MESSAGE: Cannot read properties of undefined (reading 'split')
    at getFallbackFromErrorAndNotify (http://localhost:3001/_next/static/chunks/node_modules__pnpm_a92eadf3._.js:7251:23)
    at translateBaseFn (http://localhost:3001/_next/static/chunks/node_modules__pnpm_a92eadf3._.js:7281:28)
    at translateFn (http://localhost:3001/_next/static/chunks/node_modules__pnpm_a92eadf3._.js:7343:24)
    at labelFor (http://localhost:3001/_next/static/chunks/_af79dd3a._.js:633:30)
    at http://localhost:3001/_next/static/chunks/_af79dd3a._.js:142:34
    at Array.map (<anonymous>)
    at RegionChoropleth (http://localhost:3001/_next/static/chunks/_af79dd3a._.js:134:43)
    at Object.react_stack_bottom_frame (http://localhost:3001/_next/static/chunks/f12ff_next_dist_compiled_react-dom_7b2f6d3d._.js:14826:24)
    at renderWithHooksAgain (http://localhost:3001/_next/static/chunks/f12ff_next_dist_compiled_react-dom_7b2f6d3d._.js:4706:24)
    at renderWithHooks (http://localhost:3001/_next/static/chunks/f12ff_next_dist_compiled_react-dom_7b2f6d3d._.js:4657:28)
    at updateFunctionComponent (http://localhost:3001/_next/static/chunks/f12ff_next_dist_compiled_react-dom_7b2f6d3d._.js:6112:21)
    at beginWork (http://localhost:3001/_next/static/chunks/f12ff_next_dist_compiled_react-dom_7b2f6d3d._.js:6708:24)
    at runWithFiberInDEV (http://localhost:3001/_next/static/chunks/f12ff_next_dist_compiled_react-dom_7b2f6d3d._.js:965:74)
    at performUnitOfWork (http://localhost:3001/_next/static/chunks/f12ff_next_dist_compiled_react-dom_7b2f6d3d._.js:9562:97)
    at workLoopConcurrentByScheduler (http://localhost:3001/_next/static/chunks/f12ff_next_dist_compiled_react-dom_7b2f6d3d._.js:9558:58)
    at renderRootConcurrent (http://localhost:3001/_next/static/chunks/f12ff_next_dist_compiled_react-dom_7b2f6d3d._.js:9541:71)
    at performWorkOnRoot (http://localhost:3001/_next/static/chunks/f12ff_next_dist_compiled_react-dom_7b2f6d3d._.js:9068:150)
    at performWorkOnRootViaSchedulerTask (http://localhost:3001/_next/static/chunks/f12ff_next_dist_compiled_react-dom_7b2f6d3d._.js:10230:9)
    at MessagePort.performWorkUntilDeadline (http://localhost:3001/_next/static/chunks/f12ff_next_dist_compiled_cd863794._.js:2647:64) @ http://localhost:3001/_next/static/chunks/f12ff_next_dist_95687940._.js:3132
[  829814ms] [ERROR] IntlError: MISSING_MESSAGE: Cannot read properties of undefined (reading 'split')
    at getFallbackFromErrorAndNotify (http://localhost:3001/_next/static/chunks/node_modules__pnpm_a92eadf3._.js:7251:23)
    at translateBaseFn (http://localhost:3001/_next/static/chunks/node_modules__pnpm_a92eadf3._.js:7281:28)
    at translateFn (http://localhost:3001/_next/static/chunks/node_modules__pnpm_a92eadf3._.js:7343:24)
    at labelFor (http://localhost:3001/_next/static/chunks/_af79dd3a._.js:633:30)
    at http://localhost:3001/_next/static/chunks/_af79dd3a._.js:142:34
    at Array.map (<anonymous>)
    at RegionChoropleth (http://localhost:3001/_next/static/chunks/_af79dd3a._.js:134:43)
    at Object.react_stack_bottom_frame (http://localhost:3001/_next/static/chunks/f12ff_next_dist_compiled_react-dom_7b2f6d3d._.js:14826:24)
    at renderWithHooksAgain (http://localhost:3001/_next/static/chunks/f12ff_next_dist_compiled_react-dom_7b2f6d3d._.js:4706:24)
    at renderWithHooks (http://localhost:3001/_next/static/chunks/f12ff_next_dist_compiled_react-dom_7b2f6d3d._.js:4657:28)
    at updateFunctionComponent (http://localhost:3001/_next/static/chunks/f12ff_next_dist_compiled_react-dom_7b2f6d3d._.js:6112:21)
    at beginWork (http://localhost:3001/_next/static/chunks/f12ff_next_dist_compiled_react-dom_7b2f6d3d._.js:6708:24)
    at runWithFiberInDEV (http://localhost:3001/_next/static/chunks/f12ff_next_dist_compiled_react-dom_7b2f6d3d._.js:965:74)
    at performUnitOfWork (http://localhost:3001/_next/static/chunks/f12ff_next_dist_compiled_react-dom_7b2f6d3d._.js:9562:97)
    at workLoopConcurrentByScheduler (http://localhost:3001/_next/static/chunks/f12ff_next_dist_compiled_react-dom_7b2f6d3d._.js:9558:58)
    at renderRootConcurrent (http://localhost:3001/_next/static/chunks/f12ff_next_dist_compiled_react-dom_7b2f6d3d._.js:9541:71)
    at performWorkOnRoot (http://localhost:3001/_next/static/chunks/f12ff_next_dist_compiled_react-dom_7b2f6d3d._.js:9068:150)
    at performWorkOnRootViaSchedulerTask (http://localhost:3001/_next/static/chunks/f12ff_next_dist_compiled_react-dom_7b2f6d3d._.js:10230:9)
    at MessagePort.performWorkUntilDeadline (http://localhost:3001/_next/static/chunks/f12ff_next_dist_compiled_cd863794._.js:2647:64) @ http://localhost:3001/_next/static/chunks/f12ff_next_dist_95687940._.js:3132
[  829814ms] [ERROR] IntlError: MISSING_MESSAGE: Cannot read properties of undefined (reading 'split')
    at getFallbackFromErrorAndNotify (http://localhost:3001/_next/static/chunks/node_modules__pnpm_a92eadf3._.js:7251:23)
    at translateBaseFn (http://localhost:3001/_next/static/chunks/node_modules__pnpm_a92eadf3._.js:7281:28)
    at translateFn (http://localhost:3001/_next/static/chunks/node_modules__pnpm_a92eadf3._.js:7343:24)
    at labelFor (http://localhost:3001/_next/static/chunks/_af79dd3a._.js:633:30)
    at http://localhost:3001/_next/static/chunks/_af79dd3a._.js:142:34
    at Array.map (<anonymous>)
    at RegionChoropleth (http://localhost:3001/_next/static/chunks/_af79dd3a._.js:134:43)
    at Object.react_stack_bottom_frame (http://localhost:3001/_next/static/chunks/f12ff_next_dist_compiled_react-dom_7b2f6d3d._.js:14826:24)
    at renderWithHooksAgain (http://localhost:3001/_next/static/chunks/f12ff_next_dist_compiled_react-dom_7b2f6d3d._.js:4706:24)
    at renderWithHooks (http://localhost:3001/_next/static/chunks/f12ff_next_dist_compiled_react-dom_7b2f6d3d._.js:4657:28)
    at updateFunctionComponent (http://localhost:3001/_next/static/chunks/f12ff_next_dist_compiled_react-dom_7b2f6d3d._.js:6112:21)
    at beginWork (http://localhost:3001/_next/static/chunks/f12ff_next_dist_compiled_react-dom_7b2f6d3d._.js:6708:24)
    at runWithFiberInDEV (http://localhost:3001/_next/static/chunks/f12ff_next_dist_compiled_react-dom_7b2f6d3d._.js:965:74)
    at performUnitOfWork (http://localhost:3001/_next/static/chunks/f12ff_next_dist_compiled_react-dom_7b2f6d3d._.js:9562:97)
    at workLoopConcurrentByScheduler (http://localhost:3001/_next/static/chunks/f12ff_next_dist_compiled_react-dom_7b2f6d3d._.js:9558:58)
    at renderRootConcurrent (http://localhost:3001/_next/static/chunks/f12ff_next_dist_compiled_react-dom_7b2f6d3d._.js:9541:71)
    at performWorkOnRoot (http://localhost:3001/_next/static/chunks/f12ff_next_dist_compiled_react-dom_7b2f6d3d._.js:9068:150)
    at performWorkOnRootViaSchedulerTask (http://localhost:3001/_next/static/chunks/f12ff_next_dist_compiled_react-dom_7b2f6d3d._.js:10230:9)
    at MessagePort.performWorkUntilDeadline (http://localhost:3001/_next/static/chunks/f12ff_next_dist_compiled_cd863794._.js:2647:64) @ http://localhost:3001/_next/static/chunks/f12ff_next_dist_95687940._.js:3132
[  829814ms] [ERROR] IntlError: MISSING_MESSAGE: Cannot read properties of undefined (reading 'split')
    at getFallbackFromErrorAndNotify (http://localhost:3001/_next/static/chunks/node_modules__pnpm_a92eadf3._.js:7251:23)
    at translateBaseFn (http://localhost:3001/_next/static/chunks/node_modules__pnpm_a92eadf3._.js:7281:28)
    at translateFn (http://localhost:3001/_next/static/chunks/node_modules__pnpm_a92eadf3._.js:7343:24)
    at labelFor (http://localhost:3001/_next/static/chunks/_af79dd3a._.js:633:30)
    at http://localhost:3001/_next/static/chunks/_af79dd3a._.js:142:34
    at Array.map (<anonymous>)
    at RegionChoropleth (http://localhost:3001/_next/static/chunks/_af79dd3a._.js:134:43)
    at Object.react_stack_bottom_frame (http://localhost:3001/_next/static/chunks/f12ff_next_dist_compiled_react-dom_7b2f6d3d._.js:14826:24)
    at renderWithHooksAgain (http://localhost:3001/_next/static/chunks/f12ff_next_dist_compiled_react-dom_7b2f6d3d._.js:4706:24)
    at renderWithHooks (http://localhost:3001/_next/static/chunks/f12ff_next_dist_compiled_react-dom_7b2f6d3d._.js:4657:28)
    at updateFunctionComponent (http://localhost:3001/_next/static/chunks/f12ff_next_dist_compiled_react-dom_7b2f6d3d._.js:6112:21)
    at beginWork (http://localhost:3001/_next/static/chunks/f12ff_next_dist_compiled_react-dom_7b2f6d3d._.js:6708:24)
    at runWithFiberInDEV (http://localhost:3001/_next/static/chunks/f12ff_next_dist_compiled_react-dom_7b2f6d3d._.js:965:74)
    at performUnitOfWork (http://localhost:3001/_next/static/chunks/f12ff_next_dist_compiled_react-dom_7b2f6d3d._.js:9562:97)
    at workLoopConcurrentByScheduler (http://localhost:3001/_next/static/chunks/f12ff_next_dist_compiled_react-dom_7b2f6d3d._.js:9558:58)
    at renderRootConcurrent (http://localhost:3001/_next/static/chunks/f12ff_next_dist_compiled_react-dom_7b2f6d3d._.js:9541:71)
    at performWorkOnRoot (http://localhost:3001/_next/static/chunks/f12ff_next_dist_compiled_react-dom_7b2f6d3d._.js:9068:150)
    at performWorkOnRootViaSchedulerTask (http://localhost:3001/_next/static/chunks/f12ff_next_dist_compiled_react-dom_7b2f6d3d._.js:10230:9)
    at MessagePort.performWorkUntilDeadline (http://localhost:3001/_next/static/chunks/f12ff_next_dist_compiled_cd863794._.js:2647:64) @ http://localhost:3001/_next/static/chunks/f12ff_next_dist_95687940._.js:3132
[  829829ms] [WARNING] Ignoring Event: localhost @ http://localhost:3001/_next/static/chunks/f12ff_next_dist_95687940._.js:2302
[  829973ms] [LOG] [Fast Refresh] rebuilding @ http://localhost:3001/_next/static/chunks/f12ff_next_dist_95687940._.js:2302
[  830051ms] [LOG] [Fast Refresh] done in 179ms @ http://localhost:3001/_next/static/chunks/f12ff_next_dist_95687940._.js:2302
[  830394ms] [ERROR] IntlError: MISSING_MESSAGE: Cannot read properties of undefined (reading 'split')
    at getFallbackFromErrorAndNotify (http://localhost:3001/_next/static/chunks/node_modules__pnpm_a92eadf3._.js:7251:23)
    at translateBaseFn (http://localhost:3001/_next/static/chunks/node_modules__pnpm_a92eadf3._.js:7281:28)
    at translateFn (http://localhost:3001/_next/static/chunks/node_modules__pnpm_a92eadf3._.js:7343:24)
    at labelFor (http://localhost:3001/_next/static/chunks/_af79dd3a._.js:633:30)
    at http://localhost:3001/_next/static/chunks/_af79dd3a._.js:142:34
    at Array.map (<anonymous>)
    at RegionChoropleth (http://localhost:3001/_next/static/chunks/_af79dd3a._.js:134:43)
    at Object.react_stack_bottom_frame (http://localhost:3001/_next/static/chunks/f12ff_next_dist_compiled_react-dom_7b2f6d3d._.js:14826:24)
    at renderWithHooks (http://localhost:3001/_next/static/chunks/f12ff_next_dist_compiled_react-dom_7b2f6d3d._.js:4651:24)
    at updateFunctionComponent (http://localhost:3001/_next/static/chunks/f12ff_next_dist_compiled_react-dom_7b2f6d3d._.js:6112:21)
    at beginWork (http://localhost:3001/_next/static/chunks/f12ff_next_dist_compiled_react-dom_7b2f6d3d._.js:6708:24)
    at runWithFiberInDEV (http://localhost:3001/_next/static/chunks/f12ff_next_dist_compiled_react-dom_7b2f6d3d._.js:965:74)
    at performUnitOfWork (http://localhost:3001/_next/static/chunks/f12ff_next_dist_compiled_react-dom_7b2f6d3d._.js:9562:97)
    at workLoopSync (http://localhost:3001/_next/static/chunks/f12ff_next_dist_compiled_react-dom_7b2f6d3d._.js:9456:40)
    at renderRootSync (http://localhost:3001/_next/static/chunks/f12ff_next_dist_compiled_react-dom_7b2f6d3d._.js:9440:13)
    at performWorkOnRoot (http://localhost:3001/_next/static/chunks/f12ff_next_dist_compiled_react-dom_7b2f6d3d._.js:9068:186)
    at performSyncWorkOnRoot (http://localhost:3001/_next/static/chunks/f12ff_next_dist_compiled_react-dom_7b2f6d3d._.js:10238:9)
    at flushSyncWorkAcrossRoots_impl (http://localhost:3001/_next/static/chunks/f12ff_next_dist_compiled_react-dom_7b2f6d3d._.js:10154:316)
    at processRootScheduleInMicrotask (http://localhost:3001/_next/static/chunks/f12ff_next_dist_compiled_react-dom_7b2f6d3d._.js:10175:106)
    at http://localhost:3001/_next/static/chunks/f12ff_next_dist_compiled_react-dom_7b2f6d3d._.js:10249:158 @ http://localhost:3001/_next/static/chunks/f12ff_next_dist_95687940._.js:3132
[  830395ms] [ERROR] IntlError: MISSING_MESSAGE: Cannot read properties of undefined (reading 'split')
    at getFallbackFromErrorAndNotify (http://localhost:3001/_next/static/chunks/node_modules__pnpm_a92eadf3._.js:7251:23)
    at translateBaseFn (http://localhost:3001/_next/static/chunks/node_modules__pnpm_a92eadf3._.js:7281:28)
    at translateFn (http://localhost:3001/_next/static/chunks/node_modules__pnpm_a92eadf3._.js:7343:24)
    at labelFor (http://localhost:3001/_next/static/chunks/_af79dd3a._.js:633:30)
    at http://localhost:3001/_next/static/chunks/_af79dd3a._.js:142:34
    at Array.map (<anonymous>)
    at RegionChoropleth (http://localhost:3001/_next/static/chunks/_af79dd3a._.js:134:43)
    at Object.react_stack_bottom_frame (http://localhost:3001/_next/static/chunks/f12ff_next_dist_compiled_react-dom_7b2f6d3d._.js:14826:24)
    at renderWithHooks (http://localhost:3001/_next/static/chunks/f12ff_next_dist_compiled_react-dom_7b2f6d3d._.js:4651:24)
    at updateFunctionComponent (http://localhost:3001/_next/static/chunks/f12ff_next_dist_compiled_react-dom_7b2f6d3d._.js:6112:21)
    at beginWork (http://localhost:3001/_next/static/chunks/f12ff_next_dist_compiled_react-dom_7b2f6d3d._.js:6708:24)
    at runWithFiberInDEV (http://localhost:3001/_next/static/chunks/f12ff_next_dist_compiled_react-dom_7b2f6d3d._.js:965:74)
    at performUnitOfWork (http://localhost:3001/_next/static/chunks/f12ff_next_dist_compiled_react-dom_7b2f6d3d._.js:9562:97)
    at workLoopSync (http://localhost:3001/_next/static/chunks/f12ff_next_dist_compiled_react-dom_7b2f6d3d._.js:9456:40)
    at renderRootSync (http://localhost:3001/_next/static/chunks/f12ff_next_dist_compiled_react-dom_7b2f6d3d._.js:9440:13)
    at performWorkOnRoot (http://localhost:3001/_next/static/chunks/f12ff_next_dist_compiled_react-dom_7b2f6d3d._.js:9068:186)
    at performSyncWorkOnRoot (http://localhost:3001/_next/static/chunks/f12ff_next_dist_compiled_react-dom_7b2f6d3d._.js:10238:9)
    at flushSyncWorkAcrossRoots_impl (http://localhost:3001/_next/static/chunks/f12ff_next_dist_compiled_react-dom_7b2f6d3d._.js:10154:316)
    at processRootScheduleInMicrotask (http://localhost:3001/_next/static/chunks/f12ff_next_dist_compiled_react-dom_7b2f6d3d._.js:10175:106)
    at http://localhost:3001/_next/static/chunks/f12ff_next_dist_compiled_react-dom_7b2f6d3d._.js:10249:158 @ http://localhost:3001/_next/static/chunks/f12ff_next_dist_95687940._.js:3132
[  830395ms] [ERROR] IntlError: MISSING_MESSAGE: Cannot read properties of undefined (reading 'split')
    at getFallbackFromErrorAndNotify (http://localhost:3001/_next/static/chunks/node_modules__pnpm_a92eadf3._.js:7251:23)
    at translateBaseFn (http://localhost:3001/_next/static/chunks/node_modules__pnpm_a92eadf3._.js:7281:28)
    at translateFn (http://localhost:3001/_next/static/chunks/node_modules__pnpm_a92eadf3._.js:7343:24)
    at labelFor (http://localhost:3001/_next/static/chunks/_af79dd3a._.js:633:30)
    at http://localhost:3001/_next/static/chunks/_af79dd3a._.js:142:34
    at Array.map (<anonymous>)
    at RegionChoropleth (http://localhost:3001/_next/static/chunks/_af79dd3a._.js:134:43)
    at Object.react_stack_bottom_frame (http://localhost:3001/_next/static/chunks/f12ff_next_dist_compiled_react-dom_7b2f6d3d._.js:14826:24)
    at renderWithHooks (http://localhost:3001/_next/static/chunks/f12ff_next_dist_compiled_react-dom_7b2f6d3d._.js:4651:24)
    at updateFunctionComponent (http://localhost:3001/_next/static/chunks/f12ff_next_dist_compiled_react-dom_7b2f6d3d._.js:6112:21)
    at beginWork (http://localhost:3001/_next/static/chunks/f12ff_next_dist_compiled_react-dom_7b2f6d3d._.js:6708:24)
    at runWithFiberInDEV (http://localhost:3001/_next/static/chunks/f12ff_next_dist_compiled_react-dom_7b2f6d3d._.js:965:74)
    at performUnitOfWork (http://localhost:3001/_next/static/chunks/f12ff_next_dist_compiled_react-dom_7b2f6d3d._.js:9562:97)
    at workLoopSync (http://localhost:3001/_next/static/chunks/f12ff_next_dist_compiled_react-dom_7b2f6d3d._.js:9456:40)
    at renderRootSync (http://localhost:3001/_next/static/chunks/f12ff_next_dist_compiled_react-dom_7b2f6d3d._.js:9440:13)
    at performWorkOnRoot (http://localhost:3001/_next/static/chunks/f12ff_next_dist_compiled_react-dom_7b2f6d3d._.js:9068:186)
    at performSyncWorkOnRoot (http://localhost:3001/_next/static/chunks/f12ff_next_dist_compiled_react-dom_7b2f6d3d._.js:10238:9)
    at flushSyncWorkAcrossRoots_impl (http://localhost:3001/_next/static/chunks/f12ff_next_dist_compiled_react-dom_7b2f6d3d._.js:10154:316)
    at processRootScheduleInMicrotask (http://localhost:3001/_next/static/chunks/f12ff_next_dist_compiled_react-dom_7b2f6d3d._.js:10175:106)
    at http://localhost:3001/_next/static/chunks/f12ff_next_dist_compiled_react-dom_7b2f6d3d._.js:10249:158 @ http://localhost:3001/_next/static/chunks/f12ff_next_dist_95687940._.js:3132
[  830395ms] [ERROR] IntlError: MISSING_MESSAGE: Cannot read properties of undefined (reading 'split')
    at getFallbackFromErrorAndNotify (http://localhost:3001/_next/static/chunks/node_modules__pnpm_a92eadf3._.js:7251:23)
    at translateBaseFn (http://localhost:3001/_next/static/chunks/node_modules__pnpm_a92eadf3._.js:7281:28)
    at translateFn (http://localhost:3001/_next/static/chunks/node_modules__pnpm_a92eadf3._.js:7343:24)
    at labelFor (http://localhost:3001/_next/static/chunks/_af79dd3a._.js:633:30)
    at http://localhost:3001/_next/static/chunks/_af79dd3a._.js:142:34
    at Array.map (<anonymous>)
    at RegionChoropleth (http://localhost:3001/_next/static/chunks/_af79dd3a._.js:134:43)
    at Object.react_stack_bottom_frame (http://localhost:3001/_next/static/chunks/f12ff_next_dist_compiled_react-dom_7b2f6d3d._.js:14826:24)
    at renderWithHooks (http://localhost:3001/_next/static/chunks/f12ff_next_dist_compiled_react-dom_7b2f6d3d._.js:4651:24)
    at updateFunctionComponent (http://localhost:3001/_next/static/chunks/f12ff_next_dist_compiled_react-dom_7b2f6d3d._.js:6112:21)
    at beginWork (http://localhost:3001/_next/static/chunks/f12ff_next_dist_compiled_react-dom_7b2f6d3d._.js:6708:24)
    at runWithFiberInDEV (http://localhost:3001/_next/static/chunks/f12ff_next_dist_compiled_react-dom_7b2f6d3d._.js:965:74)
    at performUnitOfWork (http://localhost:3001/_next/static/chunks/f12ff_next_dist_compiled_react-dom_7b2f6d3d._.js:9562:97)
    at workLoopSync (http://localhost:3001/_next/static/chunks/f12ff_next_dist_compiled_react-dom_7b2f6d3d._.js:9456:40)
    at renderRootSync (http://localhost:3001/_next/static/chunks/f12ff_next_dist_compiled_react-dom_7b2f6d3d._.js:9440:13)
    at performWorkOnRoot (http://localhost:3001/_next/static/chunks/f12ff_next_dist_compiled_react-dom_7b2f6d3d._.js:9068:186)
    at performSyncWorkOnRoot (http://localhost:3001/_next/static/chunks/f12ff_next_dist_compiled_react-dom_7b2f6d3d._.js:10238:9)
    at flushSyncWorkAcrossRoots_impl (http://localhost:3001/_next/static/chunks/f12ff_next_dist_compiled_react-dom_7b2f6d3d._.js:10154:316)
    at processRootScheduleInMicrotask (http://localhost:3001/_next/static/chunks/f12ff_next_dist_compiled_react-dom_7b2f6d3d._.js:10175:106)
    at http://localhost:3001/_next/static/chunks/f12ff_next_dist_compiled_react-dom_7b2f6d3d._.js:10249:158 @ http://localhost:3001/_next/static/chunks/f12ff_next_dist_95687940._.js:3132
[  830396ms] [ERROR] IntlError: MISSING_MESSAGE: Cannot read properties of undefined (reading 'split')
    at getFallbackFromErrorAndNotify (http://localhost:3001/_next/static/chunks/node_modules__pnpm_a92eadf3._.js:7251:23)
    at translateBaseFn (http://localhost:3001/_next/static/chunks/node_modules__pnpm_a92eadf3._.js:7281:28)
    at translateFn (http://localhost:3001/_next/static/chunks/node_modules__pnpm_a92eadf3._.js:7343:24)
    at labelFor (http://localhost:3001/_next/static/chunks/_af79dd3a._.js:633:30)
    at http://localhost:3001/_next/static/chunks/_af79dd3a._.js:142:34
    at Array.map (<anonymous>)
    at RegionChoropleth (http://localhost:3001/_next/static/chunks/_af79dd3a._.js:134:43)
    at Object.react_stack_bottom_frame (http://localhost:3001/_next/static/chunks/f12ff_next_dist_compiled_react-dom_7b2f6d3d._.js:14826:24)
    at renderWithHooks (http://localhost:3001/_next/static/chunks/f12ff_next_dist_compiled_react-dom_7b2f6d3d._.js:4651:24)
    at updateFunctionComponent (http://localhost:3001/_next/static/chunks/f12ff_next_dist_compiled_react-dom_7b2f6d3d._.js:6112:21)
    at beginWork (http://localhost:3001/_next/static/chunks/f12ff_next_dist_compiled_react-dom_7b2f6d3d._.js:6708:24)
    at runWithFiberInDEV (http://localhost:3001/_next/static/chunks/f12ff_next_dist_compiled_react-dom_7b2f6d3d._.js:965:74)
    at performUnitOfWork (http://localhost:3001/_next/static/chunks/f12ff_next_dist_compiled_react-dom_7b2f6d3d._.js:9562:97)
    at workLoopSync (http://localhost:3001/_next/static/chunks/f12ff_next_dist_compiled_react-dom_7b2f6d3d._.js:9456:40)
    at renderRootSync (http://localhost:3001/_next/static/chunks/f12ff_next_dist_compiled_react-dom_7b2f6d3d._.js:9440:13)
    at performWorkOnRoot (http://localhost:3001/_next/static/chunks/f12ff_next_dist_compiled_react-dom_7b2f6d3d._.js:9068:186)
    at performSyncWorkOnRoot (http://localhost:3001/_next/static/chunks/f12ff_next_dist_compiled_react-dom_7b2f6d3d._.js:10238:9)
    at flushSyncWorkAcrossRoots_impl (http://localhost:3001/_next/static/chunks/f12ff_next_dist_compiled_react-dom_7b2f6d3d._.js:10154:316)
    at processRootScheduleInMicrotask (http://localhost:3001/_next/static/chunks/f12ff_next_dist_compiled_react-dom_7b2f6d3d._.js:10175:106)
    at http://localhost:3001/_next/static/chunks/f12ff_next_dist_compiled_react-dom_7b2f6d3d._.js:10249:158 @ http://localhost:3001/_next/static/chunks/f12ff_next_dist_95687940._.js:3132
[  830396ms] [ERROR] IntlError: MISSING_MESSAGE: Cannot read properties of undefined (reading 'split')
    at getFallbackFromErrorAndNotify (http://localhost:3001/_next/static/chunks/node_modules__pnpm_a92eadf3._.js:7251:23)
    at translateBaseFn (http://localhost:3001/_next/static/chunks/node_modules__pnpm_a92eadf3._.js:7281:28)
    at translateFn (http://localhost:3001/_next/static/chunks/node_modules__pnpm_a92eadf3._.js:7343:24)
    at labelFor (http://localhost:3001/_next/static/chunks/_af79dd3a._.js:633:30)
    at http://localhost:3001/_next/static/chunks/_af79dd3a._.js:142:34
    at Array.map (<anonymous>)
    at RegionChoropleth (http://localhost:3001/_next/static/chunks/_af79dd3a._.js:134:43)
    at Object.react_stack_bottom_frame (http://localhost:3001/_next/static/chunks/f12ff_next_dist_compiled_react-dom_7b2f6d3d._.js:14826:24)
    at renderWithHooks (http://localhost:3001/_next/static/chunks/f12ff_next_dist_compiled_react-dom_7b2f6d3d._.js:4651:24)
    at updateFunctionComponent (http://localhost:3001/_next/static/chunks/f12ff_next_dist_compiled_react-dom_7b2f6d3d._.js:6112:21)
    at beginWork (http://localhost:3001/_next/static/chunks/f12ff_next_dist_compiled_react-dom_7b2f6d3d._.js:6708:24)
    at runWithFiberInDEV (http://localhost:3001/_next/static/chunks/f12ff_next_dist_compiled_react-dom_7b2f6d3d._.js:965:74)
    at performUnitOfWork (http://localhost:3001/_next/static/chunks/f12ff_next_dist_compiled_react-dom_7b2f6d3d._.js:9562:97)
    at workLoopSync (http://localhost:3001/_next/static/chunks/f12ff_next_dist_compiled_react-dom_7b2f6d3d._.js:9456:40)
    at renderRootSync (http://localhost:3001/_next/static/chunks/f12ff_next_dist_compiled_react-dom_7b2f6d3d._.js:9440:13)
    at performWorkOnRoot (http://localhost:3001/_next/static/chunks/f12ff_next_dist_compiled_react-dom_7b2f6d3d._.js:9068:186)
    at performSyncWorkOnRoot (http://localhost:3001/_next/static/chunks/f12ff_next_dist_compiled_react-dom_7b2f6d3d._.js:10238:9)
    at flushSyncWorkAcrossRoots_impl (http://localhost:3001/_next/static/chunks/f12ff_next_dist_compiled_react-dom_7b2f6d3d._.js:10154:316)
    at processRootScheduleInMicrotask (http://localhost:3001/_next/static/chunks/f12ff_next_dist_compiled_react-dom_7b2f6d3d._.js:10175:106)
    at http://localhost:3001/_next/static/chunks/f12ff_next_dist_compiled_react-dom_7b2f6d3d._.js:10249:158 @ http://localhost:3001/_next/static/chunks/f12ff_next_dist_95687940._.js:3132
[  830396ms] [ERROR] IntlError: MISSING_MESSAGE: Cannot read properties of undefined (reading 'split')
    at getFallbackFromErrorAndNotify (http://localhost:3001/_next/static/chunks/node_modules__pnpm_a92eadf3._.js:7251:23)
    at translateBaseFn (http://localhost:3001/_next/static/chunks/node_modules__pnpm_a92eadf3._.js:7281:28)
    at translateFn (http://localhost:3001/_next/static/chunks/node_modules__pnpm_a92eadf3._.js:7343:24)
    at labelFor (http://localhost:3001/_next/static/chunks/_af79dd3a._.js:633:30)
    at http://localhost:3001/_next/static/chunks/_af79dd3a._.js:142:34
    at Array.map (<anonymous>)
    at RegionChoropleth (http://localhost:3001/_next/static/chunks/_af79dd3a._.js:134:43)
    at Object.react_stack_bottom_frame (http://localhost:3001/_next/static/chunks/f12ff_next_dist_compiled_react-dom_7b2f6d3d._.js:14826:24)
    at renderWithHooks (http://localhost:3001/_next/static/chunks/f12ff_next_dist_compiled_react-dom_7b2f6d3d._.js:4651:24)
    at updateFunctionComponent (http://localhost:3001/_next/static/chunks/f12ff_next_dist_compiled_react-dom_7b2f6d3d._.js:6112:21)
    at beginWork (http://localhost:3001/_next/static/chunks/f12ff_next_dist_compiled_react-dom_7b2f6d3d._.js:6708:24)
    at runWithFiberInDEV (http://localhost:3001/_next/static/chunks/f12ff_next_dist_compiled_react-dom_7b2f6d3d._.js:965:74)
    at performUnitOfWork (http://localhost:3001/_next/static/chunks/f12ff_next_dist_compiled_react-dom_7b2f6d3d._.js:9562:97)
    at workLoopSync (http://localhost:3001/_next/static/chunks/f12ff_next_dist_compiled_react-dom_7b2f6d3d._.js:9456:40)
    at renderRootSync (http://localhost:3001/_next/static/chunks/f12ff_next_dist_compiled_react-dom_7b2f6d3d._.js:9440:13)
    at performWorkOnRoot (http://localhost:3001/_next/static/chunks/f12ff_next_dist_compiled_react-dom_7b2f6d3d._.js:9068:186)
    at performSyncWorkOnRoot (http://localhost:3001/_next/static/chunks/f12ff_next_dist_compiled_react-dom_7b2f6d3d._.js:10238:9)
    at flushSyncWorkAcrossRoots_impl (http://localhost:3001/_next/static/chunks/f12ff_next_dist_compiled_react-dom_7b2f6d3d._.js:10154:316)
    at processRootScheduleInMicrotask (http://localhost:3001/_next/static/chunks/f12ff_next_dist_compiled_react-dom_7b2f6d3d._.js:10175:106)
    at http://localhost:3001/_next/static/chunks/f12ff_next_dist_compiled_react-dom_7b2f6d3d._.js:10249:158 @ http://localhost:3001/_next/static/chunks/f12ff_next_dist_95687940._.js:3132
[  830397ms] [ERROR] IntlError: MISSING_MESSAGE: Cannot read properties of undefined (reading 'split')
    at getFallbackFromErrorAndNotify (http://localhost:3001/_next/static/chunks/node_modules__pnpm_a92eadf3._.js:7251:23)
    at translateBaseFn (http://localhost:3001/_next/static/chunks/node_modules__pnpm_a92eadf3._.js:7281:28)
    at translateFn (http://localhost:3001/_next/static/chunks/node_modules__pnpm_a92eadf3._.js:7343:24)
    at labelFor (http://localhost:3001/_next/static/chunks/_af79dd3a._.js:633:30)
    at http://localhost:3001/_next/static/chunks/_af79dd3a._.js:142:34
    at Array.map (<anonymous>)
    at RegionChoropleth (http://localhost:3001/_next/static/chunks/_af79dd3a._.js:134:43)
    at Object.react_stack_bottom_frame (http://localhost:3001/_next/static/chunks/f12ff_next_dist_compiled_react-dom_7b2f6d3d._.js:14826:24)
    at renderWithHooksAgain (http://localhost:3001/_next/static/chunks/f12ff_next_dist_compiled_react-dom_7b2f6d3d._.js:4706:24)
    at renderWithHooks (http://localhost:3001/_next/static/chunks/f12ff_next_dist_compiled_react-dom_7b2f6d3d._.js:4657:28)
    at updateFunctionComponent (http://localhost:3001/_next/static/chunks/f12ff_next_dist_compiled_react-dom_7b2f6d3d._.js:6112:21)
    at beginWork (http://localhost:3001/_next/static/chunks/f12ff_next_dist_compiled_react-dom_7b2f6d3d._.js:6708:24)
    at runWithFiberInDEV (http://localhost:3001/_next/static/chunks/f12ff_next_dist_compiled_react-dom_7b2f6d3d._.js:965:74)
    at performUnitOfWork (http://localhost:3001/_next/static/chunks/f12ff_next_dist_compiled_react-dom_7b2f6d3d._.js:9562:97)
    at workLoopSync (http://localhost:3001/_next/static/chunks/f12ff_next_dist_compiled_react-dom_7b2f6d3d._.js:9456:40)
    at renderRootSync (http://localhost:3001/_next/static/chunks/f12ff_next_dist_compiled_react-dom_7b2f6d3d._.js:9440:13)
    at performWorkOnRoot (http://localhost:3001/_next/static/chunks/f12ff_next_dist_compiled_react-dom_7b2f6d3d._.js:9068:186)
    at performSyncWorkOnRoot (http://localhost:3001/_next/static/chunks/f12ff_next_dist_compiled_react-dom_7b2f6d3d._.js:10238:9)
    at flushSyncWorkAcrossRoots_impl (http://localhost:3001/_next/static/chunks/f12ff_next_dist_compiled_react-dom_7b2f6d3d._.js:10154:316)
    at processRootScheduleInMicrotask (http://localhost:3001/_next/static/chunks/f12ff_next_dist_compiled_react-dom_7b2f6d3d._.js:10175:106)
    at http://localhost:3001/_next/static/chunks/f12ff_next_dist_compiled_react-dom_7b2f6d3d._.js:10249:158 @ http://localhost:3001/_next/static/chunks/f12ff_next_dist_95687940._.js:3132
[  830397ms] [ERROR] IntlError: MISSING_MESSAGE: Cannot read properties of undefined (reading 'split')
    at getFallbackFromErrorAndNotify (http://localhost:3001/_next/static/chunks/node_modules__pnpm_a92eadf3._.js:7251:23)
    at translateBaseFn (http://localhost:3001/_next/static/chunks/node_modules__pnpm_a92eadf3._.js:7281:28)
    at translateFn (http://localhost:3001/_next/static/chunks/node_modules__pnpm_a92eadf3._.js:7343:24)
    at labelFor (http://localhost:3001/_next/static/chunks/_af79dd3a._.js:633:30)
    at http://localhost:3001/_next/static/chunks/_af79dd3a._.js:142:34
    at Array.map (<anonymous>)
    at RegionChoropleth (http://localhost:3001/_next/static/chunks/_af79dd3a._.js:134:43)
    at Object.react_stack_bottom_frame (http://localhost:3001/_next/static/chunks/f12ff_next_dist_compiled_react-dom_7b2f6d3d._.js:14826:24)
    at renderWithHooksAgain (http://localhost:3001/_next/static/chunks/f12ff_next_dist_compiled_react-dom_7b2f6d3d._.js:4706:24)
    at renderWithHooks (http://localhost:3001/_next/static/chunks/f12ff_next_dist_compiled_react-dom_7b2f6d3d._.js:4657:28)
    at updateFunctionComponent (http://localhost:3001/_next/static/chunks/f12ff_next_dist_compiled_react-dom_7b2f6d3d._.js:6112:21)
    at beginWork (http://localhost:3001/_next/static/chunks/f12ff_next_dist_compiled_react-dom_7b2f6d3d._.js:6708:24)
    at runWithFiberInDEV (http://localhost:3001/_next/static/chunks/f12ff_next_dist_compiled_react-dom_7b2f6d3d._.js:965:74)
    at performUnitOfWork (http://localhost:3001/_next/static/chunks/f12ff_next_dist_compiled_react-dom_7b2f6d3d._.js:9562:97)
    at workLoopSync (http://localhost:3001/_next/static/chunks/f12ff_next_dist_compiled_react-dom_7b2f6d3d._.js:9456:40)
    at renderRootSync (http://localhost:3001/_next/static/chunks/f12ff_next_dist_compiled_react-dom_7b2f6d3d._.js:9440:13)
    at performWorkOnRoot (http://localhost:3001/_next/static/chunks/f12ff_next_dist_compiled_react-dom_7b2f6d3d._.js:9068:186)
    at performSyncWorkOnRoot (http://localhost:3001/_next/static/chunks/f12ff_next_dist_compiled_react-dom_7b2f6d3d._.js:10238:9)
    at flushSyncWorkAcrossRoots_impl (http://localhost:3001/_next/static/chunks/f12ff_next_dist_compiled_react-dom_7b2f6d3d._.js:10154:316)
    at processRootScheduleInMicrotask (http://localhost:3001/_next/static/chunks/f12ff_next_dist_compiled_react-dom_7b2f6d3d._.js:10175:106)
    at http://localhost:3001/_next/static/chunks/f12ff_next_dist_compiled_react-dom_7b2f6d3d._.js:10249:158 @ http://localhost:3001/_next/static/chunks/f12ff_next_dist_95687940._.js:3132
[  830397ms] [ERROR] IntlError: MISSING_MESSAGE: Cannot read properties of undefined (reading 'split')
    at getFallbackFromErrorAndNotify (http://localhost:3001/_next/static/chunks/node_modules__pnpm_a92eadf3._.js:7251:23)
    at translateBaseFn (http://localhost:3001/_next/static/chunks/node_modules__pnpm_a92eadf3._.js:7281:28)
    at translateFn (http://localhost:3001/_next/static/chunks/node_modules__pnpm_a92eadf3._.js:7343:24)
    at labelFor (http://localhost:3001/_next/static/chunks/_af79dd3a._.js:633:30)
    at http://localhost:3001/_next/static/chunks/_af79dd3a._.js:142:34
    at Array.map (<anonymous>)
    at RegionChoropleth (http://localhost:3001/_next/static/chunks/_af79dd3a._.js:134:43)
    at Object.react_stack_bottom_frame (http://localhost:3001/_next/static/chunks/f12ff_next_dist_compiled_react-dom_7b2f6d3d._.js:14826:24)
    at renderWithHooksAgain (http://localhost:3001/_next/static/chunks/f12ff_next_dist_compiled_react-dom_7b2f6d3d._.js:4706:24)
    at renderWithHooks (http://localhost:3001/_next/static/chunks/f12ff_next_dist_compiled_react-dom_7b2f6d3d._.js:4657:28)
    at updateFunctionComponent (http://localhost:3001/_next/static/chunks/f12ff_next_dist_compiled_react-dom_7b2f6d3d._.js:6112:21)
    at beginWork (http://localhost:3001/_next/static/chunks/f12ff_next_dist_compiled_react-dom_7b2f6d3d._.js:6708:24)
    at runWithFiberInDEV (http://localhost:3001/_next/static/chunks/f12ff_next_dist_compiled_react-dom_7b2f6d3d._.js:965:74)
    at performUnitOfWork (http://localhost:3001/_next/static/chunks/f12ff_next_dist_compiled_react-dom_7b2f6d3d._.js:9562:97)
    at workLoopSync (http://localhost:3001/_next/static/chunks/f12ff_next_dist_compiled_react-dom_7b2f6d3d._.js:9456:40)
    at renderRootSync (http://localhost:3001/_next/static/chunks/f12ff_next_dist_compiled_react-dom_7b2f6d3d._.js:9440:13)
    at performWorkOnRoot (http://localhost:3001/_next/static/chunks/f12ff_next_dist_compiled_react-dom_7b2f6d3d._.js:9068:186)
    at performSyncWorkOnRoot (http://localhost:3001/_next/static/chunks/f12ff_next_dist_compiled_react-dom_7b2f6d3d._.js:10238:9)
    at flushSyncWorkAcrossRoots_impl (http://localhost:3001/_next/static/chunks/f12ff_next_dist_compiled_react-dom_7b2f6d3d._.js:10154:316)
    at processRootScheduleInMicrotask (http://localhost:3001/_next/static/chunks/f12ff_next_dist_compiled_react-dom_7b2f6d3d._.js:10175:106)
    at http://localhost:3001/_next/static/chunks/f12ff_next_dist_compiled_react-dom_7b2f6d3d._.js:10249:158 @ http://localhost:3001/_next/static/chunks/f12ff_next_dist_95687940._.js:3132
[  830397ms] [ERROR] IntlError: MISSING_MESSAGE: Cannot read properties of undefined (reading 'split')
    at getFallbackFromErrorAndNotify (http://localhost:3001/_next/static/chunks/node_modules__pnpm_a92eadf3._.js:7251:23)
    at translateBaseFn (http://localhost:3001/_next/static/chunks/node_modules__pnpm_a92eadf3._.js:7281:28)
    at translateFn (http://localhost:3001/_next/static/chunks/node_modules__pnpm_a92eadf3._.js:7343:24)
    at labelFor (http://localhost:3001/_next/static/chunks/_af79dd3a._.js:633:30)
    at http://localhost:3001/_next/static/chunks/_af79dd3a._.js:142:34
    at Array.map (<anonymous>)
    at RegionChoropleth (http://localhost:3001/_next/static/chunks/_af79dd3a._.js:134:43)
    at Object.react_stack_bottom_frame (http://localhost:3001/_next/static/chunks/f12ff_next_dist_compiled_react-dom_7b2f6d3d._.js:14826:24)
    at renderWithHooksAgain (http://localhost:3001/_next/static/chunks/f12ff_next_dist_compiled_react-dom_7b2f6d3d._.js:4706:24)
    at renderWithHooks (http://localhost:3001/_next/static/chunks/f12ff_next_dist_compiled_react-dom_7b2f6d3d._.js:4657:28)
    at updateFunctionComponent (http://localhost:3001/_next/static/chunks/f12ff_next_dist_compiled_react-dom_7b2f6d3d._.js:6112:21)
    at beginWork (http://localhost:3001/_next/static/chunks/f12ff_next_dist_compiled_react-dom_7b2f6d3d._.js:6708:24)
    at runWithFiberInDEV (http://localhost:3001/_next/static/chunks/f12ff_next_dist_compiled_react-dom_7b2f6d3d._.js:965:74)
    at performUnitOfWork (http://localhost:3001/_next/static/chunks/f12ff_next_dist_compiled_react-dom_7b2f6d3d._.js:9562:97)
    at workLoopSync (http://localhost:3001/_next/static/chunks/f12ff_next_dist_compiled_react-dom_7b2f6d3d._.js:9456:40)
    at renderRootSync (http://localhost:3001/_next/static/chunks/f12ff_next_dist_compiled_react-dom_7b2f6d3d._.js:9440:13)
    at performWorkOnRoot (http://localhost:3001/_next/static/chunks/f12ff_next_dist_compiled_react-dom_7b2f6d3d._.js:9068:186)
    at performSyncWorkOnRoot (http://localhost:3001/_next/static/chunks/f12ff_next_dist_compiled_react-dom_7b2f6d3d._.js:10238:9)
    at flushSyncWorkAcrossRoots_impl (http://localhost:3001/_next/static/chunks/f12ff_next_dist_compiled_react-dom_7b2f6d3d._.js:10154:316)
    at processRootScheduleInMicrotask (http://localhost:3001/_next/static/chunks/f12ff_next_dist_compiled_react-dom_7b2f6d3d._.js:10175:106)
    at http://localhost:3001/_next/static/chunks/f12ff_next_dist_compiled_react-dom_7b2f6d3d._.js:10249:158 @ http://localhost:3001/_next/static/chunks/f12ff_next_dist_95687940._.js:3132
[  830398ms] [ERROR] IntlError: MISSING_MESSAGE: Cannot read properties of undefined (reading 'split')
    at getFallbackFromErrorAndNotify (http://localhost:3001/_next/static/chunks/node_modules__pnpm_a92eadf3._.js:7251:23)
    at translateBaseFn (http://localhost:3001/_next/static/chunks/node_modules__pnpm_a92eadf3._.js:7281:28)
    at translateFn (http://localhost:3001/_next/static/chunks/node_modules__pnpm_a92eadf3._.js:7343:24)
    at labelFor (http://localhost:3001/_next/static/chunks/_af79dd3a._.js:633:30)
    at http://localhost:3001/_next/static/chunks/_af79dd3a._.js:142:34
    at Array.map (<anonymous>)
    at RegionChoropleth (http://localhost:3001/_next/static/chunks/_af79dd3a._.js:134:43)
    at Object.react_stack_bottom_frame (http://localhost:3001/_next/static/chunks/f12ff_next_dist_compiled_react-dom_7b2f6d3d._.js:14826:24)
    at renderWithHooksAgain (http://localhost:3001/_next/static/chunks/f12ff_next_dist_compiled_react-dom_7b2f6d3d._.js:4706:24)
    at renderWithHooks (http://localhost:3001/_next/static/chunks/f12ff_next_dist_compiled_react-dom_7b2f6d3d._.js:4657:28)
    at updateFunctionComponent (http://localhost:3001/_next/static/chunks/f12ff_next_dist_compiled_react-dom_7b2f6d3d._.js:6112:21)
    at beginWork (http://localhost:3001/_next/static/chunks/f12ff_next_dist_compiled_react-dom_7b2f6d3d._.js:6708:24)
    at runWithFiberInDEV (http://localhost:3001/_next/static/chunks/f12ff_next_dist_compiled_react-dom_7b2f6d3d._.js:965:74)
    at performUnitOfWork (http://localhost:3001/_next/static/chunks/f12ff_next_dist_compiled_react-dom_7b2f6d3d._.js:9562:97)
    at workLoopSync (http://localhost:3001/_next/static/chunks/f12ff_next_dist_compiled_react-dom_7b2f6d3d._.js:9456:40)
    at renderRootSync (http://localhost:3001/_next/static/chunks/f12ff_next_dist_compiled_react-dom_7b2f6d3d._.js:9440:13)
    at performWorkOnRoot (http://localhost:3001/_next/static/chunks/f12ff_next_dist_compiled_react-dom_7b2f6d3d._.js:9068:186)
    at performSyncWorkOnRoot (http://localhost:3001/_next/static/chunks/f12ff_next_dist_compiled_react-dom_7b2f6d3d._.js:10238:9)
    at flushSyncWorkAcrossRoots_impl (http://localhost:3001/_next/static/chunks/f12ff_next_dist_compiled_react-dom_7b2f6d3d._.js:10154:316)
    at processRootScheduleInMicrotask (http://localhost:3001/_next/static/chunks/f12ff_next_dist_compiled_react-dom_7b2f6d3d._.js:10175:106)
    at http://localhost:3001/_next/static/chunks/f12ff_next_dist_compiled_react-dom_7b2f6d3d._.js:10249:158 @ http://localhost:3001/_next/static/chunks/f12ff_next_dist_95687940._.js:3132
[  830399ms] [ERROR] IntlError: MISSING_MESSAGE: Cannot read properties of undefined (reading 'split')
    at getFallbackFromErrorAndNotify (http://localhost:3001/_next/static/chunks/node_modules__pnpm_a92eadf3._.js:7251:23)
    at translateBaseFn (http://localhost:3001/_next/static/chunks/node_modules__pnpm_a92eadf3._.js:7281:28)
    at translateFn (http://localhost:3001/_next/static/chunks/node_modules__pnpm_a92eadf3._.js:7343:24)
    at labelFor (http://localhost:3001/_next/static/chunks/_af79dd3a._.js:633:30)
    at http://localhost:3001/_next/static/chunks/_af79dd3a._.js:142:34
    at Array.map (<anonymous>)
    at RegionChoropleth (http://localhost:3001/_next/static/chunks/_af79dd3a._.js:134:43)
    at Object.react_stack_bottom_frame (http://localhost:3001/_next/static/chunks/f12ff_next_dist_compiled_react-dom_7b2f6d3d._.js:14826:24)
    at renderWithHooksAgain (http://localhost:3001/_next/static/chunks/f12ff_next_dist_compiled_react-dom_7b2f6d3d._.js:4706:24)
    at renderWithHooks (http://localhost:3001/_next/static/chunks/f12ff_next_dist_compiled_react-dom_7b2f6d3d._.js:4657:28)
    at updateFunctionComponent (http://localhost:3001/_next/static/chunks/f12ff_next_dist_compiled_react-dom_7b2f6d3d._.js:6112:21)
    at beginWork (http://localhost:3001/_next/static/chunks/f12ff_next_dist_compiled_react-dom_7b2f6d3d._.js:6708:24)
    at runWithFiberInDEV (http://localhost:3001/_next/static/chunks/f12ff_next_dist_compiled_react-dom_7b2f6d3d._.js:965:74)
    at performUnitOfWork (http://localhost:3001/_next/static/chunks/f12ff_next_dist_compiled_react-dom_7b2f6d3d._.js:9562:97)
    at workLoopSync (http://localhost:3001/_next/static/chunks/f12ff_next_dist_compiled_react-dom_7b2f6d3d._.js:9456:40)
    at renderRootSync (http://localhost:3001/_next/static/chunks/f12ff_next_dist_compiled_react-dom_7b2f6d3d._.js:9440:13)
    at performWorkOnRoot (http://localhost:3001/_next/static/chunks/f12ff_next_dist_compiled_react-dom_7b2f6d3d._.js:9068:186)
    at performSyncWorkOnRoot (http://localhost:3001/_next/static/chunks/f12ff_next_dist_compiled_react-dom_7b2f6d3d._.js:10238:9)
    at flushSyncWorkAcrossRoots_impl (http://localhost:3001/_next/static/chunks/f12ff_next_dist_compiled_react-dom_7b2f6d3d._.js:10154:316)
    at processRootScheduleInMicrotask (http://localhost:3001/_next/static/chunks/f12ff_next_dist_compiled_react-dom_7b2f6d3d._.js:10175:106)
    at http://localhost:3001/_next/static/chunks/f12ff_next_dist_compiled_react-dom_7b2f6d3d._.js:10249:158 @ http://localhost:3001/_next/static/chunks/f12ff_next_dist_95687940._.js:3132
[  830399ms] [ERROR] IntlError: MISSING_MESSAGE: Cannot read properties of undefined (reading 'split')
    at getFallbackFromErrorAndNotify (http://localhost:3001/_next/static/chunks/node_modules__pnpm_a92eadf3._.js:7251:23)
    at translateBaseFn (http://localhost:3001/_next/static/chunks/node_modules__pnpm_a92eadf3._.js:7281:28)
    at translateFn (http://localhost:3001/_next/static/chunks/node_modules__pnpm_a92eadf3._.js:7343:24)
    at labelFor (http://localhost:3001/_next/static/chunks/_af79dd3a._.js:633:30)
    at http://localhost:3001/_next/static/chunks/_af79dd3a._.js:142:34
    at Array.map (<anonymous>)
    at RegionChoropleth (http://localhost:3001/_next/static/chunks/_af79dd3a._.js:134:43)
    at Object.react_stack_bottom_frame (http://localhost:3001/_next/static/chunks/f12ff_next_dist_compiled_react-dom_7b2f6d3d._.js:14826:24)
    at renderWithHooksAgain (http://localhost:3001/_next/static/chunks/f12ff_next_dist_compiled_react-dom_7b2f6d3d._.js:4706:24)
    at renderWithHooks (http://localhost:3001/_next/static/chunks/f12ff_next_dist_compiled_react-dom_7b2f6d3d._.js:4657:28)
    at updateFunctionComponent (http://localhost:3001/_next/static/chunks/f12ff_next_dist_compiled_react-dom_7b2f6d3d._.js:6112:21)
    at beginWork (http://localhost:3001/_next/static/chunks/f12ff_next_dist_compiled_react-dom_7b2f6d3d._.js:6708:24)
    at runWithFiberInDEV (http://localhost:3001/_next/static/chunks/f12ff_next_dist_compiled_react-dom_7b2f6d3d._.js:965:74)
    at performUnitOfWork (http://localhost:3001/_next/static/chunks/f12ff_next_dist_compiled_react-dom_7b2f6d3d._.js:9562:97)
    at workLoopSync (http://localhost:3001/_next/static/chunks/f12ff_next_dist_compiled_react-dom_7b2f6d3d._.js:9456:40)
    at renderRootSync (http://localhost:3001/_next/static/chunks/f12ff_next_dist_compiled_react-dom_7b2f6d3d._.js:9440:13)
    at performWorkOnRoot (http://localhost:3001/_next/static/chunks/f12ff_next_dist_compiled_react-dom_7b2f6d3d._.js:9068:186)
    at performSyncWorkOnRoot (http://localhost:3001/_next/static/chunks/f12ff_next_dist_compiled_react-dom_7b2f6d3d._.js:10238:9)
    at flushSyncWorkAcrossRoots_impl (http://localhost:3001/_next/static/chunks/f12ff_next_dist_compiled_react-dom_7b2f6d3d._.js:10154:316)
    at processRootScheduleInMicrotask (http://localhost:3001/_next/static/chunks/f12ff_next_dist_compiled_react-dom_7b2f6d3d._.js:10175:106)
    at http://localhost:3001/_next/static/chunks/f12ff_next_dist_compiled_react-dom_7b2f6d3d._.js:10249:158 @ http://localhost:3001/_next/static/chunks/f12ff_next_dist_95687940._.js:3132
[  833058ms] [ERROR] IntlError: MISSING_MESSAGE: Cannot read properties of undefined (reading 'split')
    at getFallbackFromErrorAndNotify (http://localhost:3001/_next/static/chunks/node_modules__pnpm_a92eadf3._.js:7251:23)
    at translateBaseFn (http://localhost:3001/_next/static/chunks/node_modules__pnpm_a92eadf3._.js:7281:28)
    at translateFn (http://localhost:3001/_next/static/chunks/node_modules__pnpm_a92eadf3._.js:7343:24)
    at labelFor (http://localhost:3001/_next/static/chunks/_af79dd3a._.js:633:30)
    at http://localhost:3001/_next/static/chunks/_af79dd3a._.js:142:34
    at Array.map (<anonymous>)
    at RegionChoropleth (http://localhost:3001/_next/static/chunks/_af79dd3a._.js:134:43)
    at Object.react_stack_bottom_frame (http://localhost:3001/_next/static/chunks/f12ff_next_dist_compiled_react-dom_7b2f6d3d._.js:14826:24)
    at renderWithHooks (http://localhost:3001/_next/static/chunks/f12ff_next_dist_compiled_react-dom_7b2f6d3d._.js:4651:24)
    at updateFunctionComponent (http://localhost:3001/_next/static/chunks/f12ff_next_dist_compiled_react-dom_7b2f6d3d._.js:6112:21)
    at beginWork (http://localhost:3001/_next/static/chunks/f12ff_next_dist_compiled_react-dom_7b2f6d3d._.js:6708:24)
    at runWithFiberInDEV (http://localhost:3001/_next/static/chunks/f12ff_next_dist_compiled_react-dom_7b2f6d3d._.js:965:74)
    at performUnitOfWork (http://localhost:3001/_next/static/chunks/f12ff_next_dist_compiled_react-dom_7b2f6d3d._.js:9562:97)
    at workLoopSync (http://localhost:3001/_next/static/chunks/f12ff_next_dist_compiled_react-dom_7b2f6d3d._.js:9456:40)
    at renderRootSync (http://localhost:3001/_next/static/chunks/f12ff_next_dist_compiled_react-dom_7b2f6d3d._.js:9440:13)
    at performWorkOnRoot (http://localhost:3001/_next/static/chunks/f12ff_next_dist_compiled_react-dom_7b2f6d3d._.js:9068:186)
    at performWorkOnRootViaSchedulerTask (http://localhost:3001/_next/static/chunks/f12ff_next_dist_compiled_react-dom_7b2f6d3d._.js:10230:9)
    at MessagePort.performWorkUntilDeadline (http://localhost:3001/_next/static/chunks/f12ff_next_dist_compiled_cd863794._.js:2647:64) @ http://localhost:3001/_next/static/chunks/f12ff_next_dist_95687940._.js:3132
[  833059ms] [ERROR] IntlError: MISSING_MESSAGE: Cannot read properties of undefined (reading 'split')
    at getFallbackFromErrorAndNotify (http://localhost:3001/_next/static/chunks/node_modules__pnpm_a92eadf3._.js:7251:23)
    at translateBaseFn (http://localhost:3001/_next/static/chunks/node_modules__pnpm_a92eadf3._.js:7281:28)
    at translateFn (http://localhost:3001/_next/static/chunks/node_modules__pnpm_a92eadf3._.js:7343:24)
    at labelFor (http://localhost:3001/_next/static/chunks/_af79dd3a._.js:633:30)
    at http://localhost:3001/_next/static/chunks/_af79dd3a._.js:142:34
    at Array.map (<anonymous>)
    at RegionChoropleth (http://localhost:3001/_next/static/chunks/_af79dd3a._.js:134:43)
    at Object.react_stack_bottom_frame (http://localhost:3001/_next/static/chunks/f12ff_next_dist_compiled_react-dom_7b2f6d3d._.js:14826:24)
    at renderWithHooks (http://localhost:3001/_next/static/chunks/f12ff_next_dist_compiled_react-dom_7b2f6d3d._.js:4651:24)
    at updateFunctionComponent (http://localhost:3001/_next/static/chunks/f12ff_next_dist_compiled_react-dom_7b2f6d3d._.js:6112:21)
    at beginWork (http://localhost:3001/_next/static/chunks/f12ff_next_dist_compiled_react-dom_7b2f6d3d._.js:6708:24)
    at runWithFiberInDEV (http://localhost:3001/_next/static/chunks/f12ff_next_dist_compiled_react-dom_7b2f6d3d._.js:965:74)
    at performUnitOfWork (http://localhost:3001/_next/static/chunks/f12ff_next_dist_compiled_react-dom_7b2f6d3d._.js:9562:97)
    at workLoopSync (http://localhost:3001/_next/static/chunks/f12ff_next_dist_compiled_react-dom_7b2f6d3d._.js:9456:40)
    at renderRootSync (http://localhost:3001/_next/static/chunks/f12ff_next_dist_compiled_react-dom_7b2f6d3d._.js:9440:13)
    at performWorkOnRoot (http://localhost:3001/_next/static/chunks/f12ff_next_dist_compiled_react-dom_7b2f6d3d._.js:9068:186)
    at performWorkOnRootViaSchedulerTask (http://localhost:3001/_next/static/chunks/f12ff_next_dist_compiled_react-dom_7b2f6d3d._.js:10230:9)
    at MessagePort.performWorkUntilDeadline (http://localhost:3001/_next/static/chunks/f12ff_next_dist_compiled_cd863794._.js:2647:64) @ http://localhost:3001/_next/static/chunks/f12ff_next_dist_95687940._.js:3132
[  833059ms] [ERROR] IntlError: MISSING_MESSAGE: Cannot read properties of undefined (reading 'split')
    at getFallbackFromErrorAndNotify (http://localhost:3001/_next/static/chunks/node_modules__pnpm_a92eadf3._.js:7251:23)
    at translateBaseFn (http://localhost:3001/_next/static/chunks/node_modules__pnpm_a92eadf3._.js:7281:28)
    at translateFn (http://localhost:3001/_next/static/chunks/node_modules__pnpm_a92eadf3._.js:7343:24)
    at labelFor (http://localhost:3001/_next/static/chunks/_af79dd3a._.js:633:30)
    at http://localhost:3001/_next/static/chunks/_af79dd3a._.js:142:34
    at Array.map (<anonymous>)
    at RegionChoropleth (http://localhost:3001/_next/static/chunks/_af79dd3a._.js:134:43)
    at Object.react_stack_bottom_frame (http://localhost:3001/_next/static/chunks/f12ff_next_dist_compiled_react-dom_7b2f6d3d._.js:14826:24)
    at renderWithHooks (http://localhost:3001/_next/static/chunks/f12ff_next_dist_compiled_react-dom_7b2f6d3d._.js:4651:24)
    at updateFunctionComponent (http://localhost:3001/_next/static/chunks/f12ff_next_dist_compiled_react-dom_7b2f6d3d._.js:6112:21)
    at beginWork (http://localhost:3001/_next/static/chunks/f12ff_next_dist_compiled_react-dom_7b2f6d3d._.js:6708:24)
    at runWithFiberInDEV (http://localhost:3001/_next/static/chunks/f12ff_next_dist_compiled_react-dom_7b2f6d3d._.js:965:74)
    at performUnitOfWork (http://localhost:3001/_next/static/chunks/f12ff_next_dist_compiled_react-dom_7b2f6d3d._.js:9562:97)
    at workLoopSync (http://localhost:3001/_next/static/chunks/f12ff_next_dist_compiled_react-dom_7b2f6d3d._.js:9456:40)
    at renderRootSync (http://localhost:3001/_next/static/chunks/f12ff_next_dist_compiled_react-dom_7b2f6d3d._.js:9440:13)
    at performWorkOnRoot (http://localhost:3001/_next/static/chunks/f12ff_next_dist_compiled_react-dom_7b2f6d3d._.js:9068:186)
    at performWorkOnRootViaSchedulerTask (http://localhost:3001/_next/static/chunks/f12ff_next_dist_compiled_react-dom_7b2f6d3d._.js:10230:9)
    at MessagePort.performWorkUntilDeadline (http://localhost:3001/_next/static/chunks/f12ff_next_dist_compiled_cd863794._.js:2647:64) @ http://localhost:3001/_next/static/chunks/f12ff_next_dist_95687940._.js:3132
[  833059ms] [ERROR] IntlError: MISSING_MESSAGE: Cannot read properties of undefined (reading 'split')
    at getFallbackFromErrorAndNotify (http://localhost:3001/_next/static/chunks/node_modules__pnpm_a92eadf3._.js:7251:23)
    at translateBaseFn (http://localhost:3001/_next/static/chunks/node_modules__pnpm_a92eadf3._.js:7281:28)
    at translateFn (http://localhost:3001/_next/static/chunks/node_modules__pnpm_a92eadf3._.js:7343:24)
    at labelFor (http://localhost:3001/_next/static/chunks/_af79dd3a._.js:633:30)
    at http://localhost:3001/_next/static/chunks/_af79dd3a._.js:142:34
    at Array.map (<anonymous>)
    at RegionChoropleth (http://localhost:3001/_next/static/chunks/_af79dd3a._.js:134:43)
    at Object.react_stack_bottom_frame (http://localhost:3001/_next/static/chunks/f12ff_next_dist_compiled_react-dom_7b2f6d3d._.js:14826:24)
    at renderWithHooks (http://localhost:3001/_next/static/chunks/f12ff_next_dist_compiled_react-dom_7b2f6d3d._.js:4651:24)
    at updateFunctionComponent (http://localhost:3001/_next/static/chunks/f12ff_next_dist_compiled_react-dom_7b2f6d3d._.js:6112:21)
    at beginWork (http://localhost:3001/_next/static/chunks/f12ff_next_dist_compiled_react-dom_7b2f6d3d._.js:6708:24)
    at runWithFiberInDEV (http://localhost:3001/_next/static/chunks/f12ff_next_dist_compiled_react-dom_7b2f6d3d._.js:965:74)
    at performUnitOfWork (http://localhost:3001/_next/static/chunks/f12ff_next_dist_compiled_react-dom_7b2f6d3d._.js:9562:97)
    at workLoopSync (http://localhost:3001/_next/static/chunks/f12ff_next_dist_compiled_react-dom_7b2f6d3d._.js:9456:40)
    at renderRootSync (http://localhost:3001/_next/static/chunks/f12ff_next_dist_compiled_react-dom_7b2f6d3d._.js:9440:13)
    at performWorkOnRoot (http://localhost:3001/_next/static/chunks/f12ff_next_dist_compiled_react-dom_7b2f6d3d._.js:9068:186)
    at performWorkOnRootViaSchedulerTask (http://localhost:3001/_next/static/chunks/f12ff_next_dist_compiled_react-dom_7b2f6d3d._.js:10230:9)
    at MessagePort.performWorkUntilDeadline (http://localhost:3001/_next/static/chunks/f12ff_next_dist_compiled_cd863794._.js:2647:64) @ http://localhost:3001/_next/static/chunks/f12ff_next_dist_95687940._.js:3132
[  833059ms] [ERROR] IntlError: MISSING_MESSAGE: Cannot read properties of undefined (reading 'split')
    at getFallbackFromErrorAndNotify (http://localhost:3001/_next/static/chunks/node_modules__pnpm_a92eadf3._.js:7251:23)
    at translateBaseFn (http://localhost:3001/_next/static/chunks/node_modules__pnpm_a92eadf3._.js:7281:28)
    at translateFn (http://localhost:3001/_next/static/chunks/node_modules__pnpm_a92eadf3._.js:7343:24)
    at labelFor (http://localhost:3001/_next/static/chunks/_af79dd3a._.js:633:30)
    at http://localhost:3001/_next/static/chunks/_af79dd3a._.js:142:34
    at Array.map (<anonymous>)
    at RegionChoropleth (http://localhost:3001/_next/static/chunks/_af79dd3a._.js:134:43)
    at Object.react_stack_bottom_frame (http://localhost:3001/_next/static/chunks/f12ff_next_dist_compiled_react-dom_7b2f6d3d._.js:14826:24)
    at renderWithHooks (http://localhost:3001/_next/static/chunks/f12ff_next_dist_compiled_react-dom_7b2f6d3d._.js:4651:24)
    at updateFunctionComponent (http://localhost:3001/_next/static/chunks/f12ff_next_dist_compiled_react-dom_7b2f6d3d._.js:6112:21)
    at beginWork (http://localhost:3001/_next/static/chunks/f12ff_next_dist_compiled_react-dom_7b2f6d3d._.js:6708:24)
    at runWithFiberInDEV (http://localhost:3001/_next/static/chunks/f12ff_next_dist_compiled_react-dom_7b2f6d3d._.js:965:74)
    at performUnitOfWork (http://localhost:3001/_next/static/chunks/f12ff_next_dist_compiled_react-dom_7b2f6d3d._.js:9562:97)
    at workLoopSync (http://localhost:3001/_next/static/chunks/f12ff_next_dist_compiled_react-dom_7b2f6d3d._.js:9456:40)
    at renderRootSync (http://localhost:3001/_next/static/chunks/f12ff_next_dist_compiled_react-dom_7b2f6d3d._.js:9440:13)
    at performWorkOnRoot (http://localhost:3001/_next/static/chunks/f12ff_next_dist_compiled_react-dom_7b2f6d3d._.js:9068:186)
    at performWorkOnRootViaSchedulerTask (http://localhost:3001/_next/static/chunks/f12ff_next_dist_compiled_react-dom_7b2f6d3d._.js:10230:9)
    at MessagePort.performWorkUntilDeadline (http://localhost:3001/_next/static/chunks/f12ff_next_dist_compiled_cd863794._.js:2647:64) @ http://localhost:3001/_next/static/chunks/f12ff_next_dist_95687940._.js:3132
[  833059ms] [ERROR] IntlError: MISSING_MESSAGE: Cannot read properties of undefined (reading 'split')
    at getFallbackFromErrorAndNotify (http://localhost:3001/_next/static/chunks/node_modules__pnpm_a92eadf3._.js:7251:23)
    at translateBaseFn (http://localhost:3001/_next/static/chunks/node_modules__pnpm_a92eadf3._.js:7281:28)
    at translateFn (http://localhost:3001/_next/static/chunks/node_modules__pnpm_a92eadf3._.js:7343:24)
    at labelFor (http://localhost:3001/_next/static/chunks/_af79dd3a._.js:633:30)
    at http://localhost:3001/_next/static/chunks/_af79dd3a._.js:142:34
    at Array.map (<anonymous>)
    at RegionChoropleth (http://localhost:3001/_next/static/chunks/_af79dd3a._.js:134:43)
    at Object.react_stack_bottom_frame (http://localhost:3001/_next/static/chunks/f12ff_next_dist_compiled_react-dom_7b2f6d3d._.js:14826:24)
    at renderWithHooks (http://localhost:3001/_next/static/chunks/f12ff_next_dist_compiled_react-dom_7b2f6d3d._.js:4651:24)
    at updateFunctionComponent (http://localhost:3001/_next/static/chunks/f12ff_next_dist_compiled_react-dom_7b2f6d3d._.js:6112:21)
    at beginWork (http://localhost:3001/_next/static/chunks/f12ff_next_dist_compiled_react-dom_7b2f6d3d._.js:6708:24)
    at runWithFiberInDEV (http://localhost:3001/_next/static/chunks/f12ff_next_dist_compiled_react-dom_7b2f6d3d._.js:965:74)
    at performUnitOfWork (http://localhost:3001/_next/static/chunks/f12ff_next_dist_compiled_react-dom_7b2f6d3d._.js:9562:97)
    at workLoopSync (http://localhost:3001/_next/static/chunks/f12ff_next_dist_compiled_react-dom_7b2f6d3d._.js:9456:40)
    at renderRootSync (http://localhost:3001/_next/static/chunks/f12ff_next_dist_compiled_react-dom_7b2f6d3d._.js:9440:13)
    at performWorkOnRoot (http://localhost:3001/_next/static/chunks/f12ff_next_dist_compiled_react-dom_7b2f6d3d._.js:9068:186)
    at performWorkOnRootViaSchedulerTask (http://localhost:3001/_next/static/chunks/f12ff_next_dist_compiled_react-dom_7b2f6d3d._.js:10230:9)
    at MessagePort.performWorkUntilDeadline (http://localhost:3001/_next/static/chunks/f12ff_next_dist_compiled_cd863794._.js:2647:64) @ http://localhost:3001/_next/static/chunks/f12ff_next_dist_95687940._.js:3132
[  833059ms] [ERROR] IntlError: MISSING_MESSAGE: Cannot read properties of undefined (reading 'split')
    at getFallbackFromErrorAndNotify (http://localhost:3001/_next/static/chunks/node_modules__pnpm_a92eadf3._.js:7251:23)
    at translateBaseFn (http://localhost:3001/_next/static/chunks/node_modules__pnpm_a92eadf3._.js:7281:28)
    at translateFn (http://localhost:3001/_next/static/chunks/node_modules__pnpm_a92eadf3._.js:7343:24)
    at labelFor (http://localhost:3001/_next/static/chunks/_af79dd3a._.js:633:30)
    at http://localhost:3001/_next/static/chunks/_af79dd3a._.js:142:34
    at Array.map (<anonymous>)
    at RegionChoropleth (http://localhost:3001/_next/static/chunks/_af79dd3a._.js:134:43)
    at Object.react_stack_bottom_frame (http://localhost:3001/_next/static/chunks/f12ff_next_dist_compiled_react-dom_7b2f6d3d._.js:14826:24)
    at renderWithHooks (http://localhost:3001/_next/static/chunks/f12ff_next_dist_compiled_react-dom_7b2f6d3d._.js:4651:24)
    at updateFunctionComponent (http://localhost:3001/_next/static/chunks/f12ff_next_dist_compiled_react-dom_7b2f6d3d._.js:6112:21)
    at beginWork (http://localhost:3001/_next/static/chunks/f12ff_next_dist_compiled_react-dom_7b2f6d3d._.js:6708:24)
    at runWithFiberInDEV (http://localhost:3001/_next/static/chunks/f12ff_next_dist_compiled_react-dom_7b2f6d3d._.js:965:74)
    at performUnitOfWork (http://localhost:3001/_next/static/chunks/f12ff_next_dist_compiled_react-dom_7b2f6d3d._.js:9562:97)
    at workLoopSync (http://localhost:3001/_next/static/chunks/f12ff_next_dist_compiled_react-dom_7b2f6d3d._.js:9456:40)
    at renderRootSync (http://localhost:3001/_next/static/chunks/f12ff_next_dist_compiled_react-dom_7b2f6d3d._.js:9440:13)
    at performWorkOnRoot (http://localhost:3001/_next/static/chunks/f12ff_next_dist_compiled_react-dom_7b2f6d3d._.js:9068:186)
    at performWorkOnRootViaSchedulerTask (http://localhost:3001/_next/static/chunks/f12ff_next_dist_compiled_react-dom_7b2f6d3d._.js:10230:9)
    at MessagePort.performWorkUntilDeadline (http://localhost:3001/_next/static/chunks/f12ff_next_dist_compiled_cd863794._.js:2647:64) @ http://localhost:3001/_next/static/chunks/f12ff_next_dist_95687940._.js:3132
[  833060ms] [ERROR] IntlError: MISSING_MESSAGE: Cannot read properties of undefined (reading 'split')
    at getFallbackFromErrorAndNotify (http://localhost:3001/_next/static/chunks/node_modules__pnpm_a92eadf3._.js:7251:23)
    at translateBaseFn (http://localhost:3001/_next/static/chunks/node_modules__pnpm_a92eadf3._.js:7281:28)
    at translateFn (http://localhost:3001/_next/static/chunks/node_modules__pnpm_a92eadf3._.js:7343:24)
    at labelFor (http://localhost:3001/_next/static/chunks/_af79dd3a._.js:633:30)
    at http://localhost:3001/_next/static/chunks/_af79dd3a._.js:142:34
    at Array.map (<anonymous>)
    at RegionChoropleth (http://localhost:3001/_next/static/chunks/_af79dd3a._.js:134:43)
    at Object.react_stack_bottom_frame (http://localhost:3001/_next/static/chunks/f12ff_next_dist_compiled_react-dom_7b2f6d3d._.js:14826:24)
    at renderWithHooksAgain (http://localhost:3001/_next/static/chunks/f12ff_next_dist_compiled_react-dom_7b2f6d3d._.js:4706:24)
    at renderWithHooks (http://localhost:3001/_next/static/chunks/f12ff_next_dist_compiled_react-dom_7b2f6d3d._.js:4657:28)
    at updateFunctionComponent (http://localhost:3001/_next/static/chunks/f12ff_next_dist_compiled_react-dom_7b2f6d3d._.js:6112:21)
    at beginWork (http://localhost:3001/_next/static/chunks/f12ff_next_dist_compiled_react-dom_7b2f6d3d._.js:6708:24)
    at runWithFiberInDEV (http://localhost:3001/_next/static/chunks/f12ff_next_dist_compiled_react-dom_7b2f6d3d._.js:965:74)
    at performUnitOfWork (http://localhost:3001/_next/static/chunks/f12ff_next_dist_compiled_react-dom_7b2f6d3d._.js:9562:97)
    at workLoopSync (http://localhost:3001/_next/static/chunks/f12ff_next_dist_compiled_react-dom_7b2f6d3d._.js:9456:40)
    at renderRootSync (http://localhost:3001/_next/static/chunks/f12ff_next_dist_compiled_react-dom_7b2f6d3d._.js:9440:13)
    at performWorkOnRoot (http://localhost:3001/_next/static/chunks/f12ff_next_dist_compiled_react-dom_7b2f6d3d._.js:9068:186)
    at performWorkOnRootViaSchedulerTask (http://localhost:3001/_next/static/chunks/f12ff_next_dist_compiled_react-dom_7b2f6d3d._.js:10230:9)
    at MessagePort.performWorkUntilDeadline (http://localhost:3001/_next/static/chunks/f12ff_next_dist_compiled_cd863794._.js:2647:64) @ http://localhost:3001/_next/static/chunks/f12ff_next_dist_95687940._.js:3132
[  833060ms] [ERROR] IntlError: MISSING_MESSAGE: Cannot read properties of undefined (reading 'split')
    at getFallbackFromErrorAndNotify (http://localhost:3001/_next/static/chunks/node_modules__pnpm_a92eadf3._.js:7251:23)
    at translateBaseFn (http://localhost:3001/_next/static/chunks/node_modules__pnpm_a92eadf3._.js:7281:28)
    at translateFn (http://localhost:3001/_next/static/chunks/node_modules__pnpm_a92eadf3._.js:7343:24)
    at labelFor (http://localhost:3001/_next/static/chunks/_af79dd3a._.js:633:30)
    at http://localhost:3001/_next/static/chunks/_af79dd3a._.js:142:34
    at Array.map (<anonymous>)
    at RegionChoropleth (http://localhost:3001/_next/static/chunks/_af79dd3a._.js:134:43)
    at Object.react_stack_bottom_frame (http://localhost:3001/_next/static/chunks/f12ff_next_dist_compiled_react-dom_7b2f6d3d._.js:14826:24)
    at renderWithHooksAgain (http://localhost:3001/_next/static/chunks/f12ff_next_dist_compiled_react-dom_7b2f6d3d._.js:4706:24)
    at renderWithHooks (http://localhost:3001/_next/static/chunks/f12ff_next_dist_compiled_react-dom_7b2f6d3d._.js:4657:28)
    at updateFunctionComponent (http://localhost:3001/_next/static/chunks/f12ff_next_dist_compiled_react-dom_7b2f6d3d._.js:6112:21)
    at beginWork (http://localhost:3001/_next/static/chunks/f12ff_next_dist_compiled_react-dom_7b2f6d3d._.js:6708:24)
    at runWithFiberInDEV (http://localhost:3001/_next/static/chunks/f12ff_next_dist_compiled_react-dom_7b2f6d3d._.js:965:74)
    at performUnitOfWork (http://localhost:3001/_next/static/chunks/f12ff_next_dist_compiled_react-dom_7b2f6d3d._.js:9562:97)
    at workLoopSync (http://localhost:3001/_next/static/chunks/f12ff_next_dist_compiled_react-dom_7b2f6d3d._.js:9456:40)
    at renderRootSync (http://localhost:3001/_next/static/chunks/f12ff_next_dist_compiled_react-dom_7b2f6d3d._.js:9440:13)
    at performWorkOnRoot (http://localhost:3001/_next/static/chunks/f12ff_next_dist_compiled_react-dom_7b2f6d3d._.js:9068:186)
    at performWorkOnRootViaSchedulerTask (http://localhost:3001/_next/static/chunks/f12ff_next_dist_compiled_react-dom_7b2f6d3d._.js:10230:9)
    at MessagePort.performWorkUntilDeadline (http://localhost:3001/_next/static/chunks/f12ff_next_dist_compiled_cd863794._.js:2647:64) @ http://localhost:3001/_next/static/chunks/f12ff_next_dist_95687940._.js:3132
[  833060ms] [ERROR] IntlError: MISSING_MESSAGE: Cannot read properties of undefined (reading 'split')
    at getFallbackFromErrorAndNotify (http://localhost:3001/_next/static/chunks/node_modules__pnpm_a92eadf3._.js:7251:23)
    at translateBaseFn (http://localhost:3001/_next/static/chunks/node_modules__pnpm_a92eadf3._.js:7281:28)
    at translateFn (http://localhost:3001/_next/static/chunks/node_modules__pnpm_a92eadf3._.js:7343:24)
    at labelFor (http://localhost:3001/_next/static/chunks/_af79dd3a._.js:633:30)
    at http://localhost:3001/_next/static/chunks/_af79dd3a._.js:142:34
    at Array.map (<anonymous>)
    at RegionChoropleth (http://localhost:3001/_next/static/chunks/_af79dd3a._.js:134:43)
    at Object.react_stack_bottom_frame (http://localhost:3001/_next/static/chunks/f12ff_next_dist_compiled_react-dom_7b2f6d3d._.js:14826:24)
    at renderWithHooksAgain (http://localhost:3001/_next/static/chunks/f12ff_next_dist_compiled_react-dom_7b2f6d3d._.js:4706:24)
    at renderWithHooks (http://localhost:3001/_next/static/chunks/f12ff_next_dist_compiled_react-dom_7b2f6d3d._.js:4657:28)
    at updateFunctionComponent (http://localhost:3001/_next/static/chunks/f12ff_next_dist_compiled_react-dom_7b2f6d3d._.js:6112:21)
    at beginWork (http://localhost:3001/_next/static/chunks/f12ff_next_dist_compiled_react-dom_7b2f6d3d._.js:6708:24)
    at runWithFiberInDEV (http://localhost:3001/_next/static/chunks/f12ff_next_dist_compiled_react-dom_7b2f6d3d._.js:965:74)
    at performUnitOfWork (http://localhost:3001/_next/static/chunks/f12ff_next_dist_compiled_react-dom_7b2f6d3d._.js:9562:97)
    at workLoopSync (http://localhost:3001/_next/static/chunks/f12ff_next_dist_compiled_react-dom_7b2f6d3d._.js:9456:40)
    at renderRootSync (http://localhost:3001/_next/static/chunks/f12ff_next_dist_compiled_react-dom_7b2f6d3d._.js:9440:13)
    at performWorkOnRoot (http://localhost:3001/_next/static/chunks/f12ff_next_dist_compiled_react-dom_7b2f6d3d._.js:9068:186)
    at performWorkOnRootViaSchedulerTask (http://localhost:3001/_next/static/chunks/f12ff_next_dist_compiled_react-dom_7b2f6d3d._.js:10230:9)
    at MessagePort.performWorkUntilDeadline (http://localhost:3001/_next/static/chunks/f12ff_next_dist_compiled_cd863794._.js:2647:64) @ http://localhost:3001/_next/static/chunks/f12ff_next_dist_95687940._.js:3132
[  833060ms] [ERROR] IntlError: MISSING_MESSAGE: Cannot read properties of undefined (reading 'split')
    at getFallbackFromErrorAndNotify (http://localhost:3001/_next/static/chunks/node_modules__pnpm_a92eadf3._.js:7251:23)
    at translateBaseFn (http://localhost:3001/_next/static/chunks/node_modules__pnpm_a92eadf3._.js:7281:28)
    at translateFn (http://localhost:3001/_next/static/chunks/node_modules__pnpm_a92eadf3._.js:7343:24)
    at labelFor (http://localhost:3001/_next/static/chunks/_af79dd3a._.js:633:30)
    at http://localhost:3001/_next/static/chunks/_af79dd3a._.js:142:34
    at Array.map (<anonymous>)
    at RegionChoropleth (http://localhost:3001/_next/static/chunks/_af79dd3a._.js:134:43)
    at Object.react_stack_bottom_frame (http://localhost:3001/_next/static/chunks/f12ff_next_dist_compiled_react-dom_7b2f6d3d._.js:14826:24)
    at renderWithHooksAgain (http://localhost:3001/_next/static/chunks/f12ff_next_dist_compiled_react-dom_7b2f6d3d._.js:4706:24)
    at renderWithHooks (http://localhost:3001/_next/static/chunks/f12ff_next_dist_compiled_react-dom_7b2f6d3d._.js:4657:28)
    at updateFunctionComponent (http://localhost:3001/_next/static/chunks/f12ff_next_dist_compiled_react-dom_7b2f6d3d._.js:6112:21)
    at beginWork (http://localhost:3001/_next/static/chunks/f12ff_next_dist_compiled_react-dom_7b2f6d3d._.js:6708:24)
    at runWithFiberInDEV (http://localhost:3001/_next/static/chunks/f12ff_next_dist_compiled_react-dom_7b2f6d3d._.js:965:74)
    at performUnitOfWork (http://localhost:3001/_next/static/chunks/f12ff_next_dist_compiled_react-dom_7b2f6d3d._.js:9562:97)
    at workLoopSync (http://localhost:3001/_next/static/chunks/f12ff_next_dist_compiled_react-dom_7b2f6d3d._.js:9456:40)
    at renderRootSync (http://localhost:3001/_next/static/chunks/f12ff_next_dist_compiled_react-dom_7b2f6d3d._.js:9440:13)
    at performWorkOnRoot (http://localhost:3001/_next/static/chunks/f12ff_next_dist_compiled_react-dom_7b2f6d3d._.js:9068:186)
    at performWorkOnRootViaSchedulerTask (http://localhost:3001/_next/static/chunks/f12ff_next_dist_compiled_react-dom_7b2f6d3d._.js:10230:9)
    at MessagePort.performWorkUntilDeadline (http://localhost:3001/_next/static/chunks/f12ff_next_dist_compiled_cd863794._.js:2647:64) @ http://localhost:3001/_next/static/chunks/f12ff_next_dist_95687940._.js:3132
[  833060ms] [ERROR] IntlError: MISSING_MESSAGE: Cannot read properties of undefined (reading 'split')
    at getFallbackFromErrorAndNotify (http://localhost:3001/_next/static/chunks/node_modules__pnpm_a92eadf3._.js:7251:23)
    at translateBaseFn (http://localhost:3001/_next/static/chunks/node_modules__pnpm_a92eadf3._.js:7281:28)
    at translateFn (http://localhost:3001/_next/static/chunks/node_modules__pnpm_a92eadf3._.js:7343:24)
    at labelFor (http://localhost:3001/_next/static/chunks/_af79dd3a._.js:633:30)
    at http://localhost:3001/_next/static/chunks/_af79dd3a._.js:142:34
    at Array.map (<anonymous>)
    at RegionChoropleth (http://localhost:3001/_next/static/chunks/_af79dd3a._.js:134:43)
    at Object.react_stack_bottom_frame (http://localhost:3001/_next/static/chunks/f12ff_next_dist_compiled_react-dom_7b2f6d3d._.js:14826:24)
    at renderWithHooksAgain (http://localhost:3001/_next/static/chunks/f12ff_next_dist_compiled_react-dom_7b2f6d3d._.js:4706:24)
    at renderWithHooks (http://localhost:3001/_next/static/chunks/f12ff_next_dist_compiled_react-dom_7b2f6d3d._.js:4657:28)
    at updateFunctionComponent (http://localhost:3001/_next/static/chunks/f12ff_next_dist_compiled_react-dom_7b2f6d3d._.js:6112:21)
    at beginWork (http://localhost:3001/_next/static/chunks/f12ff_next_dist_compiled_react-dom_7b2f6d3d._.js:6708:24)
    at runWithFiberInDEV (http://localhost:3001/_next/static/chunks/f12ff_next_dist_compiled_react-dom_7b2f6d3d._.js:965:74)
    at performUnitOfWork (http://localhost:3001/_next/static/chunks/f12ff_next_dist_compiled_react-dom_7b2f6d3d._.js:9562:97)
    at workLoopSync (http://localhost:3001/_next/static/chunks/f12ff_next_dist_compiled_react-dom_7b2f6d3d._.js:9456:40)
    at renderRootSync (http://localhost:3001/_next/static/chunks/f12ff_next_dist_compiled_react-dom_7b2f6d3d._.js:9440:13)
    at performWorkOnRoot (http://localhost:3001/_next/static/chunks/f12ff_next_dist_compiled_react-dom_7b2f6d3d._.js:9068:186)
    at performWorkOnRootViaSchedulerTask (http://localhost:3001/_next/static/chunks/f12ff_next_dist_compiled_react-dom_7b2f6d3d._.js:10230:9)
    at MessagePort.performWorkUntilDeadline (http://localhost:3001/_next/static/chunks/f12ff_next_dist_compiled_cd863794._.js:2647:64) @ http://localhost:3001/_next/static/chunks/f12ff_next_dist_95687940._.js:3132
[  833060ms] [ERROR] IntlError: MISSING_MESSAGE: Cannot read properties of undefined (reading 'split')
    at getFallbackFromErrorAndNotify (http://localhost:3001/_next/static/chunks/node_modules__pnpm_a92eadf3._.js:7251:23)
    at translateBaseFn (http://localhost:3001/_next/static/chunks/node_modules__pnpm_a92eadf3._.js:7281:28)
    at translateFn (http://localhost:3001/_next/static/chunks/node_modules__pnpm_a92eadf3._.js:7343:24)
    at labelFor (http://localhost:3001/_next/static/chunks/_af79dd3a._.js:633:30)
    at http://localhost:3001/_next/static/chunks/_af79dd3a._.js:142:34
    at Array.map (<anonymous>)
    at RegionChoropleth (http://localhost:3001/_next/static/chunks/_af79dd3a._.js:134:43)
    at Object.react_stack_bottom_frame (http://localhost:3001/_next/static/chunks/f12ff_next_dist_compiled_react-dom_7b2f6d3d._.js:14826:24)
    at renderWithHooksAgain (http://localhost:3001/_next/static/chunks/f12ff_next_dist_compiled_react-dom_7b2f6d3d._.js:4706:24)
    at renderWithHooks (http://localhost:3001/_next/static/chunks/f12ff_next_dist_compiled_react-dom_7b2f6d3d._.js:4657:28)
    at updateFunctionComponent (http://localhost:3001/_next/static/chunks/f12ff_next_dist_compiled_react-dom_7b2f6d3d._.js:6112:21)
    at beginWork (http://localhost:3001/_next/static/chunks/f12ff_next_dist_compiled_react-dom_7b2f6d3d._.js:6708:24)
    at runWithFiberInDEV (http://localhost:3001/_next/static/chunks/f12ff_next_dist_compiled_react-dom_7b2f6d3d._.js:965:74)
    at performUnitOfWork (http://localhost:3001/_next/static/chunks/f12ff_next_dist_compiled_react-dom_7b2f6d3d._.js:9562:97)
    at workLoopSync (http://localhost:3001/_next/static/chunks/f12ff_next_dist_compiled_react-dom_7b2f6d3d._.js:9456:40)
    at renderRootSync (http://localhost:3001/_next/static/chunks/f12ff_next_dist_compiled_react-dom_7b2f6d3d._.js:9440:13)
    at performWorkOnRoot (http://localhost:3001/_next/static/chunks/f12ff_next_dist_compiled_react-dom_7b2f6d3d._.js:9068:186)
    at performWorkOnRootViaSchedulerTask (http://localhost:3001/_next/static/chunks/f12ff_next_dist_compiled_react-dom_7b2f6d3d._.js:10230:9)
    at MessagePort.performWorkUntilDeadline (http://localhost:3001/_next/static/chunks/f12ff_next_dist_compiled_cd863794._.js:2647:64) @ http://localhost:3001/_next/static/chunks/f12ff_next_dist_95687940._.js:3132
[  833060ms] [ERROR] IntlError: MISSING_MESSAGE: Cannot read properties of undefined (reading 'split')
    at getFallbackFromErrorAndNotify (http://localhost:3001/_next/static/chunks/node_modules__pnpm_a92eadf3._.js:7251:23)
    at translateBaseFn (http://localhost:3001/_next/static/chunks/node_modules__pnpm_a92eadf3._.js:7281:28)
    at translateFn (http://localhost:3001/_next/static/chunks/node_modules__pnpm_a92eadf3._.js:7343:24)
    at labelFor (http://localhost:3001/_next/static/chunks/_af79dd3a._.js:633:30)
    at http://localhost:3001/_next/static/chunks/_af79dd3a._.js:142:34
    at Array.map (<anonymous>)
    at RegionChoropleth (http://localhost:3001/_next/static/chunks/_af79dd3a._.js:134:43)
    at Object.react_stack_bottom_frame (http://localhost:3001/_next/static/chunks/f12ff_next_dist_compiled_react-dom_7b2f6d3d._.js:14826:24)
    at renderWithHooksAgain (http://localhost:3001/_next/static/chunks/f12ff_next_dist_compiled_react-dom_7b2f6d3d._.js:4706:24)
    at renderWithHooks (http://localhost:3001/_next/static/chunks/f12ff_next_dist_compiled_react-dom_7b2f6d3d._.js:4657:28)
    at updateFunctionComponent (http://localhost:3001/_next/static/chunks/f12ff_next_dist_compiled_react-dom_7b2f6d3d._.js:6112:21)
    at beginWork (http://localhost:3001/_next/static/chunks/f12ff_next_dist_compiled_react-dom_7b2f6d3d._.js:6708:24)
    at runWithFiberInDEV (http://localhost:3001/_next/static/chunks/f12ff_next_dist_compiled_react-dom_7b2f6d3d._.js:965:74)
    at performUnitOfWork (http://localhost:3001/_next/static/chunks/f12ff_next_dist_compiled_react-dom_7b2f6d3d._.js:9562:97)
    at workLoopSync (http://localhost:3001/_next/static/chunks/f12ff_next_dist_compiled_react-dom_7b2f6d3d._.js:9456:40)
    at renderRootSync (http://localhost:3001/_next/static/chunks/f12ff_next_dist_compiled_react-dom_7b2f6d3d._.js:9440:13)
    at performWorkOnRoot (http://localhost:3001/_next/static/chunks/f12ff_next_dist_compiled_react-dom_7b2f6d3d._.js:9068:186)
    at performWorkOnRootViaSchedulerTask (http://localhost:3001/_next/static/chunks/f12ff_next_dist_compiled_react-dom_7b2f6d3d._.js:10230:9)
    at MessagePort.performWorkUntilDeadline (http://localhost:3001/_next/static/chunks/f12ff_next_dist_compiled_cd863794._.js:2647:64) @ http://localhost:3001/_next/static/chunks/f12ff_next_dist_95687940._.js:3132
[  833070ms] [ERROR] IntlError: MISSING_MESSAGE: Cannot read properties of undefined (reading 'split')
    at getFallbackFromErrorAndNotify (http://localhost:3001/_next/static/chunks/node_modules__pnpm_a92eadf3._.js:7251:23)
    at translateBaseFn (http://localhost:3001/_next/static/chunks/node_modules__pnpm_a92eadf3._.js:7281:28)
    at translateFn (http://localhost:3001/_next/static/chunks/node_modules__pnpm_a92eadf3._.js:7343:24)
    at labelFor (http://localhost:3001/_next/static/chunks/_af79dd3a._.js:633:30)
    at http://localhost:3001/_next/static/chunks/_af79dd3a._.js:142:34
    at Array.map (<anonymous>)
    at RegionChoropleth (http://localhost:3001/_next/static/chunks/_af79dd3a._.js:134:43)
    at Object.react_stack_bottom_frame (http://localhost:3001/_next/static/chunks/f12ff_next_dist_compiled_react-dom_7b2f6d3d._.js:14826:24)
    at renderWithHooks (http://localhost:3001/_next/static/chunks/f12ff_next_dist_compiled_react-dom_7b2f6d3d._.js:4651:24)
    at updateFunctionComponent (http://localhost:3001/_next/static/chunks/f12ff_next_dist_compiled_react-dom_7b2f6d3d._.js:6112:21)
    at beginWork (http://localhost:3001/_next/static/chunks/f12ff_next_dist_compiled_react-dom_7b2f6d3d._.js:6708:24)
    at runWithFiberInDEV (http://localhost:3001/_next/static/chunks/f12ff_next_dist_compiled_react-dom_7b2f6d3d._.js:965:74)
    at performUnitOfWork (http://localhost:3001/_next/static/chunks/f12ff_next_dist_compiled_react-dom_7b2f6d3d._.js:9562:97)
    at workLoopSync (http://localhost:3001/_next/static/chunks/f12ff_next_dist_compiled_react-dom_7b2f6d3d._.js:9456:40)
    at renderRootSync (http://localhost:3001/_next/static/chunks/f12ff_next_dist_compiled_react-dom_7b2f6d3d._.js:9440:13)
    at performWorkOnRoot (http://localhost:3001/_next/static/chunks/f12ff_next_dist_compiled_react-dom_7b2f6d3d._.js:9068:186)
    at performWorkOnRootViaSchedulerTask (http://localhost:3001/_next/static/chunks/f12ff_next_dist_compiled_react-dom_7b2f6d3d._.js:10230:9)
    at MessagePort.performWorkUntilDeadline (http://localhost:3001/_next/static/chunks/f12ff_next_dist_compiled_cd863794._.js:2647:64) @ http://localhost:3001/_next/static/chunks/f12ff_next_dist_95687940._.js:3132
[  833070ms] [ERROR] IntlError: MISSING_MESSAGE: Cannot read properties of undefined (reading 'split')
    at getFallbackFromErrorAndNotify (http://localhost:3001/_next/static/chunks/node_modules__pnpm_a92eadf3._.js:7251:23)
    at translateBaseFn (http://localhost:3001/_next/static/chunks/node_modules__pnpm_a92eadf3._.js:7281:28)
    at translateFn (http://localhost:3001/_next/static/chunks/node_modules__pnpm_a92eadf3._.js:7343:24)
    at labelFor (http://localhost:3001/_next/static/chunks/_af79dd3a._.js:633:30)
    at http://localhost:3001/_next/static/chunks/_af79dd3a._.js:142:34
    at Array.map (<anonymous>)
    at RegionChoropleth (http://localhost:3001/_next/static/chunks/_af79dd3a._.js:134:43)
    at Object.react_stack_bottom_frame (http://localhost:3001/_next/static/chunks/f12ff_next_dist_compiled_react-dom_7b2f6d3d._.js:14826:24)
    at renderWithHooks (http://localhost:3001/_next/static/chunks/f12ff_next_dist_compiled_react-dom_7b2f6d3d._.js:4651:24)
    at updateFunctionComponent (http://localhost:3001/_next/static/chunks/f12ff_next_dist_compiled_react-dom_7b2f6d3d._.js:6112:21)
    at beginWork (http://localhost:3001/_next/static/chunks/f12ff_next_dist_compiled_react-dom_7b2f6d3d._.js:6708:24)
    at runWithFiberInDEV (http://localhost:3001/_next/static/chunks/f12ff_next_dist_compiled_react-dom_7b2f6d3d._.js:965:74)
    at performUnitOfWork (http://localhost:3001/_next/static/chunks/f12ff_next_dist_compiled_react-dom_7b2f6d3d._.js:9562:97)
    at workLoopSync (http://localhost:3001/_next/static/chunks/f12ff_next_dist_compiled_react-dom_7b2f6d3d._.js:9456:40)
    at renderRootSync (http://localhost:3001/_next/static/chunks/f12ff_next_dist_compiled_react-dom_7b2f6d3d._.js:9440:13)
    at performWorkOnRoot (http://localhost:3001/_next/static/chunks/f12ff_next_dist_compiled_react-dom_7b2f6d3d._.js:9068:186)
    at performWorkOnRootViaSchedulerTask (http://localhost:3001/_next/static/chunks/f12ff_next_dist_compiled_react-dom_7b2f6d3d._.js:10230:9)
    at MessagePort.performWorkUntilDeadline (http://localhost:3001/_next/static/chunks/f12ff_next_dist_compiled_cd863794._.js:2647:64) @ http://localhost:3001/_next/static/chunks/f12ff_next_dist_95687940._.js:3132
[  833070ms] [ERROR] IntlError: MISSING_MESSAGE: Cannot read properties of undefined (reading 'split')
    at getFallbackFromErrorAndNotify (http://localhost:3001/_next/static/chunks/node_modules__pnpm_a92eadf3._.js:7251:23)
    at translateBaseFn (http://localhost:3001/_next/static/chunks/node_modules__pnpm_a92eadf3._.js:7281:28)
    at translateFn (http://localhost:3001/_next/static/chunks/node_modules__pnpm_a92eadf3._.js:7343:24)
    at labelFor (http://localhost:3001/_next/static/chunks/_af79dd3a._.js:633:30)
    at http://localhost:3001/_next/static/chunks/_af79dd3a._.js:142:34
    at Array.map (<anonymous>)
    at RegionChoropleth (http://localhost:3001/_next/static/chunks/_af79dd3a._.js:134:43)
    at Object.react_stack_bottom_frame (http://localhost:3001/_next/static/chunks/f12ff_next_dist_compiled_react-dom_7b2f6d3d._.js:14826:24)
    at renderWithHooks (http://localhost:3001/_next/static/chunks/f12ff_next_dist_compiled_react-dom_7b2f6d3d._.js:4651:24)
    at updateFunctionComponent (http://localhost:3001/_next/static/chunks/f12ff_next_dist_compiled_react-dom_7b2f6d3d._.js:6112:21)
    at beginWork (http://localhost:3001/_next/static/chunks/f12ff_next_dist_compiled_react-dom_7b2f6d3d._.js:6708:24)
    at runWithFiberInDEV (http://localhost:3001/_next/static/chunks/f12ff_next_dist_compiled_react-dom_7b2f6d3d._.js:965:74)
    at performUnitOfWork (http://localhost:3001/_next/static/chunks/f12ff_next_dist_compiled_react-dom_7b2f6d3d._.js:9562:97)
    at workLoopSync (http://localhost:3001/_next/static/chunks/f12ff_next_dist_compiled_react-dom_7b2f6d3d._.js:9456:40)
    at renderRootSync (http://localhost:3001/_next/static/chunks/f12ff_next_dist_compiled_react-dom_7b2f6d3d._.js:9440:13)
    at performWorkOnRoot (http://localhost:3001/_next/static/chunks/f12ff_next_dist_compiled_react-dom_7b2f6d3d._.js:9068:186)
    at performWorkOnRootViaSchedulerTask (http://localhost:3001/_next/static/chunks/f12ff_next_dist_compiled_react-dom_7b2f6d3d._.js:10230:9)
    at MessagePort.performWorkUntilDeadline (http://localhost:3001/_next/static/chunks/f12ff_next_dist_compiled_cd863794._.js:2647:64) @ http://localhost:3001/_next/static/chunks/f12ff_next_dist_95687940._.js:3132
[  833070ms] [ERROR] IntlError: MISSING_MESSAGE: Cannot read properties of undefined (reading 'split')
    at getFallbackFromErrorAndNotify (http://localhost:3001/_next/static/chunks/node_modules__pnpm_a92eadf3._.js:7251:23)
    at translateBaseFn (http://localhost:3001/_next/static/chunks/node_modules__pnpm_a92eadf3._.js:7281:28)
    at translateFn (http://localhost:3001/_next/static/chunks/node_modules__pnpm_a92eadf3._.js:7343:24)
    at labelFor (http://localhost:3001/_next/static/chunks/_af79dd3a._.js:633:30)
    at http://localhost:3001/_next/static/chunks/_af79dd3a._.js:142:34
    at Array.map (<anonymous>)
    at RegionChoropleth (http://localhost:3001/_next/static/chunks/_af79dd3a._.js:134:43)
    at Object.react_stack_bottom_frame (http://localhost:3001/_next/static/chunks/f12ff_next_dist_compiled_react-dom_7b2f6d3d._.js:14826:24)
    at renderWithHooks (http://localhost:3001/_next/static/chunks/f12ff_next_dist_compiled_react-dom_7b2f6d3d._.js:4651:24)
    at updateFunctionComponent (http://localhost:3001/_next/static/chunks/f12ff_next_dist_compiled_react-dom_7b2f6d3d._.js:6112:21)
    at beginWork (http://localhost:3001/_next/static/chunks/f12ff_next_dist_compiled_react-dom_7b2f6d3d._.js:6708:24)
    at runWithFiberInDEV (http://localhost:3001/_next/static/chunks/f12ff_next_dist_compiled_react-dom_7b2f6d3d._.js:965:74)
    at performUnitOfWork (http://localhost:3001/_next/static/chunks/f12ff_next_dist_compiled_react-dom_7b2f6d3d._.js:9562:97)
    at workLoopSync (http://localhost:3001/_next/static/chunks/f12ff_next_dist_compiled_react-dom_7b2f6d3d._.js:9456:40)
    at renderRootSync (http://localhost:3001/_next/static/chunks/f12ff_next_dist_compiled_react-dom_7b2f6d3d._.js:9440:13)
    at performWorkOnRoot (http://localhost:3001/_next/static/chunks/f12ff_next_dist_compiled_react-dom_7b2f6d3d._.js:9068:186)
    at performWorkOnRootViaSchedulerTask (http://localhost:3001/_next/static/chunks/f12ff_next_dist_compiled_react-dom_7b2f6d3d._.js:10230:9)
    at MessagePort.performWorkUntilDeadline (http://localhost:3001/_next/static/chunks/f12ff_next_dist_compiled_cd863794._.js:2647:64) @ http://localhost:3001/_next/static/chunks/f12ff_next_dist_95687940._.js:3132
[  833071ms] [ERROR] IntlError: MISSING_MESSAGE: Cannot read properties of undefined (reading 'split')
    at getFallbackFromErrorAndNotify (http://localhost:3001/_next/static/chunks/node_modules__pnpm_a92eadf3._.js:7251:23)
    at translateBaseFn (http://localhost:3001/_next/static/chunks/node_modules__pnpm_a92eadf3._.js:7281:28)
    at translateFn (http://localhost:3001/_next/static/chunks/node_modules__pnpm_a92eadf3._.js:7343:24)
    at labelFor (http://localhost:3001/_next/static/chunks/_af79dd3a._.js:633:30)
    at http://localhost:3001/_next/static/chunks/_af79dd3a._.js:142:34
    at Array.map (<anonymous>)
    at RegionChoropleth (http://localhost:3001/_next/static/chunks/_af79dd3a._.js:134:43)
    at Object.react_stack_bottom_frame (http://localhost:3001/_next/static/chunks/f12ff_next_dist_compiled_react-dom_7b2f6d3d._.js:14826:24)
    at renderWithHooks (http://localhost:3001/_next/static/chunks/f12ff_next_dist_compiled_react-dom_7b2f6d3d._.js:4651:24)
    at updateFunctionComponent (http://localhost:3001/_next/static/chunks/f12ff_next_dist_compiled_react-dom_7b2f6d3d._.js:6112:21)
    at beginWork (http://localhost:3001/_next/static/chunks/f12ff_next_dist_compiled_react-dom_7b2f6d3d._.js:6708:24)
    at runWithFiberInDEV (http://localhost:3001/_next/static/chunks/f12ff_next_dist_compiled_react-dom_7b2f6d3d._.js:965:74)
    at performUnitOfWork (http://localhost:3001/_next/static/chunks/f12ff_next_dist_compiled_react-dom_7b2f6d3d._.js:9562:97)
    at workLoopSync (http://localhost:3001/_next/static/chunks/f12ff_next_dist_compiled_react-dom_7b2f6d3d._.js:9456:40)
    at renderRootSync (http://localhost:3001/_next/static/chunks/f12ff_next_dist_compiled_react-dom_7b2f6d3d._.js:9440:13)
    at performWorkOnRoot (http://localhost:3001/_next/static/chunks/f12ff_next_dist_compiled_react-dom_7b2f6d3d._.js:9068:186)
    at performWorkOnRootViaSchedulerTask (http://localhost:3001/_next/static/chunks/f12ff_next_dist_compiled_react-dom_7b2f6d3d._.js:10230:9)
    at MessagePort.performWorkUntilDeadline (http://localhost:3001/_next/static/chunks/f12ff_next_dist_compiled_cd863794._.js:2647:64) @ http://localhost:3001/_next/static/chunks/f12ff_next_dist_95687940._.js:3132
[  833071ms] [ERROR] IntlError: MISSING_MESSAGE: Cannot read properties of undefined (reading 'split')
    at getFallbackFromErrorAndNotify (http://localhost:3001/_next/static/chunks/node_modules__pnpm_a92eadf3._.js:7251:23)
    at translateBaseFn (http://localhost:3001/_next/static/chunks/node_modules__pnpm_a92eadf3._.js:7281:28)
    at translateFn (http://localhost:3001/_next/static/chunks/node_modules__pnpm_a92eadf3._.js:7343:24)
    at labelFor (http://localhost:3001/_next/static/chunks/_af79dd3a._.js:633:30)
    at http://localhost:3001/_next/static/chunks/_af79dd3a._.js:142:34
    at Array.map (<anonymous>)
    at RegionChoropleth (http://localhost:3001/_next/static/chunks/_af79dd3a._.js:134:43)
    at Object.react_stack_bottom_frame (http://localhost:3001/_next/static/chunks/f12ff_next_dist_compiled_react-dom_7b2f6d3d._.js:14826:24)
    at renderWithHooks (http://localhost:3001/_next/static/chunks/f12ff_next_dist_compiled_react-dom_7b2f6d3d._.js:4651:24)
    at updateFunctionComponent (http://localhost:3001/_next/static/chunks/f12ff_next_dist_compiled_react-dom_7b2f6d3d._.js:6112:21)
    at beginWork (http://localhost:3001/_next/static/chunks/f12ff_next_dist_compiled_react-dom_7b2f6d3d._.js:6708:24)
    at runWithFiberInDEV (http://localhost:3001/_next/static/chunks/f12ff_next_dist_compiled_react-dom_7b2f6d3d._.js:965:74)
    at performUnitOfWork (http://localhost:3001/_next/static/chunks/f12ff_next_dist_compiled_react-dom_7b2f6d3d._.js:9562:97)
    at workLoopSync (http://localhost:3001/_next/static/chunks/f12ff_next_dist_compiled_react-dom_7b2f6d3d._.js:9456:40)
    at renderRootSync (http://localhost:3001/_next/static/chunks/f12ff_next_dist_compiled_react-dom_7b2f6d3d._.js:9440:13)
    at performWorkOnRoot (http://localhost:3001/_next/static/chunks/f12ff_next_dist_compiled_react-dom_7b2f6d3d._.js:9068:186)
    at performWorkOnRootViaSchedulerTask (http://localhost:3001/_next/static/chunks/f12ff_next_dist_compiled_react-dom_7b2f6d3d._.js:10230:9)
    at MessagePort.performWorkUntilDeadline (http://localhost:3001/_next/static/chunks/f12ff_next_dist_compiled_cd863794._.js:2647:64) @ http://localhost:3001/_next/static/chunks/f12ff_next_dist_95687940._.js:3132
[  833071ms] [ERROR] IntlError: MISSING_MESSAGE: Cannot read properties of undefined (reading 'split')
    at getFallbackFromErrorAndNotify (http://localhost:3001/_next/static/chunks/node_modules__pnpm_a92eadf3._.js:7251:23)
    at translateBaseFn (http://localhost:3001/_next/static/chunks/node_modules__pnpm_a92eadf3._.js:7281:28)
    at translateFn (http://localhost:3001/_next/static/chunks/node_modules__pnpm_a92eadf3._.js:7343:24)
    at labelFor (http://localhost:3001/_next/static/chunks/_af79dd3a._.js:633:30)
    at http://localhost:3001/_next/static/chunks/_af79dd3a._.js:142:34
    at Array.map (<anonymous>)
    at RegionChoropleth (http://localhost:3001/_next/static/chunks/_af79dd3a._.js:134:43)
    at Object.react_stack_bottom_frame (http://localhost:3001/_next/static/chunks/f12ff_next_dist_compiled_react-dom_7b2f6d3d._.js:14826:24)
    at renderWithHooks (http://localhost:3001/_next/static/chunks/f12ff_next_dist_compiled_react-dom_7b2f6d3d._.js:4651:24)
    at updateFunctionComponent (http://localhost:3001/_next/static/chunks/f12ff_next_dist_compiled_react-dom_7b2f6d3d._.js:6112:21)
    at beginWork (http://localhost:3001/_next/static/chunks/f12ff_next_dist_compiled_react-dom_7b2f6d3d._.js:6708:24)
    at runWithFiberInDEV (http://localhost:3001/_next/static/chunks/f12ff_next_dist_compiled_react-dom_7b2f6d3d._.js:965:74)
    at performUnitOfWork (http://localhost:3001/_next/static/chunks/f12ff_next_dist_compiled_react-dom_7b2f6d3d._.js:9562:97)
    at workLoopSync (http://localhost:3001/_next/static/chunks/f12ff_next_dist_compiled_react-dom_7b2f6d3d._.js:9456:40)
    at renderRootSync (http://localhost:3001/_next/static/chunks/f12ff_next_dist_compiled_react-dom_7b2f6d3d._.js:9440:13)
    at performWorkOnRoot (http://localhost:3001/_next/static/chunks/f12ff_next_dist_compiled_react-dom_7b2f6d3d._.js:9068:186)
    at performWorkOnRootViaSchedulerTask (http://localhost:3001/_next/static/chunks/f12ff_next_dist_compiled_react-dom_7b2f6d3d._.js:10230:9)
    at MessagePort.performWorkUntilDeadline (http://localhost:3001/_next/static/chunks/f12ff_next_dist_compiled_cd863794._.js:2647:64) @ http://localhost:3001/_next/static/chunks/f12ff_next_dist_95687940._.js:3132
[  833071ms] [ERROR] IntlError: MISSING_MESSAGE: Cannot read properties of undefined (reading 'split')
    at getFallbackFromErrorAndNotify (http://localhost:3001/_next/static/chunks/node_modules__pnpm_a92eadf3._.js:7251:23)
    at translateBaseFn (http://localhost:3001/_next/static/chunks/node_modules__pnpm_a92eadf3._.js:7281:28)
    at translateFn (http://localhost:3001/_next/static/chunks/node_modules__pnpm_a92eadf3._.js:7343:24)
    at labelFor (http://localhost:3001/_next/static/chunks/_af79dd3a._.js:633:30)
    at http://localhost:3001/_next/static/chunks/_af79dd3a._.js:142:34
    at Array.map (<anonymous>)
    at RegionChoropleth (http://localhost:3001/_next/static/chunks/_af79dd3a._.js:134:43)
    at Object.react_stack_bottom_frame (http://localhost:3001/_next/static/chunks/f12ff_next_dist_compiled_react-dom_7b2f6d3d._.js:14826:24)
    at renderWithHooksAgain (http://localhost:3001/_next/static/chunks/f12ff_next_dist_compiled_react-dom_7b2f6d3d._.js:4706:24)
    at renderWithHooks (http://localhost:3001/_next/static/chunks/f12ff_next_dist_compiled_react-dom_7b2f6d3d._.js:4657:28)
    at updateFunctionComponent (http://localhost:3001/_next/static/chunks/f12ff_next_dist_compiled_react-dom_7b2f6d3d._.js:6112:21)
    at beginWork (http://localhost:3001/_next/static/chunks/f12ff_next_dist_compiled_react-dom_7b2f6d3d._.js:6708:24)
    at runWithFiberInDEV (http://localhost:3001/_next/static/chunks/f12ff_next_dist_compiled_react-dom_7b2f6d3d._.js:965:74)
    at performUnitOfWork (http://localhost:3001/_next/static/chunks/f12ff_next_dist_compiled_react-dom_7b2f6d3d._.js:9562:97)
    at workLoopSync (http://localhost:3001/_next/static/chunks/f12ff_next_dist_compiled_react-dom_7b2f6d3d._.js:9456:40)
    at renderRootSync (http://localhost:3001/_next/static/chunks/f12ff_next_dist_compiled_react-dom_7b2f6d3d._.js:9440:13)
    at performWorkOnRoot (http://localhost:3001/_next/static/chunks/f12ff_next_dist_compiled_react-dom_7b2f6d3d._.js:9068:186)
    at performWorkOnRootViaSchedulerTask (http://localhost:3001/_next/static/chunks/f12ff_next_dist_compiled_react-dom_7b2f6d3d._.js:10230:9)
    at MessagePort.performWorkUntilDeadline (http://localhost:3001/_next/static/chunks/f12ff_next_dist_compiled_cd863794._.js:2647:64) @ http://localhost:3001/_next/static/chunks/f12ff_next_dist_95687940._.js:3132
[  833072ms] [ERROR] IntlError: MISSING_MESSAGE: Cannot read properties of undefined (reading 'split')
    at getFallbackFromErrorAndNotify (http://localhost:3001/_next/static/chunks/node_modules__pnpm_a92eadf3._.js:7251:23)
    at translateBaseFn (http://localhost:3001/_next/static/chunks/node_modules__pnpm_a92eadf3._.js:7281:28)
    at translateFn (http://localhost:3001/_next/static/chunks/node_modules__pnpm_a92eadf3._.js:7343:24)
    at labelFor (http://localhost:3001/_next/static/chunks/_af79dd3a._.js:633:30)
    at http://localhost:3001/_next/static/chunks/_af79dd3a._.js:142:34
    at Array.map (<anonymous>)
    at RegionChoropleth (http://localhost:3001/_next/static/chunks/_af79dd3a._.js:134:43)
    at Object.react_stack_bottom_frame (http://localhost:3001/_next/static/chunks/f12ff_next_dist_compiled_react-dom_7b2f6d3d._.js:14826:24)
    at renderWithHooksAgain (http://localhost:3001/_next/static/chunks/f12ff_next_dist_compiled_react-dom_7b2f6d3d._.js:4706:24)
    at renderWithHooks (http://localhost:3001/_next/static/chunks/f12ff_next_dist_compiled_react-dom_7b2f6d3d._.js:4657:28)
    at updateFunctionComponent (http://localhost:3001/_next/static/chunks/f12ff_next_dist_compiled_react-dom_7b2f6d3d._.js:6112:21)
    at beginWork (http://localhost:3001/_next/static/chunks/f12ff_next_dist_compiled_react-dom_7b2f6d3d._.js:6708:24)
    at runWithFiberInDEV (http://localhost:3001/_next/static/chunks/f12ff_next_dist_compiled_react-dom_7b2f6d3d._.js:965:74)
    at performUnitOfWork (http://localhost:3001/_next/static/chunks/f12ff_next_dist_compiled_react-dom_7b2f6d3d._.js:9562:97)
    at workLoopSync (http://localhost:3001/_next/static/chunks/f12ff_next_dist_compiled_react-dom_7b2f6d3d._.js:9456:40)
    at renderRootSync (http://localhost:3001/_next/static/chunks/f12ff_next_dist_compiled_react-dom_7b2f6d3d._.js:9440:13)
    at performWorkOnRoot (http://localhost:3001/_next/static/chunks/f12ff_next_dist_compiled_react-dom_7b2f6d3d._.js:9068:186)
    at performWorkOnRootViaSchedulerTask (http://localhost:3001/_next/static/chunks/f12ff_next_dist_compiled_react-dom_7b2f6d3d._.js:10230:9)
    at MessagePort.performWorkUntilDeadline (http://localhost:3001/_next/static/chunks/f12ff_next_dist_compiled_cd863794._.js:2647:64) @ http://localhost:3001/_next/static/chunks/f12ff_next_dist_95687940._.js:3132
[  833072ms] [ERROR] IntlError: MISSING_MESSAGE: Cannot read properties of undefined (reading 'split')
    at getFallbackFromErrorAndNotify (http://localhost:3001/_next/static/chunks/node_modules__pnpm_a92eadf3._.js:7251:23)
    at translateBaseFn (http://localhost:3001/_next/static/chunks/node_modules__pnpm_a92eadf3._.js:7281:28)
    at translateFn (http://localhost:3001/_next/static/chunks/node_modules__pnpm_a92eadf3._.js:7343:24)
    at labelFor (http://localhost:3001/_next/static/chunks/_af79dd3a._.js:633:30)
    at http://localhost:3001/_next/static/chunks/_af79dd3a._.js:142:34
    at Array.map (<anonymous>)
    at RegionChoropleth (http://localhost:3001/_next/static/chunks/_af79dd3a._.js:134:43)
    at Object.react_stack_bottom_frame (http://localhost:3001/_next/static/chunks/f12ff_next_dist_compiled_react-dom_7b2f6d3d._.js:14826:24)
    at renderWithHooksAgain (http://localhost:3001/_next/static/chunks/f12ff_next_dist_compiled_react-dom_7b2f6d3d._.js:4706:24)
    at renderWithHooks (http://localhost:3001/_next/static/chunks/f12ff_next_dist_compiled_react-dom_7b2f6d3d._.js:4657:28)
    at updateFunctionComponent (http://localhost:3001/_next/static/chunks/f12ff_next_dist_compiled_react-dom_7b2f6d3d._.js:6112:21)
    at beginWork (http://localhost:3001/_next/static/chunks/f12ff_next_dist_compiled_react-dom_7b2f6d3d._.js:6708:24)
    at runWithFiberInDEV (http://localhost:3001/_next/static/chunks/f12ff_next_dist_compiled_react-dom_7b2f6d3d._.js:965:74)
    at performUnitOfWork (http://localhost:3001/_next/static/chunks/f12ff_next_dist_compiled_react-dom_7b2f6d3d._.js:9562:97)
    at workLoopSync (http://localhost:3001/_next/static/chunks/f12ff_next_dist_compiled_react-dom_7b2f6d3d._.js:9456:40)
    at renderRootSync (http://localhost:3001/_next/static/chunks/f12ff_next_dist_compiled_react-dom_7b2f6d3d._.js:9440:13)
    at performWorkOnRoot (http://localhost:3001/_next/static/chunks/f12ff_next_dist_compiled_react-dom_7b2f6d3d._.js:9068:186)
    at performWorkOnRootViaSchedulerTask (http://localhost:3001/_next/static/chunks/f12ff_next_dist_compiled_react-dom_7b2f6d3d._.js:10230:9)
    at MessagePort.performWorkUntilDeadline (http://localhost:3001/_next/static/chunks/f12ff_next_dist_compiled_cd863794._.js:2647:64) @ http://localhost:3001/_next/static/chunks/f12ff_next_dist_95687940._.js:3132
[  833072ms] [ERROR] IntlError: MISSING_MESSAGE: Cannot read properties of undefined (reading 'split')
    at getFallbackFromErrorAndNotify (http://localhost:3001/_next/static/chunks/node_modules__pnpm_a92eadf3._.js:7251:23)
    at translateBaseFn (http://localhost:3001/_next/static/chunks/node_modules__pnpm_a92eadf3._.js:7281:28)
    at translateFn (http://localhost:3001/_next/static/chunks/node_modules__pnpm_a92eadf3._.js:7343:24)
    at labelFor (http://localhost:3001/_next/static/chunks/_af79dd3a._.js:633:30)
    at http://localhost:3001/_next/static/chunks/_af79dd3a._.js:142:34
    at Array.map (<anonymous>)
    at RegionChoropleth (http://localhost:3001/_next/static/chunks/_af79dd3a._.js:134:43)
    at Object.react_stack_bottom_frame (http://localhost:3001/_next/static/chunks/f12ff_next_dist_compiled_react-dom_7b2f6d3d._.js:14826:24)
    at renderWithHooksAgain (http://localhost:3001/_next/static/chunks/f12ff_next_dist_compiled_react-dom_7b2f6d3d._.js:4706:24)
    at renderWithHooks (http://localhost:3001/_next/static/chunks/f12ff_next_dist_compiled_react-dom_7b2f6d3d._.js:4657:28)
    at updateFunctionComponent (http://localhost:3001/_next/static/chunks/f12ff_next_dist_compiled_react-dom_7b2f6d3d._.js:6112:21)
    at beginWork (http://localhost:3001/_next/static/chunks/f12ff_next_dist_compiled_react-dom_7b2f6d3d._.js:6708:24)
    at runWithFiberInDEV (http://localhost:3001/_next/static/chunks/f12ff_next_dist_compiled_react-dom_7b2f6d3d._.js:965:74)
    at performUnitOfWork (http://localhost:3001/_next/static/chunks/f12ff_next_dist_compiled_react-dom_7b2f6d3d._.js:9562:97)
    at workLoopSync (http://localhost:3001/_next/static/chunks/f12ff_next_dist_compiled_react-dom_7b2f6d3d._.js:9456:40)
    at renderRootSync (http://localhost:3001/_next/static/chunks/f12ff_next_dist_compiled_react-dom_7b2f6d3d._.js:9440:13)
    at performWorkOnRoot (http://localhost:3001/_next/static/chunks/f12ff_next_dist_compiled_react-dom_7b2f6d3d._.js:9068:186)
    at performWorkOnRootViaSchedulerTask (http://localhost:3001/_next/static/chunks/f12ff_next_dist_compiled_react-dom_7b2f6d3d._.js:10230:9)
    at MessagePort.performWorkUntilDeadline (http://localhost:3001/_next/static/chunks/f12ff_next_dist_compiled_cd863794._.js:2647:64) @ http://localhost:3001/_next/static/chunks/f12ff_next_dist_95687940._.js:3132
[  833072ms] [ERROR] IntlError: MISSING_MESSAGE: Cannot read properties of undefined (reading 'split')
    at getFallbackFromErrorAndNotify (http://localhost:3001/_next/static/chunks/node_modules__pnpm_a92eadf3._.js:7251:23)
    at translateBaseFn (http://localhost:3001/_next/static/chunks/node_modules__pnpm_a92eadf3._.js:7281:28)
    at translateFn (http://localhost:3001/_next/static/chunks/node_modules__pnpm_a92eadf3._.js:7343:24)
    at labelFor (http://localhost:3001/_next/static/chunks/_af79dd3a._.js:633:30)
    at http://localhost:3001/_next/static/chunks/_af79dd3a._.js:142:34
    at Array.map (<anonymous>)
    at RegionChoropleth (http://localhost:3001/_next/static/chunks/_af79dd3a._.js:134:43)
    at Object.react_stack_bottom_frame (http://localhost:3001/_next/static/chunks/f12ff_next_dist_compiled_react-dom_7b2f6d3d._.js:14826:24)
    at renderWithHooksAgain (http://localhost:3001/_next/static/chunks/f12ff_next_dist_compiled_react-dom_7b2f6d3d._.js:4706:24)
    at renderWithHooks (http://localhost:3001/_next/static/chunks/f12ff_next_dist_compiled_react-dom_7b2f6d3d._.js:4657:28)
    at updateFunctionComponent (http://localhost:3001/_next/static/chunks/f12ff_next_dist_compiled_react-dom_7b2f6d3d._.js:6112:21)
    at beginWork (http://localhost:3001/_next/static/chunks/f12ff_next_dist_compiled_react-dom_7b2f6d3d._.js:6708:24)
    at runWithFiberInDEV (http://localhost:3001/_next/static/chunks/f12ff_next_dist_compiled_react-dom_7b2f6d3d._.js:965:74)
    at performUnitOfWork (http://localhost:3001/_next/static/chunks/f12ff_next_dist_compiled_react-dom_7b2f6d3d._.js:9562:97)
    at workLoopSync (http://localhost:3001/_next/static/chunks/f12ff_next_dist_compiled_react-dom_7b2f6d3d._.js:9456:40)
    at renderRootSync (http://localhost:3001/_next/static/chunks/f12ff_next_dist_compiled_react-dom_7b2f6d3d._.js:9440:13)
    at performWorkOnRoot (http://localhost:3001/_next/static/chunks/f12ff_next_dist_compiled_react-dom_7b2f6d3d._.js:9068:186)
    at performWorkOnRootViaSchedulerTask (http://localhost:3001/_next/static/chunks/f12ff_next_dist_compiled_react-dom_7b2f6d3d._.js:10230:9)
    at MessagePort.performWorkUntilDeadline (http://localhost:3001/_next/static/chunks/f12ff_next_dist_compiled_cd863794._.js:2647:64) @ http://localhost:3001/_next/static/chunks/f12ff_next_dist_95687940._.js:3132
[  833072ms] [ERROR] IntlError: MISSING_MESSAGE: Cannot read properties of undefined (reading 'split')
    at getFallbackFromErrorAndNotify (http://localhost:3001/_next/static/chunks/node_modules__pnpm_a92eadf3._.js:7251:23)
    at translateBaseFn (http://localhost:3001/_next/static/chunks/node_modules__pnpm_a92eadf3._.js:7281:28)
    at translateFn (http://localhost:3001/_next/static/chunks/node_modules__pnpm_a92eadf3._.js:7343:24)
    at labelFor (http://localhost:3001/_next/static/chunks/_af79dd3a._.js:633:30)
    at http://localhost:3001/_next/static/chunks/_af79dd3a._.js:142:34
    at Array.map (<anonymous>)
    at RegionChoropleth (http://localhost:3001/_next/static/chunks/_af79dd3a._.js:134:43)
    at Object.react_stack_bottom_frame (http://localhost:3001/_next/static/chunks/f12ff_next_dist_compiled_react-dom_7b2f6d3d._.js:14826:24)
    at renderWithHooksAgain (http://localhost:3001/_next/static/chunks/f12ff_next_dist_compiled_react-dom_7b2f6d3d._.js:4706:24)
    at renderWithHooks (http://localhost:3001/_next/static/chunks/f12ff_next_dist_compiled_react-dom_7b2f6d3d._.js:4657:28)
    at updateFunctionComponent (http://localhost:3001/_next/static/chunks/f12ff_next_dist_compiled_react-dom_7b2f6d3d._.js:6112:21)
    at beginWork (http://localhost:3001/_next/static/chunks/f12ff_next_dist_compiled_react-dom_7b2f6d3d._.js:6708:24)
    at runWithFiberInDEV (http://localhost:3001/_next/static/chunks/f12ff_next_dist_compiled_react-dom_7b2f6d3d._.js:965:74)
    at performUnitOfWork (http://localhost:3001/_next/static/chunks/f12ff_next_dist_compiled_react-dom_7b2f6d3d._.js:9562:97)
    at workLoopSync (http://localhost:3001/_next/static/chunks/f12ff_next_dist_compiled_react-dom_7b2f6d3d._.js:9456:40)
    at renderRootSync (http://localhost:3001/_next/static/chunks/f12ff_next_dist_compiled_react-dom_7b2f6d3d._.js:9440:13)
    at performWorkOnRoot (http://localhost:3001/_next/static/chunks/f12ff_next_dist_compiled_react-dom_7b2f6d3d._.js:9068:186)
    at performWorkOnRootViaSchedulerTask (http://localhost:3001/_next/static/chunks/f12ff_next_dist_compiled_react-dom_7b2f6d3d._.js:10230:9)
    at MessagePort.performWorkUntilDeadline (http://localhost:3001/_next/static/chunks/f12ff_next_dist_compiled_cd863794._.js:2647:64) @ http://localhost:3001/_next/static/chunks/f12ff_next_dist_95687940._.js:3132
[  833072ms] [ERROR] IntlError: MISSING_MESSAGE: Cannot read properties of undefined (reading 'split')
    at getFallbackFromErrorAndNotify (http://localhost:3001/_next/static/chunks/node_modules__pnpm_a92eadf3._.js:7251:23)
    at translateBaseFn (http://localhost:3001/_next/static/chunks/node_modules__pnpm_a92eadf3._.js:7281:28)
    at translateFn (http://localhost:3001/_next/static/chunks/node_modules__pnpm_a92eadf3._.js:7343:24)
    at labelFor (http://localhost:3001/_next/static/chunks/_af79dd3a._.js:633:30)
    at http://localhost:3001/_next/static/chunks/_af79dd3a._.js:142:34
    at Array.map (<anonymous>)
    at RegionChoropleth (http://localhost:3001/_next/static/chunks/_af79dd3a._.js:134:43)
    at Object.react_stack_bottom_frame (http://localhost:3001/_next/static/chunks/f12ff_next_dist_compiled_react-dom_7b2f6d3d._.js:14826:24)
    at renderWithHooksAgain (http://localhost:3001/_next/static/chunks/f12ff_next_dist_compiled_react-dom_7b2f6d3d._.js:4706:24)
    at renderWithHooks (http://localhost:3001/_next/static/chunks/f12ff_next_dist_compiled_react-dom_7b2f6d3d._.js:4657:28)
    at updateFunctionComponent (http://localhost:3001/_next/static/chunks/f12ff_next_dist_compiled_react-dom_7b2f6d3d._.js:6112:21)
    at beginWork (http://localhost:3001/_next/static/chunks/f12ff_next_dist_compiled_react-dom_7b2f6d3d._.js:6708:24)
    at runWithFiberInDEV (http://localhost:3001/_next/static/chunks/f12ff_next_dist_compiled_react-dom_7b2f6d3d._.js:965:74)
    at performUnitOfWork (http://localhost:3001/_next/static/chunks/f12ff_next_dist_compiled_react-dom_7b2f6d3d._.js:9562:97)
    at workLoopSync (http://localhost:3001/_next/static/chunks/f12ff_next_dist_compiled_react-dom_7b2f6d3d._.js:9456:40)
    at renderRootSync (http://localhost:3001/_next/static/chunks/f12ff_next_dist_compiled_react-dom_7b2f6d3d._.js:9440:13)
    at performWorkOnRoot (http://localhost:3001/_next/static/chunks/f12ff_next_dist_compiled_react-dom_7b2f6d3d._.js:9068:186)
    at performWorkOnRootViaSchedulerTask (http://localhost:3001/_next/static/chunks/f12ff_next_dist_compiled_react-dom_7b2f6d3d._.js:10230:9)
    at MessagePort.performWorkUntilDeadline (http://localhost:3001/_next/static/chunks/f12ff_next_dist_compiled_cd863794._.js:2647:64) @ http://localhost:3001/_next/static/chunks/f12ff_next_dist_95687940._.js:3132
[  833082ms] [ERROR] IntlError: MISSING_MESSAGE: Cannot read properties of undefined (reading 'split')
    at getFallbackFromErrorAndNotify (http://localhost:3001/_next/static/chunks/node_modules__pnpm_a92eadf3._.js:7251:23)
    at translateBaseFn (http://localhost:3001/_next/static/chunks/node_modules__pnpm_a92eadf3._.js:7281:28)
    at translateFn (http://localhost:3001/_next/static/chunks/node_modules__pnpm_a92eadf3._.js:7343:24)
    at labelFor (http://localhost:3001/_next/static/chunks/_af79dd3a._.js:633:30)
    at http://localhost:3001/_next/static/chunks/_af79dd3a._.js:142:34
    at Array.map (<anonymous>)
    at RegionChoropleth (http://localhost:3001/_next/static/chunks/_af79dd3a._.js:134:43)
    at Object.react_stack_bottom_frame (http://localhost:3001/_next/static/chunks/f12ff_next_dist_compiled_react-dom_7b2f6d3d._.js:14826:24)
    at renderWithHooks (http://localhost:3001/_next/static/chunks/f12ff_next_dist_compiled_react-dom_7b2f6d3d._.js:4651:24)
    at updateFunctionComponent (http://localhost:3001/_next/static/chunks/f12ff_next_dist_compiled_react-dom_7b2f6d3d._.js:6112:21)
    at beginWork (http://localhost:3001/_next/static/chunks/f12ff_next_dist_compiled_react-dom_7b2f6d3d._.js:6708:24)
    at runWithFiberInDEV (http://localhost:3001/_next/static/chunks/f12ff_next_dist_compiled_react-dom_7b2f6d3d._.js:965:74)
    at performUnitOfWork (http://localhost:3001/_next/static/chunks/f12ff_next_dist_compiled_react-dom_7b2f6d3d._.js:9562:97)
    at workLoopSync (http://localhost:3001/_next/static/chunks/f12ff_next_dist_compiled_react-dom_7b2f6d3d._.js:9456:40)
    at renderRootSync (http://localhost:3001/_next/static/chunks/f12ff_next_dist_compiled_react-dom_7b2f6d3d._.js:9440:13)
    at performWorkOnRoot (http://localhost:3001/_next/static/chunks/f12ff_next_dist_compiled_react-dom_7b2f6d3d._.js:9068:186)
    at performWorkOnRootViaSchedulerTask (http://localhost:3001/_next/static/chunks/f12ff_next_dist_compiled_react-dom_7b2f6d3d._.js:10230:9)
    at MessagePort.performWorkUntilDeadline (http://localhost:3001/_next/static/chunks/f12ff_next_dist_compiled_cd863794._.js:2647:64) @ http://localhost:3001/_next/static/chunks/f12ff_next_dist_95687940._.js:3132
[  833082ms] [ERROR] IntlError: MISSING_MESSAGE: Cannot read properties of undefined (reading 'split')
    at getFallbackFromErrorAndNotify (http://localhost:3001/_next/static/chunks/node_modules__pnpm_a92eadf3._.js:7251:23)
    at translateBaseFn (http://localhost:3001/_next/static/chunks/node_modules__pnpm_a92eadf3._.js:7281:28)
    at translateFn (http://localhost:3001/_next/static/chunks/node_modules__pnpm_a92eadf3._.js:7343:24)
    at labelFor (http://localhost:3001/_next/static/chunks/_af79dd3a._.js:633:30)
    at http://localhost:3001/_next/static/chunks/_af79dd3a._.js:142:34
    at Array.map (<anonymous>)
    at RegionChoropleth (http://localhost:3001/_next/static/chunks/_af79dd3a._.js:134:43)
    at Object.react_stack_bottom_frame (http://localhost:3001/_next/static/chunks/f12ff_next_dist_compiled_react-dom_7b2f6d3d._.js:14826:24)
    at renderWithHooks (http://localhost:3001/_next/static/chunks/f12ff_next_dist_compiled_react-dom_7b2f6d3d._.js:4651:24)
    at updateFunctionComponent (http://localhost:3001/_next/static/chunks/f12ff_next_dist_compiled_react-dom_7b2f6d3d._.js:6112:21)
    at beginWork (http://localhost:3001/_next/static/chunks/f12ff_next_dist_compiled_react-dom_7b2f6d3d._.js:6708:24)
    at runWithFiberInDEV (http://localhost:3001/_next/static/chunks/f12ff_next_dist_compiled_react-dom_7b2f6d3d._.js:965:74)
    at performUnitOfWork (http://localhost:3001/_next/static/chunks/f12ff_next_dist_compiled_react-dom_7b2f6d3d._.js:9562:97)
    at workLoopSync (http://localhost:3001/_next/static/chunks/f12ff_next_dist_compiled_react-dom_7b2f6d3d._.js:9456:40)
    at renderRootSync (http://localhost:3001/_next/static/chunks/f12ff_next_dist_compiled_react-dom_7b2f6d3d._.js:9440:13)
    at performWorkOnRoot (http://localhost:3001/_next/static/chunks/f12ff_next_dist_compiled_react-dom_7b2f6d3d._.js:9068:186)
    at performWorkOnRootViaSchedulerTask (http://localhost:3001/_next/static/chunks/f12ff_next_dist_compiled_react-dom_7b2f6d3d._.js:10230:9)
    at MessagePort.performWorkUntilDeadline (http://localhost:3001/_next/static/chunks/f12ff_next_dist_compiled_cd863794._.js:2647:64) @ http://localhost:3001/_next/static/chunks/f12ff_next_dist_95687940._.js:3132
[  833082ms] [ERROR] IntlError: MISSING_MESSAGE: Cannot read properties of undefined (reading 'split')
    at getFallbackFromErrorAndNotify (http://localhost:3001/_next/static/chunks/node_modules__pnpm_a92eadf3._.js:7251:23)
    at translateBaseFn (http://localhost:3001/_next/static/chunks/node_modules__pnpm_a92eadf3._.js:7281:28)
    at translateFn (http://localhost:3001/_next/static/chunks/node_modules__pnpm_a92eadf3._.js:7343:24)
    at labelFor (http://localhost:3001/_next/static/chunks/_af79dd3a._.js:633:30)
    at http://localhost:3001/_next/static/chunks/_af79dd3a._.js:142:34
    at Array.map (<anonymous>)
    at RegionChoropleth (http://localhost:3001/_next/static/chunks/_af79dd3a._.js:134:43)
    at Object.react_stack_bottom_frame (http://localhost:3001/_next/static/chunks/f12ff_next_dist_compiled_react-dom_7b2f6d3d._.js:14826:24)
    at renderWithHooks (http://localhost:3001/_next/static/chunks/f12ff_next_dist_compiled_react-dom_7b2f6d3d._.js:4651:24)
    at updateFunctionComponent (http://localhost:3001/_next/static/chunks/f12ff_next_dist_compiled_react-dom_7b2f6d3d._.js:6112:21)
    at beginWork (http://localhost:3001/_next/static/chunks/f12ff_next_dist_compiled_react-dom_7b2f6d3d._.js:6708:24)
    at runWithFiberInDEV (http://localhost:3001/_next/static/chunks/f12ff_next_dist_compiled_react-dom_7b2f6d3d._.js:965:74)
    at performUnitOfWork (http://localhost:3001/_next/static/chunks/f12ff_next_dist_compiled_react-dom_7b2f6d3d._.js:9562:97)
    at workLoopSync (http://localhost:3001/_next/static/chunks/f12ff_next_dist_compiled_react-dom_7b2f6d3d._.js:9456:40)
    at renderRootSync (http://localhost:3001/_next/static/chunks/f12ff_next_dist_compiled_react-dom_7b2f6d3d._.js:9440:13)
    at performWorkOnRoot (http://localhost:3001/_next/static/chunks/f12ff_next_dist_compiled_react-dom_7b2f6d3d._.js:9068:186)
    at performWorkOnRootViaSchedulerTask (http://localhost:3001/_next/static/chunks/f12ff_next_dist_compiled_react-dom_7b2f6d3d._.js:10230:9)
    at MessagePort.performWorkUntilDeadline (http://localhost:3001/_next/static/chunks/f12ff_next_dist_compiled_cd863794._.js:2647:64) @ http://localhost:3001/_next/static/chunks/f12ff_next_dist_95687940._.js:3132
[  833083ms] [ERROR] IntlError: MISSING_MESSAGE: Cannot read properties of undefined (reading 'split')
    at getFallbackFromErrorAndNotify (http://localhost:3001/_next/static/chunks/node_modules__pnpm_a92eadf3._.js:7251:23)
    at translateBaseFn (http://localhost:3001/_next/static/chunks/node_modules__pnpm_a92eadf3._.js:7281:28)
    at translateFn (http://localhost:3001/_next/static/chunks/node_modules__pnpm_a92eadf3._.js:7343:24)
    at labelFor (http://localhost:3001/_next/static/chunks/_af79dd3a._.js:633:30)
    at http://localhost:3001/_next/static/chunks/_af79dd3a._.js:142:34
    at Array.map (<anonymous>)
    at RegionChoropleth (http://localhost:3001/_next/static/chunks/_af79dd3a._.js:134:43)
    at Object.react_stack_bottom_frame (http://localhost:3001/_next/static/chunks/f12ff_next_dist_compiled_react-dom_7b2f6d3d._.js:14826:24)
    at renderWithHooks (http://localhost:3001/_next/static/chunks/f12ff_next_dist_compiled_react-dom_7b2f6d3d._.js:4651:24)
    at updateFunctionComponent (http://localhost:3001/_next/static/chunks/f12ff_next_dist_compiled_react-dom_7b2f6d3d._.js:6112:21)
    at beginWork (http://localhost:3001/_next/static/chunks/f12ff_next_dist_compiled_react-dom_7b2f6d3d._.js:6708:24)
    at runWithFiberInDEV (http://localhost:3001/_next/static/chunks/f12ff_next_dist_compiled_react-dom_7b2f6d3d._.js:965:74)
    at performUnitOfWork (http://localhost:3001/_next/static/chunks/f12ff_next_dist_compiled_react-dom_7b2f6d3d._.js:9562:97)
    at workLoopSync (http://localhost:3001/_next/static/chunks/f12ff_next_dist_compiled_react-dom_7b2f6d3d._.js:9456:40)
    at renderRootSync (http://localhost:3001/_next/static/chunks/f12ff_next_dist_compiled_react-dom_7b2f6d3d._.js:9440:13)
    at performWorkOnRoot (http://localhost:3001/_next/static/chunks/f12ff_next_dist_compiled_react-dom_7b2f6d3d._.js:9068:186)
    at performWorkOnRootViaSchedulerTask (http://localhost:3001/_next/static/chunks/f12ff_next_dist_compiled_react-dom_7b2f6d3d._.js:10230:9)
    at MessagePort.performWorkUntilDeadline (http://localhost:3001/_next/static/chunks/f12ff_next_dist_compiled_cd863794._.js:2647:64) @ http://localhost:3001/_next/static/chunks/f12ff_next_dist_95687940._.js:3132
[  833083ms] [ERROR] IntlError: MISSING_MESSAGE: Cannot read properties of undefined (reading 'split')
    at getFallbackFromErrorAndNotify (http://localhost:3001/_next/static/chunks/node_modules__pnpm_a92eadf3._.js:7251:23)
    at translateBaseFn (http://localhost:3001/_next/static/chunks/node_modules__pnpm_a92eadf3._.js:7281:28)
    at translateFn (http://localhost:3001/_next/static/chunks/node_modules__pnpm_a92eadf3._.js:7343:24)
    at labelFor (http://localhost:3001/_next/static/chunks/_af79dd3a._.js:633:30)
    at http://localhost:3001/_next/static/chunks/_af79dd3a._.js:142:34
    at Array.map (<anonymous>)
    at RegionChoropleth (http://localhost:3001/_next/static/chunks/_af79dd3a._.js:134:43)
    at Object.react_stack_bottom_frame (http://localhost:3001/_next/static/chunks/f12ff_next_dist_compiled_react-dom_7b2f6d3d._.js:14826:24)
    at renderWithHooks (http://localhost:3001/_next/static/chunks/f12ff_next_dist_compiled_react-dom_7b2f6d3d._.js:4651:24)
    at updateFunctionComponent (http://localhost:3001/_next/static/chunks/f12ff_next_dist_compiled_react-dom_7b2f6d3d._.js:6112:21)
    at beginWork (http://localhost:3001/_next/static/chunks/f12ff_next_dist_compiled_react-dom_7b2f6d3d._.js:6708:24)
    at runWithFiberInDEV (http://localhost:3001/_next/static/chunks/f12ff_next_dist_compiled_react-dom_7b2f6d3d._.js:965:74)
    at performUnitOfWork (http://localhost:3001/_next/static/chunks/f12ff_next_dist_compiled_react-dom_7b2f6d3d._.js:9562:97)
    at workLoopSync (http://localhost:3001/_next/static/chunks/f12ff_next_dist_compiled_react-dom_7b2f6d3d._.js:9456:40)
    at renderRootSync (http://localhost:3001/_next/static/chunks/f12ff_next_dist_compiled_react-dom_7b2f6d3d._.js:9440:13)
    at performWorkOnRoot (http://localhost:3001/_next/static/chunks/f12ff_next_dist_compiled_react-dom_7b2f6d3d._.js:9068:186)
    at performWorkOnRootViaSchedulerTask (http://localhost:3001/_next/static/chunks/f12ff_next_dist_compiled_react-dom_7b2f6d3d._.js:10230:9)
    at MessagePort.performWorkUntilDeadline (http://localhost:3001/_next/static/chunks/f12ff_next_dist_compiled_cd863794._.js:2647:64) @ http://localhost:3001/_next/static/chunks/f12ff_next_dist_95687940._.js:3132
[  833083ms] [ERROR] IntlError: MISSING_MESSAGE: Cannot read properties of undefined (reading 'split')
    at getFallbackFromErrorAndNotify (http://localhost:3001/_next/static/chunks/node_modules__pnpm_a92eadf3._.js:7251:23)
    at translateBaseFn (http://localhost:3001/_next/static/chunks/node_modules__pnpm_a92eadf3._.js:7281:28)
    at translateFn (http://localhost:3001/_next/static/chunks/node_modules__pnpm_a92eadf3._.js:7343:24)
    at labelFor (http://localhost:3001/_next/static/chunks/_af79dd3a._.js:633:30)
    at http://localhost:3001/_next/static/chunks/_af79dd3a._.js:142:34
    at Array.map (<anonymous>)
    at RegionChoropleth (http://localhost:3001/_next/static/chunks/_af79dd3a._.js:134:43)
    at Object.react_stack_bottom_frame (http://localhost:3001/_next/static/chunks/f12ff_next_dist_compiled_react-dom_7b2f6d3d._.js:14826:24)
    at renderWithHooks (http://localhost:3001/_next/static/chunks/f12ff_next_dist_compiled_react-dom_7b2f6d3d._.js:4651:24)
    at updateFunctionComponent (http://localhost:3001/_next/static/chunks/f12ff_next_dist_compiled_react-dom_7b2f6d3d._.js:6112:21)
    at beginWork (http://localhost:3001/_next/static/chunks/f12ff_next_dist_compiled_react-dom_7b2f6d3d._.js:6708:24)
    at runWithFiberInDEV (http://localhost:3001/_next/static/chunks/f12ff_next_dist_compiled_react-dom_7b2f6d3d._.js:965:74)
    at performUnitOfWork (http://localhost:3001/_next/static/chunks/f12ff_next_dist_compiled_react-dom_7b2f6d3d._.js:9562:97)
    at workLoopSync (http://localhost:3001/_next/static/chunks/f12ff_next_dist_compiled_react-dom_7b2f6d3d._.js:9456:40)
    at renderRootSync (http://localhost:3001/_next/static/chunks/f12ff_next_dist_compiled_react-dom_7b2f6d3d._.js:9440:13)
    at performWorkOnRoot (http://localhost:3001/_next/static/chunks/f12ff_next_dist_compiled_react-dom_7b2f6d3d._.js:9068:186)
    at performWorkOnRootViaSchedulerTask (http://localhost:3001/_next/static/chunks/f12ff_next_dist_compiled_react-dom_7b2f6d3d._.js:10230:9)
    at MessagePort.performWorkUntilDeadline (http://localhost:3001/_next/static/chunks/f12ff_next_dist_compiled_cd863794._.js:2647:64) @ http://localhost:3001/_next/static/chunks/f12ff_next_dist_95687940._.js:3132
[  833083ms] [ERROR] IntlError: MISSING_MESSAGE: Cannot read properties of undefined (reading 'split')
    at getFallbackFromErrorAndNotify (http://localhost:3001/_next/static/chunks/node_modules__pnpm_a92eadf3._.js:7251:23)
    at translateBaseFn (http://localhost:3001/_next/static/chunks/node_modules__pnpm_a92eadf3._.js:7281:28)
    at translateFn (http://localhost:3001/_next/static/chunks/node_modules__pnpm_a92eadf3._.js:7343:24)
    at labelFor (http://localhost:3001/_next/static/chunks/_af79dd3a._.js:633:30)
    at http://localhost:3001/_next/static/chunks/_af79dd3a._.js:142:34
    at Array.map (<anonymous>)
    at RegionChoropleth (http://localhost:3001/_next/static/chunks/_af79dd3a._.js:134:43)
    at Object.react_stack_bottom_frame (http://localhost:3001/_next/static/chunks/f12ff_next_dist_compiled_react-dom_7b2f6d3d._.js:14826:24)
    at renderWithHooks (http://localhost:3001/_next/static/chunks/f12ff_next_dist_compiled_react-dom_7b2f6d3d._.js:4651:24)
    at updateFunctionComponent (http://localhost:3001/_next/static/chunks/f12ff_next_dist_compiled_react-dom_7b2f6d3d._.js:6112:21)
    at beginWork (http://localhost:3001/_next/static/chunks/f12ff_next_dist_compiled_react-dom_7b2f6d3d._.js:6708:24)
    at runWithFiberInDEV (http://localhost:3001/_next/static/chunks/f12ff_next_dist_compiled_react-dom_7b2f6d3d._.js:965:74)
    at performUnitOfWork (http://localhost:3001/_next/static/chunks/f12ff_next_dist_compiled_react-dom_7b2f6d3d._.js:9562:97)
    at workLoopSync (http://localhost:3001/_next/static/chunks/f12ff_next_dist_compiled_react-dom_7b2f6d3d._.js:9456:40)
    at renderRootSync (http://localhost:3001/_next/static/chunks/f12ff_next_dist_compiled_react-dom_7b2f6d3d._.js:9440:13)
    at performWorkOnRoot (http://localhost:3001/_next/static/chunks/f12ff_next_dist_compiled_react-dom_7b2f6d3d._.js:9068:186)
    at performWorkOnRootViaSchedulerTask (http://localhost:3001/_next/static/chunks/f12ff_next_dist_compiled_react-dom_7b2f6d3d._.js:10230:9)
    at MessagePort.performWorkUntilDeadline (http://localhost:3001/_next/static/chunks/f12ff_next_dist_compiled_cd863794._.js:2647:64) @ http://localhost:3001/_next/static/chunks/f12ff_next_dist_95687940._.js:3132
[  833083ms] [ERROR] IntlError: MISSING_MESSAGE: Cannot read properties of undefined (reading 'split')
    at getFallbackFromErrorAndNotify (http://localhost:3001/_next/static/chunks/node_modules__pnpm_a92eadf3._.js:7251:23)
    at translateBaseFn (http://localhost:3001/_next/static/chunks/node_modules__pnpm_a92eadf3._.js:7281:28)
    at translateFn (http://localhost:3001/_next/static/chunks/node_modules__pnpm_a92eadf3._.js:7343:24)
    at labelFor (http://localhost:3001/_next/static/chunks/_af79dd3a._.js:633:30)
    at http://localhost:3001/_next/static/chunks/_af79dd3a._.js:142:34
    at Array.map (<anonymous>)
    at RegionChoropleth (http://localhost:3001/_next/static/chunks/_af79dd3a._.js:134:43)
    at Object.react_stack_bottom_frame (http://localhost:3001/_next/static/chunks/f12ff_next_dist_compiled_react-dom_7b2f6d3d._.js:14826:24)
    at renderWithHooksAgain (http://localhost:3001/_next/static/chunks/f12ff_next_dist_compiled_react-dom_7b2f6d3d._.js:4706:24)
    at renderWithHooks (http://localhost:3001/_next/static/chunks/f12ff_next_dist_compiled_react-dom_7b2f6d3d._.js:4657:28)
    at updateFunctionComponent (http://localhost:3001/_next/static/chunks/f12ff_next_dist_compiled_react-dom_7b2f6d3d._.js:6112:21)
    at beginWork (http://localhost:3001/_next/static/chunks/f12ff_next_dist_compiled_react-dom_7b2f6d3d._.js:6708:24)
    at runWithFiberInDEV (http://localhost:3001/_next/static/chunks/f12ff_next_dist_compiled_react-dom_7b2f6d3d._.js:965:74)
    at performUnitOfWork (http://localhost:3001/_next/static/chunks/f12ff_next_dist_compiled_react-dom_7b2f6d3d._.js:9562:97)
    at workLoopSync (http://localhost:3001/_next/static/chunks/f12ff_next_dist_compiled_react-dom_7b2f6d3d._.js:9456:40)
    at renderRootSync (http://localhost:3001/_next/static/chunks/f12ff_next_dist_compiled_react-dom_7b2f6d3d._.js:9440:13)
    at performWorkOnRoot (http://localhost:3001/_next/static/chunks/f12ff_next_dist_compiled_react-dom_7b2f6d3d._.js:9068:186)
    at performWorkOnRootViaSchedulerTask (http://localhost:3001/_next/static/chunks/f12ff_next_dist_compiled_react-dom_7b2f6d3d._.js:10230:9)
    at MessagePort.performWorkUntilDeadline (http://localhost:3001/_next/static/chunks/f12ff_next_dist_compiled_cd863794._.js:2647:64) @ http://localhost:3001/_next/static/chunks/f12ff_next_dist_95687940._.js:3132
[  833083ms] [ERROR] IntlError: MISSING_MESSAGE: Cannot read properties of undefined (reading 'split')
    at getFallbackFromErrorAndNotify (http://localhost:3001/_next/static/chunks/node_modules__pnpm_a92eadf3._.js:7251:23)
    at translateBaseFn (http://localhost:3001/_next/static/chunks/node_modules__pnpm_a92eadf3._.js:7281:28)
    at translateFn (http://localhost:3001/_next/static/chunks/node_modules__pnpm_a92eadf3._.js:7343:24)
    at labelFor (http://localhost:3001/_next/static/chunks/_af79dd3a._.js:633:30)
    at http://localhost:3001/_next/static/chunks/_af79dd3a._.js:142:34
    at Array.map (<anonymous>)
    at RegionChoropleth (http://localhost:3001/_next/static/chunks/_af79dd3a._.js:134:43)
    at Object.react_stack_bottom_frame (http://localhost:3001/_next/static/chunks/f12ff_next_dist_compiled_react-dom_7b2f6d3d._.js:14826:24)
    at renderWithHooksAgain (http://localhost:3001/_next/static/chunks/f12ff_next_dist_compiled_react-dom_7b2f6d3d._.js:4706:24)
    at renderWithHooks (http://localhost:3001/_next/static/chunks/f12ff_next_dist_compiled_react-dom_7b2f6d3d._.js:4657:28)
    at updateFunctionComponent (http://localhost:3001/_next/static/chunks/f12ff_next_dist_compiled_react-dom_7b2f6d3d._.js:6112:21)
    at beginWork (http://localhost:3001/_next/static/chunks/f12ff_next_dist_compiled_react-dom_7b2f6d3d._.js:6708:24)
    at runWithFiberInDEV (http://localhost:3001/_next/static/chunks/f12ff_next_dist_compiled_react-dom_7b2f6d3d._.js:965:74)
    at performUnitOfWork (http://localhost:3001/_next/static/chunks/f12ff_next_dist_compiled_react-dom_7b2f6d3d._.js:9562:97)
    at workLoopSync (http://localhost:3001/_next/static/chunks/f12ff_next_dist_compiled_react-dom_7b2f6d3d._.js:9456:40)
    at renderRootSync (http://localhost:3001/_next/static/chunks/f12ff_next_dist_compiled_react-dom_7b2f6d3d._.js:9440:13)
    at performWorkOnRoot (http://localhost:3001/_next/static/chunks/f12ff_next_dist_compiled_react-dom_7b2f6d3d._.js:9068:186)
    at performWorkOnRootViaSchedulerTask (http://localhost:3001/_next/static/chunks/f12ff_next_dist_compiled_react-dom_7b2f6d3d._.js:10230:9)
    at MessagePort.performWorkUntilDeadline (http://localhost:3001/_next/static/chunks/f12ff_next_dist_compiled_cd863794._.js:2647:64) @ http://localhost:3001/_next/static/chunks/f12ff_next_dist_95687940._.js:3132
[  833083ms] [ERROR] IntlError: MISSING_MESSAGE: Cannot read properties of undefined (reading 'split')
    at getFallbackFromErrorAndNotify (http://localhost:3001/_next/static/chunks/node_modules__pnpm_a92eadf3._.js:7251:23)
    at translateBaseFn (http://localhost:3001/_next/static/chunks/node_modules__pnpm_a92eadf3._.js:7281:28)
    at translateFn (http://localhost:3001/_next/static/chunks/node_modules__pnpm_a92eadf3._.js:7343:24)
    at labelFor (http://localhost:3001/_next/static/chunks/_af79dd3a._.js:633:30)
    at http://localhost:3001/_next/static/chunks/_af79dd3a._.js:142:34
    at Array.map (<anonymous>)
    at RegionChoropleth (http://localhost:3001/_next/static/chunks/_af79dd3a._.js:134:43)
    at Object.react_stack_bottom_frame (http://localhost:3001/_next/static/chunks/f12ff_next_dist_compiled_react-dom_7b2f6d3d._.js:14826:24)
    at renderWithHooksAgain (http://localhost:3001/_next/static/chunks/f12ff_next_dist_compiled_react-dom_7b2f6d3d._.js:4706:24)
    at renderWithHooks (http://localhost:3001/_next/static/chunks/f12ff_next_dist_compiled_react-dom_7b2f6d3d._.js:4657:28)
    at updateFunctionComponent (http://localhost:3001/_next/static/chunks/f12ff_next_dist_compiled_react-dom_7b2f6d3d._.js:6112:21)
    at beginWork (http://localhost:3001/_next/static/chunks/f12ff_next_dist_compiled_react-dom_7b2f6d3d._.js:6708:24)
    at runWithFiberInDEV (http://localhost:3001/_next/static/chunks/f12ff_next_dist_compiled_react-dom_7b2f6d3d._.js:965:74)
    at performUnitOfWork (http://localhost:3001/_next/static/chunks/f12ff_next_dist_compiled_react-dom_7b2f6d3d._.js:9562:97)
    at workLoopSync (http://localhost:3001/_next/static/chunks/f12ff_next_dist_compiled_react-dom_7b2f6d3d._.js:9456:40)
    at renderRootSync (http://localhost:3001/_next/static/chunks/f12ff_next_dist_compiled_react-dom_7b2f6d3d._.js:9440:13)
    at performWorkOnRoot (http://localhost:3001/_next/static/chunks/f12ff_next_dist_compiled_react-dom_7b2f6d3d._.js:9068:186)
    at performWorkOnRootViaSchedulerTask (http://localhost:3001/_next/static/chunks/f12ff_next_dist_compiled_react-dom_7b2f6d3d._.js:10230:9)
    at MessagePort.performWorkUntilDeadline (http://localhost:3001/_next/static/chunks/f12ff_next_dist_compiled_cd863794._.js:2647:64) @ http://localhost:3001/_next/static/chunks/f12ff_next_dist_95687940._.js:3132
[  833083ms] [ERROR] IntlError: MISSING_MESSAGE: Cannot read properties of undefined (reading 'split')
    at getFallbackFromErrorAndNotify (http://localhost:3001/_next/static/chunks/node_modules__pnpm_a92eadf3._.js:7251:23)
    at translateBaseFn (http://localhost:3001/_next/static/chunks/node_modules__pnpm_a92eadf3._.js:7281:28)
    at translateFn (http://localhost:3001/_next/static/chunks/node_modules__pnpm_a92eadf3._.js:7343:24)
    at labelFor (http://localhost:3001/_next/static/chunks/_af79dd3a._.js:633:30)
    at http://localhost:3001/_next/static/chunks/_af79dd3a._.js:142:34
    at Array.map (<anonymous>)
    at RegionChoropleth (http://localhost:3001/_next/static/chunks/_af79dd3a._.js:134:43)
    at Object.react_stack_bottom_frame (http://localhost:3001/_next/static/chunks/f12ff_next_dist_compiled_react-dom_7b2f6d3d._.js:14826:24)
    at renderWithHooksAgain (http://localhost:3001/_next/static/chunks/f12ff_next_dist_compiled_react-dom_7b2f6d3d._.js:4706:24)
    at renderWithHooks (http://localhost:3001/_next/static/chunks/f12ff_next_dist_compiled_react-dom_7b2f6d3d._.js:4657:28)
    at updateFunctionComponent (http://localhost:3001/_next/static/chunks/f12ff_next_dist_compiled_react-dom_7b2f6d3d._.js:6112:21)
    at beginWork (http://localhost:3001/_next/static/chunks/f12ff_next_dist_compiled_react-dom_7b2f6d3d._.js:6708:24)
    at runWithFiberInDEV (http://localhost:3001/_next/static/chunks/f12ff_next_dist_compiled_react-dom_7b2f6d3d._.js:965:74)
    at performUnitOfWork (http://localhost:3001/_next/static/chunks/f12ff_next_dist_compiled_react-dom_7b2f6d3d._.js:9562:97)
    at workLoopSync (http://localhost:3001/_next/static/chunks/f12ff_next_dist_compiled_react-dom_7b2f6d3d._.js:9456:40)
    at renderRootSync (http://localhost:3001/_next/static/chunks/f12ff_next_dist_compiled_react-dom_7b2f6d3d._.js:9440:13)
    at performWorkOnRoot (http://localhost:3001/_next/static/chunks/f12ff_next_dist_compiled_react-dom_7b2f6d3d._.js:9068:186)
    at performWorkOnRootViaSchedulerTask (http://localhost:3001/_next/static/chunks/f12ff_next_dist_compiled_react-dom_7b2f6d3d._.js:10230:9)
    at MessagePort.performWorkUntilDeadline (http://localhost:3001/_next/static/chunks/f12ff_next_dist_compiled_cd863794._.js:2647:64) @ http://localhost:3001/_next/static/chunks/f12ff_next_dist_95687940._.js:3132
[  833084ms] [ERROR] IntlError: MISSING_MESSAGE: Cannot read properties of undefined (reading 'split')
    at getFallbackFromErrorAndNotify (http://localhost:3001/_next/static/chunks/node_modules__pnpm_a92eadf3._.js:7251:23)
    at translateBaseFn (http://localhost:3001/_next/static/chunks/node_modules__pnpm_a92eadf3._.js:7281:28)
    at translateFn (http://localhost:3001/_next/static/chunks/node_modules__pnpm_a92eadf3._.js:7343:24)
    at labelFor (http://localhost:3001/_next/static/chunks/_af79dd3a._.js:633:30)
    at http://localhost:3001/_next/static/chunks/_af79dd3a._.js:142:34
    at Array.map (<anonymous>)
    at RegionChoropleth (http://localhost:3001/_next/static/chunks/_af79dd3a._.js:134:43)
    at Object.react_stack_bottom_frame (http://localhost:3001/_next/static/chunks/f12ff_next_dist_compiled_react-dom_7b2f6d3d._.js:14826:24)
    at renderWithHooksAgain (http://localhost:3001/_next/static/chunks/f12ff_next_dist_compiled_react-dom_7b2f6d3d._.js:4706:24)
    at renderWithHooks (http://localhost:3001/_next/static/chunks/f12ff_next_dist_compiled_react-dom_7b2f6d3d._.js:4657:28)
    at updateFunctionComponent (http://localhost:3001/_next/static/chunks/f12ff_next_dist_compiled_react-dom_7b2f6d3d._.js:6112:21)
    at beginWork (http://localhost:3001/_next/static/chunks/f12ff_next_dist_compiled_react-dom_7b2f6d3d._.js:6708:24)
    at runWithFiberInDEV (http://localhost:3001/_next/static/chunks/f12ff_next_dist_compiled_react-dom_7b2f6d3d._.js:965:74)
    at performUnitOfWork (http://localhost:3001/_next/static/chunks/f12ff_next_dist_compiled_react-dom_7b2f6d3d._.js:9562:97)
    at workLoopSync (http://localhost:3001/_next/static/chunks/f12ff_next_dist_compiled_react-dom_7b2f6d3d._.js:9456:40)
    at renderRootSync (http://localhost:3001/_next/static/chunks/f12ff_next_dist_compiled_react-dom_7b2f6d3d._.js:9440:13)
    at performWorkOnRoot (http://localhost:3001/_next/static/chunks/f12ff_next_dist_compiled_react-dom_7b2f6d3d._.js:9068:186)
    at performWorkOnRootViaSchedulerTask (http://localhost:3001/_next/static/chunks/f12ff_next_dist_compiled_react-dom_7b2f6d3d._.js:10230:9)
    at MessagePort.performWorkUntilDeadline (http://localhost:3001/_next/static/chunks/f12ff_next_dist_compiled_cd863794._.js:2647:64) @ http://localhost:3001/_next/static/chunks/f12ff_next_dist_95687940._.js:3132
[  833084ms] [ERROR] IntlError: MISSING_MESSAGE: Cannot read properties of undefined (reading 'split')
    at getFallbackFromErrorAndNotify (http://localhost:3001/_next/static/chunks/node_modules__pnpm_a92eadf3._.js:7251:23)
    at translateBaseFn (http://localhost:3001/_next/static/chunks/node_modules__pnpm_a92eadf3._.js:7281:28)
    at translateFn (http://localhost:3001/_next/static/chunks/node_modules__pnpm_a92eadf3._.js:7343:24)
    at labelFor (http://localhost:3001/_next/static/chunks/_af79dd3a._.js:633:30)
    at http://localhost:3001/_next/static/chunks/_af79dd3a._.js:142:34
    at Array.map (<anonymous>)
    at RegionChoropleth (http://localhost:3001/_next/static/chunks/_af79dd3a._.js:134:43)
    at Object.react_stack_bottom_frame (http://localhost:3001/_next/static/chunks/f12ff_next_dist_compiled_react-dom_7b2f6d3d._.js:14826:24)
    at renderWithHooksAgain (http://localhost:3001/_next/static/chunks/f12ff_next_dist_compiled_react-dom_7b2f6d3d._.js:4706:24)
    at renderWithHooks (http://localhost:3001/_next/static/chunks/f12ff_next_dist_compiled_react-dom_7b2f6d3d._.js:4657:28)
    at updateFunctionComponent (http://localhost:3001/_next/static/chunks/f12ff_next_dist_compiled_react-dom_7b2f6d3d._.js:6112:21)
    at beginWork (http://localhost:3001/_next/static/chunks/f12ff_next_dist_compiled_react-dom_7b2f6d3d._.js:6708:24)
    at runWithFiberInDEV (http://localhost:3001/_next/static/chunks/f12ff_next_dist_compiled_react-dom_7b2f6d3d._.js:965:74)
    at performUnitOfWork (http://localhost:3001/_next/static/chunks/f12ff_next_dist_compiled_react-dom_7b2f6d3d._.js:9562:97)
    at workLoopSync (http://localhost:3001/_next/static/chunks/f12ff_next_dist_compiled_react-dom_7b2f6d3d._.js:9456:40)
    at renderRootSync (http://localhost:3001/_next/static/chunks/f12ff_next_dist_compiled_react-dom_7b2f6d3d._.js:9440:13)
    at performWorkOnRoot (http://localhost:3001/_next/static/chunks/f12ff_next_dist_compiled_react-dom_7b2f6d3d._.js:9068:186)
    at performWorkOnRootViaSchedulerTask (http://localhost:3001/_next/static/chunks/f12ff_next_dist_compiled_react-dom_7b2f6d3d._.js:10230:9)
    at MessagePort.performWorkUntilDeadline (http://localhost:3001/_next/static/chunks/f12ff_next_dist_compiled_cd863794._.js:2647:64) @ http://localhost:3001/_next/static/chunks/f12ff_next_dist_95687940._.js:3132
[  833084ms] [ERROR] IntlError: MISSING_MESSAGE: Cannot read properties of undefined (reading 'split')
    at getFallbackFromErrorAndNotify (http://localhost:3001/_next/static/chunks/node_modules__pnpm_a92eadf3._.js:7251:23)
    at translateBaseFn (http://localhost:3001/_next/static/chunks/node_modules__pnpm_a92eadf3._.js:7281:28)
    at translateFn (http://localhost:3001/_next/static/chunks/node_modules__pnpm_a92eadf3._.js:7343:24)
    at labelFor (http://localhost:3001/_next/static/chunks/_af79dd3a._.js:633:30)
    at http://localhost:3001/_next/static/chunks/_af79dd3a._.js:142:34
    at Array.map (<anonymous>)
    at RegionChoropleth (http://localhost:3001/_next/static/chunks/_af79dd3a._.js:134:43)
    at Object.react_stack_bottom_frame (http://localhost:3001/_next/static/chunks/f12ff_next_dist_compiled_react-dom_7b2f6d3d._.js:14826:24)
    at renderWithHooksAgain (http://localhost:3001/_next/static/chunks/f12ff_next_dist_compiled_react-dom_7b2f6d3d._.js:4706:24)
    at renderWithHooks (http://localhost:3001/_next/static/chunks/f12ff_next_dist_compiled_react-dom_7b2f6d3d._.js:4657:28)
    at updateFunctionComponent (http://localhost:3001/_next/static/chunks/f12ff_next_dist_compiled_react-dom_7b2f6d3d._.js:6112:21)
    at beginWork (http://localhost:3001/_next/static/chunks/f12ff_next_dist_compiled_react-dom_7b2f6d3d._.js:6708:24)
    at runWithFiberInDEV (http://localhost:3001/_next/static/chunks/f12ff_next_dist_compiled_react-dom_7b2f6d3d._.js:965:74)
    at performUnitOfWork (http://localhost:3001/_next/static/chunks/f12ff_next_dist_compiled_react-dom_7b2f6d3d._.js:9562:97)
    at workLoopSync (http://localhost:3001/_next/static/chunks/f12ff_next_dist_compiled_react-dom_7b2f6d3d._.js:9456:40)
    at renderRootSync (http://localhost:3001/_next/static/chunks/f12ff_next_dist_compiled_react-dom_7b2f6d3d._.js:9440:13)
    at performWorkOnRoot (http://localhost:3001/_next/static/chunks/f12ff_next_dist_compiled_react-dom_7b2f6d3d._.js:9068:186)
    at performWorkOnRootViaSchedulerTask (http://localhost:3001/_next/static/chunks/f12ff_next_dist_compiled_react-dom_7b2f6d3d._.js:10230:9)
    at MessagePort.performWorkUntilDeadline (http://localhost:3001/_next/static/chunks/f12ff_next_dist_compiled_cd863794._.js:2647:64) @ http://localhost:3001/_next/static/chunks/f12ff_next_dist_95687940._.js:3132
[  833093ms] [ERROR] IntlError: MISSING_MESSAGE: Cannot read properties of undefined (reading 'split')
    at getFallbackFromErrorAndNotify (http://localhost:3001/_next/static/chunks/node_modules__pnpm_a92eadf3._.js:7251:23)
    at translateBaseFn (http://localhost:3001/_next/static/chunks/node_modules__pnpm_a92eadf3._.js:7281:28)
    at translateFn (http://localhost:3001/_next/static/chunks/node_modules__pnpm_a92eadf3._.js:7343:24)
    at labelFor (http://localhost:3001/_next/static/chunks/_af79dd3a._.js:633:30)
    at http://localhost:3001/_next/static/chunks/_af79dd3a._.js:142:34
    at Array.map (<anonymous>)
    at RegionChoropleth (http://localhost:3001/_next/static/chunks/_af79dd3a._.js:134:43)
    at Object.react_stack_bottom_frame (http://localhost:3001/_next/static/chunks/f12ff_next_dist_compiled_react-dom_7b2f6d3d._.js:14826:24)
    at renderWithHooks (http://localhost:3001/_next/static/chunks/f12ff_next_dist_compiled_react-dom_7b2f6d3d._.js:4651:24)
    at updateFunctionComponent (http://localhost:3001/_next/static/chunks/f12ff_next_dist_compiled_react-dom_7b2f6d3d._.js:6112:21)
    at beginWork (http://localhost:3001/_next/static/chunks/f12ff_next_dist_compiled_react-dom_7b2f6d3d._.js:6708:24)
    at runWithFiberInDEV (http://localhost:3001/_next/static/chunks/f12ff_next_dist_compiled_react-dom_7b2f6d3d._.js:965:74)
    at performUnitOfWork (http://localhost:3001/_next/static/chunks/f12ff_next_dist_compiled_react-dom_7b2f6d3d._.js:9562:97)
    at workLoopSync (http://localhost:3001/_next/static/chunks/f12ff_next_dist_compiled_react-dom_7b2f6d3d._.js:9456:40)
    at renderRootSync (http://localhost:3001/_next/static/chunks/f12ff_next_dist_compiled_react-dom_7b2f6d3d._.js:9440:13)
    at performWorkOnRoot (http://localhost:3001/_next/static/chunks/f12ff_next_dist_compiled_react-dom_7b2f6d3d._.js:9068:186)
    at performWorkOnRootViaSchedulerTask (http://localhost:3001/_next/static/chunks/f12ff_next_dist_compiled_react-dom_7b2f6d3d._.js:10230:9)
    at MessagePort.performWorkUntilDeadline (http://localhost:3001/_next/static/chunks/f12ff_next_dist_compiled_cd863794._.js:2647:64) @ http://localhost:3001/_next/static/chunks/f12ff_next_dist_95687940._.js:3132
[  833093ms] [ERROR] IntlError: MISSING_MESSAGE: Cannot read properties of undefined (reading 'split')
    at getFallbackFromErrorAndNotify (http://localhost:3001/_next/static/chunks/node_modules__pnpm_a92eadf3._.js:7251:23)
    at translateBaseFn (http://localhost:3001/_next/static/chunks/node_modules__pnpm_a92eadf3._.js:7281:28)
    at translateFn (http://localhost:3001/_next/static/chunks/node_modules__pnpm_a92eadf3._.js:7343:24)
    at labelFor (http://localhost:3001/_next/static/chunks/_af79dd3a._.js:633:30)
    at http://localhost:3001/_next/static/chunks/_af79dd3a._.js:142:34
    at Array.map (<anonymous>)
    at RegionChoropleth (http://localhost:3001/_next/static/chunks/_af79dd3a._.js:134:43)
    at Object.react_stack_bottom_frame (http://localhost:3001/_next/static/chunks/f12ff_next_dist_compiled_react-dom_7b2f6d3d._.js:14826:24)
    at renderWithHooks (http://localhost:3001/_next/static/chunks/f12ff_next_dist_compiled_react-dom_7b2f6d3d._.js:4651:24)
    at updateFunctionComponent (http://localhost:3001/_next/static/chunks/f12ff_next_dist_compiled_react-dom_7b2f6d3d._.js:6112:21)
    at beginWork (http://localhost:3001/_next/static/chunks/f12ff_next_dist_compiled_react-dom_7b2f6d3d._.js:6708:24)
    at runWithFiberInDEV (http://localhost:3001/_next/static/chunks/f12ff_next_dist_compiled_react-dom_7b2f6d3d._.js:965:74)
    at performUnitOfWork (http://localhost:3001/_next/static/chunks/f12ff_next_dist_compiled_react-dom_7b2f6d3d._.js:9562:97)
    at workLoopSync (http://localhost:3001/_next/static/chunks/f12ff_next_dist_compiled_react-dom_7b2f6d3d._.js:9456:40)
    at renderRootSync (http://localhost:3001/_next/static/chunks/f12ff_next_dist_compiled_react-dom_7b2f6d3d._.js:9440:13)
    at performWorkOnRoot (http://localhost:3001/_next/static/chunks/f12ff_next_dist_compiled_react-dom_7b2f6d3d._.js:9068:186)
    at performWorkOnRootViaSchedulerTask (http://localhost:3001/_next/static/chunks/f12ff_next_dist_compiled_react-dom_7b2f6d3d._.js:10230:9)
    at MessagePort.performWorkUntilDeadline (http://localhost:3001/_next/static/chunks/f12ff_next_dist_compiled_cd863794._.js:2647:64) @ http://localhost:3001/_next/static/chunks/f12ff_next_dist_95687940._.js:3132
[  833093ms] [ERROR] IntlError: MISSING_MESSAGE: Cannot read properties of undefined (reading 'split')
    at getFallbackFromErrorAndNotify (http://localhost:3001/_next/static/chunks/node_modules__pnpm_a92eadf3._.js:7251:23)
    at translateBaseFn (http://localhost:3001/_next/static/chunks/node_modules__pnpm_a92eadf3._.js:7281:28)
    at translateFn (http://localhost:3001/_next/static/chunks/node_modules__pnpm_a92eadf3._.js:7343:24)
    at labelFor (http://localhost:3001/_next/static/chunks/_af79dd3a._.js:633:30)
    at http://localhost:3001/_next/static/chunks/_af79dd3a._.js:142:34
    at Array.map (<anonymous>)
    at RegionChoropleth (http://localhost:3001/_next/static/chunks/_af79dd3a._.js:134:43)
    at Object.react_stack_bottom_frame (http://localhost:3001/_next/static/chunks/f12ff_next_dist_compiled_react-dom_7b2f6d3d._.js:14826:24)
    at renderWithHooks (http://localhost:3001/_next/static/chunks/f12ff_next_dist_compiled_react-dom_7b2f6d3d._.js:4651:24)
    at updateFunctionComponent (http://localhost:3001/_next/static/chunks/f12ff_next_dist_compiled_react-dom_7b2f6d3d._.js:6112:21)
    at beginWork (http://localhost:3001/_next/static/chunks/f12ff_next_dist_compiled_react-dom_7b2f6d3d._.js:6708:24)
    at runWithFiberInDEV (http://localhost:3001/_next/static/chunks/f12ff_next_dist_compiled_react-dom_7b2f6d3d._.js:965:74)
    at performUnitOfWork (http://localhost:3001/_next/static/chunks/f12ff_next_dist_compiled_react-dom_7b2f6d3d._.js:9562:97)
    at workLoopSync (http://localhost:3001/_next/static/chunks/f12ff_next_dist_compiled_react-dom_7b2f6d3d._.js:9456:40)
    at renderRootSync (http://localhost:3001/_next/static/chunks/f12ff_next_dist_compiled_react-dom_7b2f6d3d._.js:9440:13)
    at performWorkOnRoot (http://localhost:3001/_next/static/chunks/f12ff_next_dist_compiled_react-dom_7b2f6d3d._.js:9068:186)
    at performWorkOnRootViaSchedulerTask (http://localhost:3001/_next/static/chunks/f12ff_next_dist_compiled_react-dom_7b2f6d3d._.js:10230:9)
    at MessagePort.performWorkUntilDeadline (http://localhost:3001/_next/static/chunks/f12ff_next_dist_compiled_cd863794._.js:2647:64) @ http://localhost:3001/_next/static/chunks/f12ff_next_dist_95687940._.js:3132
[  833093ms] [ERROR] IntlError: MISSING_MESSAGE: Cannot read properties of undefined (reading 'split')
    at getFallbackFromErrorAndNotify (http://localhost:3001/_next/static/chunks/node_modules__pnpm_a92eadf3._.js:7251:23)
    at translateBaseFn (http://localhost:3001/_next/static/chunks/node_modules__pnpm_a92eadf3._.js:7281:28)
    at translateFn (http://localhost:3001/_next/static/chunks/node_modules__pnpm_a92eadf3._.js:7343:24)
    at labelFor (http://localhost:3001/_next/static/chunks/_af79dd3a._.js:633:30)
    at http://localhost:3001/_next/static/chunks/_af79dd3a._.js:142:34
    at Array.map (<anonymous>)
    at RegionChoropleth (http://localhost:3001/_next/static/chunks/_af79dd3a._.js:134:43)
    at Object.react_stack_bottom_frame (http://localhost:3001/_next/static/chunks/f12ff_next_dist_compiled_react-dom_7b2f6d3d._.js:14826:24)
    at renderWithHooks (http://localhost:3001/_next/static/chunks/f12ff_next_dist_compiled_react-dom_7b2f6d3d._.js:4651:24)
    at updateFunctionComponent (http://localhost:3001/_next/static/chunks/f12ff_next_dist_compiled_react-dom_7b2f6d3d._.js:6112:21)
    at beginWork (http://localhost:3001/_next/static/chunks/f12ff_next_dist_compiled_react-dom_7b2f6d3d._.js:6708:24)
    at runWithFiberInDEV (http://localhost:3001/_next/static/chunks/f12ff_next_dist_compiled_react-dom_7b2f6d3d._.js:965:74)
    at performUnitOfWork (http://localhost:3001/_next/static/chunks/f12ff_next_dist_compiled_react-dom_7b2f6d3d._.js:9562:97)
    at workLoopSync (http://localhost:3001/_next/static/chunks/f12ff_next_dist_compiled_react-dom_7b2f6d3d._.js:9456:40)
    at renderRootSync (http://localhost:3001/_next/static/chunks/f12ff_next_dist_compiled_react-dom_7b2f6d3d._.js:9440:13)
    at performWorkOnRoot (http://localhost:3001/_next/static/chunks/f12ff_next_dist_compiled_react-dom_7b2f6d3d._.js:9068:186)
    at performWorkOnRootViaSchedulerTask (http://localhost:3001/_next/static/chunks/f12ff_next_dist_compiled_react-dom_7b2f6d3d._.js:10230:9)
    at MessagePort.performWorkUntilDeadline (http://localhost:3001/_next/static/chunks/f12ff_next_dist_compiled_cd863794._.js:2647:64) @ http://localhost:3001/_next/static/chunks/f12ff_next_dist_95687940._.js:3132
[  833093ms] [ERROR] IntlError: MISSING_MESSAGE: Cannot read properties of undefined (reading 'split')
    at getFallbackFromErrorAndNotify (http://localhost:3001/_next/static/chunks/node_modules__pnpm_a92eadf3._.js:7251:23)
    at translateBaseFn (http://localhost:3001/_next/static/chunks/node_modules__pnpm_a92eadf3._.js:7281:28)
    at translateFn (http://localhost:3001/_next/static/chunks/node_modules__pnpm_a92eadf3._.js:7343:24)
    at labelFor (http://localhost:3001/_next/static/chunks/_af79dd3a._.js:633:30)
    at http://localhost:3001/_next/static/chunks/_af79dd3a._.js:142:34
    at Array.map (<anonymous>)
    at RegionChoropleth (http://localhost:3001/_next/static/chunks/_af79dd3a._.js:134:43)
    at Object.react_stack_bottom_frame (http://localhost:3001/_next/static/chunks/f12ff_next_dist_compiled_react-dom_7b2f6d3d._.js:14826:24)
    at renderWithHooks (http://localhost:3001/_next/static/chunks/f12ff_next_dist_compiled_react-dom_7b2f6d3d._.js:4651:24)
    at updateFunctionComponent (http://localhost:3001/_next/static/chunks/f12ff_next_dist_compiled_react-dom_7b2f6d3d._.js:6112:21)
    at beginWork (http://localhost:3001/_next/static/chunks/f12ff_next_dist_compiled_react-dom_7b2f6d3d._.js:6708:24)
    at runWithFiberInDEV (http://localhost:3001/_next/static/chunks/f12ff_next_dist_compiled_react-dom_7b2f6d3d._.js:965:74)
    at performUnitOfWork (http://localhost:3001/_next/static/chunks/f12ff_next_dist_compiled_react-dom_7b2f6d3d._.js:9562:97)
    at workLoopSync (http://localhost:3001/_next/static/chunks/f12ff_next_dist_compiled_react-dom_7b2f6d3d._.js:9456:40)
    at renderRootSync (http://localhost:3001/_next/static/chunks/f12ff_next_dist_compiled_react-dom_7b2f6d3d._.js:9440:13)
    at performWorkOnRoot (http://localhost:3001/_next/static/chunks/f12ff_next_dist_compiled_react-dom_7b2f6d3d._.js:9068:186)
    at performWorkOnRootViaSchedulerTask (http://localhost:3001/_next/static/chunks/f12ff_next_dist_compiled_react-dom_7b2f6d3d._.js:10230:9)
    at MessagePort.performWorkUntilDeadline (http://localhost:3001/_next/static/chunks/f12ff_next_dist_compiled_cd863794._.js:2647:64) @ http://localhost:3001/_next/static/chunks/f12ff_next_dist_95687940._.js:3132
[  833093ms] [ERROR] IntlError: MISSING_MESSAGE: Cannot read properties of undefined (reading 'split')
    at getFallbackFromErrorAndNotify (http://localhost:3001/_next/static/chunks/node_modules__pnpm_a92eadf3._.js:7251:23)
    at translateBaseFn (http://localhost:3001/_next/static/chunks/node_modules__pnpm_a92eadf3._.js:7281:28)
    at translateFn (http://localhost:3001/_next/static/chunks/node_modules__pnpm_a92eadf3._.js:7343:24)
    at labelFor (http://localhost:3001/_next/static/chunks/_af79dd3a._.js:633:30)
    at http://localhost:3001/_next/static/chunks/_af79dd3a._.js:142:34
    at Array.map (<anonymous>)
    at RegionChoropleth (http://localhost:3001/_next/static/chunks/_af79dd3a._.js:134:43)
    at Object.react_stack_bottom_frame (http://localhost:3001/_next/static/chunks/f12ff_next_dist_compiled_react-dom_7b2f6d3d._.js:14826:24)
    at renderWithHooks (http://localhost:3001/_next/static/chunks/f12ff_next_dist_compiled_react-dom_7b2f6d3d._.js:4651:24)
    at updateFunctionComponent (http://localhost:3001/_next/static/chunks/f12ff_next_dist_compiled_react-dom_7b2f6d3d._.js:6112:21)
    at beginWork (http://localhost:3001/_next/static/chunks/f12ff_next_dist_compiled_react-dom_7b2f6d3d._.js:6708:24)
    at runWithFiberInDEV (http://localhost:3001/_next/static/chunks/f12ff_next_dist_compiled_react-dom_7b2f6d3d._.js:965:74)
    at performUnitOfWork (http://localhost:3001/_next/static/chunks/f12ff_next_dist_compiled_react-dom_7b2f6d3d._.js:9562:97)
    at workLoopSync (http://localhost:3001/_next/static/chunks/f12ff_next_dist_compiled_react-dom_7b2f6d3d._.js:9456:40)
    at renderRootSync (http://localhost:3001/_next/static/chunks/f12ff_next_dist_compiled_react-dom_7b2f6d3d._.js:9440:13)
    at performWorkOnRoot (http://localhost:3001/_next/static/chunks/f12ff_next_dist_compiled_react-dom_7b2f6d3d._.js:9068:186)
    at performWorkOnRootViaSchedulerTask (http://localhost:3001/_next/static/chunks/f12ff_next_dist_compiled_react-dom_7b2f6d3d._.js:10230:9)
    at MessagePort.performWorkUntilDeadline (http://localhost:3001/_next/static/chunks/f12ff_next_dist_compiled_cd863794._.js:2647:64) @ http://localhost:3001/_next/static/chunks/f12ff_next_dist_95687940._.js:3132
[  833094ms] [ERROR] IntlError: MISSING_MESSAGE: Cannot read properties of undefined (reading 'split')
    at getFallbackFromErrorAndNotify (http://localhost:3001/_next/static/chunks/node_modules__pnpm_a92eadf3._.js:7251:23)
    at translateBaseFn (http://localhost:3001/_next/static/chunks/node_modules__pnpm_a92eadf3._.js:7281:28)
    at translateFn (http://localhost:3001/_next/static/chunks/node_modules__pnpm_a92eadf3._.js:7343:24)
    at labelFor (http://localhost:3001/_next/static/chunks/_af79dd3a._.js:633:30)
    at http://localhost:3001/_next/static/chunks/_af79dd3a._.js:142:34
    at Array.map (<anonymous>)
    at RegionChoropleth (http://localhost:3001/_next/static/chunks/_af79dd3a._.js:134:43)
    at Object.react_stack_bottom_frame (http://localhost:3001/_next/static/chunks/f12ff_next_dist_compiled_react-dom_7b2f6d3d._.js:14826:24)
    at renderWithHooks (http://localhost:3001/_next/static/chunks/f12ff_next_dist_compiled_react-dom_7b2f6d3d._.js:4651:24)
    at updateFunctionComponent (http://localhost:3001/_next/static/chunks/f12ff_next_dist_compiled_react-dom_7b2f6d3d._.js:6112:21)
    at beginWork (http://localhost:3001/_next/static/chunks/f12ff_next_dist_compiled_react-dom_7b2f6d3d._.js:6708:24)
    at runWithFiberInDEV (http://localhost:3001/_next/static/chunks/f12ff_next_dist_compiled_react-dom_7b2f6d3d._.js:965:74)
    at performUnitOfWork (http://localhost:3001/_next/static/chunks/f12ff_next_dist_compiled_react-dom_7b2f6d3d._.js:9562:97)
    at workLoopSync (http://localhost:3001/_next/static/chunks/f12ff_next_dist_compiled_react-dom_7b2f6d3d._.js:9456:40)
    at renderRootSync (http://localhost:3001/_next/static/chunks/f12ff_next_dist_compiled_react-dom_7b2f6d3d._.js:9440:13)
    at performWorkOnRoot (http://localhost:3001/_next/static/chunks/f12ff_next_dist_compiled_react-dom_7b2f6d3d._.js:9068:186)
    at performWorkOnRootViaSchedulerTask (http://localhost:3001/_next/static/chunks/f12ff_next_dist_compiled_react-dom_7b2f6d3d._.js:10230:9)
    at MessagePort.performWorkUntilDeadline (http://localhost:3001/_next/static/chunks/f12ff_next_dist_compiled_cd863794._.js:2647:64) @ http://localhost:3001/_next/static/chunks/f12ff_next_dist_95687940._.js:3132
[  833094ms] [ERROR] IntlError: MISSING_MESSAGE: Cannot read properties of undefined (reading 'split')
    at getFallbackFromErrorAndNotify (http://localhost:3001/_next/static/chunks/node_modules__pnpm_a92eadf3._.js:7251:23)
    at translateBaseFn (http://localhost:3001/_next/static/chunks/node_modules__pnpm_a92eadf3._.js:7281:28)
    at translateFn (http://localhost:3001/_next/static/chunks/node_modules__pnpm_a92eadf3._.js:7343:24)
    at labelFor (http://localhost:3001/_next/static/chunks/_af79dd3a._.js:633:30)
    at http://localhost:3001/_next/static/chunks/_af79dd3a._.js:142:34
    at Array.map (<anonymous>)
    at RegionChoropleth (http://localhost:3001/_next/static/chunks/_af79dd3a._.js:134:43)
    at Object.react_stack_bottom_frame (http://localhost:3001/_next/static/chunks/f12ff_next_dist_compiled_react-dom_7b2f6d3d._.js:14826:24)
    at renderWithHooksAgain (http://localhost:3001/_next/static/chunks/f12ff_next_dist_compiled_react-dom_7b2f6d3d._.js:4706:24)
    at renderWithHooks (http://localhost:3001/_next/static/chunks/f12ff_next_dist_compiled_react-dom_7b2f6d3d._.js:4657:28)
    at updateFunctionComponent (http://localhost:3001/_next/static/chunks/f12ff_next_dist_compiled_react-dom_7b2f6d3d._.js:6112:21)
    at beginWork (http://localhost:3001/_next/static/chunks/f12ff_next_dist_compiled_react-dom_7b2f6d3d._.js:6708:24)
    at runWithFiberInDEV (http://localhost:3001/_next/static/chunks/f12ff_next_dist_compiled_react-dom_7b2f6d3d._.js:965:74)
    at performUnitOfWork (http://localhost:3001/_next/static/chunks/f12ff_next_dist_compiled_react-dom_7b2f6d3d._.js:9562:97)
    at workLoopSync (http://localhost:3001/_next/static/chunks/f12ff_next_dist_compiled_react-dom_7b2f6d3d._.js:9456:40)
    at renderRootSync (http://localhost:3001/_next/static/chunks/f12ff_next_dist_compiled_react-dom_7b2f6d3d._.js:9440:13)
    at performWorkOnRoot (http://localhost:3001/_next/static/chunks/f12ff_next_dist_compiled_react-dom_7b2f6d3d._.js:9068:186)
    at performWorkOnRootViaSchedulerTask (http://localhost:3001/_next/static/chunks/f12ff_next_dist_compiled_react-dom_7b2f6d3d._.js:10230:9)
    at MessagePort.performWorkUntilDeadline (http://localhost:3001/_next/static/chunks/f12ff_next_dist_compiled_cd863794._.js:2647:64) @ http://localhost:3001/_next/static/chunks/f12ff_next_dist_95687940._.js:3132
[  833094ms] [ERROR] IntlError: MISSING_MESSAGE: Cannot read properties of undefined (reading 'split')
    at getFallbackFromErrorAndNotify (http://localhost:3001/_next/static/chunks/node_modules__pnpm_a92eadf3._.js:7251:23)
    at translateBaseFn (http://localhost:3001/_next/static/chunks/node_modules__pnpm_a92eadf3._.js:7281:28)
    at translateFn (http://localhost:3001/_next/static/chunks/node_modules__pnpm_a92eadf3._.js:7343:24)
    at labelFor (http://localhost:3001/_next/static/chunks/_af79dd3a._.js:633:30)
    at http://localhost:3001/_next/static/chunks/_af79dd3a._.js:142:34
    at Array.map (<anonymous>)
    at RegionChoropleth (http://localhost:3001/_next/static/chunks/_af79dd3a._.js:134:43)
    at Object.react_stack_bottom_frame (http://localhost:3001/_next/static/chunks/f12ff_next_dist_compiled_react-dom_7b2f6d3d._.js:14826:24)
    at renderWithHooksAgain (http://localhost:3001/_next/static/chunks/f12ff_next_dist_compiled_react-dom_7b2f6d3d._.js:4706:24)
    at renderWithHooks (http://localhost:3001/_next/static/chunks/f12ff_next_dist_compiled_react-dom_7b2f6d3d._.js:4657:28)
    at updateFunctionComponent (http://localhost:3001/_next/static/chunks/f12ff_next_dist_compiled_react-dom_7b2f6d3d._.js:6112:21)
    at beginWork (http://localhost:3001/_next/static/chunks/f12ff_next_dist_compiled_react-dom_7b2f6d3d._.js:6708:24)
    at runWithFiberInDEV (http://localhost:3001/_next/static/chunks/f12ff_next_dist_compiled_react-dom_7b2f6d3d._.js:965:74)
    at performUnitOfWork (http://localhost:3001/_next/static/chunks/f12ff_next_dist_compiled_react-dom_7b2f6d3d._.js:9562:97)
    at workLoopSync (http://localhost:3001/_next/static/chunks/f12ff_next_dist_compiled_react-dom_7b2f6d3d._.js:9456:40)
    at renderRootSync (http://localhost:3001/_next/static/chunks/f12ff_next_dist_compiled_react-dom_7b2f6d3d._.js:9440:13)
    at performWorkOnRoot (http://localhost:3001/_next/static/chunks/f12ff_next_dist_compiled_react-dom_7b2f6d3d._.js:9068:186)
    at performWorkOnRootViaSchedulerTask (http://localhost:3001/_next/static/chunks/f12ff_next_dist_compiled_react-dom_7b2f6d3d._.js:10230:9)
    at MessagePort.performWorkUntilDeadline (http://localhost:3001/_next/static/chunks/f12ff_next_dist_compiled_cd863794._.js:2647:64) @ http://localhost:3001/_next/static/chunks/f12ff_next_dist_95687940._.js:3132
[  833094ms] [ERROR] IntlError: MISSING_MESSAGE: Cannot read properties of undefined (reading 'split')
    at getFallbackFromErrorAndNotify (http://localhost:3001/_next/static/chunks/node_modules__pnpm_a92eadf3._.js:7251:23)
    at translateBaseFn (http://localhost:3001/_next/static/chunks/node_modules__pnpm_a92eadf3._.js:7281:28)
    at translateFn (http://localhost:3001/_next/static/chunks/node_modules__pnpm_a92eadf3._.js:7343:24)
    at labelFor (http://localhost:3001/_next/static/chunks/_af79dd3a._.js:633:30)
    at http://localhost:3001/_next/static/chunks/_af79dd3a._.js:142:34
    at Array.map (<anonymous>)
    at RegionChoropleth (http://localhost:3001/_next/static/chunks/_af79dd3a._.js:134:43)
    at Object.react_stack_bottom_frame (http://localhost:3001/_next/static/chunks/f12ff_next_dist_compiled_react-dom_7b2f6d3d._.js:14826:24)
    at renderWithHooksAgain (http://localhost:3001/_next/static/chunks/f12ff_next_dist_compiled_react-dom_7b2f6d3d._.js:4706:24)
    at renderWithHooks (http://localhost:3001/_next/static/chunks/f12ff_next_dist_compiled_react-dom_7b2f6d3d._.js:4657:28)
    at updateFunctionComponent (http://localhost:3001/_next/static/chunks/f12ff_next_dist_compiled_react-dom_7b2f6d3d._.js:6112:21)
    at beginWork (http://localhost:3001/_next/static/chunks/f12ff_next_dist_compiled_react-dom_7b2f6d3d._.js:6708:24)
    at runWithFiberInDEV (http://localhost:3001/_next/static/chunks/f12ff_next_dist_compiled_react-dom_7b2f6d3d._.js:965:74)
    at performUnitOfWork (http://localhost:3001/_next/static/chunks/f12ff_next_dist_compiled_react-dom_7b2f6d3d._.js:9562:97)
    at workLoopSync (http://localhost:3001/_next/static/chunks/f12ff_next_dist_compiled_react-dom_7b2f6d3d._.js:9456:40)
    at renderRootSync (http://localhost:3001/_next/static/chunks/f12ff_next_dist_compiled_react-dom_7b2f6d3d._.js:9440:13)
    at performWorkOnRoot (http://localhost:3001/_next/static/chunks/f12ff_next_dist_compiled_react-dom_7b2f6d3d._.js:9068:186)
    at performWorkOnRootViaSchedulerTask (http://localhost:3001/_next/static/chunks/f12ff_next_dist_compiled_react-dom_7b2f6d3d._.js:10230:9)
    at MessagePort.performWorkUntilDeadline (http://localhost:3001/_next/static/chunks/f12ff_next_dist_compiled_cd863794._.js:2647:64) @ http://localhost:3001/_next/static/chunks/f12ff_next_dist_95687940._.js:3132
[  833094ms] [ERROR] IntlError: MISSING_MESSAGE: Cannot read properties of undefined (reading 'split')
    at getFallbackFromErrorAndNotify (http://localhost:3001/_next/static/chunks/node_modules__pnpm_a92eadf3._.js:7251:23)
    at translateBaseFn (http://localhost:3001/_next/static/chunks/node_modules__pnpm_a92eadf3._.js:7281:28)
    at translateFn (http://localhost:3001/_next/static/chunks/node_modules__pnpm_a92eadf3._.js:7343:24)
    at labelFor (http://localhost:3001/_next/static/chunks/_af79dd3a._.js:633:30)
    at http://localhost:3001/_next/static/chunks/_af79dd3a._.js:142:34
    at Array.map (<anonymous>)
    at RegionChoropleth (http://localhost:3001/_next/static/chunks/_af79dd3a._.js:134:43)
    at Object.react_stack_bottom_frame (http://localhost:3001/_next/static/chunks/f12ff_next_dist_compiled_react-dom_7b2f6d3d._.js:14826:24)
    at renderWithHooksAgain (http://localhost:3001/_next/static/chunks/f12ff_next_dist_compiled_react-dom_7b2f6d3d._.js:4706:24)
    at renderWithHooks (http://localhost:3001/_next/static/chunks/f12ff_next_dist_compiled_react-dom_7b2f6d3d._.js:4657:28)
    at updateFunctionComponent (http://localhost:3001/_next/static/chunks/f12ff_next_dist_compiled_react-dom_7b2f6d3d._.js:6112:21)
    at beginWork (http://localhost:3001/_next/static/chunks/f12ff_next_dist_compiled_react-dom_7b2f6d3d._.js:6708:24)
    at runWithFiberInDEV (http://localhost:3001/_next/static/chunks/f12ff_next_dist_compiled_react-dom_7b2f6d3d._.js:965:74)
    at performUnitOfWork (http://localhost:3001/_next/static/chunks/f12ff_next_dist_compiled_react-dom_7b2f6d3d._.js:9562:97)
    at workLoopSync (http://localhost:3001/_next/static/chunks/f12ff_next_dist_compiled_react-dom_7b2f6d3d._.js:9456:40)
    at renderRootSync (http://localhost:3001/_next/static/chunks/f12ff_next_dist_compiled_react-dom_7b2f6d3d._.js:9440:13)
    at performWorkOnRoot (http://localhost:3001/_next/static/chunks/f12ff_next_dist_compiled_react-dom_7b2f6d3d._.js:9068:186)
    at performWorkOnRootViaSchedulerTask (http://localhost:3001/_next/static/chunks/f12ff_next_dist_compiled_react-dom_7b2f6d3d._.js:10230:9)
    at MessagePort.performWorkUntilDeadline (http://localhost:3001/_next/static/chunks/f12ff_next_dist_compiled_cd863794._.js:2647:64) @ http://localhost:3001/_next/static/chunks/f12ff_next_dist_95687940._.js:3132
[  833094ms] [ERROR] IntlError: MISSING_MESSAGE: Cannot read properties of undefined (reading 'split')
    at getFallbackFromErrorAndNotify (http://localhost:3001/_next/static/chunks/node_modules__pnpm_a92eadf3._.js:7251:23)
    at translateBaseFn (http://localhost:3001/_next/static/chunks/node_modules__pnpm_a92eadf3._.js:7281:28)
    at translateFn (http://localhost:3001/_next/static/chunks/node_modules__pnpm_a92eadf3._.js:7343:24)
    at labelFor (http://localhost:3001/_next/static/chunks/_af79dd3a._.js:633:30)
    at http://localhost:3001/_next/static/chunks/_af79dd3a._.js:142:34
    at Array.map (<anonymous>)
    at RegionChoropleth (http://localhost:3001/_next/static/chunks/_af79dd3a._.js:134:43)
    at Object.react_stack_bottom_frame (http://localhost:3001/_next/static/chunks/f12ff_next_dist_compiled_react-dom_7b2f6d3d._.js:14826:24)
    at renderWithHooksAgain (http://localhost:3001/_next/static/chunks/f12ff_next_dist_compiled_react-dom_7b2f6d3d._.js:4706:24)
    at renderWithHooks (http://localhost:3001/_next/static/chunks/f12ff_next_dist_compiled_react-dom_7b2f6d3d._.js:4657:28)
    at updateFunctionComponent (http://localhost:3001/_next/static/chunks/f12ff_next_dist_compiled_react-dom_7b2f6d3d._.js:6112:21)
    at beginWork (http://localhost:3001/_next/static/chunks/f12ff_next_dist_compiled_react-dom_7b2f6d3d._.js:6708:24)
    at runWithFiberInDEV (http://localhost:3001/_next/static/chunks/f12ff_next_dist_compiled_react-dom_7b2f6d3d._.js:965:74)
    at performUnitOfWork (http://localhost:3001/_next/static/chunks/f12ff_next_dist_compiled_react-dom_7b2f6d3d._.js:9562:97)
    at workLoopSync (http://localhost:3001/_next/static/chunks/f12ff_next_dist_compiled_react-dom_7b2f6d3d._.js:9456:40)
    at renderRootSync (http://localhost:3001/_next/static/chunks/f12ff_next_dist_compiled_react-dom_7b2f6d3d._.js:9440:13)
    at performWorkOnRoot (http://localhost:3001/_next/static/chunks/f12ff_next_dist_compiled_react-dom_7b2f6d3d._.js:9068:186)
    at performWorkOnRootViaSchedulerTask (http://localhost:3001/_next/static/chunks/f12ff_next_dist_compiled_react-dom_7b2f6d3d._.js:10230:9)
    at MessagePort.performWorkUntilDeadline (http://localhost:3001/_next/static/chunks/f12ff_next_dist_compiled_cd863794._.js:2647:64) @ http://localhost:3001/_next/static/chunks/f12ff_next_dist_95687940._.js:3132
[  833094ms] [ERROR] IntlError: MISSING_MESSAGE: Cannot read properties of undefined (reading 'split')
    at getFallbackFromErrorAndNotify (http://localhost:3001/_next/static/chunks/node_modules__pnpm_a92eadf3._.js:7251:23)
    at translateBaseFn (http://localhost:3001/_next/static/chunks/node_modules__pnpm_a92eadf3._.js:7281:28)
    at translateFn (http://localhost:3001/_next/static/chunks/node_modules__pnpm_a92eadf3._.js:7343:24)
    at labelFor (http://localhost:3001/_next/static/chunks/_af79dd3a._.js:633:30)
    at http://localhost:3001/_next/static/chunks/_af79dd3a._.js:142:34
    at Array.map (<anonymous>)
    at RegionChoropleth (http://localhost:3001/_next/static/chunks/_af79dd3a._.js:134:43)
    at Object.react_stack_bottom_frame (http://localhost:3001/_next/static/chunks/f12ff_next_dist_compiled_react-dom_7b2f6d3d._.js:14826:24)
    at renderWithHooksAgain (http://localhost:3001/_next/static/chunks/f12ff_next_dist_compiled_react-dom_7b2f6d3d._.js:4706:24)
    at renderWithHooks (http://localhost:3001/_next/static/chunks/f12ff_next_dist_compiled_react-dom_7b2f6d3d._.js:4657:28)
    at updateFunctionComponent (http://localhost:3001/_next/static/chunks/f12ff_next_dist_compiled_react-dom_7b2f6d3d._.js:6112:21)
    at beginWork (http://localhost:3001/_next/static/chunks/f12ff_next_dist_compiled_react-dom_7b2f6d3d._.js:6708:24)
    at runWithFiberInDEV (http://localhost:3001/_next/static/chunks/f12ff_next_dist_compiled_react-dom_7b2f6d3d._.js:965:74)
    at performUnitOfWork (http://localhost:3001/_next/static/chunks/f12ff_next_dist_compiled_react-dom_7b2f6d3d._.js:9562:97)
    at workLoopSync (http://localhost:3001/_next/static/chunks/f12ff_next_dist_compiled_react-dom_7b2f6d3d._.js:9456:40)
    at renderRootSync (http://localhost:3001/_next/static/chunks/f12ff_next_dist_compiled_react-dom_7b2f6d3d._.js:9440:13)
    at performWorkOnRoot (http://localhost:3001/_next/static/chunks/f12ff_next_dist_compiled_react-dom_7b2f6d3d._.js:9068:186)
    at performWorkOnRootViaSchedulerTask (http://localhost:3001/_next/static/chunks/f12ff_next_dist_compiled_react-dom_7b2f6d3d._.js:10230:9)
    at MessagePort.performWorkUntilDeadline (http://localhost:3001/_next/static/chunks/f12ff_next_dist_compiled_cd863794._.js:2647:64) @ http://localhost:3001/_next/static/chunks/f12ff_next_dist_95687940._.js:3132
[  833094ms] [ERROR] IntlError: MISSING_MESSAGE: Cannot read properties of undefined (reading 'split')
    at getFallbackFromErrorAndNotify (http://localhost:3001/_next/static/chunks/node_modules__pnpm_a92eadf3._.js:7251:23)
    at translateBaseFn (http://localhost:3001/_next/static/chunks/node_modules__pnpm_a92eadf3._.js:7281:28)
    at translateFn (http://localhost:3001/_next/static/chunks/node_modules__pnpm_a92eadf3._.js:7343:24)
    at labelFor (http://localhost:3001/_next/static/chunks/_af79dd3a._.js:633:30)
    at http://localhost:3001/_next/static/chunks/_af79dd3a._.js:142:34
    at Array.map (<anonymous>)
    at RegionChoropleth (http://localhost:3001/_next/static/chunks/_af79dd3a._.js:134:43)
    at Object.react_stack_bottom_frame (http://localhost:3001/_next/static/chunks/f12ff_next_dist_compiled_react-dom_7b2f6d3d._.js:14826:24)
    at renderWithHooksAgain (http://localhost:3001/_next/static/chunks/f12ff_next_dist_compiled_react-dom_7b2f6d3d._.js:4706:24)
    at renderWithHooks (http://localhost:3001/_next/static/chunks/f12ff_next_dist_compiled_react-dom_7b2f6d3d._.js:4657:28)
    at updateFunctionComponent (http://localhost:3001/_next/static/chunks/f12ff_next_dist_compiled_react-dom_7b2f6d3d._.js:6112:21)
    at beginWork (http://localhost:3001/_next/static/chunks/f12ff_next_dist_compiled_react-dom_7b2f6d3d._.js:6708:24)
    at runWithFiberInDEV (http://localhost:3001/_next/static/chunks/f12ff_next_dist_compiled_react-dom_7b2f6d3d._.js:965:74)
    at performUnitOfWork (http://localhost:3001/_next/static/chunks/f12ff_next_dist_compiled_react-dom_7b2f6d3d._.js:9562:97)
    at workLoopSync (http://localhost:3001/_next/static/chunks/f12ff_next_dist_compiled_react-dom_7b2f6d3d._.js:9456:40)
    at renderRootSync (http://localhost:3001/_next/static/chunks/f12ff_next_dist_compiled_react-dom_7b2f6d3d._.js:9440:13)
    at performWorkOnRoot (http://localhost:3001/_next/static/chunks/f12ff_next_dist_compiled_react-dom_7b2f6d3d._.js:9068:186)
    at performWorkOnRootViaSchedulerTask (http://localhost:3001/_next/static/chunks/f12ff_next_dist_compiled_react-dom_7b2f6d3d._.js:10230:9)
    at MessagePort.performWorkUntilDeadline (http://localhost:3001/_next/static/chunks/f12ff_next_dist_compiled_cd863794._.js:2647:64) @ http://localhost:3001/_next/static/chunks/f12ff_next_dist_95687940._.js:3132
[  833123ms] [ERROR] IntlError: MISSING_MESSAGE: Cannot read properties of undefined (reading 'split')
    at getFallbackFromErrorAndNotify (http://localhost:3001/_next/static/chunks/node_modules__pnpm_a92eadf3._.js:7251:23)
    at translateBaseFn (http://localhost:3001/_next/static/chunks/node_modules__pnpm_a92eadf3._.js:7281:28)
    at translateFn (http://localhost:3001/_next/static/chunks/node_modules__pnpm_a92eadf3._.js:7343:24)
    at labelFor (http://localhost:3001/_next/static/chunks/_af79dd3a._.js:633:30)
    at http://localhost:3001/_next/static/chunks/_af79dd3a._.js:142:34
    at Array.map (<anonymous>)
    at RegionChoropleth (http://localhost:3001/_next/static/chunks/_af79dd3a._.js:134:43)
    at Object.react_stack_bottom_frame (http://localhost:3001/_next/static/chunks/f12ff_next_dist_compiled_react-dom_7b2f6d3d._.js:14826:24)
    at renderWithHooks (http://localhost:3001/_next/static/chunks/f12ff_next_dist_compiled_react-dom_7b2f6d3d._.js:4651:24)
    at updateFunctionComponent (http://localhost:3001/_next/static/chunks/f12ff_next_dist_compiled_react-dom_7b2f6d3d._.js:6112:21)
    at beginWork (http://localhost:3001/_next/static/chunks/f12ff_next_dist_compiled_react-dom_7b2f6d3d._.js:6708:24)
    at runWithFiberInDEV (http://localhost:3001/_next/static/chunks/f12ff_next_dist_compiled_react-dom_7b2f6d3d._.js:965:74)
    at performUnitOfWork (http://localhost:3001/_next/static/chunks/f12ff_next_dist_compiled_react-dom_7b2f6d3d._.js:9562:97)
    at workLoopSync (http://localhost:3001/_next/static/chunks/f12ff_next_dist_compiled_react-dom_7b2f6d3d._.js:9456:40)
    at renderRootSync (http://localhost:3001/_next/static/chunks/f12ff_next_dist_compiled_react-dom_7b2f6d3d._.js:9440:13)
    at performWorkOnRoot (http://localhost:3001/_next/static/chunks/f12ff_next_dist_compiled_react-dom_7b2f6d3d._.js:9068:186)
    at performWorkOnRootViaSchedulerTask (http://localhost:3001/_next/static/chunks/f12ff_next_dist_compiled_react-dom_7b2f6d3d._.js:10230:9)
    at MessagePort.performWorkUntilDeadline (http://localhost:3001/_next/static/chunks/f12ff_next_dist_compiled_cd863794._.js:2647:64) @ http://localhost:3001/_next/static/chunks/f12ff_next_dist_95687940._.js:3132
[  833123ms] [ERROR] IntlError: MISSING_MESSAGE: Cannot read properties of undefined (reading 'split')
    at getFallbackFromErrorAndNotify (http://localhost:3001/_next/static/chunks/node_modules__pnpm_a92eadf3._.js:7251:23)
    at translateBaseFn (http://localhost:3001/_next/static/chunks/node_modules__pnpm_a92eadf3._.js:7281:28)
    at translateFn (http://localhost:3001/_next/static/chunks/node_modules__pnpm_a92eadf3._.js:7343:24)
    at labelFor (http://localhost:3001/_next/static/chunks/_af79dd3a._.js:633:30)
    at http://localhost:3001/_next/static/chunks/_af79dd3a._.js:142:34
    at Array.map (<anonymous>)
    at RegionChoropleth (http://localhost:3001/_next/static/chunks/_af79dd3a._.js:134:43)
    at Object.react_stack_bottom_frame (http://localhost:3001/_next/static/chunks/f12ff_next_dist_compiled_react-dom_7b2f6d3d._.js:14826:24)
    at renderWithHooks (http://localhost:3001/_next/static/chunks/f12ff_next_dist_compiled_react-dom_7b2f6d3d._.js:4651:24)
    at updateFunctionComponent (http://localhost:3001/_next/static/chunks/f12ff_next_dist_compiled_react-dom_7b2f6d3d._.js:6112:21)
    at beginWork (http://localhost:3001/_next/static/chunks/f12ff_next_dist_compiled_react-dom_7b2f6d3d._.js:6708:24)
    at runWithFiberInDEV (http://localhost:3001/_next/static/chunks/f12ff_next_dist_compiled_react-dom_7b2f6d3d._.js:965:74)
    at performUnitOfWork (http://localhost:3001/_next/static/chunks/f12ff_next_dist_compiled_react-dom_7b2f6d3d._.js:9562:97)
    at workLoopSync (http://localhost:3001/_next/static/chunks/f12ff_next_dist_compiled_react-dom_7b2f6d3d._.js:9456:40)
    at renderRootSync (http://localhost:3001/_next/static/chunks/f12ff_next_dist_compiled_react-dom_7b2f6d3d._.js:9440:13)
    at performWorkOnRoot (http://localhost:3001/_next/static/chunks/f12ff_next_dist_compiled_react-dom_7b2f6d3d._.js:9068:186)
    at performWorkOnRootViaSchedulerTask (http://localhost:3001/_next/static/chunks/f12ff_next_dist_compiled_react-dom_7b2f6d3d._.js:10230:9)
    at MessagePort.performWorkUntilDeadline (http://localhost:3001/_next/static/chunks/f12ff_next_dist_compiled_cd863794._.js:2647:64) @ http://localhost:3001/_next/static/chunks/f12ff_next_dist_95687940._.js:3132
[  833123ms] [ERROR] IntlError: MISSING_MESSAGE: Cannot read properties of undefined (reading 'split')
    at getFallbackFromErrorAndNotify (http://localhost:3001/_next/static/chunks/node_modules__pnpm_a92eadf3._.js:7251:23)
    at translateBaseFn (http://localhost:3001/_next/static/chunks/node_modules__pnpm_a92eadf3._.js:7281:28)
    at translateFn (http://localhost:3001/_next/static/chunks/node_modules__pnpm_a92eadf3._.js:7343:24)
    at labelFor (http://localhost:3001/_next/static/chunks/_af79dd3a._.js:633:30)
    at http://localhost:3001/_next/static/chunks/_af79dd3a._.js:142:34
    at Array.map (<anonymous>)
    at RegionChoropleth (http://localhost:3001/_next/static/chunks/_af79dd3a._.js:134:43)
    at Object.react_stack_bottom_frame (http://localhost:3001/_next/static/chunks/f12ff_next_dist_compiled_react-dom_7b2f6d3d._.js:14826:24)
    at renderWithHooks (http://localhost:3001/_next/static/chunks/f12ff_next_dist_compiled_react-dom_7b2f6d3d._.js:4651:24)
    at updateFunctionComponent (http://localhost:3001/_next/static/chunks/f12ff_next_dist_compiled_react-dom_7b2f6d3d._.js:6112:21)
    at beginWork (http://localhost:3001/_next/static/chunks/f12ff_next_dist_compiled_react-dom_7b2f6d3d._.js:6708:24)
    at runWithFiberInDEV (http://localhost:3001/_next/static/chunks/f12ff_next_dist_compiled_react-dom_7b2f6d3d._.js:965:74)
    at performUnitOfWork (http://localhost:3001/_next/static/chunks/f12ff_next_dist_compiled_react-dom_7b2f6d3d._.js:9562:97)
    at workLoopSync (http://localhost:3001/_next/static/chunks/f12ff_next_dist_compiled_react-dom_7b2f6d3d._.js:9456:40)
    at renderRootSync (http://localhost:3001/_next/static/chunks/f12ff_next_dist_compiled_react-dom_7b2f6d3d._.js:9440:13)
    at performWorkOnRoot (http://localhost:3001/_next/static/chunks/f12ff_next_dist_compiled_react-dom_7b2f6d3d._.js:9068:186)
    at performWorkOnRootViaSchedulerTask (http://localhost:3001/_next/static/chunks/f12ff_next_dist_compiled_react-dom_7b2f6d3d._.js:10230:9)
    at MessagePort.performWorkUntilDeadline (http://localhost:3001/_next/static/chunks/f12ff_next_dist_compiled_cd863794._.js:2647:64) @ http://localhost:3001/_next/static/chunks/f12ff_next_dist_95687940._.js:3132
[  833123ms] [ERROR] IntlError: MISSING_MESSAGE: Cannot read properties of undefined (reading 'split')
    at getFallbackFromErrorAndNotify (http://localhost:3001/_next/static/chunks/node_modules__pnpm_a92eadf3._.js:7251:23)
    at translateBaseFn (http://localhost:3001/_next/static/chunks/node_modules__pnpm_a92eadf3._.js:7281:28)
    at translateFn (http://localhost:3001/_next/static/chunks/node_modules__pnpm_a92eadf3._.js:7343:24)
    at labelFor (http://localhost:3001/_next/static/chunks/_af79dd3a._.js:633:30)
    at http://localhost:3001/_next/static/chunks/_af79dd3a._.js:142:34
    at Array.map (<anonymous>)
    at RegionChoropleth (http://localhost:3001/_next/static/chunks/_af79dd3a._.js:134:43)
    at Object.react_stack_bottom_frame (http://localhost:3001/_next/static/chunks/f12ff_next_dist_compiled_react-dom_7b2f6d3d._.js:14826:24)
    at renderWithHooks (http://localhost:3001/_next/static/chunks/f12ff_next_dist_compiled_react-dom_7b2f6d3d._.js:4651:24)
    at updateFunctionComponent (http://localhost:3001/_next/static/chunks/f12ff_next_dist_compiled_react-dom_7b2f6d3d._.js:6112:21)
    at beginWork (http://localhost:3001/_next/static/chunks/f12ff_next_dist_compiled_react-dom_7b2f6d3d._.js:6708:24)
    at runWithFiberInDEV (http://localhost:3001/_next/static/chunks/f12ff_next_dist_compiled_react-dom_7b2f6d3d._.js:965:74)
    at performUnitOfWork (http://localhost:3001/_next/static/chunks/f12ff_next_dist_compiled_react-dom_7b2f6d3d._.js:9562:97)
    at workLoopSync (http://localhost:3001/_next/static/chunks/f12ff_next_dist_compiled_react-dom_7b2f6d3d._.js:9456:40)
    at renderRootSync (http://localhost:3001/_next/static/chunks/f12ff_next_dist_compiled_react-dom_7b2f6d3d._.js:9440:13)
    at performWorkOnRoot (http://localhost:3001/_next/static/chunks/f12ff_next_dist_compiled_react-dom_7b2f6d3d._.js:9068:186)
    at performWorkOnRootViaSchedulerTask (http://localhost:3001/_next/static/chunks/f12ff_next_dist_compiled_react-dom_7b2f6d3d._.js:10230:9)
    at MessagePort.performWorkUntilDeadline (http://localhost:3001/_next/static/chunks/f12ff_next_dist_compiled_cd863794._.js:2647:64) @ http://localhost:3001/_next/static/chunks/f12ff_next_dist_95687940._.js:3132
[  833123ms] [ERROR] IntlError: MISSING_MESSAGE: Cannot read properties of undefined (reading 'split')
    at getFallbackFromErrorAndNotify (http://localhost:3001/_next/static/chunks/node_modules__pnpm_a92eadf3._.js:7251:23)
    at translateBaseFn (http://localhost:3001/_next/static/chunks/node_modules__pnpm_a92eadf3._.js:7281:28)
    at translateFn (http://localhost:3001/_next/static/chunks/node_modules__pnpm_a92eadf3._.js:7343:24)
    at labelFor (http://localhost:3001/_next/static/chunks/_af79dd3a._.js:633:30)
    at http://localhost:3001/_next/static/chunks/_af79dd3a._.js:142:34
    at Array.map (<anonymous>)
    at RegionChoropleth (http://localhost:3001/_next/static/chunks/_af79dd3a._.js:134:43)
    at Object.react_stack_bottom_frame (http://localhost:3001/_next/static/chunks/f12ff_next_dist_compiled_react-dom_7b2f6d3d._.js:14826:24)
    at renderWithHooks (http://localhost:3001/_next/static/chunks/f12ff_next_dist_compiled_react-dom_7b2f6d3d._.js:4651:24)
    at updateFunctionComponent (http://localhost:3001/_next/static/chunks/f12ff_next_dist_compiled_react-dom_7b2f6d3d._.js:6112:21)
    at beginWork (http://localhost:3001/_next/static/chunks/f12ff_next_dist_compiled_react-dom_7b2f6d3d._.js:6708:24)
    at runWithFiberInDEV (http://localhost:3001/_next/static/chunks/f12ff_next_dist_compiled_react-dom_7b2f6d3d._.js:965:74)
    at performUnitOfWork (http://localhost:3001/_next/static/chunks/f12ff_next_dist_compiled_react-dom_7b2f6d3d._.js:9562:97)
    at workLoopSync (http://localhost:3001/_next/static/chunks/f12ff_next_dist_compiled_react-dom_7b2f6d3d._.js:9456:40)
    at renderRootSync (http://localhost:3001/_next/static/chunks/f12ff_next_dist_compiled_react-dom_7b2f6d3d._.js:9440:13)
    at performWorkOnRoot (http://localhost:3001/_next/static/chunks/f12ff_next_dist_compiled_react-dom_7b2f6d3d._.js:9068:186)
    at performWorkOnRootViaSchedulerTask (http://localhost:3001/_next/static/chunks/f12ff_next_dist_compiled_react-dom_7b2f6d3d._.js:10230:9)
    at MessagePort.performWorkUntilDeadline (http://localhost:3001/_next/static/chunks/f12ff_next_dist_compiled_cd863794._.js:2647:64) @ http://localhost:3001/_next/static/chunks/f12ff_next_dist_95687940._.js:3132
[  833123ms] [ERROR] IntlError: MISSING_MESSAGE: Cannot read properties of undefined (reading 'split')
    at getFallbackFromErrorAndNotify (http://localhost:3001/_next/static/chunks/node_modules__pnpm_a92eadf3._.js:7251:23)
    at translateBaseFn (http://localhost:3001/_next/static/chunks/node_modules__pnpm_a92eadf3._.js:7281:28)
    at translateFn (http://localhost:3001/_next/static/chunks/node_modules__pnpm_a92eadf3._.js:7343:24)
    at labelFor (http://localhost:3001/_next/static/chunks/_af79dd3a._.js:633:30)
    at http://localhost:3001/_next/static/chunks/_af79dd3a._.js:142:34
    at Array.map (<anonymous>)
    at RegionChoropleth (http://localhost:3001/_next/static/chunks/_af79dd3a._.js:134:43)
    at Object.react_stack_bottom_frame (http://localhost:3001/_next/static/chunks/f12ff_next_dist_compiled_react-dom_7b2f6d3d._.js:14826:24)
    at renderWithHooks (http://localhost:3001/_next/static/chunks/f12ff_next_dist_compiled_react-dom_7b2f6d3d._.js:4651:24)
    at updateFunctionComponent (http://localhost:3001/_next/static/chunks/f12ff_next_dist_compiled_react-dom_7b2f6d3d._.js:6112:21)
    at beginWork (http://localhost:3001/_next/static/chunks/f12ff_next_dist_compiled_react-dom_7b2f6d3d._.js:6708:24)
    at runWithFiberInDEV (http://localhost:3001/_next/static/chunks/f12ff_next_dist_compiled_react-dom_7b2f6d3d._.js:965:74)
    at performUnitOfWork (http://localhost:3001/_next/static/chunks/f12ff_next_dist_compiled_react-dom_7b2f6d3d._.js:9562:97)
    at workLoopSync (http://localhost:3001/_next/static/chunks/f12ff_next_dist_compiled_react-dom_7b2f6d3d._.js:9456:40)
    at renderRootSync (http://localhost:3001/_next/static/chunks/f12ff_next_dist_compiled_react-dom_7b2f6d3d._.js:9440:13)
    at performWorkOnRoot (http://localhost:3001/_next/static/chunks/f12ff_next_dist_compiled_react-dom_7b2f6d3d._.js:9068:186)
    at performWorkOnRootViaSchedulerTask (http://localhost:3001/_next/static/chunks/f12ff_next_dist_compiled_react-dom_7b2f6d3d._.js:10230:9)
    at MessagePort.performWorkUntilDeadline (http://localhost:3001/_next/static/chunks/f12ff_next_dist_compiled_cd863794._.js:2647:64) @ http://localhost:3001/_next/static/chunks/f12ff_next_dist_95687940._.js:3132
[  833123ms] [ERROR] IntlError: MISSING_MESSAGE: Cannot read properties of undefined (reading 'split')
    at getFallbackFromErrorAndNotify (http://localhost:3001/_next/static/chunks/node_modules__pnpm_a92eadf3._.js:7251:23)
    at translateBaseFn (http://localhost:3001/_next/static/chunks/node_modules__pnpm_a92eadf3._.js:7281:28)
    at translateFn (http://localhost:3001/_next/static/chunks/node_modules__pnpm_a92eadf3._.js:7343:24)
    at labelFor (http://localhost:3001/_next/static/chunks/_af79dd3a._.js:633:30)
    at http://localhost:3001/_next/static/chunks/_af79dd3a._.js:142:34
    at Array.map (<anonymous>)
    at RegionChoropleth (http://localhost:3001/_next/static/chunks/_af79dd3a._.js:134:43)
    at Object.react_stack_bottom_frame (http://localhost:3001/_next/static/chunks/f12ff_next_dist_compiled_react-dom_7b2f6d3d._.js:14826:24)
    at renderWithHooks (http://localhost:3001/_next/static/chunks/f12ff_next_dist_compiled_react-dom_7b2f6d3d._.js:4651:24)
    at updateFunctionComponent (http://localhost:3001/_next/static/chunks/f12ff_next_dist_compiled_react-dom_7b2f6d3d._.js:6112:21)
    at beginWork (http://localhost:3001/_next/static/chunks/f12ff_next_dist_compiled_react-dom_7b2f6d3d._.js:6708:24)
    at runWithFiberInDEV (http://localhost:3001/_next/static/chunks/f12ff_next_dist_compiled_react-dom_7b2f6d3d._.js:965:74)
    at performUnitOfWork (http://localhost:3001/_next/static/chunks/f12ff_next_dist_compiled_react-dom_7b2f6d3d._.js:9562:97)
    at workLoopSync (http://localhost:3001/_next/static/chunks/f12ff_next_dist_compiled_react-dom_7b2f6d3d._.js:9456:40)
    at renderRootSync (http://localhost:3001/_next/static/chunks/f12ff_next_dist_compiled_react-dom_7b2f6d3d._.js:9440:13)
    at performWorkOnRoot (http://localhost:3001/_next/static/chunks/f12ff_next_dist_compiled_react-dom_7b2f6d3d._.js:9068:186)
    at performWorkOnRootViaSchedulerTask (http://localhost:3001/_next/static/chunks/f12ff_next_dist_compiled_react-dom_7b2f6d3d._.js:10230:9)
    at MessagePort.performWorkUntilDeadline (http://localhost:3001/_next/static/chunks/f12ff_next_dist_compiled_cd863794._.js:2647:64) @ http://localhost:3001/_next/static/chunks/f12ff_next_dist_95687940._.js:3132
[  833124ms] [ERROR] IntlError: MISSING_MESSAGE: Cannot read properties of undefined (reading 'split')
    at getFallbackFromErrorAndNotify (http://localhost:3001/_next/static/chunks/node_modules__pnpm_a92eadf3._.js:7251:23)
    at translateBaseFn (http://localhost:3001/_next/static/chunks/node_modules__pnpm_a92eadf3._.js:7281:28)
    at translateFn (http://localhost:3001/_next/static/chunks/node_modules__pnpm_a92eadf3._.js:7343:24)
    at labelFor (http://localhost:3001/_next/static/chunks/_af79dd3a._.js:633:30)
    at http://localhost:3001/_next/static/chunks/_af79dd3a._.js:142:34
    at Array.map (<anonymous>)
    at RegionChoropleth (http://localhost:3001/_next/static/chunks/_af79dd3a._.js:134:43)
    at Object.react_stack_bottom_frame (http://localhost:3001/_next/static/chunks/f12ff_next_dist_compiled_react-dom_7b2f6d3d._.js:14826:24)
    at renderWithHooksAgain (http://localhost:3001/_next/static/chunks/f12ff_next_dist_compiled_react-dom_7b2f6d3d._.js:4706:24)
    at renderWithHooks (http://localhost:3001/_next/static/chunks/f12ff_next_dist_compiled_react-dom_7b2f6d3d._.js:4657:28)
    at updateFunctionComponent (http://localhost:3001/_next/static/chunks/f12ff_next_dist_compiled_react-dom_7b2f6d3d._.js:6112:21)
    at beginWork (http://localhost:3001/_next/static/chunks/f12ff_next_dist_compiled_react-dom_7b2f6d3d._.js:6708:24)
    at runWithFiberInDEV (http://localhost:3001/_next/static/chunks/f12ff_next_dist_compiled_react-dom_7b2f6d3d._.js:965:74)
    at performUnitOfWork (http://localhost:3001/_next/static/chunks/f12ff_next_dist_compiled_react-dom_7b2f6d3d._.js:9562:97)
    at workLoopSync (http://localhost:3001/_next/static/chunks/f12ff_next_dist_compiled_react-dom_7b2f6d3d._.js:9456:40)
    at renderRootSync (http://localhost:3001/_next/static/chunks/f12ff_next_dist_compiled_react-dom_7b2f6d3d._.js:9440:13)
    at performWorkOnRoot (http://localhost:3001/_next/static/chunks/f12ff_next_dist_compiled_react-dom_7b2f6d3d._.js:9068:186)
    at performWorkOnRootViaSchedulerTask (http://localhost:3001/_next/static/chunks/f12ff_next_dist_compiled_react-dom_7b2f6d3d._.js:10230:9)
    at MessagePort.performWorkUntilDeadline (http://localhost:3001/_next/static/chunks/f12ff_next_dist_compiled_cd863794._.js:2647:64) @ http://localhost:3001/_next/static/chunks/f12ff_next_dist_95687940._.js:3132
[  833124ms] [ERROR] IntlError: MISSING_MESSAGE: Cannot read properties of undefined (reading 'split')
    at getFallbackFromErrorAndNotify (http://localhost:3001/_next/static/chunks/node_modules__pnpm_a92eadf3._.js:7251:23)
    at translateBaseFn (http://localhost:3001/_next/static/chunks/node_modules__pnpm_a92eadf3._.js:7281:28)
    at translateFn (http://localhost:3001/_next/static/chunks/node_modules__pnpm_a92eadf3._.js:7343:24)
    at labelFor (http://localhost:3001/_next/static/chunks/_af79dd3a._.js:633:30)
    at http://localhost:3001/_next/static/chunks/_af79dd3a._.js:142:34
    at Array.map (<anonymous>)
    at RegionChoropleth (http://localhost:3001/_next/static/chunks/_af79dd3a._.js:134:43)
    at Object.react_stack_bottom_frame (http://localhost:3001/_next/static/chunks/f12ff_next_dist_compiled_react-dom_7b2f6d3d._.js:14826:24)
    at renderWithHooksAgain (http://localhost:3001/_next/static/chunks/f12ff_next_dist_compiled_react-dom_7b2f6d3d._.js:4706:24)
    at renderWithHooks (http://localhost:3001/_next/static/chunks/f12ff_next_dist_compiled_react-dom_7b2f6d3d._.js:4657:28)
    at updateFunctionComponent (http://localhost:3001/_next/static/chunks/f12ff_next_dist_compiled_react-dom_7b2f6d3d._.js:6112:21)
    at beginWork (http://localhost:3001/_next/static/chunks/f12ff_next_dist_compiled_react-dom_7b2f6d3d._.js:6708:24)
    at runWithFiberInDEV (http://localhost:3001/_next/static/chunks/f12ff_next_dist_compiled_react-dom_7b2f6d3d._.js:965:74)
    at performUnitOfWork (http://localhost:3001/_next/static/chunks/f12ff_next_dist_compiled_react-dom_7b2f6d3d._.js:9562:97)
    at workLoopSync (http://localhost:3001/_next/static/chunks/f12ff_next_dist_compiled_react-dom_7b2f6d3d._.js:9456:40)
    at renderRootSync (http://localhost:3001/_next/static/chunks/f12ff_next_dist_compiled_react-dom_7b2f6d3d._.js:9440:13)
    at performWorkOnRoot (http://localhost:3001/_next/static/chunks/f12ff_next_dist_compiled_react-dom_7b2f6d3d._.js:9068:186)
    at performWorkOnRootViaSchedulerTask (http://localhost:3001/_next/static/chunks/f12ff_next_dist_compiled_react-dom_7b2f6d3d._.js:10230:9)
    at MessagePort.performWorkUntilDeadline (http://localhost:3001/_next/static/chunks/f12ff_next_dist_compiled_cd863794._.js:2647:64) @ http://localhost:3001/_next/static/chunks/f12ff_next_dist_95687940._.js:3132
[  833124ms] [ERROR] IntlError: MISSING_MESSAGE: Cannot read properties of undefined (reading 'split')
    at getFallbackFromErrorAndNotify (http://localhost:3001/_next/static/chunks/node_modules__pnpm_a92eadf3._.js:7251:23)
    at translateBaseFn (http://localhost:3001/_next/static/chunks/node_modules__pnpm_a92eadf3._.js:7281:28)
    at translateFn (http://localhost:3001/_next/static/chunks/node_modules__pnpm_a92eadf3._.js:7343:24)
    at labelFor (http://localhost:3001/_next/static/chunks/_af79dd3a._.js:633:30)
    at http://localhost:3001/_next/static/chunks/_af79dd3a._.js:142:34
    at Array.map (<anonymous>)
    at RegionChoropleth (http://localhost:3001/_next/static/chunks/_af79dd3a._.js:134:43)
    at Object.react_stack_bottom_frame (http://localhost:3001/_next/static/chunks/f12ff_next_dist_compiled_react-dom_7b2f6d3d._.js:14826:24)
    at renderWithHooksAgain (http://localhost:3001/_next/static/chunks/f12ff_next_dist_compiled_react-dom_7b2f6d3d._.js:4706:24)
    at renderWithHooks (http://localhost:3001/_next/static/chunks/f12ff_next_dist_compiled_react-dom_7b2f6d3d._.js:4657:28)
    at updateFunctionComponent (http://localhost:3001/_next/static/chunks/f12ff_next_dist_compiled_react-dom_7b2f6d3d._.js:6112:21)
    at beginWork (http://localhost:3001/_next/static/chunks/f12ff_next_dist_compiled_react-dom_7b2f6d3d._.js:6708:24)
    at runWithFiberInDEV (http://localhost:3001/_next/static/chunks/f12ff_next_dist_compiled_react-dom_7b2f6d3d._.js:965:74)
    at performUnitOfWork (http://localhost:3001/_next/static/chunks/f12ff_next_dist_compiled_react-dom_7b2f6d3d._.js:9562:97)
    at workLoopSync (http://localhost:3001/_next/static/chunks/f12ff_next_dist_compiled_react-dom_7b2f6d3d._.js:9456:40)
    at renderRootSync (http://localhost:3001/_next/static/chunks/f12ff_next_dist_compiled_react-dom_7b2f6d3d._.js:9440:13)
    at performWorkOnRoot (http://localhost:3001/_next/static/chunks/f12ff_next_dist_compiled_react-dom_7b2f6d3d._.js:9068:186)
    at performWorkOnRootViaSchedulerTask (http://localhost:3001/_next/static/chunks/f12ff_next_dist_compiled_react-dom_7b2f6d3d._.js:10230:9)
    at MessagePort.performWorkUntilDeadline (http://localhost:3001/_next/static/chunks/f12ff_next_dist_compiled_cd863794._.js:2647:64) @ http://localhost:3001/_next/static/chunks/f12ff_next_dist_95687940._.js:3132
[  833124ms] [ERROR] IntlError: MISSING_MESSAGE: Cannot read properties of undefined (reading 'split')
    at getFallbackFromErrorAndNotify (http://localhost:3001/_next/static/chunks/node_modules__pnpm_a92eadf3._.js:7251:23)
    at translateBaseFn (http://localhost:3001/_next/static/chunks/node_modules__pnpm_a92eadf3._.js:7281:28)
    at translateFn (http://localhost:3001/_next/static/chunks/node_modules__pnpm_a92eadf3._.js:7343:24)
    at labelFor (http://localhost:3001/_next/static/chunks/_af79dd3a._.js:633:30)
    at http://localhost:3001/_next/static/chunks/_af79dd3a._.js:142:34
    at Array.map (<anonymous>)
    at RegionChoropleth (http://localhost:3001/_next/static/chunks/_af79dd3a._.js:134:43)
    at Object.react_stack_bottom_frame (http://localhost:3001/_next/static/chunks/f12ff_next_dist_compiled_react-dom_7b2f6d3d._.js:14826:24)
    at renderWithHooksAgain (http://localhost:3001/_next/static/chunks/f12ff_next_dist_compiled_react-dom_7b2f6d3d._.js:4706:24)
    at renderWithHooks (http://localhost:3001/_next/static/chunks/f12ff_next_dist_compiled_react-dom_7b2f6d3d._.js:4657:28)
    at updateFunctionComponent (http://localhost:3001/_next/static/chunks/f12ff_next_dist_compiled_react-dom_7b2f6d3d._.js:6112:21)
    at beginWork (http://localhost:3001/_next/static/chunks/f12ff_next_dist_compiled_react-dom_7b2f6d3d._.js:6708:24)
    at runWithFiberInDEV (http://localhost:3001/_next/static/chunks/f12ff_next_dist_compiled_react-dom_7b2f6d3d._.js:965:74)
    at performUnitOfWork (http://localhost:3001/_next/static/chunks/f12ff_next_dist_compiled_react-dom_7b2f6d3d._.js:9562:97)
    at workLoopSync (http://localhost:3001/_next/static/chunks/f12ff_next_dist_compiled_react-dom_7b2f6d3d._.js:9456:40)
    at renderRootSync (http://localhost:3001/_next/static/chunks/f12ff_next_dist_compiled_react-dom_7b2f6d3d._.js:9440:13)
    at performWorkOnRoot (http://localhost:3001/_next/static/chunks/f12ff_next_dist_compiled_react-dom_7b2f6d3d._.js:9068:186)
    at performWorkOnRootViaSchedulerTask (http://localhost:3001/_next/static/chunks/f12ff_next_dist_compiled_react-dom_7b2f6d3d._.js:10230:9)
    at MessagePort.performWorkUntilDeadline (http://localhost:3001/_next/static/chunks/f12ff_next_dist_compiled_cd863794._.js:2647:64) @ http://localhost:3001/_next/static/chunks/f12ff_next_dist_95687940._.js:3132
[  833124ms] [ERROR] IntlError: MISSING_MESSAGE: Cannot read properties of undefined (reading 'split')
    at getFallbackFromErrorAndNotify (http://localhost:3001/_next/static/chunks/node_modules__pnpm_a92eadf3._.js:7251:23)
    at translateBaseFn (http://localhost:3001/_next/static/chunks/node_modules__pnpm_a92eadf3._.js:7281:28)
    at translateFn (http://localhost:3001/_next/static/chunks/node_modules__pnpm_a92eadf3._.js:7343:24)
    at labelFor (http://localhost:3001/_next/static/chunks/_af79dd3a._.js:633:30)
    at http://localhost:3001/_next/static/chunks/_af79dd3a._.js:142:34
    at Array.map (<anonymous>)
    at RegionChoropleth (http://localhost:3001/_next/static/chunks/_af79dd3a._.js:134:43)
    at Object.react_stack_bottom_frame (http://localhost:3001/_next/static/chunks/f12ff_next_dist_compiled_react-dom_7b2f6d3d._.js:14826:24)
    at renderWithHooksAgain (http://localhost:3001/_next/static/chunks/f12ff_next_dist_compiled_react-dom_7b2f6d3d._.js:4706:24)
    at renderWithHooks (http://localhost:3001/_next/static/chunks/f12ff_next_dist_compiled_react-dom_7b2f6d3d._.js:4657:28)
    at updateFunctionComponent (http://localhost:3001/_next/static/chunks/f12ff_next_dist_compiled_react-dom_7b2f6d3d._.js:6112:21)
    at beginWork (http://localhost:3001/_next/static/chunks/f12ff_next_dist_compiled_react-dom_7b2f6d3d._.js:6708:24)
    at runWithFiberInDEV (http://localhost:3001/_next/static/chunks/f12ff_next_dist_compiled_react-dom_7b2f6d3d._.js:965:74)
    at performUnitOfWork (http://localhost:3001/_next/static/chunks/f12ff_next_dist_compiled_react-dom_7b2f6d3d._.js:9562:97)
    at workLoopSync (http://localhost:3001/_next/static/chunks/f12ff_next_dist_compiled_react-dom_7b2f6d3d._.js:9456:40)
    at renderRootSync (http://localhost:3001/_next/static/chunks/f12ff_next_dist_compiled_react-dom_7b2f6d3d._.js:9440:13)
    at performWorkOnRoot (http://localhost:3001/_next/static/chunks/f12ff_next_dist_compiled_react-dom_7b2f6d3d._.js:9068:186)
    at performWorkOnRootViaSchedulerTask (http://localhost:3001/_next/static/chunks/f12ff_next_dist_compiled_react-dom_7b2f6d3d._.js:10230:9)
    at MessagePort.performWorkUntilDeadline (http://localhost:3001/_next/static/chunks/f12ff_next_dist_compiled_cd863794._.js:2647:64) @ http://localhost:3001/_next/static/chunks/f12ff_next_dist_95687940._.js:3132
[  833125ms] [ERROR] IntlError: MISSING_MESSAGE: Cannot read properties of undefined (reading 'split')
    at getFallbackFromErrorAndNotify (http://localhost:3001/_next/static/chunks/node_modules__pnpm_a92eadf3._.js:7251:23)
    at translateBaseFn (http://localhost:3001/_next/static/chunks/node_modules__pnpm_a92eadf3._.js:7281:28)
    at translateFn (http://localhost:3001/_next/static/chunks/node_modules__pnpm_a92eadf3._.js:7343:24)
    at labelFor (http://localhost:3001/_next/static/chunks/_af79dd3a._.js:633:30)
    at http://localhost:3001/_next/static/chunks/_af79dd3a._.js:142:34
    at Array.map (<anonymous>)
    at RegionChoropleth (http://localhost:3001/_next/static/chunks/_af79dd3a._.js:134:43)
    at Object.react_stack_bottom_frame (http://localhost:3001/_next/static/chunks/f12ff_next_dist_compiled_react-dom_7b2f6d3d._.js:14826:24)
    at renderWithHooksAgain (http://localhost:3001/_next/static/chunks/f12ff_next_dist_compiled_react-dom_7b2f6d3d._.js:4706:24)
    at renderWithHooks (http://localhost:3001/_next/static/chunks/f12ff_next_dist_compiled_react-dom_7b2f6d3d._.js:4657:28)
    at updateFunctionComponent (http://localhost:3001/_next/static/chunks/f12ff_next_dist_compiled_react-dom_7b2f6d3d._.js:6112:21)
    at beginWork (http://localhost:3001/_next/static/chunks/f12ff_next_dist_compiled_react-dom_7b2f6d3d._.js:6708:24)
    at runWithFiberInDEV (http://localhost:3001/_next/static/chunks/f12ff_next_dist_compiled_react-dom_7b2f6d3d._.js:965:74)
    at performUnitOfWork (http://localhost:3001/_next/static/chunks/f12ff_next_dist_compiled_react-dom_7b2f6d3d._.js:9562:97)
    at workLoopSync (http://localhost:3001/_next/static/chunks/f12ff_next_dist_compiled_react-dom_7b2f6d3d._.js:9456:40)
    at renderRootSync (http://localhost:3001/_next/static/chunks/f12ff_next_dist_compiled_react-dom_7b2f6d3d._.js:9440:13)
    at performWorkOnRoot (http://localhost:3001/_next/static/chunks/f12ff_next_dist_compiled_react-dom_7b2f6d3d._.js:9068:186)
    at performWorkOnRootViaSchedulerTask (http://localhost:3001/_next/static/chunks/f12ff_next_dist_compiled_react-dom_7b2f6d3d._.js:10230:9)
    at MessagePort.performWorkUntilDeadline (http://localhost:3001/_next/static/chunks/f12ff_next_dist_compiled_cd863794._.js:2647:64) @ http://localhost:3001/_next/static/chunks/f12ff_next_dist_95687940._.js:3132
[  833125ms] [ERROR] IntlError: MISSING_MESSAGE: Cannot read properties of undefined (reading 'split')
    at getFallbackFromErrorAndNotify (http://localhost:3001/_next/static/chunks/node_modules__pnpm_a92eadf3._.js:7251:23)
    at translateBaseFn (http://localhost:3001/_next/static/chunks/node_modules__pnpm_a92eadf3._.js:7281:28)
    at translateFn (http://localhost:3001/_next/static/chunks/node_modules__pnpm_a92eadf3._.js:7343:24)
    at labelFor (http://localhost:3001/_next/static/chunks/_af79dd3a._.js:633:30)
    at http://localhost:3001/_next/static/chunks/_af79dd3a._.js:142:34
    at Array.map (<anonymous>)
    at RegionChoropleth (http://localhost:3001/_next/static/chunks/_af79dd3a._.js:134:43)
    at Object.react_stack_bottom_frame (http://localhost:3001/_next/static/chunks/f12ff_next_dist_compiled_react-dom_7b2f6d3d._.js:14826:24)
    at renderWithHooksAgain (http://localhost:3001/_next/static/chunks/f12ff_next_dist_compiled_react-dom_7b2f6d3d._.js:4706:24)
    at renderWithHooks (http://localhost:3001/_next/static/chunks/f12ff_next_dist_compiled_react-dom_7b2f6d3d._.js:4657:28)
    at updateFunctionComponent (http://localhost:3001/_next/static/chunks/f12ff_next_dist_compiled_react-dom_7b2f6d3d._.js:6112:21)
    at beginWork (http://localhost:3001/_next/static/chunks/f12ff_next_dist_compiled_react-dom_7b2f6d3d._.js:6708:24)
    at runWithFiberInDEV (http://localhost:3001/_next/static/chunks/f12ff_next_dist_compiled_react-dom_7b2f6d3d._.js:965:74)
    at performUnitOfWork (http://localhost:3001/_next/static/chunks/f12ff_next_dist_compiled_react-dom_7b2f6d3d._.js:9562:97)
    at workLoopSync (http://localhost:3001/_next/static/chunks/f12ff_next_dist_compiled_react-dom_7b2f6d3d._.js:9456:40)
    at renderRootSync (http://localhost:3001/_next/static/chunks/f12ff_next_dist_compiled_react-dom_7b2f6d3d._.js:9440:13)
    at performWorkOnRoot (http://localhost:3001/_next/static/chunks/f12ff_next_dist_compiled_react-dom_7b2f6d3d._.js:9068:186)
    at performWorkOnRootViaSchedulerTask (http://localhost:3001/_next/static/chunks/f12ff_next_dist_compiled_react-dom_7b2f6d3d._.js:10230:9)
    at MessagePort.performWorkUntilDeadline (http://localhost:3001/_next/static/chunks/f12ff_next_dist_compiled_cd863794._.js:2647:64) @ http://localhost:3001/_next/static/chunks/f12ff_next_dist_95687940._.js:3132
[  833413ms] [ERROR] IntlError: MISSING_MESSAGE: Cannot read properties of undefined (reading 'split')
    at getFallbackFromErrorAndNotify (http://localhost:3001/_next/static/chunks/node_modules__pnpm_a92eadf3._.js:7251:23)
    at translateBaseFn (http://localhost:3001/_next/static/chunks/node_modules__pnpm_a92eadf3._.js:7281:28)
    at translateFn (http://localhost:3001/_next/static/chunks/node_modules__pnpm_a92eadf3._.js:7343:24)
    at labelFor (http://localhost:3001/_next/static/chunks/_af79dd3a._.js:633:30)
    at http://localhost:3001/_next/static/chunks/_af79dd3a._.js:142:34
    at Array.map (<anonymous>)
    at RegionChoropleth (http://localhost:3001/_next/static/chunks/_af79dd3a._.js:134:43)
    at Object.react_stack_bottom_frame (http://localhost:3001/_next/static/chunks/f12ff_next_dist_compiled_react-dom_7b2f6d3d._.js:14826:24)
    at renderWithHooks (http://localhost:3001/_next/static/chunks/f12ff_next_dist_compiled_react-dom_7b2f6d3d._.js:4651:24)
    at updateFunctionComponent (http://localhost:3001/_next/static/chunks/f12ff_next_dist_compiled_react-dom_7b2f6d3d._.js:6112:21)
    at beginWork (http://localhost:3001/_next/static/chunks/f12ff_next_dist_compiled_react-dom_7b2f6d3d._.js:6708:24)
    at runWithFiberInDEV (http://localhost:3001/_next/static/chunks/f12ff_next_dist_compiled_react-dom_7b2f6d3d._.js:965:74)
    at performUnitOfWork (http://localhost:3001/_next/static/chunks/f12ff_next_dist_compiled_react-dom_7b2f6d3d._.js:9562:97)
    at workLoopSync (http://localhost:3001/_next/static/chunks/f12ff_next_dist_compiled_react-dom_7b2f6d3d._.js:9456:40)
    at renderRootSync (http://localhost:3001/_next/static/chunks/f12ff_next_dist_compiled_react-dom_7b2f6d3d._.js:9440:13)
    at performWorkOnRoot (http://localhost:3001/_next/static/chunks/f12ff_next_dist_compiled_react-dom_7b2f6d3d._.js:9068:186)
    at performWorkOnRootViaSchedulerTask (http://localhost:3001/_next/static/chunks/f12ff_next_dist_compiled_react-dom_7b2f6d3d._.js:10230:9)
    at MessagePort.performWorkUntilDeadline (http://localhost:3001/_next/static/chunks/f12ff_next_dist_compiled_cd863794._.js:2647:64) @ http://localhost:3001/_next/static/chunks/f12ff_next_dist_95687940._.js:3132
[  833413ms] [ERROR] IntlError: MISSING_MESSAGE: Cannot read properties of undefined (reading 'split')
    at getFallbackFromErrorAndNotify (http://localhost:3001/_next/static/chunks/node_modules__pnpm_a92eadf3._.js:7251:23)
    at translateBaseFn (http://localhost:3001/_next/static/chunks/node_modules__pnpm_a92eadf3._.js:7281:28)
    at translateFn (http://localhost:3001/_next/static/chunks/node_modules__pnpm_a92eadf3._.js:7343:24)
    at labelFor (http://localhost:3001/_next/static/chunks/_af79dd3a._.js:633:30)
    at http://localhost:3001/_next/static/chunks/_af79dd3a._.js:142:34
    at Array.map (<anonymous>)
    at RegionChoropleth (http://localhost:3001/_next/static/chunks/_af79dd3a._.js:134:43)
    at Object.react_stack_bottom_frame (http://localhost:3001/_next/static/chunks/f12ff_next_dist_compiled_react-dom_7b2f6d3d._.js:14826:24)
    at renderWithHooks (http://localhost:3001/_next/static/chunks/f12ff_next_dist_compiled_react-dom_7b2f6d3d._.js:4651:24)
    at updateFunctionComponent (http://localhost:3001/_next/static/chunks/f12ff_next_dist_compiled_react-dom_7b2f6d3d._.js:6112:21)
    at beginWork (http://localhost:3001/_next/static/chunks/f12ff_next_dist_compiled_react-dom_7b2f6d3d._.js:6708:24)
    at runWithFiberInDEV (http://localhost:3001/_next/static/chunks/f12ff_next_dist_compiled_react-dom_7b2f6d3d._.js:965:74)
    at performUnitOfWork (http://localhost:3001/_next/static/chunks/f12ff_next_dist_compiled_react-dom_7b2f6d3d._.js:9562:97)
    at workLoopSync (http://localhost:3001/_next/static/chunks/f12ff_next_dist_compiled_react-dom_7b2f6d3d._.js:9456:40)
    at renderRootSync (http://localhost:3001/_next/static/chunks/f12ff_next_dist_compiled_react-dom_7b2f6d3d._.js:9440:13)
    at performWorkOnRoot (http://localhost:3001/_next/static/chunks/f12ff_next_dist_compiled_react-dom_7b2f6d3d._.js:9068:186)
    at performWorkOnRootViaSchedulerTask (http://localhost:3001/_next/static/chunks/f12ff_next_dist_compiled_react-dom_7b2f6d3d._.js:10230:9)
    at MessagePort.performWorkUntilDeadline (http://localhost:3001/_next/static/chunks/f12ff_next_dist_compiled_cd863794._.js:2647:64) @ http://localhost:3001/_next/static/chunks/f12ff_next_dist_95687940._.js:3132
[  833413ms] [ERROR] IntlError: MISSING_MESSAGE: Cannot read properties of undefined (reading 'split')
    at getFallbackFromErrorAndNotify (http://localhost:3001/_next/static/chunks/node_modules__pnpm_a92eadf3._.js:7251:23)
    at translateBaseFn (http://localhost:3001/_next/static/chunks/node_modules__pnpm_a92eadf3._.js:7281:28)
    at translateFn (http://localhost:3001/_next/static/chunks/node_modules__pnpm_a92eadf3._.js:7343:24)
    at labelFor (http://localhost:3001/_next/static/chunks/_af79dd3a._.js:633:30)
    at http://localhost:3001/_next/static/chunks/_af79dd3a._.js:142:34
    at Array.map (<anonymous>)
    at RegionChoropleth (http://localhost:3001/_next/static/chunks/_af79dd3a._.js:134:43)
    at Object.react_stack_bottom_frame (http://localhost:3001/_next/static/chunks/f12ff_next_dist_compiled_react-dom_7b2f6d3d._.js:14826:24)
    at renderWithHooks (http://localhost:3001/_next/static/chunks/f12ff_next_dist_compiled_react-dom_7b2f6d3d._.js:4651:24)
    at updateFunctionComponent (http://localhost:3001/_next/static/chunks/f12ff_next_dist_compiled_react-dom_7b2f6d3d._.js:6112:21)
    at beginWork (http://localhost:3001/_next/static/chunks/f12ff_next_dist_compiled_react-dom_7b2f6d3d._.js:6708:24)
    at runWithFiberInDEV (http://localhost:3001/_next/static/chunks/f12ff_next_dist_compiled_react-dom_7b2f6d3d._.js:965:74)
    at performUnitOfWork (http://localhost:3001/_next/static/chunks/f12ff_next_dist_compiled_react-dom_7b2f6d3d._.js:9562:97)
    at workLoopSync (http://localhost:3001/_next/static/chunks/f12ff_next_dist_compiled_react-dom_7b2f6d3d._.js:9456:40)
    at renderRootSync (http://localhost:3001/_next/static/chunks/f12ff_next_dist_compiled_react-dom_7b2f6d3d._.js:9440:13)
    at performWorkOnRoot (http://localhost:3001/_next/static/chunks/f12ff_next_dist_compiled_react-dom_7b2f6d3d._.js:9068:186)
    at performWorkOnRootViaSchedulerTask (http://localhost:3001/_next/static/chunks/f12ff_next_dist_compiled_react-dom_7b2f6d3d._.js:10230:9)
    at MessagePort.performWorkUntilDeadline (http://localhost:3001/_next/static/chunks/f12ff_next_dist_compiled_cd863794._.js:2647:64) @ http://localhost:3001/_next/static/chunks/f12ff_next_dist_95687940._.js:3132
[  833413ms] [ERROR] IntlError: MISSING_MESSAGE: Cannot read properties of undefined (reading 'split')
    at getFallbackFromErrorAndNotify (http://localhost:3001/_next/static/chunks/node_modules__pnpm_a92eadf3._.js:7251:23)
    at translateBaseFn (http://localhost:3001/_next/static/chunks/node_modules__pnpm_a92eadf3._.js:7281:28)
    at translateFn (http://localhost:3001/_next/static/chunks/node_modules__pnpm_a92eadf3._.js:7343:24)
    at labelFor (http://localhost:3001/_next/static/chunks/_af79dd3a._.js:633:30)
    at http://localhost:3001/_next/static/chunks/_af79dd3a._.js:142:34
    at Array.map (<anonymous>)
    at RegionChoropleth (http://localhost:3001/_next/static/chunks/_af79dd3a._.js:134:43)
    at Object.react_stack_bottom_frame (http://localhost:3001/_next/static/chunks/f12ff_next_dist_compiled_react-dom_7b2f6d3d._.js:14826:24)
    at renderWithHooks (http://localhost:3001/_next/static/chunks/f12ff_next_dist_compiled_react-dom_7b2f6d3d._.js:4651:24)
    at updateFunctionComponent (http://localhost:3001/_next/static/chunks/f12ff_next_dist_compiled_react-dom_7b2f6d3d._.js:6112:21)
    at beginWork (http://localhost:3001/_next/static/chunks/f12ff_next_dist_compiled_react-dom_7b2f6d3d._.js:6708:24)
    at runWithFiberInDEV (http://localhost:3001/_next/static/chunks/f12ff_next_dist_compiled_react-dom_7b2f6d3d._.js:965:74)
    at performUnitOfWork (http://localhost:3001/_next/static/chunks/f12ff_next_dist_compiled_react-dom_7b2f6d3d._.js:9562:97)
    at workLoopSync (http://localhost:3001/_next/static/chunks/f12ff_next_dist_compiled_react-dom_7b2f6d3d._.js:9456:40)
    at renderRootSync (http://localhost:3001/_next/static/chunks/f12ff_next_dist_compiled_react-dom_7b2f6d3d._.js:9440:13)
    at performWorkOnRoot (http://localhost:3001/_next/static/chunks/f12ff_next_dist_compiled_react-dom_7b2f6d3d._.js:9068:186)
    at performWorkOnRootViaSchedulerTask (http://localhost:3001/_next/static/chunks/f12ff_next_dist_compiled_react-dom_7b2f6d3d._.js:10230:9)
    at MessagePort.performWorkUntilDeadline (http://localhost:3001/_next/static/chunks/f12ff_next_dist_compiled_cd863794._.js:2647:64) @ http://localhost:3001/_next/static/chunks/f12ff_next_dist_95687940._.js:3132
[  833413ms] [ERROR] IntlError: MISSING_MESSAGE: Cannot read properties of undefined (reading 'split')
    at getFallbackFromErrorAndNotify (http://localhost:3001/_next/static/chunks/node_modules__pnpm_a92eadf3._.js:7251:23)
    at translateBaseFn (http://localhost:3001/_next/static/chunks/node_modules__pnpm_a92eadf3._.js:7281:28)
    at translateFn (http://localhost:3001/_next/static/chunks/node_modules__pnpm_a92eadf3._.js:7343:24)
    at labelFor (http://localhost:3001/_next/static/chunks/_af79dd3a._.js:633:30)
    at http://localhost:3001/_next/static/chunks/_af79dd3a._.js:142:34
    at Array.map (<anonymous>)
    at RegionChoropleth (http://localhost:3001/_next/static/chunks/_af79dd3a._.js:134:43)
    at Object.react_stack_bottom_frame (http://localhost:3001/_next/static/chunks/f12ff_next_dist_compiled_react-dom_7b2f6d3d._.js:14826:24)
    at renderWithHooks (http://localhost:3001/_next/static/chunks/f12ff_next_dist_compiled_react-dom_7b2f6d3d._.js:4651:24)
    at updateFunctionComponent (http://localhost:3001/_next/static/chunks/f12ff_next_dist_compiled_react-dom_7b2f6d3d._.js:6112:21)
    at beginWork (http://localhost:3001/_next/static/chunks/f12ff_next_dist_compiled_react-dom_7b2f6d3d._.js:6708:24)
    at runWithFiberInDEV (http://localhost:3001/_next/static/chunks/f12ff_next_dist_compiled_react-dom_7b2f6d3d._.js:965:74)
    at performUnitOfWork (http://localhost:3001/_next/static/chunks/f12ff_next_dist_compiled_react-dom_7b2f6d3d._.js:9562:97)
    at workLoopSync (http://localhost:3001/_next/static/chunks/f12ff_next_dist_compiled_react-dom_7b2f6d3d._.js:9456:40)
    at renderRootSync (http://localhost:3001/_next/static/chunks/f12ff_next_dist_compiled_react-dom_7b2f6d3d._.js:9440:13)
    at performWorkOnRoot (http://localhost:3001/_next/static/chunks/f12ff_next_dist_compiled_react-dom_7b2f6d3d._.js:9068:186)
    at performWorkOnRootViaSchedulerTask (http://localhost:3001/_next/static/chunks/f12ff_next_dist_compiled_react-dom_7b2f6d3d._.js:10230:9)
    at MessagePort.performWorkUntilDeadline (http://localhost:3001/_next/static/chunks/f12ff_next_dist_compiled_cd863794._.js:2647:64) @ http://localhost:3001/_next/static/chunks/f12ff_next_dist_95687940._.js:3132
[  833414ms] [ERROR] IntlError: MISSING_MESSAGE: Cannot read properties of undefined (reading 'split')
    at getFallbackFromErrorAndNotify (http://localhost:3001/_next/static/chunks/node_modules__pnpm_a92eadf3._.js:7251:23)
    at translateBaseFn (http://localhost:3001/_next/static/chunks/node_modules__pnpm_a92eadf3._.js:7281:28)
    at translateFn (http://localhost:3001/_next/static/chunks/node_modules__pnpm_a92eadf3._.js:7343:24)
    at labelFor (http://localhost:3001/_next/static/chunks/_af79dd3a._.js:633:30)
    at http://localhost:3001/_next/static/chunks/_af79dd3a._.js:142:34
    at Array.map (<anonymous>)
    at RegionChoropleth (http://localhost:3001/_next/static/chunks/_af79dd3a._.js:134:43)
    at Object.react_stack_bottom_frame (http://localhost:3001/_next/static/chunks/f12ff_next_dist_compiled_react-dom_7b2f6d3d._.js:14826:24)
    at renderWithHooks (http://localhost:3001/_next/static/chunks/f12ff_next_dist_compiled_react-dom_7b2f6d3d._.js:4651:24)
    at updateFunctionComponent (http://localhost:3001/_next/static/chunks/f12ff_next_dist_compiled_react-dom_7b2f6d3d._.js:6112:21)
    at beginWork (http://localhost:3001/_next/static/chunks/f12ff_next_dist_compiled_react-dom_7b2f6d3d._.js:6708:24)
    at runWithFiberInDEV (http://localhost:3001/_next/static/chunks/f12ff_next_dist_compiled_react-dom_7b2f6d3d._.js:965:74)
    at performUnitOfWork (http://localhost:3001/_next/static/chunks/f12ff_next_dist_compiled_react-dom_7b2f6d3d._.js:9562:97)
    at workLoopSync (http://localhost:3001/_next/static/chunks/f12ff_next_dist_compiled_react-dom_7b2f6d3d._.js:9456:40)
    at renderRootSync (http://localhost:3001/_next/static/chunks/f12ff_next_dist_compiled_react-dom_7b2f6d3d._.js:9440:13)
    at performWorkOnRoot (http://localhost:3001/_next/static/chunks/f12ff_next_dist_compiled_react-dom_7b2f6d3d._.js:9068:186)
    at performWorkOnRootViaSchedulerTask (http://localhost:3001/_next/static/chunks/f12ff_next_dist_compiled_react-dom_7b2f6d3d._.js:10230:9)
    at MessagePort.performWorkUntilDeadline (http://localhost:3001/_next/static/chunks/f12ff_next_dist_compiled_cd863794._.js:2647:64) @ http://localhost:3001/_next/static/chunks/f12ff_next_dist_95687940._.js:3132
[  833414ms] [ERROR] IntlError: MISSING_MESSAGE: Cannot read properties of undefined (reading 'split')
    at getFallbackFromErrorAndNotify (http://localhost:3001/_next/static/chunks/node_modules__pnpm_a92eadf3._.js:7251:23)
    at translateBaseFn (http://localhost:3001/_next/static/chunks/node_modules__pnpm_a92eadf3._.js:7281:28)
    at translateFn (http://localhost:3001/_next/static/chunks/node_modules__pnpm_a92eadf3._.js:7343:24)
    at labelFor (http://localhost:3001/_next/static/chunks/_af79dd3a._.js:633:30)
    at http://localhost:3001/_next/static/chunks/_af79dd3a._.js:142:34
    at Array.map (<anonymous>)
    at RegionChoropleth (http://localhost:3001/_next/static/chunks/_af79dd3a._.js:134:43)
    at Object.react_stack_bottom_frame (http://localhost:3001/_next/static/chunks/f12ff_next_dist_compiled_react-dom_7b2f6d3d._.js:14826:24)
    at renderWithHooks (http://localhost:3001/_next/static/chunks/f12ff_next_dist_compiled_react-dom_7b2f6d3d._.js:4651:24)
    at updateFunctionComponent (http://localhost:3001/_next/static/chunks/f12ff_next_dist_compiled_react-dom_7b2f6d3d._.js:6112:21)
    at beginWork (http://localhost:3001/_next/static/chunks/f12ff_next_dist_compiled_react-dom_7b2f6d3d._.js:6708:24)
    at runWithFiberInDEV (http://localhost:3001/_next/static/chunks/f12ff_next_dist_compiled_react-dom_7b2f6d3d._.js:965:74)
    at performUnitOfWork (http://localhost:3001/_next/static/chunks/f12ff_next_dist_compiled_react-dom_7b2f6d3d._.js:9562:97)
    at workLoopSync (http://localhost:3001/_next/static/chunks/f12ff_next_dist_compiled_react-dom_7b2f6d3d._.js:9456:40)
    at renderRootSync (http://localhost:3001/_next/static/chunks/f12ff_next_dist_compiled_react-dom_7b2f6d3d._.js:9440:13)
    at performWorkOnRoot (http://localhost:3001/_next/static/chunks/f12ff_next_dist_compiled_react-dom_7b2f6d3d._.js:9068:186)
    at performWorkOnRootViaSchedulerTask (http://localhost:3001/_next/static/chunks/f12ff_next_dist_compiled_react-dom_7b2f6d3d._.js:10230:9)
    at MessagePort.performWorkUntilDeadline (http://localhost:3001/_next/static/chunks/f12ff_next_dist_compiled_cd863794._.js:2647:64) @ http://localhost:3001/_next/static/chunks/f12ff_next_dist_95687940._.js:3132
[  833414ms] [ERROR] IntlError: MISSING_MESSAGE: Cannot read properties of undefined (reading 'split')
    at getFallbackFromErrorAndNotify (http://localhost:3001/_next/static/chunks/node_modules__pnpm_a92eadf3._.js:7251:23)
    at translateBaseFn (http://localhost:3001/_next/static/chunks/node_modules__pnpm_a92eadf3._.js:7281:28)
    at translateFn (http://localhost:3001/_next/static/chunks/node_modules__pnpm_a92eadf3._.js:7343:24)
    at labelFor (http://localhost:3001/_next/static/chunks/_af79dd3a._.js:633:30)
    at http://localhost:3001/_next/static/chunks/_af79dd3a._.js:142:34
    at Array.map (<anonymous>)
    at RegionChoropleth (http://localhost:3001/_next/static/chunks/_af79dd3a._.js:134:43)
    at Object.react_stack_bottom_frame (http://localhost:3001/_next/static/chunks/f12ff_next_dist_compiled_react-dom_7b2f6d3d._.js:14826:24)
    at renderWithHooksAgain (http://localhost:3001/_next/static/chunks/f12ff_next_dist_compiled_react-dom_7b2f6d3d._.js:4706:24)
    at renderWithHooks (http://localhost:3001/_next/static/chunks/f12ff_next_dist_compiled_react-dom_7b2f6d3d._.js:4657:28)
    at updateFunctionComponent (http://localhost:3001/_next/static/chunks/f12ff_next_dist_compiled_react-dom_7b2f6d3d._.js:6112:21)
    at beginWork (http://localhost:3001/_next/static/chunks/f12ff_next_dist_compiled_react-dom_7b2f6d3d._.js:6708:24)
    at runWithFiberInDEV (http://localhost:3001/_next/static/chunks/f12ff_next_dist_compiled_react-dom_7b2f6d3d._.js:965:74)
    at performUnitOfWork (http://localhost:3001/_next/static/chunks/f12ff_next_dist_compiled_react-dom_7b2f6d3d._.js:9562:97)
    at workLoopSync (http://localhost:3001/_next/static/chunks/f12ff_next_dist_compiled_react-dom_7b2f6d3d._.js:9456:40)
    at renderRootSync (http://localhost:3001/_next/static/chunks/f12ff_next_dist_compiled_react-dom_7b2f6d3d._.js:9440:13)
    at performWorkOnRoot (http://localhost:3001/_next/static/chunks/f12ff_next_dist_compiled_react-dom_7b2f6d3d._.js:9068:186)
    at performWorkOnRootViaSchedulerTask (http://localhost:3001/_next/static/chunks/f12ff_next_dist_compiled_react-dom_7b2f6d3d._.js:10230:9)
    at MessagePort.performWorkUntilDeadline (http://localhost:3001/_next/static/chunks/f12ff_next_dist_compiled_cd863794._.js:2647:64) @ http://localhost:3001/_next/static/chunks/f12ff_next_dist_95687940._.js:3132
[  833414ms] [ERROR] IntlError: MISSING_MESSAGE: Cannot read properties of undefined (reading 'split')
    at getFallbackFromErrorAndNotify (http://localhost:3001/_next/static/chunks/node_modules__pnpm_a92eadf3._.js:7251:23)
    at translateBaseFn (http://localhost:3001/_next/static/chunks/node_modules__pnpm_a92eadf3._.js:7281:28)
    at translateFn (http://localhost:3001/_next/static/chunks/node_modules__pnpm_a92eadf3._.js:7343:24)
    at labelFor (http://localhost:3001/_next/static/chunks/_af79dd3a._.js:633:30)
    at http://localhost:3001/_next/static/chunks/_af79dd3a._.js:142:34
    at Array.map (<anonymous>)
    at RegionChoropleth (http://localhost:3001/_next/static/chunks/_af79dd3a._.js:134:43)
    at Object.react_stack_bottom_frame (http://localhost:3001/_next/static/chunks/f12ff_next_dist_compiled_react-dom_7b2f6d3d._.js:14826:24)
    at renderWithHooksAgain (http://localhost:3001/_next/static/chunks/f12ff_next_dist_compiled_react-dom_7b2f6d3d._.js:4706:24)
    at renderWithHooks (http://localhost:3001/_next/static/chunks/f12ff_next_dist_compiled_react-dom_7b2f6d3d._.js:4657:28)
    at updateFunctionComponent (http://localhost:3001/_next/static/chunks/f12ff_next_dist_compiled_react-dom_7b2f6d3d._.js:6112:21)
    at beginWork (http://localhost:3001/_next/static/chunks/f12ff_next_dist_compiled_react-dom_7b2f6d3d._.js:6708:24)
    at runWithFiberInDEV (http://localhost:3001/_next/static/chunks/f12ff_next_dist_compiled_react-dom_7b2f6d3d._.js:965:74)
    at performUnitOfWork (http://localhost:3001/_next/static/chunks/f12ff_next_dist_compiled_react-dom_7b2f6d3d._.js:9562:97)
    at workLoopSync (http://localhost:3001/_next/static/chunks/f12ff_next_dist_compiled_react-dom_7b2f6d3d._.js:9456:40)
    at renderRootSync (http://localhost:3001/_next/static/chunks/f12ff_next_dist_compiled_react-dom_7b2f6d3d._.js:9440:13)
    at performWorkOnRoot (http://localhost:3001/_next/static/chunks/f12ff_next_dist_compiled_react-dom_7b2f6d3d._.js:9068:186)
    at performWorkOnRootViaSchedulerTask (http://localhost:3001/_next/static/chunks/f12ff_next_dist_compiled_react-dom_7b2f6d3d._.js:10230:9)
    at MessagePort.performWorkUntilDeadline (http://localhost:3001/_next/static/chunks/f12ff_next_dist_compiled_cd863794._.js:2647:64) @ http://localhost:3001/_next/static/chunks/f12ff_next_dist_95687940._.js:3132
[  833414ms] [ERROR] IntlError: MISSING_MESSAGE: Cannot read properties of undefined (reading 'split')
    at getFallbackFromErrorAndNotify (http://localhost:3001/_next/static/chunks/node_modules__pnpm_a92eadf3._.js:7251:23)
    at translateBaseFn (http://localhost:3001/_next/static/chunks/node_modules__pnpm_a92eadf3._.js:7281:28)
    at translateFn (http://localhost:3001/_next/static/chunks/node_modules__pnpm_a92eadf3._.js:7343:24)
    at labelFor (http://localhost:3001/_next/static/chunks/_af79dd3a._.js:633:30)
    at http://localhost:3001/_next/static/chunks/_af79dd3a._.js:142:34
    at Array.map (<anonymous>)
    at RegionChoropleth (http://localhost:3001/_next/static/chunks/_af79dd3a._.js:134:43)
    at Object.react_stack_bottom_frame (http://localhost:3001/_next/static/chunks/f12ff_next_dist_compiled_react-dom_7b2f6d3d._.js:14826:24)
    at renderWithHooksAgain (http://localhost:3001/_next/static/chunks/f12ff_next_dist_compiled_react-dom_7b2f6d3d._.js:4706:24)
    at renderWithHooks (http://localhost:3001/_next/static/chunks/f12ff_next_dist_compiled_react-dom_7b2f6d3d._.js:4657:28)
    at updateFunctionComponent (http://localhost:3001/_next/static/chunks/f12ff_next_dist_compiled_react-dom_7b2f6d3d._.js:6112:21)
    at beginWork (http://localhost:3001/_next/static/chunks/f12ff_next_dist_compiled_react-dom_7b2f6d3d._.js:6708:24)
    at runWithFiberInDEV (http://localhost:3001/_next/static/chunks/f12ff_next_dist_compiled_react-dom_7b2f6d3d._.js:965:74)
    at performUnitOfWork (http://localhost:3001/_next/static/chunks/f12ff_next_dist_compiled_react-dom_7b2f6d3d._.js:9562:97)
    at workLoopSync (http://localhost:3001/_next/static/chunks/f12ff_next_dist_compiled_react-dom_7b2f6d3d._.js:9456:40)
    at renderRootSync (http://localhost:3001/_next/static/chunks/f12ff_next_dist_compiled_react-dom_7b2f6d3d._.js:9440:13)
    at performWorkOnRoot (http://localhost:3001/_next/static/chunks/f12ff_next_dist_compiled_react-dom_7b2f6d3d._.js:9068:186)
    at performWorkOnRootViaSchedulerTask (http://localhost:3001/_next/static/chunks/f12ff_next_dist_compiled_react-dom_7b2f6d3d._.js:10230:9)
    at MessagePort.performWorkUntilDeadline (http://localhost:3001/_next/static/chunks/f12ff_next_dist_compiled_cd863794._.js:2647:64) @ http://localhost:3001/_next/static/chunks/f12ff_next_dist_95687940._.js:3132
[  833414ms] [ERROR] IntlError: MISSING_MESSAGE: Cannot read properties of undefined (reading 'split')
    at getFallbackFromErrorAndNotify (http://localhost:3001/_next/static/chunks/node_modules__pnpm_a92eadf3._.js:7251:23)
    at translateBaseFn (http://localhost:3001/_next/static/chunks/node_modules__pnpm_a92eadf3._.js:7281:28)
    at translateFn (http://localhost:3001/_next/static/chunks/node_modules__pnpm_a92eadf3._.js:7343:24)
    at labelFor (http://localhost:3001/_next/static/chunks/_af79dd3a._.js:633:30)
    at http://localhost:3001/_next/static/chunks/_af79dd3a._.js:142:34
    at Array.map (<anonymous>)
    at RegionChoropleth (http://localhost:3001/_next/static/chunks/_af79dd3a._.js:134:43)
    at Object.react_stack_bottom_frame (http://localhost:3001/_next/static/chunks/f12ff_next_dist_compiled_react-dom_7b2f6d3d._.js:14826:24)
    at renderWithHooksAgain (http://localhost:3001/_next/static/chunks/f12ff_next_dist_compiled_react-dom_7b2f6d3d._.js:4706:24)
    at renderWithHooks (http://localhost:3001/_next/static/chunks/f12ff_next_dist_compiled_react-dom_7b2f6d3d._.js:4657:28)
    at updateFunctionComponent (http://localhost:3001/_next/static/chunks/f12ff_next_dist_compiled_react-dom_7b2f6d3d._.js:6112:21)
    at beginWork (http://localhost:3001/_next/static/chunks/f12ff_next_dist_compiled_react-dom_7b2f6d3d._.js:6708:24)
    at runWithFiberInDEV (http://localhost:3001/_next/static/chunks/f12ff_next_dist_compiled_react-dom_7b2f6d3d._.js:965:74)
    at performUnitOfWork (http://localhost:3001/_next/static/chunks/f12ff_next_dist_compiled_react-dom_7b2f6d3d._.js:9562:97)
    at workLoopSync (http://localhost:3001/_next/static/chunks/f12ff_next_dist_compiled_react-dom_7b2f6d3d._.js:9456:40)
    at renderRootSync (http://localhost:3001/_next/static/chunks/f12ff_next_dist_compiled_react-dom_7b2f6d3d._.js:9440:13)
    at performWorkOnRoot (http://localhost:3001/_next/static/chunks/f12ff_next_dist_compiled_react-dom_7b2f6d3d._.js:9068:186)
    at performWorkOnRootViaSchedulerTask (http://localhost:3001/_next/static/chunks/f12ff_next_dist_compiled_react-dom_7b2f6d3d._.js:10230:9)
    at MessagePort.performWorkUntilDeadline (http://localhost:3001/_next/static/chunks/f12ff_next_dist_compiled_cd863794._.js:2647:64) @ http://localhost:3001/_next/static/chunks/f12ff_next_dist_95687940._.js:3132
[  833414ms] [ERROR] IntlError: MISSING_MESSAGE: Cannot read properties of undefined (reading 'split')
    at getFallbackFromErrorAndNotify (http://localhost:3001/_next/static/chunks/node_modules__pnpm_a92eadf3._.js:7251:23)
    at translateBaseFn (http://localhost:3001/_next/static/chunks/node_modules__pnpm_a92eadf3._.js:7281:28)
    at translateFn (http://localhost:3001/_next/static/chunks/node_modules__pnpm_a92eadf3._.js:7343:24)
    at labelFor (http://localhost:3001/_next/static/chunks/_af79dd3a._.js:633:30)
    at http://localhost:3001/_next/static/chunks/_af79dd3a._.js:142:34
    at Array.map (<anonymous>)
    at RegionChoropleth (http://localhost:3001/_next/static/chunks/_af79dd3a._.js:134:43)
    at Object.react_stack_bottom_frame (http://localhost:3001/_next/static/chunks/f12ff_next_dist_compiled_react-dom_7b2f6d3d._.js:14826:24)
    at renderWithHooksAgain (http://localhost:3001/_next/static/chunks/f12ff_next_dist_compiled_react-dom_7b2f6d3d._.js:4706:24)
    at renderWithHooks (http://localhost:3001/_next/static/chunks/f12ff_next_dist_compiled_react-dom_7b2f6d3d._.js:4657:28)
    at updateFunctionComponent (http://localhost:3001/_next/static/chunks/f12ff_next_dist_compiled_react-dom_7b2f6d3d._.js:6112:21)
    at beginWork (http://localhost:3001/_next/static/chunks/f12ff_next_dist_compiled_react-dom_7b2f6d3d._.js:6708:24)
    at runWithFiberInDEV (http://localhost:3001/_next/static/chunks/f12ff_next_dist_compiled_react-dom_7b2f6d3d._.js:965:74)
    at performUnitOfWork (http://localhost:3001/_next/static/chunks/f12ff_next_dist_compiled_react-dom_7b2f6d3d._.js:9562:97)
    at workLoopSync (http://localhost:3001/_next/static/chunks/f12ff_next_dist_compiled_react-dom_7b2f6d3d._.js:9456:40)
    at renderRootSync (http://localhost:3001/_next/static/chunks/f12ff_next_dist_compiled_react-dom_7b2f6d3d._.js:9440:13)
    at performWorkOnRoot (http://localhost:3001/_next/static/chunks/f12ff_next_dist_compiled_react-dom_7b2f6d3d._.js:9068:186)
    at performWorkOnRootViaSchedulerTask (http://localhost:3001/_next/static/chunks/f12ff_next_dist_compiled_react-dom_7b2f6d3d._.js:10230:9)
    at MessagePort.performWorkUntilDeadline (http://localhost:3001/_next/static/chunks/f12ff_next_dist_compiled_cd863794._.js:2647:64) @ http://localhost:3001/_next/static/chunks/f12ff_next_dist_95687940._.js:3132
[  833415ms] [ERROR] IntlError: MISSING_MESSAGE: Cannot read properties of undefined (reading 'split')
    at getFallbackFromErrorAndNotify (http://localhost:3001/_next/static/chunks/node_modules__pnpm_a92eadf3._.js:7251:23)
    at translateBaseFn (http://localhost:3001/_next/static/chunks/node_modules__pnpm_a92eadf3._.js:7281:28)
    at translateFn (http://localhost:3001/_next/static/chunks/node_modules__pnpm_a92eadf3._.js:7343:24)
    at labelFor (http://localhost:3001/_next/static/chunks/_af79dd3a._.js:633:30)
    at http://localhost:3001/_next/static/chunks/_af79dd3a._.js:142:34
    at Array.map (<anonymous>)
    at RegionChoropleth (http://localhost:3001/_next/static/chunks/_af79dd3a._.js:134:43)
    at Object.react_stack_bottom_frame (http://localhost:3001/_next/static/chunks/f12ff_next_dist_compiled_react-dom_7b2f6d3d._.js:14826:24)
    at renderWithHooksAgain (http://localhost:3001/_next/static/chunks/f12ff_next_dist_compiled_react-dom_7b2f6d3d._.js:4706:24)
    at renderWithHooks (http://localhost:3001/_next/static/chunks/f12ff_next_dist_compiled_react-dom_7b2f6d3d._.js:4657:28)
    at updateFunctionComponent (http://localhost:3001/_next/static/chunks/f12ff_next_dist_compiled_react-dom_7b2f6d3d._.js:6112:21)
    at beginWork (http://localhost:3001/_next/static/chunks/f12ff_next_dist_compiled_react-dom_7b2f6d3d._.js:6708:24)
    at runWithFiberInDEV (http://localhost:3001/_next/static/chunks/f12ff_next_dist_compiled_react-dom_7b2f6d3d._.js:965:74)
    at performUnitOfWork (http://localhost:3001/_next/static/chunks/f12ff_next_dist_compiled_react-dom_7b2f6d3d._.js:9562:97)
    at workLoopSync (http://localhost:3001/_next/static/chunks/f12ff_next_dist_compiled_react-dom_7b2f6d3d._.js:9456:40)
    at renderRootSync (http://localhost:3001/_next/static/chunks/f12ff_next_dist_compiled_react-dom_7b2f6d3d._.js:9440:13)
    at performWorkOnRoot (http://localhost:3001/_next/static/chunks/f12ff_next_dist_compiled_react-dom_7b2f6d3d._.js:9068:186)
    at performWorkOnRootViaSchedulerTask (http://localhost:3001/_next/static/chunks/f12ff_next_dist_compiled_react-dom_7b2f6d3d._.js:10230:9)
    at MessagePort.performWorkUntilDeadline (http://localhost:3001/_next/static/chunks/f12ff_next_dist_compiled_cd863794._.js:2647:64) @ http://localhost:3001/_next/static/chunks/f12ff_next_dist_95687940._.js:3132
[  833415ms] [ERROR] IntlError: MISSING_MESSAGE: Cannot read properties of undefined (reading 'split')
    at getFallbackFromErrorAndNotify (http://localhost:3001/_next/static/chunks/node_modules__pnpm_a92eadf3._.js:7251:23)
    at translateBaseFn (http://localhost:3001/_next/static/chunks/node_modules__pnpm_a92eadf3._.js:7281:28)
    at translateFn (http://localhost:3001/_next/static/chunks/node_modules__pnpm_a92eadf3._.js:7343:24)
    at labelFor (http://localhost:3001/_next/static/chunks/_af79dd3a._.js:633:30)
    at http://localhost:3001/_next/static/chunks/_af79dd3a._.js:142:34
    at Array.map (<anonymous>)
    at RegionChoropleth (http://localhost:3001/_next/static/chunks/_af79dd3a._.js:134:43)
    at Object.react_stack_bottom_frame (http://localhost:3001/_next/static/chunks/f12ff_next_dist_compiled_react-dom_7b2f6d3d._.js:14826:24)
    at renderWithHooksAgain (http://localhost:3001/_next/static/chunks/f12ff_next_dist_compiled_react-dom_7b2f6d3d._.js:4706:24)
    at renderWithHooks (http://localhost:3001/_next/static/chunks/f12ff_next_dist_compiled_react-dom_7b2f6d3d._.js:4657:28)
    at updateFunctionComponent (http://localhost:3001/_next/static/chunks/f12ff_next_dist_compiled_react-dom_7b2f6d3d._.js:6112:21)
    at beginWork (http://localhost:3001/_next/static/chunks/f12ff_next_dist_compiled_react-dom_7b2f6d3d._.js:6708:24)
    at runWithFiberInDEV (http://localhost:3001/_next/static/chunks/f12ff_next_dist_compiled_react-dom_7b2f6d3d._.js:965:74)
    at performUnitOfWork (http://localhost:3001/_next/static/chunks/f12ff_next_dist_compiled_react-dom_7b2f6d3d._.js:9562:97)
    at workLoopSync (http://localhost:3001/_next/static/chunks/f12ff_next_dist_compiled_react-dom_7b2f6d3d._.js:9456:40)
    at renderRootSync (http://localhost:3001/_next/static/chunks/f12ff_next_dist_compiled_react-dom_7b2f6d3d._.js:9440:13)
    at performWorkOnRoot (http://localhost:3001/_next/static/chunks/f12ff_next_dist_compiled_react-dom_7b2f6d3d._.js:9068:186)
    at performWorkOnRootViaSchedulerTask (http://localhost:3001/_next/static/chunks/f12ff_next_dist_compiled_react-dom_7b2f6d3d._.js:10230:9)
    at MessagePort.performWorkUntilDeadline (http://localhost:3001/_next/static/chunks/f12ff_next_dist_compiled_cd863794._.js:2647:64) @ http://localhost:3001/_next/static/chunks/f12ff_next_dist_95687940._.js:3132
[  833779ms] [ERROR] IntlError: MISSING_MESSAGE: Cannot read properties of undefined (reading 'split')
    at getFallbackFromErrorAndNotify (http://localhost:3001/_next/static/chunks/node_modules__pnpm_a92eadf3._.js:7251:23)
    at translateBaseFn (http://localhost:3001/_next/static/chunks/node_modules__pnpm_a92eadf3._.js:7281:28)
    at translateFn (http://localhost:3001/_next/static/chunks/node_modules__pnpm_a92eadf3._.js:7343:24)
    at labelFor (http://localhost:3001/_next/static/chunks/_af79dd3a._.js:633:30)
    at http://localhost:3001/_next/static/chunks/_af79dd3a._.js:142:34
    at Array.map (<anonymous>)
    at RegionChoropleth (http://localhost:3001/_next/static/chunks/_af79dd3a._.js:134:43)
    at Object.react_stack_bottom_frame (http://localhost:3001/_next/static/chunks/f12ff_next_dist_compiled_react-dom_7b2f6d3d._.js:14826:24)
    at renderWithHooks (http://localhost:3001/_next/static/chunks/f12ff_next_dist_compiled_react-dom_7b2f6d3d._.js:4651:24)
    at updateFunctionComponent (http://localhost:3001/_next/static/chunks/f12ff_next_dist_compiled_react-dom_7b2f6d3d._.js:6112:21)
    at beginWork (http://localhost:3001/_next/static/chunks/f12ff_next_dist_compiled_react-dom_7b2f6d3d._.js:6708:24)
    at runWithFiberInDEV (http://localhost:3001/_next/static/chunks/f12ff_next_dist_compiled_react-dom_7b2f6d3d._.js:965:74)
    at performUnitOfWork (http://localhost:3001/_next/static/chunks/f12ff_next_dist_compiled_react-dom_7b2f6d3d._.js:9562:97)
    at workLoopSync (http://localhost:3001/_next/static/chunks/f12ff_next_dist_compiled_react-dom_7b2f6d3d._.js:9456:40)
    at renderRootSync (http://localhost:3001/_next/static/chunks/f12ff_next_dist_compiled_react-dom_7b2f6d3d._.js:9440:13)
    at performWorkOnRoot (http://localhost:3001/_next/static/chunks/f12ff_next_dist_compiled_react-dom_7b2f6d3d._.js:9068:186)
    at performSyncWorkOnRoot (http://localhost:3001/_next/static/chunks/f12ff_next_dist_compiled_react-dom_7b2f6d3d._.js:10238:9)
    at flushSyncWorkAcrossRoots_impl (http://localhost:3001/_next/static/chunks/f12ff_next_dist_compiled_react-dom_7b2f6d3d._.js:10154:316)
    at processRootScheduleInMicrotask (http://localhost:3001/_next/static/chunks/f12ff_next_dist_compiled_react-dom_7b2f6d3d._.js:10175:106)
    at http://localhost:3001/_next/static/chunks/f12ff_next_dist_compiled_react-dom_7b2f6d3d._.js:10249:158 @ http://localhost:3001/_next/static/chunks/f12ff_next_dist_95687940._.js:3132
[  833779ms] [ERROR] IntlError: MISSING_MESSAGE: Cannot read properties of undefined (reading 'split')
    at getFallbackFromErrorAndNotify (http://localhost:3001/_next/static/chunks/node_modules__pnpm_a92eadf3._.js:7251:23)
    at translateBaseFn (http://localhost:3001/_next/static/chunks/node_modules__pnpm_a92eadf3._.js:7281:28)
    at translateFn (http://localhost:3001/_next/static/chunks/node_modules__pnpm_a92eadf3._.js:7343:24)
    at labelFor (http://localhost:3001/_next/static/chunks/_af79dd3a._.js:633:30)
    at http://localhost:3001/_next/static/chunks/_af79dd3a._.js:142:34
    at Array.map (<anonymous>)
    at RegionChoropleth (http://localhost:3001/_next/static/chunks/_af79dd3a._.js:134:43)
    at Object.react_stack_bottom_frame (http://localhost:3001/_next/static/chunks/f12ff_next_dist_compiled_react-dom_7b2f6d3d._.js:14826:24)
    at renderWithHooks (http://localhost:3001/_next/static/chunks/f12ff_next_dist_compiled_react-dom_7b2f6d3d._.js:4651:24)
    at updateFunctionComponent (http://localhost:3001/_next/static/chunks/f12ff_next_dist_compiled_react-dom_7b2f6d3d._.js:6112:21)
    at beginWork (http://localhost:3001/_next/static/chunks/f12ff_next_dist_compiled_react-dom_7b2f6d3d._.js:6708:24)
    at runWithFiberInDEV (http://localhost:3001/_next/static/chunks/f12ff_next_dist_compiled_react-dom_7b2f6d3d._.js:965:74)
    at performUnitOfWork (http://localhost:3001/_next/static/chunks/f12ff_next_dist_compiled_react-dom_7b2f6d3d._.js:9562:97)
    at workLoopSync (http://localhost:3001/_next/static/chunks/f12ff_next_dist_compiled_react-dom_7b2f6d3d._.js:9456:40)
    at renderRootSync (http://localhost:3001/_next/static/chunks/f12ff_next_dist_compiled_react-dom_7b2f6d3d._.js:9440:13)
    at performWorkOnRoot (http://localhost:3001/_next/static/chunks/f12ff_next_dist_compiled_react-dom_7b2f6d3d._.js:9068:186)
    at performSyncWorkOnRoot (http://localhost:3001/_next/static/chunks/f12ff_next_dist_compiled_react-dom_7b2f6d3d._.js:10238:9)
    at flushSyncWorkAcrossRoots_impl (http://localhost:3001/_next/static/chunks/f12ff_next_dist_compiled_react-dom_7b2f6d3d._.js:10154:316)
    at processRootScheduleInMicrotask (http://localhost:3001/_next/static/chunks/f12ff_next_dist_compiled_react-dom_7b2f6d3d._.js:10175:106)
    at http://localhost:3001/_next/static/chunks/f12ff_next_dist_compiled_react-dom_7b2f6d3d._.js:10249:158 @ http://localhost:3001/_next/static/chunks/f12ff_next_dist_95687940._.js:3132
[  833780ms] [ERROR] IntlError: MISSING_MESSAGE: Cannot read properties of undefined (reading 'split')
    at getFallbackFromErrorAndNotify (http://localhost:3001/_next/static/chunks/node_modules__pnpm_a92eadf3._.js:7251:23)
    at translateBaseFn (http://localhost:3001/_next/static/chunks/node_modules__pnpm_a92eadf3._.js:7281:28)
    at translateFn (http://localhost:3001/_next/static/chunks/node_modules__pnpm_a92eadf3._.js:7343:24)
    at labelFor (http://localhost:3001/_next/static/chunks/_af79dd3a._.js:633:30)
    at http://localhost:3001/_next/static/chunks/_af79dd3a._.js:142:34
    at Array.map (<anonymous>)
    at RegionChoropleth (http://localhost:3001/_next/static/chunks/_af79dd3a._.js:134:43)
    at Object.react_stack_bottom_frame (http://localhost:3001/_next/static/chunks/f12ff_next_dist_compiled_react-dom_7b2f6d3d._.js:14826:24)
    at renderWithHooks (http://localhost:3001/_next/static/chunks/f12ff_next_dist_compiled_react-dom_7b2f6d3d._.js:4651:24)
    at updateFunctionComponent (http://localhost:3001/_next/static/chunks/f12ff_next_dist_compiled_react-dom_7b2f6d3d._.js:6112:21)
    at beginWork (http://localhost:3001/_next/static/chunks/f12ff_next_dist_compiled_react-dom_7b2f6d3d._.js:6708:24)
    at runWithFiberInDEV (http://localhost:3001/_next/static/chunks/f12ff_next_dist_compiled_react-dom_7b2f6d3d._.js:965:74)
    at performUnitOfWork (http://localhost:3001/_next/static/chunks/f12ff_next_dist_compiled_react-dom_7b2f6d3d._.js:9562:97)
    at workLoopSync (http://localhost:3001/_next/static/chunks/f12ff_next_dist_compiled_react-dom_7b2f6d3d._.js:9456:40)
    at renderRootSync (http://localhost:3001/_next/static/chunks/f12ff_next_dist_compiled_react-dom_7b2f6d3d._.js:9440:13)
    at performWorkOnRoot (http://localhost:3001/_next/static/chunks/f12ff_next_dist_compiled_react-dom_7b2f6d3d._.js:9068:186)
    at performSyncWorkOnRoot (http://localhost:3001/_next/static/chunks/f12ff_next_dist_compiled_react-dom_7b2f6d3d._.js:10238:9)
    at flushSyncWorkAcrossRoots_impl (http://localhost:3001/_next/static/chunks/f12ff_next_dist_compiled_react-dom_7b2f6d3d._.js:10154:316)
    at processRootScheduleInMicrotask (http://localhost:3001/_next/static/chunks/f12ff_next_dist_compiled_react-dom_7b2f6d3d._.js:10175:106)
    at http://localhost:3001/_next/static/chunks/f12ff_next_dist_compiled_react-dom_7b2f6d3d._.js:10249:158 @ http://localhost:3001/_next/static/chunks/f12ff_next_dist_95687940._.js:3132
[  833780ms] [ERROR] IntlError: MISSING_MESSAGE: Cannot read properties of undefined (reading 'split')
    at getFallbackFromErrorAndNotify (http://localhost:3001/_next/static/chunks/node_modules__pnpm_a92eadf3._.js:7251:23)
    at translateBaseFn (http://localhost:3001/_next/static/chunks/node_modules__pnpm_a92eadf3._.js:7281:28)
    at translateFn (http://localhost:3001/_next/static/chunks/node_modules__pnpm_a92eadf3._.js:7343:24)
    at labelFor (http://localhost:3001/_next/static/chunks/_af79dd3a._.js:633:30)
    at http://localhost:3001/_next/static/chunks/_af79dd3a._.js:142:34
    at Array.map (<anonymous>)
    at RegionChoropleth (http://localhost:3001/_next/static/chunks/_af79dd3a._.js:134:43)
    at Object.react_stack_bottom_frame (http://localhost:3001/_next/static/chunks/f12ff_next_dist_compiled_react-dom_7b2f6d3d._.js:14826:24)
    at renderWithHooks (http://localhost:3001/_next/static/chunks/f12ff_next_dist_compiled_react-dom_7b2f6d3d._.js:4651:24)
    at updateFunctionComponent (http://localhost:3001/_next/static/chunks/f12ff_next_dist_compiled_react-dom_7b2f6d3d._.js:6112:21)
    at beginWork (http://localhost:3001/_next/static/chunks/f12ff_next_dist_compiled_react-dom_7b2f6d3d._.js:6708:24)
    at runWithFiberInDEV (http://localhost:3001/_next/static/chunks/f12ff_next_dist_compiled_react-dom_7b2f6d3d._.js:965:74)
    at performUnitOfWork (http://localhost:3001/_next/static/chunks/f12ff_next_dist_compiled_react-dom_7b2f6d3d._.js:9562:97)
    at workLoopSync (http://localhost:3001/_next/static/chunks/f12ff_next_dist_compiled_react-dom_7b2f6d3d._.js:9456:40)
    at renderRootSync (http://localhost:3001/_next/static/chunks/f12ff_next_dist_compiled_react-dom_7b2f6d3d._.js:9440:13)
    at performWorkOnRoot (http://localhost:3001/_next/static/chunks/f12ff_next_dist_compiled_react-dom_7b2f6d3d._.js:9068:186)
    at performSyncWorkOnRoot (http://localhost:3001/_next/static/chunks/f12ff_next_dist_compiled_react-dom_7b2f6d3d._.js:10238:9)
    at flushSyncWorkAcrossRoots_impl (http://localhost:3001/_next/static/chunks/f12ff_next_dist_compiled_react-dom_7b2f6d3d._.js:10154:316)
    at processRootScheduleInMicrotask (http://localhost:3001/_next/static/chunks/f12ff_next_dist_compiled_react-dom_7b2f6d3d._.js:10175:106)
    at http://localhost:3001/_next/static/chunks/f12ff_next_dist_compiled_react-dom_7b2f6d3d._.js:10249:158 @ http://localhost:3001/_next/static/chunks/f12ff_next_dist_95687940._.js:3132
[  833780ms] [ERROR] IntlError: MISSING_MESSAGE: Cannot read properties of undefined (reading 'split')
    at getFallbackFromErrorAndNotify (http://localhost:3001/_next/static/chunks/node_modules__pnpm_a92eadf3._.js:7251:23)
    at translateBaseFn (http://localhost:3001/_next/static/chunks/node_modules__pnpm_a92eadf3._.js:7281:28)
    at translateFn (http://localhost:3001/_next/static/chunks/node_modules__pnpm_a92eadf3._.js:7343:24)
    at labelFor (http://localhost:3001/_next/static/chunks/_af79dd3a._.js:633:30)
    at http://localhost:3001/_next/static/chunks/_af79dd3a._.js:142:34
    at Array.map (<anonymous>)
    at RegionChoropleth (http://localhost:3001/_next/static/chunks/_af79dd3a._.js:134:43)
    at Object.react_stack_bottom_frame (http://localhost:3001/_next/static/chunks/f12ff_next_dist_compiled_react-dom_7b2f6d3d._.js:14826:24)
    at renderWithHooks (http://localhost:3001/_next/static/chunks/f12ff_next_dist_compiled_react-dom_7b2f6d3d._.js:4651:24)
    at updateFunctionComponent (http://localhost:3001/_next/static/chunks/f12ff_next_dist_compiled_react-dom_7b2f6d3d._.js:6112:21)
    at beginWork (http://localhost:3001/_next/static/chunks/f12ff_next_dist_compiled_react-dom_7b2f6d3d._.js:6708:24)
    at runWithFiberInDEV (http://localhost:3001/_next/static/chunks/f12ff_next_dist_compiled_react-dom_7b2f6d3d._.js:965:74)
    at performUnitOfWork (http://localhost:3001/_next/static/chunks/f12ff_next_dist_compiled_react-dom_7b2f6d3d._.js:9562:97)
    at workLoopSync (http://localhost:3001/_next/static/chunks/f12ff_next_dist_compiled_react-dom_7b2f6d3d._.js:9456:40)
    at renderRootSync (http://localhost:3001/_next/static/chunks/f12ff_next_dist_compiled_react-dom_7b2f6d3d._.js:9440:13)
    at performWorkOnRoot (http://localhost:3001/_next/static/chunks/f12ff_next_dist_compiled_react-dom_7b2f6d3d._.js:9068:186)
    at performSyncWorkOnRoot (http://localhost:3001/_next/static/chunks/f12ff_next_dist_compiled_react-dom_7b2f6d3d._.js:10238:9)
    at flushSyncWorkAcrossRoots_impl (http://localhost:3001/_next/static/chunks/f12ff_next_dist_compiled_react-dom_7b2f6d3d._.js:10154:316)
    at processRootScheduleInMicrotask (http://localhost:3001/_next/static/chunks/f12ff_next_dist_compiled_react-dom_7b2f6d3d._.js:10175:106)
    at http://localhost:3001/_next/static/chunks/f12ff_next_dist_compiled_react-dom_7b2f6d3d._.js:10249:158 @ http://localhost:3001/_next/static/chunks/f12ff_next_dist_95687940._.js:3132
[  833780ms] [ERROR] IntlError: MISSING_MESSAGE: Cannot read properties of undefined (reading 'split')
    at getFallbackFromErrorAndNotify (http://localhost:3001/_next/static/chunks/node_modules__pnpm_a92eadf3._.js:7251:23)
    at translateBaseFn (http://localhost:3001/_next/static/chunks/node_modules__pnpm_a92eadf3._.js:7281:28)
    at translateFn (http://localhost:3001/_next/static/chunks/node_modules__pnpm_a92eadf3._.js:7343:24)
    at labelFor (http://localhost:3001/_next/static/chunks/_af79dd3a._.js:633:30)
    at http://localhost:3001/_next/static/chunks/_af79dd3a._.js:142:34
    at Array.map (<anonymous>)
    at RegionChoropleth (http://localhost:3001/_next/static/chunks/_af79dd3a._.js:134:43)
    at Object.react_stack_bottom_frame (http://localhost:3001/_next/static/chunks/f12ff_next_dist_compiled_react-dom_7b2f6d3d._.js:14826:24)
    at renderWithHooks (http://localhost:3001/_next/static/chunks/f12ff_next_dist_compiled_react-dom_7b2f6d3d._.js:4651:24)
    at updateFunctionComponent (http://localhost:3001/_next/static/chunks/f12ff_next_dist_compiled_react-dom_7b2f6d3d._.js:6112:21)
    at beginWork (http://localhost:3001/_next/static/chunks/f12ff_next_dist_compiled_react-dom_7b2f6d3d._.js:6708:24)
    at runWithFiberInDEV (http://localhost:3001/_next/static/chunks/f12ff_next_dist_compiled_react-dom_7b2f6d3d._.js:965:74)
    at performUnitOfWork (http://localhost:3001/_next/static/chunks/f12ff_next_dist_compiled_react-dom_7b2f6d3d._.js:9562:97)
    at workLoopSync (http://localhost:3001/_next/static/chunks/f12ff_next_dist_compiled_react-dom_7b2f6d3d._.js:9456:40)
    at renderRootSync (http://localhost:3001/_next/static/chunks/f12ff_next_dist_compiled_react-dom_7b2f6d3d._.js:9440:13)
    at performWorkOnRoot (http://localhost:3001/_next/static/chunks/f12ff_next_dist_compiled_react-dom_7b2f6d3d._.js:9068:186)
    at performSyncWorkOnRoot (http://localhost:3001/_next/static/chunks/f12ff_next_dist_compiled_react-dom_7b2f6d3d._.js:10238:9)
    at flushSyncWorkAcrossRoots_impl (http://localhost:3001/_next/static/chunks/f12ff_next_dist_compiled_react-dom_7b2f6d3d._.js:10154:316)
    at processRootScheduleInMicrotask (http://localhost:3001/_next/static/chunks/f12ff_next_dist_compiled_react-dom_7b2f6d3d._.js:10175:106)
    at http://localhost:3001/_next/static/chunks/f12ff_next_dist_compiled_react-dom_7b2f6d3d._.js:10249:158 @ http://localhost:3001/_next/static/chunks/f12ff_next_dist_95687940._.js:3132
[  833780ms] [ERROR] IntlError: MISSING_MESSAGE: Cannot read properties of undefined (reading 'split')
    at getFallbackFromErrorAndNotify (http://localhost:3001/_next/static/chunks/node_modules__pnpm_a92eadf3._.js:7251:23)
    at translateBaseFn (http://localhost:3001/_next/static/chunks/node_modules__pnpm_a92eadf3._.js:7281:28)
    at translateFn (http://localhost:3001/_next/static/chunks/node_modules__pnpm_a92eadf3._.js:7343:24)
    at labelFor (http://localhost:3001/_next/static/chunks/_af79dd3a._.js:633:30)
    at http://localhost:3001/_next/static/chunks/_af79dd3a._.js:142:34
    at Array.map (<anonymous>)
    at RegionChoropleth (http://localhost:3001/_next/static/chunks/_af79dd3a._.js:134:43)
    at Object.react_stack_bottom_frame (http://localhost:3001/_next/static/chunks/f12ff_next_dist_compiled_react-dom_7b2f6d3d._.js:14826:24)
    at renderWithHooks (http://localhost:3001/_next/static/chunks/f12ff_next_dist_compiled_react-dom_7b2f6d3d._.js:4651:24)
    at updateFunctionComponent (http://localhost:3001/_next/static/chunks/f12ff_next_dist_compiled_react-dom_7b2f6d3d._.js:6112:21)
    at beginWork (http://localhost:3001/_next/static/chunks/f12ff_next_dist_compiled_react-dom_7b2f6d3d._.js:6708:24)
    at runWithFiberInDEV (http://localhost:3001/_next/static/chunks/f12ff_next_dist_compiled_react-dom_7b2f6d3d._.js:965:74)
    at performUnitOfWork (http://localhost:3001/_next/static/chunks/f12ff_next_dist_compiled_react-dom_7b2f6d3d._.js:9562:97)
    at workLoopSync (http://localhost:3001/_next/static/chunks/f12ff_next_dist_compiled_react-dom_7b2f6d3d._.js:9456:40)
    at renderRootSync (http://localhost:3001/_next/static/chunks/f12ff_next_dist_compiled_react-dom_7b2f6d3d._.js:9440:13)
    at performWorkOnRoot (http://localhost:3001/_next/static/chunks/f12ff_next_dist_compiled_react-dom_7b2f6d3d._.js:9068:186)
    at performSyncWorkOnRoot (http://localhost:3001/_next/static/chunks/f12ff_next_dist_compiled_react-dom_7b2f6d3d._.js:10238:9)
    at flushSyncWorkAcrossRoots_impl (http://localhost:3001/_next/static/chunks/f12ff_next_dist_compiled_react-dom_7b2f6d3d._.js:10154:316)
    at processRootScheduleInMicrotask (http://localhost:3001/_next/static/chunks/f12ff_next_dist_compiled_react-dom_7b2f6d3d._.js:10175:106)
    at http://localhost:3001/_next/static/chunks/f12ff_next_dist_compiled_react-dom_7b2f6d3d._.js:10249:158 @ http://localhost:3001/_next/static/chunks/f12ff_next_dist_95687940._.js:3132
[  833780ms] [ERROR] IntlError: MISSING_MESSAGE: Cannot read properties of undefined (reading 'split')
    at getFallbackFromErrorAndNotify (http://localhost:3001/_next/static/chunks/node_modules__pnpm_a92eadf3._.js:7251:23)
    at translateBaseFn (http://localhost:3001/_next/static/chunks/node_modules__pnpm_a92eadf3._.js:7281:28)
    at translateFn (http://localhost:3001/_next/static/chunks/node_modules__pnpm_a92eadf3._.js:7343:24)
    at labelFor (http://localhost:3001/_next/static/chunks/_af79dd3a._.js:633:30)
    at http://localhost:3001/_next/static/chunks/_af79dd3a._.js:142:34
    at Array.map (<anonymous>)
    at RegionChoropleth (http://localhost:3001/_next/static/chunks/_af79dd3a._.js:134:43)
    at Object.react_stack_bottom_frame (http://localhost:3001/_next/static/chunks/f12ff_next_dist_compiled_react-dom_7b2f6d3d._.js:14826:24)
    at renderWithHooksAgain (http://localhost:3001/_next/static/chunks/f12ff_next_dist_compiled_react-dom_7b2f6d3d._.js:4706:24)
    at renderWithHooks (http://localhost:3001/_next/static/chunks/f12ff_next_dist_compiled_react-dom_7b2f6d3d._.js:4657:28)
    at updateFunctionComponent (http://localhost:3001/_next/static/chunks/f12ff_next_dist_compiled_react-dom_7b2f6d3d._.js:6112:21)
    at beginWork (http://localhost:3001/_next/static/chunks/f12ff_next_dist_compiled_react-dom_7b2f6d3d._.js:6708:24)
    at runWithFiberInDEV (http://localhost:3001/_next/static/chunks/f12ff_next_dist_compiled_react-dom_7b2f6d3d._.js:965:74)
    at performUnitOfWork (http://localhost:3001/_next/static/chunks/f12ff_next_dist_compiled_react-dom_7b2f6d3d._.js:9562:97)
    at workLoopSync (http://localhost:3001/_next/static/chunks/f12ff_next_dist_compiled_react-dom_7b2f6d3d._.js:9456:40)
    at renderRootSync (http://localhost:3001/_next/static/chunks/f12ff_next_dist_compiled_react-dom_7b2f6d3d._.js:9440:13)
    at performWorkOnRoot (http://localhost:3001/_next/static/chunks/f12ff_next_dist_compiled_react-dom_7b2f6d3d._.js:9068:186)
    at performSyncWorkOnRoot (http://localhost:3001/_next/static/chunks/f12ff_next_dist_compiled_react-dom_7b2f6d3d._.js:10238:9)
    at flushSyncWorkAcrossRoots_impl (http://localhost:3001/_next/static/chunks/f12ff_next_dist_compiled_react-dom_7b2f6d3d._.js:10154:316)
    at processRootScheduleInMicrotask (http://localhost:3001/_next/static/chunks/f12ff_next_dist_compiled_react-dom_7b2f6d3d._.js:10175:106)
    at http://localhost:3001/_next/static/chunks/f12ff_next_dist_compiled_react-dom_7b2f6d3d._.js:10249:158 @ http://localhost:3001/_next/static/chunks/f12ff_next_dist_95687940._.js:3132
[  833781ms] [ERROR] IntlError: MISSING_MESSAGE: Cannot read properties of undefined (reading 'split')
    at getFallbackFromErrorAndNotify (http://localhost:3001/_next/static/chunks/node_modules__pnpm_a92eadf3._.js:7251:23)
    at translateBaseFn (http://localhost:3001/_next/static/chunks/node_modules__pnpm_a92eadf3._.js:7281:28)
    at translateFn (http://localhost:3001/_next/static/chunks/node_modules__pnpm_a92eadf3._.js:7343:24)
    at labelFor (http://localhost:3001/_next/static/chunks/_af79dd3a._.js:633:30)
    at http://localhost:3001/_next/static/chunks/_af79dd3a._.js:142:34
    at Array.map (<anonymous>)
    at RegionChoropleth (http://localhost:3001/_next/static/chunks/_af79dd3a._.js:134:43)
    at Object.react_stack_bottom_frame (http://localhost:3001/_next/static/chunks/f12ff_next_dist_compiled_react-dom_7b2f6d3d._.js:14826:24)
    at renderWithHooksAgain (http://localhost:3001/_next/static/chunks/f12ff_next_dist_compiled_react-dom_7b2f6d3d._.js:4706:24)
    at renderWithHooks (http://localhost:3001/_next/static/chunks/f12ff_next_dist_compiled_react-dom_7b2f6d3d._.js:4657:28)
    at updateFunctionComponent (http://localhost:3001/_next/static/chunks/f12ff_next_dist_compiled_react-dom_7b2f6d3d._.js:6112:21)
    at beginWork (http://localhost:3001/_next/static/chunks/f12ff_next_dist_compiled_react-dom_7b2f6d3d._.js:6708:24)
    at runWithFiberInDEV (http://localhost:3001/_next/static/chunks/f12ff_next_dist_compiled_react-dom_7b2f6d3d._.js:965:74)
    at performUnitOfWork (http://localhost:3001/_next/static/chunks/f12ff_next_dist_compiled_react-dom_7b2f6d3d._.js:9562:97)
    at workLoopSync (http://localhost:3001/_next/static/chunks/f12ff_next_dist_compiled_react-dom_7b2f6d3d._.js:9456:40)
    at renderRootSync (http://localhost:3001/_next/static/chunks/f12ff_next_dist_compiled_react-dom_7b2f6d3d._.js:9440:13)
    at performWorkOnRoot (http://localhost:3001/_next/static/chunks/f12ff_next_dist_compiled_react-dom_7b2f6d3d._.js:9068:186)
    at performSyncWorkOnRoot (http://localhost:3001/_next/static/chunks/f12ff_next_dist_compiled_react-dom_7b2f6d3d._.js:10238:9)
    at flushSyncWorkAcrossRoots_impl (http://localhost:3001/_next/static/chunks/f12ff_next_dist_compiled_react-dom_7b2f6d3d._.js:10154:316)
    at processRootScheduleInMicrotask (http://localhost:3001/_next/static/chunks/f12ff_next_dist_compiled_react-dom_7b2f6d3d._.js:10175:106)
    at http://localhost:3001/_next/static/chunks/f12ff_next_dist_compiled_react-dom_7b2f6d3d._.js:10249:158 @ http://localhost:3001/_next/static/chunks/f12ff_next_dist_95687940._.js:3132
[  833781ms] [ERROR] IntlError: MISSING_MESSAGE: Cannot read properties of undefined (reading 'split')
    at getFallbackFromErrorAndNotify (http://localhost:3001/_next/static/chunks/node_modules__pnpm_a92eadf3._.js:7251:23)
    at translateBaseFn (http://localhost:3001/_next/static/chunks/node_modules__pnpm_a92eadf3._.js:7281:28)
    at translateFn (http://localhost:3001/_next/static/chunks/node_modules__pnpm_a92eadf3._.js:7343:24)
    at labelFor (http://localhost:3001/_next/static/chunks/_af79dd3a._.js:633:30)
    at http://localhost:3001/_next/static/chunks/_af79dd3a._.js:142:34
    at Array.map (<anonymous>)
    at RegionChoropleth (http://localhost:3001/_next/static/chunks/_af79dd3a._.js:134:43)
    at Object.react_stack_bottom_frame (http://localhost:3001/_next/static/chunks/f12ff_next_dist_compiled_react-dom_7b2f6d3d._.js:14826:24)
    at renderWithHooksAgain (http://localhost:3001/_next/static/chunks/f12ff_next_dist_compiled_react-dom_7b2f6d3d._.js:4706:24)
    at renderWithHooks (http://localhost:3001/_next/static/chunks/f12ff_next_dist_compiled_react-dom_7b2f6d3d._.js:4657:28)
    at updateFunctionComponent (http://localhost:3001/_next/static/chunks/f12ff_next_dist_compiled_react-dom_7b2f6d3d._.js:6112:21)
    at beginWork (http://localhost:3001/_next/static/chunks/f12ff_next_dist_compiled_react-dom_7b2f6d3d._.js:6708:24)
    at runWithFiberInDEV (http://localhost:3001/_next/static/chunks/f12ff_next_dist_compiled_react-dom_7b2f6d3d._.js:965:74)
    at performUnitOfWork (http://localhost:3001/_next/static/chunks/f12ff_next_dist_compiled_react-dom_7b2f6d3d._.js:9562:97)
    at workLoopSync (http://localhost:3001/_next/static/chunks/f12ff_next_dist_compiled_react-dom_7b2f6d3d._.js:9456:40)
    at renderRootSync (http://localhost:3001/_next/static/chunks/f12ff_next_dist_compiled_react-dom_7b2f6d3d._.js:9440:13)
    at performWorkOnRoot (http://localhost:3001/_next/static/chunks/f12ff_next_dist_compiled_react-dom_7b2f6d3d._.js:9068:186)
    at performSyncWorkOnRoot (http://localhost:3001/_next/static/chunks/f12ff_next_dist_compiled_react-dom_7b2f6d3d._.js:10238:9)
    at flushSyncWorkAcrossRoots_impl (http://localhost:3001/_next/static/chunks/f12ff_next_dist_compiled_react-dom_7b2f6d3d._.js:10154:316)
    at processRootScheduleInMicrotask (http://localhost:3001/_next/static/chunks/f12ff_next_dist_compiled_react-dom_7b2f6d3d._.js:10175:106)
    at http://localhost:3001/_next/static/chunks/f12ff_next_dist_compiled_react-dom_7b2f6d3d._.js:10249:158 @ http://localhost:3001/_next/static/chunks/f12ff_next_dist_95687940._.js:3132
[  833781ms] [ERROR] IntlError: MISSING_MESSAGE: Cannot read properties of undefined (reading 'split')
    at getFallbackFromErrorAndNotify (http://localhost:3001/_next/static/chunks/node_modules__pnpm_a92eadf3._.js:7251:23)
    at translateBaseFn (http://localhost:3001/_next/static/chunks/node_modules__pnpm_a92eadf3._.js:7281:28)
    at translateFn (http://localhost:3001/_next/static/chunks/node_modules__pnpm_a92eadf3._.js:7343:24)
    at labelFor (http://localhost:3001/_next/static/chunks/_af79dd3a._.js:633:30)
    at http://localhost:3001/_next/static/chunks/_af79dd3a._.js:142:34
    at Array.map (<anonymous>)
    at RegionChoropleth (http://localhost:3001/_next/static/chunks/_af79dd3a._.js:134:43)
    at Object.react_stack_bottom_frame (http://localhost:3001/_next/static/chunks/f12ff_next_dist_compiled_react-dom_7b2f6d3d._.js:14826:24)
    at renderWithHooksAgain (http://localhost:3001/_next/static/chunks/f12ff_next_dist_compiled_react-dom_7b2f6d3d._.js:4706:24)
    at renderWithHooks (http://localhost:3001/_next/static/chunks/f12ff_next_dist_compiled_react-dom_7b2f6d3d._.js:4657:28)
    at updateFunctionComponent (http://localhost:3001/_next/static/chunks/f12ff_next_dist_compiled_react-dom_7b2f6d3d._.js:6112:21)
    at beginWork (http://localhost:3001/_next/static/chunks/f12ff_next_dist_compiled_react-dom_7b2f6d3d._.js:6708:24)
    at runWithFiberInDEV (http://localhost:3001/_next/static/chunks/f12ff_next_dist_compiled_react-dom_7b2f6d3d._.js:965:74)
    at performUnitOfWork (http://localhost:3001/_next/static/chunks/f12ff_next_dist_compiled_react-dom_7b2f6d3d._.js:9562:97)
    at workLoopSync (http://localhost:3001/_next/static/chunks/f12ff_next_dist_compiled_react-dom_7b2f6d3d._.js:9456:40)
    at renderRootSync (http://localhost:3001/_next/static/chunks/f12ff_next_dist_compiled_react-dom_7b2f6d3d._.js:9440:13)
    at performWorkOnRoot (http://localhost:3001/_next/static/chunks/f12ff_next_dist_compiled_react-dom_7b2f6d3d._.js:9068:186)
    at performSyncWorkOnRoot (http://localhost:3001/_next/static/chunks/f12ff_next_dist_compiled_react-dom_7b2f6d3d._.js:10238:9)
    at flushSyncWorkAcrossRoots_impl (http://localhost:3001/_next/static/chunks/f12ff_next_dist_compiled_react-dom_7b2f6d3d._.js:10154:316)
    at processRootScheduleInMicrotask (http://localhost:3001/_next/static/chunks/f12ff_next_dist_compiled_react-dom_7b2f6d3d._.js:10175:106)
    at http://localhost:3001/_next/static/chunks/f12ff_next_dist_compiled_react-dom_7b2f6d3d._.js:10249:158 @ http://localhost:3001/_next/static/chunks/f12ff_next_dist_95687940._.js:3132
[  833781ms] [ERROR] IntlError: MISSING_MESSAGE: Cannot read properties of undefined (reading 'split')
    at getFallbackFromErrorAndNotify (http://localhost:3001/_next/static/chunks/node_modules__pnpm_a92eadf3._.js:7251:23)
    at translateBaseFn (http://localhost:3001/_next/static/chunks/node_modules__pnpm_a92eadf3._.js:7281:28)
    at translateFn (http://localhost:3001/_next/static/chunks/node_modules__pnpm_a92eadf3._.js:7343:24)
    at labelFor (http://localhost:3001/_next/static/chunks/_af79dd3a._.js:633:30)
    at http://localhost:3001/_next/static/chunks/_af79dd3a._.js:142:34
    at Array.map (<anonymous>)
    at RegionChoropleth (http://localhost:3001/_next/static/chunks/_af79dd3a._.js:134:43)
    at Object.react_stack_bottom_frame (http://localhost:3001/_next/static/chunks/f12ff_next_dist_compiled_react-dom_7b2f6d3d._.js:14826:24)
    at renderWithHooksAgain (http://localhost:3001/_next/static/chunks/f12ff_next_dist_compiled_react-dom_7b2f6d3d._.js:4706:24)
    at renderWithHooks (http://localhost:3001/_next/static/chunks/f12ff_next_dist_compiled_react-dom_7b2f6d3d._.js:4657:28)
    at updateFunctionComponent (http://localhost:3001/_next/static/chunks/f12ff_next_dist_compiled_react-dom_7b2f6d3d._.js:6112:21)
    at beginWork (http://localhost:3001/_next/static/chunks/f12ff_next_dist_compiled_react-dom_7b2f6d3d._.js:6708:24)
    at runWithFiberInDEV (http://localhost:3001/_next/static/chunks/f12ff_next_dist_compiled_react-dom_7b2f6d3d._.js:965:74)
    at performUnitOfWork (http://localhost:3001/_next/static/chunks/f12ff_next_dist_compiled_react-dom_7b2f6d3d._.js:9562:97)
    at workLoopSync (http://localhost:3001/_next/static/chunks/f12ff_next_dist_compiled_react-dom_7b2f6d3d._.js:9456:40)
    at renderRootSync (http://localhost:3001/_next/static/chunks/f12ff_next_dist_compiled_react-dom_7b2f6d3d._.js:9440:13)
    at performWorkOnRoot (http://localhost:3001/_next/static/chunks/f12ff_next_dist_compiled_react-dom_7b2f6d3d._.js:9068:186)
    at performSyncWorkOnRoot (http://localhost:3001/_next/static/chunks/f12ff_next_dist_compiled_react-dom_7b2f6d3d._.js:10238:9)
    at flushSyncWorkAcrossRoots_impl (http://localhost:3001/_next/static/chunks/f12ff_next_dist_compiled_react-dom_7b2f6d3d._.js:10154:316)
    at processRootScheduleInMicrotask (http://localhost:3001/_next/static/chunks/f12ff_next_dist_compiled_react-dom_7b2f6d3d._.js:10175:106)
    at http://localhost:3001/_next/static/chunks/f12ff_next_dist_compiled_react-dom_7b2f6d3d._.js:10249:158 @ http://localhost:3001/_next/static/chunks/f12ff_next_dist_95687940._.js:3132
[  833782ms] [ERROR] IntlError: MISSING_MESSAGE: Cannot read properties of undefined (reading 'split')
    at getFallbackFromErrorAndNotify (http://localhost:3001/_next/static/chunks/node_modules__pnpm_a92eadf3._.js:7251:23)
    at translateBaseFn (http://localhost:3001/_next/static/chunks/node_modules__pnpm_a92eadf3._.js:7281:28)
    at translateFn (http://localhost:3001/_next/static/chunks/node_modules__pnpm_a92eadf3._.js:7343:24)
    at labelFor (http://localhost:3001/_next/static/chunks/_af79dd3a._.js:633:30)
    at http://localhost:3001/_next/static/chunks/_af79dd3a._.js:142:34
    at Array.map (<anonymous>)
    at RegionChoropleth (http://localhost:3001/_next/static/chunks/_af79dd3a._.js:134:43)
    at Object.react_stack_bottom_frame (http://localhost:3001/_next/static/chunks/f12ff_next_dist_compiled_react-dom_7b2f6d3d._.js:14826:24)
    at renderWithHooksAgain (http://localhost:3001/_next/static/chunks/f12ff_next_dist_compiled_react-dom_7b2f6d3d._.js:4706:24)
    at renderWithHooks (http://localhost:3001/_next/static/chunks/f12ff_next_dist_compiled_react-dom_7b2f6d3d._.js:4657:28)
    at updateFunctionComponent (http://localhost:3001/_next/static/chunks/f12ff_next_dist_compiled_react-dom_7b2f6d3d._.js:6112:21)
    at beginWork (http://localhost:3001/_next/static/chunks/f12ff_next_dist_compiled_react-dom_7b2f6d3d._.js:6708:24)
    at runWithFiberInDEV (http://localhost:3001/_next/static/chunks/f12ff_next_dist_compiled_react-dom_7b2f6d3d._.js:965:74)
    at performUnitOfWork (http://localhost:3001/_next/static/chunks/f12ff_next_dist_compiled_react-dom_7b2f6d3d._.js:9562:97)
    at workLoopSync (http://localhost:3001/_next/static/chunks/f12ff_next_dist_compiled_react-dom_7b2f6d3d._.js:9456:40)
    at renderRootSync (http://localhost:3001/_next/static/chunks/f12ff_next_dist_compiled_react-dom_7b2f6d3d._.js:9440:13)
    at performWorkOnRoot (http://localhost:3001/_next/static/chunks/f12ff_next_dist_compiled_react-dom_7b2f6d3d._.js:9068:186)
    at performSyncWorkOnRoot (http://localhost:3001/_next/static/chunks/f12ff_next_dist_compiled_react-dom_7b2f6d3d._.js:10238:9)
    at flushSyncWorkAcrossRoots_impl (http://localhost:3001/_next/static/chunks/f12ff_next_dist_compiled_react-dom_7b2f6d3d._.js:10154:316)
    at processRootScheduleInMicrotask (http://localhost:3001/_next/static/chunks/f12ff_next_dist_compiled_react-dom_7b2f6d3d._.js:10175:106)
    at http://localhost:3001/_next/static/chunks/f12ff_next_dist_compiled_react-dom_7b2f6d3d._.js:10249:158 @ http://localhost:3001/_next/static/chunks/f12ff_next_dist_95687940._.js:3132
[  833782ms] [ERROR] IntlError: MISSING_MESSAGE: Cannot read properties of undefined (reading 'split')
    at getFallbackFromErrorAndNotify (http://localhost:3001/_next/static/chunks/node_modules__pnpm_a92eadf3._.js:7251:23)
    at translateBaseFn (http://localhost:3001/_next/static/chunks/node_modules__pnpm_a92eadf3._.js:7281:28)
    at translateFn (http://localhost:3001/_next/static/chunks/node_modules__pnpm_a92eadf3._.js:7343:24)
    at labelFor (http://localhost:3001/_next/static/chunks/_af79dd3a._.js:633:30)
    at http://localhost:3001/_next/static/chunks/_af79dd3a._.js:142:34
    at Array.map (<anonymous>)
    at RegionChoropleth (http://localhost:3001/_next/static/chunks/_af79dd3a._.js:134:43)
    at Object.react_stack_bottom_frame (http://localhost:3001/_next/static/chunks/f12ff_next_dist_compiled_react-dom_7b2f6d3d._.js:14826:24)
    at renderWithHooksAgain (http://localhost:3001/_next/static/chunks/f12ff_next_dist_compiled_react-dom_7b2f6d3d._.js:4706:24)
    at renderWithHooks (http://localhost:3001/_next/static/chunks/f12ff_next_dist_compiled_react-dom_7b2f6d3d._.js:4657:28)
    at updateFunctionComponent (http://localhost:3001/_next/static/chunks/f12ff_next_dist_compiled_react-dom_7b2f6d3d._.js:6112:21)
    at beginWork (http://localhost:3001/_next/static/chunks/f12ff_next_dist_compiled_react-dom_7b2f6d3d._.js:6708:24)
    at runWithFiberInDEV (http://localhost:3001/_next/static/chunks/f12ff_next_dist_compiled_react-dom_7b2f6d3d._.js:965:74)
    at performUnitOfWork (http://localhost:3001/_next/static/chunks/f12ff_next_dist_compiled_react-dom_7b2f6d3d._.js:9562:97)
    at workLoopSync (http://localhost:3001/_next/static/chunks/f12ff_next_dist_compiled_react-dom_7b2f6d3d._.js:9456:40)
    at renderRootSync (http://localhost:3001/_next/static/chunks/f12ff_next_dist_compiled_react-dom_7b2f6d3d._.js:9440:13)
    at performWorkOnRoot (http://localhost:3001/_next/static/chunks/f12ff_next_dist_compiled_react-dom_7b2f6d3d._.js:9068:186)
    at performSyncWorkOnRoot (http://localhost:3001/_next/static/chunks/f12ff_next_dist_compiled_react-dom_7b2f6d3d._.js:10238:9)
    at flushSyncWorkAcrossRoots_impl (http://localhost:3001/_next/static/chunks/f12ff_next_dist_compiled_react-dom_7b2f6d3d._.js:10154:316)
    at processRootScheduleInMicrotask (http://localhost:3001/_next/static/chunks/f12ff_next_dist_compiled_react-dom_7b2f6d3d._.js:10175:106)
    at http://localhost:3001/_next/static/chunks/f12ff_next_dist_compiled_react-dom_7b2f6d3d._.js:10249:158 @ http://localhost:3001/_next/static/chunks/f12ff_next_dist_95687940._.js:3132
[  834033ms] [ERROR] IntlError: MISSING_MESSAGE: Cannot read properties of undefined (reading 'split')
    at getFallbackFromErrorAndNotify (http://localhost:3001/_next/static/chunks/node_modules__pnpm_a92eadf3._.js:7251:23)
    at translateBaseFn (http://localhost:3001/_next/static/chunks/node_modules__pnpm_a92eadf3._.js:7281:28)
    at translateFn (http://localhost:3001/_next/static/chunks/node_modules__pnpm_a92eadf3._.js:7343:24)
    at labelFor (http://localhost:3001/_next/static/chunks/_af79dd3a._.js:633:30)
    at http://localhost:3001/_next/static/chunks/_af79dd3a._.js:142:34
    at Array.map (<anonymous>)
    at RegionChoropleth (http://localhost:3001/_next/static/chunks/_af79dd3a._.js:134:43)
    at Object.react_stack_bottom_frame (http://localhost:3001/_next/static/chunks/f12ff_next_dist_compiled_react-dom_7b2f6d3d._.js:14826:24)
    at renderWithHooks (http://localhost:3001/_next/static/chunks/f12ff_next_dist_compiled_react-dom_7b2f6d3d._.js:4651:24)
    at updateFunctionComponent (http://localhost:3001/_next/static/chunks/f12ff_next_dist_compiled_react-dom_7b2f6d3d._.js:6112:21)
    at beginWork (http://localhost:3001/_next/static/chunks/f12ff_next_dist_compiled_react-dom_7b2f6d3d._.js:6708:24)
    at runWithFiberInDEV (http://localhost:3001/_next/static/chunks/f12ff_next_dist_compiled_react-dom_7b2f6d3d._.js:965:74)
    at performUnitOfWork (http://localhost:3001/_next/static/chunks/f12ff_next_dist_compiled_react-dom_7b2f6d3d._.js:9562:97)
    at workLoopSync (http://localhost:3001/_next/static/chunks/f12ff_next_dist_compiled_react-dom_7b2f6d3d._.js:9456:40)
    at renderRootSync (http://localhost:3001/_next/static/chunks/f12ff_next_dist_compiled_react-dom_7b2f6d3d._.js:9440:13)
    at performWorkOnRoot (http://localhost:3001/_next/static/chunks/f12ff_next_dist_compiled_react-dom_7b2f6d3d._.js:9068:186)
    at performSyncWorkOnRoot (http://localhost:3001/_next/static/chunks/f12ff_next_dist_compiled_react-dom_7b2f6d3d._.js:10238:9)
    at flushSyncWorkAcrossRoots_impl (http://localhost:3001/_next/static/chunks/f12ff_next_dist_compiled_react-dom_7b2f6d3d._.js:10154:316)
    at processRootScheduleInMicrotask (http://localhost:3001/_next/static/chunks/f12ff_next_dist_compiled_react-dom_7b2f6d3d._.js:10175:106)
    at http://localhost:3001/_next/static/chunks/f12ff_next_dist_compiled_react-dom_7b2f6d3d._.js:10249:158 @ http://localhost:3001/_next/static/chunks/f12ff_next_dist_95687940._.js:3132
[  834034ms] [ERROR] IntlError: MISSING_MESSAGE: Cannot read properties of undefined (reading 'split')
    at getFallbackFromErrorAndNotify (http://localhost:3001/_next/static/chunks/node_modules__pnpm_a92eadf3._.js:7251:23)
    at translateBaseFn (http://localhost:3001/_next/static/chunks/node_modules__pnpm_a92eadf3._.js:7281:28)
    at translateFn (http://localhost:3001/_next/static/chunks/node_modules__pnpm_a92eadf3._.js:7343:24)
    at labelFor (http://localhost:3001/_next/static/chunks/_af79dd3a._.js:633:30)
    at http://localhost:3001/_next/static/chunks/_af79dd3a._.js:142:34
    at Array.map (<anonymous>)
    at RegionChoropleth (http://localhost:3001/_next/static/chunks/_af79dd3a._.js:134:43)
    at Object.react_stack_bottom_frame (http://localhost:3001/_next/static/chunks/f12ff_next_dist_compiled_react-dom_7b2f6d3d._.js:14826:24)
    at renderWithHooks (http://localhost:3001/_next/static/chunks/f12ff_next_dist_compiled_react-dom_7b2f6d3d._.js:4651:24)
    at updateFunctionComponent (http://localhost:3001/_next/static/chunks/f12ff_next_dist_compiled_react-dom_7b2f6d3d._.js:6112:21)
    at beginWork (http://localhost:3001/_next/static/chunks/f12ff_next_dist_compiled_react-dom_7b2f6d3d._.js:6708:24)
    at runWithFiberInDEV (http://localhost:3001/_next/static/chunks/f12ff_next_dist_compiled_react-dom_7b2f6d3d._.js:965:74)
    at performUnitOfWork (http://localhost:3001/_next/static/chunks/f12ff_next_dist_compiled_react-dom_7b2f6d3d._.js:9562:97)
    at workLoopSync (http://localhost:3001/_next/static/chunks/f12ff_next_dist_compiled_react-dom_7b2f6d3d._.js:9456:40)
    at renderRootSync (http://localhost:3001/_next/static/chunks/f12ff_next_dist_compiled_react-dom_7b2f6d3d._.js:9440:13)
    at performWorkOnRoot (http://localhost:3001/_next/static/chunks/f12ff_next_dist_compiled_react-dom_7b2f6d3d._.js:9068:186)
    at performSyncWorkOnRoot (http://localhost:3001/_next/static/chunks/f12ff_next_dist_compiled_react-dom_7b2f6d3d._.js:10238:9)
    at flushSyncWorkAcrossRoots_impl (http://localhost:3001/_next/static/chunks/f12ff_next_dist_compiled_react-dom_7b2f6d3d._.js:10154:316)
    at processRootScheduleInMicrotask (http://localhost:3001/_next/static/chunks/f12ff_next_dist_compiled_react-dom_7b2f6d3d._.js:10175:106)
    at http://localhost:3001/_next/static/chunks/f12ff_next_dist_compiled_react-dom_7b2f6d3d._.js:10249:158 @ http://localhost:3001/_next/static/chunks/f12ff_next_dist_95687940._.js:3132
[  834034ms] [ERROR] IntlError: MISSING_MESSAGE: Cannot read properties of undefined (reading 'split')
    at getFallbackFromErrorAndNotify (http://localhost:3001/_next/static/chunks/node_modules__pnpm_a92eadf3._.js:7251:23)
    at translateBaseFn (http://localhost:3001/_next/static/chunks/node_modules__pnpm_a92eadf3._.js:7281:28)
    at translateFn (http://localhost:3001/_next/static/chunks/node_modules__pnpm_a92eadf3._.js:7343:24)
    at labelFor (http://localhost:3001/_next/static/chunks/_af79dd3a._.js:633:30)
    at http://localhost:3001/_next/static/chunks/_af79dd3a._.js:142:34
    at Array.map (<anonymous>)
    at RegionChoropleth (http://localhost:3001/_next/static/chunks/_af79dd3a._.js:134:43)
    at Object.react_stack_bottom_frame (http://localhost:3001/_next/static/chunks/f12ff_next_dist_compiled_react-dom_7b2f6d3d._.js:14826:24)
    at renderWithHooks (http://localhost:3001/_next/static/chunks/f12ff_next_dist_compiled_react-dom_7b2f6d3d._.js:4651:24)
    at updateFunctionComponent (http://localhost:3001/_next/static/chunks/f12ff_next_dist_compiled_react-dom_7b2f6d3d._.js:6112:21)
    at beginWork (http://localhost:3001/_next/static/chunks/f12ff_next_dist_compiled_react-dom_7b2f6d3d._.js:6708:24)
    at runWithFiberInDEV (http://localhost:3001/_next/static/chunks/f12ff_next_dist_compiled_react-dom_7b2f6d3d._.js:965:74)
    at performUnitOfWork (http://localhost:3001/_next/static/chunks/f12ff_next_dist_compiled_react-dom_7b2f6d3d._.js:9562:97)
    at workLoopSync (http://localhost:3001/_next/static/chunks/f12ff_next_dist_compiled_react-dom_7b2f6d3d._.js:9456:40)
    at renderRootSync (http://localhost:3001/_next/static/chunks/f12ff_next_dist_compiled_react-dom_7b2f6d3d._.js:9440:13)
    at performWorkOnRoot (http://localhost:3001/_next/static/chunks/f12ff_next_dist_compiled_react-dom_7b2f6d3d._.js:9068:186)
    at performSyncWorkOnRoot (http://localhost:3001/_next/static/chunks/f12ff_next_dist_compiled_react-dom_7b2f6d3d._.js:10238:9)
    at flushSyncWorkAcrossRoots_impl (http://localhost:3001/_next/static/chunks/f12ff_next_dist_compiled_react-dom_7b2f6d3d._.js:10154:316)
    at processRootScheduleInMicrotask (http://localhost:3001/_next/static/chunks/f12ff_next_dist_compiled_react-dom_7b2f6d3d._.js:10175:106)
    at http://localhost:3001/_next/static/chunks/f12ff_next_dist_compiled_react-dom_7b2f6d3d._.js:10249:158 @ http://localhost:3001/_next/static/chunks/f12ff_next_dist_95687940._.js:3132
[  834034ms] [ERROR] IntlError: MISSING_MESSAGE: Cannot read properties of undefined (reading 'split')
    at getFallbackFromErrorAndNotify (http://localhost:3001/_next/static/chunks/node_modules__pnpm_a92eadf3._.js:7251:23)
    at translateBaseFn (http://localhost:3001/_next/static/chunks/node_modules__pnpm_a92eadf3._.js:7281:28)
    at translateFn (http://localhost:3001/_next/static/chunks/node_modules__pnpm_a92eadf3._.js:7343:24)
    at labelFor (http://localhost:3001/_next/static/chunks/_af79dd3a._.js:633:30)
    at http://localhost:3001/_next/static/chunks/_af79dd3a._.js:142:34
    at Array.map (<anonymous>)
    at RegionChoropleth (http://localhost:3001/_next/static/chunks/_af79dd3a._.js:134:43)
    at Object.react_stack_bottom_frame (http://localhost:3001/_next/static/chunks/f12ff_next_dist_compiled_react-dom_7b2f6d3d._.js:14826:24)
    at renderWithHooks (http://localhost:3001/_next/static/chunks/f12ff_next_dist_compiled_react-dom_7b2f6d3d._.js:4651:24)
    at updateFunctionComponent (http://localhost:3001/_next/static/chunks/f12ff_next_dist_compiled_react-dom_7b2f6d3d._.js:6112:21)
    at beginWork (http://localhost:3001/_next/static/chunks/f12ff_next_dist_compiled_react-dom_7b2f6d3d._.js:6708:24)
    at runWithFiberInDEV (http://localhost:3001/_next/static/chunks/f12ff_next_dist_compiled_react-dom_7b2f6d3d._.js:965:74)
    at performUnitOfWork (http://localhost:3001/_next/static/chunks/f12ff_next_dist_compiled_react-dom_7b2f6d3d._.js:9562:97)
    at workLoopSync (http://localhost:3001/_next/static/chunks/f12ff_next_dist_compiled_react-dom_7b2f6d3d._.js:9456:40)
    at renderRootSync (http://localhost:3001/_next/static/chunks/f12ff_next_dist_compiled_react-dom_7b2f6d3d._.js:9440:13)
    at performWorkOnRoot (http://localhost:3001/_next/static/chunks/f12ff_next_dist_compiled_react-dom_7b2f6d3d._.js:9068:186)
    at performSyncWorkOnRoot (http://localhost:3001/_next/static/chunks/f12ff_next_dist_compiled_react-dom_7b2f6d3d._.js:10238:9)
    at flushSyncWorkAcrossRoots_impl (http://localhost:3001/_next/static/chunks/f12ff_next_dist_compiled_react-dom_7b2f6d3d._.js:10154:316)
    at processRootScheduleInMicrotask (http://localhost:3001/_next/static/chunks/f12ff_next_dist_compiled_react-dom_7b2f6d3d._.js:10175:106)
    at http://localhost:3001/_next/static/chunks/f12ff_next_dist_compiled_react-dom_7b2f6d3d._.js:10249:158 @ http://localhost:3001/_next/static/chunks/f12ff_next_dist_95687940._.js:3132
[  834034ms] [ERROR] IntlError: MISSING_MESSAGE: Cannot read properties of undefined (reading 'split')
    at getFallbackFromErrorAndNotify (http://localhost:3001/_next/static/chunks/node_modules__pnpm_a92eadf3._.js:7251:23)
    at translateBaseFn (http://localhost:3001/_next/static/chunks/node_modules__pnpm_a92eadf3._.js:7281:28)
    at translateFn (http://localhost:3001/_next/static/chunks/node_modules__pnpm_a92eadf3._.js:7343:24)
    at labelFor (http://localhost:3001/_next/static/chunks/_af79dd3a._.js:633:30)
    at http://localhost:3001/_next/static/chunks/_af79dd3a._.js:142:34
    at Array.map (<anonymous>)
    at RegionChoropleth (http://localhost:3001/_next/static/chunks/_af79dd3a._.js:134:43)
    at Object.react_stack_bottom_frame (http://localhost:3001/_next/static/chunks/f12ff_next_dist_compiled_react-dom_7b2f6d3d._.js:14826:24)
    at renderWithHooks (http://localhost:3001/_next/static/chunks/f12ff_next_dist_compiled_react-dom_7b2f6d3d._.js:4651:24)
    at updateFunctionComponent (http://localhost:3001/_next/static/chunks/f12ff_next_dist_compiled_react-dom_7b2f6d3d._.js:6112:21)
    at beginWork (http://localhost:3001/_next/static/chunks/f12ff_next_dist_compiled_react-dom_7b2f6d3d._.js:6708:24)
    at runWithFiberInDEV (http://localhost:3001/_next/static/chunks/f12ff_next_dist_compiled_react-dom_7b2f6d3d._.js:965:74)
    at performUnitOfWork (http://localhost:3001/_next/static/chunks/f12ff_next_dist_compiled_react-dom_7b2f6d3d._.js:9562:97)
    at workLoopSync (http://localhost:3001/_next/static/chunks/f12ff_next_dist_compiled_react-dom_7b2f6d3d._.js:9456:40)
    at renderRootSync (http://localhost:3001/_next/static/chunks/f12ff_next_dist_compiled_react-dom_7b2f6d3d._.js:9440:13)
    at performWorkOnRoot (http://localhost:3001/_next/static/chunks/f12ff_next_dist_compiled_react-dom_7b2f6d3d._.js:9068:186)
    at performSyncWorkOnRoot (http://localhost:3001/_next/static/chunks/f12ff_next_dist_compiled_react-dom_7b2f6d3d._.js:10238:9)
    at flushSyncWorkAcrossRoots_impl (http://localhost:3001/_next/static/chunks/f12ff_next_dist_compiled_react-dom_7b2f6d3d._.js:10154:316)
    at processRootScheduleInMicrotask (http://localhost:3001/_next/static/chunks/f12ff_next_dist_compiled_react-dom_7b2f6d3d._.js:10175:106)
    at http://localhost:3001/_next/static/chunks/f12ff_next_dist_compiled_react-dom_7b2f6d3d._.js:10249:158 @ http://localhost:3001/_next/static/chunks/f12ff_next_dist_95687940._.js:3132
[  834034ms] [ERROR] IntlError: MISSING_MESSAGE: Cannot read properties of undefined (reading 'split')
    at getFallbackFromErrorAndNotify (http://localhost:3001/_next/static/chunks/node_modules__pnpm_a92eadf3._.js:7251:23)
    at translateBaseFn (http://localhost:3001/_next/static/chunks/node_modules__pnpm_a92eadf3._.js:7281:28)
    at translateFn (http://localhost:3001/_next/static/chunks/node_modules__pnpm_a92eadf3._.js:7343:24)
    at labelFor (http://localhost:3001/_next/static/chunks/_af79dd3a._.js:633:30)
    at http://localhost:3001/_next/static/chunks/_af79dd3a._.js:142:34
    at Array.map (<anonymous>)
    at RegionChoropleth (http://localhost:3001/_next/static/chunks/_af79dd3a._.js:134:43)
    at Object.react_stack_bottom_frame (http://localhost:3001/_next/static/chunks/f12ff_next_dist_compiled_react-dom_7b2f6d3d._.js:14826:24)
    at renderWithHooks (http://localhost:3001/_next/static/chunks/f12ff_next_dist_compiled_react-dom_7b2f6d3d._.js:4651:24)
    at updateFunctionComponent (http://localhost:3001/_next/static/chunks/f12ff_next_dist_compiled_react-dom_7b2f6d3d._.js:6112:21)
    at beginWork (http://localhost:3001/_next/static/chunks/f12ff_next_dist_compiled_react-dom_7b2f6d3d._.js:6708:24)
    at runWithFiberInDEV (http://localhost:3001/_next/static/chunks/f12ff_next_dist_compiled_react-dom_7b2f6d3d._.js:965:74)
    at performUnitOfWork (http://localhost:3001/_next/static/chunks/f12ff_next_dist_compiled_react-dom_7b2f6d3d._.js:9562:97)
    at workLoopSync (http://localhost:3001/_next/static/chunks/f12ff_next_dist_compiled_react-dom_7b2f6d3d._.js:9456:40)
    at renderRootSync (http://localhost:3001/_next/static/chunks/f12ff_next_dist_compiled_react-dom_7b2f6d3d._.js:9440:13)
    at performWorkOnRoot (http://localhost:3001/_next/static/chunks/f12ff_next_dist_compiled_react-dom_7b2f6d3d._.js:9068:186)
    at performSyncWorkOnRoot (http://localhost:3001/_next/static/chunks/f12ff_next_dist_compiled_react-dom_7b2f6d3d._.js:10238:9)
    at flushSyncWorkAcrossRoots_impl (http://localhost:3001/_next/static/chunks/f12ff_next_dist_compiled_react-dom_7b2f6d3d._.js:10154:316)
    at processRootScheduleInMicrotask (http://localhost:3001/_next/static/chunks/f12ff_next_dist_compiled_react-dom_7b2f6d3d._.js:10175:106)
    at http://localhost:3001/_next/static/chunks/f12ff_next_dist_compiled_react-dom_7b2f6d3d._.js:10249:158 @ http://localhost:3001/_next/static/chunks/f12ff_next_dist_95687940._.js:3132
[  834034ms] [ERROR] IntlError: MISSING_MESSAGE: Cannot read properties of undefined (reading 'split')
    at getFallbackFromErrorAndNotify (http://localhost:3001/_next/static/chunks/node_modules__pnpm_a92eadf3._.js:7251:23)
    at translateBaseFn (http://localhost:3001/_next/static/chunks/node_modules__pnpm_a92eadf3._.js:7281:28)
    at translateFn (http://localhost:3001/_next/static/chunks/node_modules__pnpm_a92eadf3._.js:7343:24)
    at labelFor (http://localhost:3001/_next/static/chunks/_af79dd3a._.js:633:30)
    at http://localhost:3001/_next/static/chunks/_af79dd3a._.js:142:34
    at Array.map (<anonymous>)
    at RegionChoropleth (http://localhost:3001/_next/static/chunks/_af79dd3a._.js:134:43)
    at Object.react_stack_bottom_frame (http://localhost:3001/_next/static/chunks/f12ff_next_dist_compiled_react-dom_7b2f6d3d._.js:14826:24)
    at renderWithHooks (http://localhost:3001/_next/static/chunks/f12ff_next_dist_compiled_react-dom_7b2f6d3d._.js:4651:24)
    at updateFunctionComponent (http://localhost:3001/_next/static/chunks/f12ff_next_dist_compiled_react-dom_7b2f6d3d._.js:6112:21)
    at beginWork (http://localhost:3001/_next/static/chunks/f12ff_next_dist_compiled_react-dom_7b2f6d3d._.js:6708:24)
    at runWithFiberInDEV (http://localhost:3001/_next/static/chunks/f12ff_next_dist_compiled_react-dom_7b2f6d3d._.js:965:74)
    at performUnitOfWork (http://localhost:3001/_next/static/chunks/f12ff_next_dist_compiled_react-dom_7b2f6d3d._.js:9562:97)
    at workLoopSync (http://localhost:3001/_next/static/chunks/f12ff_next_dist_compiled_react-dom_7b2f6d3d._.js:9456:40)
    at renderRootSync (http://localhost:3001/_next/static/chunks/f12ff_next_dist_compiled_react-dom_7b2f6d3d._.js:9440:13)
    at performWorkOnRoot (http://localhost:3001/_next/static/chunks/f12ff_next_dist_compiled_react-dom_7b2f6d3d._.js:9068:186)
    at performSyncWorkOnRoot (http://localhost:3001/_next/static/chunks/f12ff_next_dist_compiled_react-dom_7b2f6d3d._.js:10238:9)
    at flushSyncWorkAcrossRoots_impl (http://localhost:3001/_next/static/chunks/f12ff_next_dist_compiled_react-dom_7b2f6d3d._.js:10154:316)
    at processRootScheduleInMicrotask (http://localhost:3001/_next/static/chunks/f12ff_next_dist_compiled_react-dom_7b2f6d3d._.js:10175:106)
    at http://localhost:3001/_next/static/chunks/f12ff_next_dist_compiled_react-dom_7b2f6d3d._.js:10249:158 @ http://localhost:3001/_next/static/chunks/f12ff_next_dist_95687940._.js:3132
[  834034ms] [ERROR] IntlError: MISSING_MESSAGE: Cannot read properties of undefined (reading 'split')
    at getFallbackFromErrorAndNotify (http://localhost:3001/_next/static/chunks/node_modules__pnpm_a92eadf3._.js:7251:23)
    at translateBaseFn (http://localhost:3001/_next/static/chunks/node_modules__pnpm_a92eadf3._.js:7281:28)
    at translateFn (http://localhost:3001/_next/static/chunks/node_modules__pnpm_a92eadf3._.js:7343:24)
    at labelFor (http://localhost:3001/_next/static/chunks/_af79dd3a._.js:633:30)
    at http://localhost:3001/_next/static/chunks/_af79dd3a._.js:142:34
    at Array.map (<anonymous>)
    at RegionChoropleth (http://localhost:3001/_next/static/chunks/_af79dd3a._.js:134:43)
    at Object.react_stack_bottom_frame (http://localhost:3001/_next/static/chunks/f12ff_next_dist_compiled_react-dom_7b2f6d3d._.js:14826:24)
    at renderWithHooksAgain (http://localhost:3001/_next/static/chunks/f12ff_next_dist_compiled_react-dom_7b2f6d3d._.js:4706:24)
    at renderWithHooks (http://localhost:3001/_next/static/chunks/f12ff_next_dist_compiled_react-dom_7b2f6d3d._.js:4657:28)
    at updateFunctionComponent (http://localhost:3001/_next/static/chunks/f12ff_next_dist_compiled_react-dom_7b2f6d3d._.js:6112:21)
    at beginWork (http://localhost:3001/_next/static/chunks/f12ff_next_dist_compiled_react-dom_7b2f6d3d._.js:6708:24)
    at runWithFiberInDEV (http://localhost:3001/_next/static/chunks/f12ff_next_dist_compiled_react-dom_7b2f6d3d._.js:965:74)
    at performUnitOfWork (http://localhost:3001/_next/static/chunks/f12ff_next_dist_compiled_react-dom_7b2f6d3d._.js:9562:97)
    at workLoopSync (http://localhost:3001/_next/static/chunks/f12ff_next_dist_compiled_react-dom_7b2f6d3d._.js:9456:40)
    at renderRootSync (http://localhost:3001/_next/static/chunks/f12ff_next_dist_compiled_react-dom_7b2f6d3d._.js:9440:13)
    at performWorkOnRoot (http://localhost:3001/_next/static/chunks/f12ff_next_dist_compiled_react-dom_7b2f6d3d._.js:9068:186)
    at performSyncWorkOnRoot (http://localhost:3001/_next/static/chunks/f12ff_next_dist_compiled_react-dom_7b2f6d3d._.js:10238:9)
    at flushSyncWorkAcrossRoots_impl (http://localhost:3001/_next/static/chunks/f12ff_next_dist_compiled_react-dom_7b2f6d3d._.js:10154:316)
    at processRootScheduleInMicrotask (http://localhost:3001/_next/static/chunks/f12ff_next_dist_compiled_react-dom_7b2f6d3d._.js:10175:106)
    at http://localhost:3001/_next/static/chunks/f12ff_next_dist_compiled_react-dom_7b2f6d3d._.js:10249:158 @ http://localhost:3001/_next/static/chunks/f12ff_next_dist_95687940._.js:3132
[  834035ms] [ERROR] IntlError: MISSING_MESSAGE: Cannot read properties of undefined (reading 'split')
    at getFallbackFromErrorAndNotify (http://localhost:3001/_next/static/chunks/node_modules__pnpm_a92eadf3._.js:7251:23)
    at translateBaseFn (http://localhost:3001/_next/static/chunks/node_modules__pnpm_a92eadf3._.js:7281:28)
    at translateFn (http://localhost:3001/_next/static/chunks/node_modules__pnpm_a92eadf3._.js:7343:24)
    at labelFor (http://localhost:3001/_next/static/chunks/_af79dd3a._.js:633:30)
    at http://localhost:3001/_next/static/chunks/_af79dd3a._.js:142:34
    at Array.map (<anonymous>)
    at RegionChoropleth (http://localhost:3001/_next/static/chunks/_af79dd3a._.js:134:43)
    at Object.react_stack_bottom_frame (http://localhost:3001/_next/static/chunks/f12ff_next_dist_compiled_react-dom_7b2f6d3d._.js:14826:24)
    at renderWithHooksAgain (http://localhost:3001/_next/static/chunks/f12ff_next_dist_compiled_react-dom_7b2f6d3d._.js:4706:24)
    at renderWithHooks (http://localhost:3001/_next/static/chunks/f12ff_next_dist_compiled_react-dom_7b2f6d3d._.js:4657:28)
    at updateFunctionComponent (http://localhost:3001/_next/static/chunks/f12ff_next_dist_compiled_react-dom_7b2f6d3d._.js:6112:21)
    at beginWork (http://localhost:3001/_next/static/chunks/f12ff_next_dist_compiled_react-dom_7b2f6d3d._.js:6708:24)
    at runWithFiberInDEV (http://localhost:3001/_next/static/chunks/f12ff_next_dist_compiled_react-dom_7b2f6d3d._.js:965:74)
    at performUnitOfWork (http://localhost:3001/_next/static/chunks/f12ff_next_dist_compiled_react-dom_7b2f6d3d._.js:9562:97)
    at workLoopSync (http://localhost:3001/_next/static/chunks/f12ff_next_dist_compiled_react-dom_7b2f6d3d._.js:9456:40)
    at renderRootSync (http://localhost:3001/_next/static/chunks/f12ff_next_dist_compiled_react-dom_7b2f6d3d._.js:9440:13)
    at performWorkOnRoot (http://localhost:3001/_next/static/chunks/f12ff_next_dist_compiled_react-dom_7b2f6d3d._.js:9068:186)
    at performSyncWorkOnRoot (http://localhost:3001/_next/static/chunks/f12ff_next_dist_compiled_react-dom_7b2f6d3d._.js:10238:9)
    at flushSyncWorkAcrossRoots_impl (http://localhost:3001/_next/static/chunks/f12ff_next_dist_compiled_react-dom_7b2f6d3d._.js:10154:316)
    at processRootScheduleInMicrotask (http://localhost:3001/_next/static/chunks/f12ff_next_dist_compiled_react-dom_7b2f6d3d._.js:10175:106)
    at http://localhost:3001/_next/static/chunks/f12ff_next_dist_compiled_react-dom_7b2f6d3d._.js:10249:158 @ http://localhost:3001/_next/static/chunks/f12ff_next_dist_95687940._.js:3132
[  834035ms] [ERROR] IntlError: MISSING_MESSAGE: Cannot read properties of undefined (reading 'split')
    at getFallbackFromErrorAndNotify (http://localhost:3001/_next/static/chunks/node_modules__pnpm_a92eadf3._.js:7251:23)
    at translateBaseFn (http://localhost:3001/_next/static/chunks/node_modules__pnpm_a92eadf3._.js:7281:28)
    at translateFn (http://localhost:3001/_next/static/chunks/node_modules__pnpm_a92eadf3._.js:7343:24)
    at labelFor (http://localhost:3001/_next/static/chunks/_af79dd3a._.js:633:30)
    at http://localhost:3001/_next/static/chunks/_af79dd3a._.js:142:34
    at Array.map (<anonymous>)
    at RegionChoropleth (http://localhost:3001/_next/static/chunks/_af79dd3a._.js:134:43)
    at Object.react_stack_bottom_frame (http://localhost:3001/_next/static/chunks/f12ff_next_dist_compiled_react-dom_7b2f6d3d._.js:14826:24)
    at renderWithHooksAgain (http://localhost:3001/_next/static/chunks/f12ff_next_dist_compiled_react-dom_7b2f6d3d._.js:4706:24)
    at renderWithHooks (http://localhost:3001/_next/static/chunks/f12ff_next_dist_compiled_react-dom_7b2f6d3d._.js:4657:28)
    at updateFunctionComponent (http://localhost:3001/_next/static/chunks/f12ff_next_dist_compiled_react-dom_7b2f6d3d._.js:6112:21)
    at beginWork (http://localhost:3001/_next/static/chunks/f12ff_next_dist_compiled_react-dom_7b2f6d3d._.js:6708:24)
    at runWithFiberInDEV (http://localhost:3001/_next/static/chunks/f12ff_next_dist_compiled_react-dom_7b2f6d3d._.js:965:74)
    at performUnitOfWork (http://localhost:3001/_next/static/chunks/f12ff_next_dist_compiled_react-dom_7b2f6d3d._.js:9562:97)
    at workLoopSync (http://localhost:3001/_next/static/chunks/f12ff_next_dist_compiled_react-dom_7b2f6d3d._.js:9456:40)
    at renderRootSync (http://localhost:3001/_next/static/chunks/f12ff_next_dist_compiled_react-dom_7b2f6d3d._.js:9440:13)
    at performWorkOnRoot (http://localhost:3001/_next/static/chunks/f12ff_next_dist_compiled_react-dom_7b2f6d3d._.js:9068:186)
    at performSyncWorkOnRoot (http://localhost:3001/_next/static/chunks/f12ff_next_dist_compiled_react-dom_7b2f6d3d._.js:10238:9)
    at flushSyncWorkAcrossRoots_impl (http://localhost:3001/_next/static/chunks/f12ff_next_dist_compiled_react-dom_7b2f6d3d._.js:10154:316)
    at processRootScheduleInMicrotask (http://localhost:3001/_next/static/chunks/f12ff_next_dist_compiled_react-dom_7b2f6d3d._.js:10175:106)
    at http://localhost:3001/_next/static/chunks/f12ff_next_dist_compiled_react-dom_7b2f6d3d._.js:10249:158 @ http://localhost:3001/_next/static/chunks/f12ff_next_dist_95687940._.js:3132
[  834035ms] [ERROR] IntlError: MISSING_MESSAGE: Cannot read properties of undefined (reading 'split')
    at getFallbackFromErrorAndNotify (http://localhost:3001/_next/static/chunks/node_modules__pnpm_a92eadf3._.js:7251:23)
    at translateBaseFn (http://localhost:3001/_next/static/chunks/node_modules__pnpm_a92eadf3._.js:7281:28)
    at translateFn (http://localhost:3001/_next/static/chunks/node_modules__pnpm_a92eadf3._.js:7343:24)
    at labelFor (http://localhost:3001/_next/static/chunks/_af79dd3a._.js:633:30)
    at http://localhost:3001/_next/static/chunks/_af79dd3a._.js:142:34
    at Array.map (<anonymous>)
    at RegionChoropleth (http://localhost:3001/_next/static/chunks/_af79dd3a._.js:134:43)
    at Object.react_stack_bottom_frame (http://localhost:3001/_next/static/chunks/f12ff_next_dist_compiled_react-dom_7b2f6d3d._.js:14826:24)
    at renderWithHooksAgain (http://localhost:3001/_next/static/chunks/f12ff_next_dist_compiled_react-dom_7b2f6d3d._.js:4706:24)
    at renderWithHooks (http://localhost:3001/_next/static/chunks/f12ff_next_dist_compiled_react-dom_7b2f6d3d._.js:4657:28)
    at updateFunctionComponent (http://localhost:3001/_next/static/chunks/f12ff_next_dist_compiled_react-dom_7b2f6d3d._.js:6112:21)
    at beginWork (http://localhost:3001/_next/static/chunks/f12ff_next_dist_compiled_react-dom_7b2f6d3d._.js:6708:24)
    at runWithFiberInDEV (http://localhost:3001/_next/static/chunks/f12ff_next_dist_compiled_react-dom_7b2f6d3d._.js:965:74)
    at performUnitOfWork (http://localhost:3001/_next/static/chunks/f12ff_next_dist_compiled_react-dom_7b2f6d3d._.js:9562:97)
    at workLoopSync (http://localhost:3001/_next/static/chunks/f12ff_next_dist_compiled_react-dom_7b2f6d3d._.js:9456:40)
    at renderRootSync (http://localhost:3001/_next/static/chunks/f12ff_next_dist_compiled_react-dom_7b2f6d3d._.js:9440:13)
    at performWorkOnRoot (http://localhost:3001/_next/static/chunks/f12ff_next_dist_compiled_react-dom_7b2f6d3d._.js:9068:186)
    at performSyncWorkOnRoot (http://localhost:3001/_next/static/chunks/f12ff_next_dist_compiled_react-dom_7b2f6d3d._.js:10238:9)
    at flushSyncWorkAcrossRoots_impl (http://localhost:3001/_next/static/chunks/f12ff_next_dist_compiled_react-dom_7b2f6d3d._.js:10154:316)
    at processRootScheduleInMicrotask (http://localhost:3001/_next/static/chunks/f12ff_next_dist_compiled_react-dom_7b2f6d3d._.js:10175:106)
    at http://localhost:3001/_next/static/chunks/f12ff_next_dist_compiled_react-dom_7b2f6d3d._.js:10249:158 @ http://localhost:3001/_next/static/chunks/f12ff_next_dist_95687940._.js:3132
[  834035ms] [ERROR] IntlError: MISSING_MESSAGE: Cannot read properties of undefined (reading 'split')
    at getFallbackFromErrorAndNotify (http://localhost:3001/_next/static/chunks/node_modules__pnpm_a92eadf3._.js:7251:23)
    at translateBaseFn (http://localhost:3001/_next/static/chunks/node_modules__pnpm_a92eadf3._.js:7281:28)
    at translateFn (http://localhost:3001/_next/static/chunks/node_modules__pnpm_a92eadf3._.js:7343:24)
    at labelFor (http://localhost:3001/_next/static/chunks/_af79dd3a._.js:633:30)
    at http://localhost:3001/_next/static/chunks/_af79dd3a._.js:142:34
    at Array.map (<anonymous>)
    at RegionChoropleth (http://localhost:3001/_next/static/chunks/_af79dd3a._.js:134:43)
    at Object.react_stack_bottom_frame (http://localhost:3001/_next/static/chunks/f12ff_next_dist_compiled_react-dom_7b2f6d3d._.js:14826:24)
    at renderWithHooksAgain (http://localhost:3001/_next/static/chunks/f12ff_next_dist_compiled_react-dom_7b2f6d3d._.js:4706:24)
    at renderWithHooks (http://localhost:3001/_next/static/chunks/f12ff_next_dist_compiled_react-dom_7b2f6d3d._.js:4657:28)
    at updateFunctionComponent (http://localhost:3001/_next/static/chunks/f12ff_next_dist_compiled_react-dom_7b2f6d3d._.js:6112:21)
    at beginWork (http://localhost:3001/_next/static/chunks/f12ff_next_dist_compiled_react-dom_7b2f6d3d._.js:6708:24)
    at runWithFiberInDEV (http://localhost:3001/_next/static/chunks/f12ff_next_dist_compiled_react-dom_7b2f6d3d._.js:965:74)
    at performUnitOfWork (http://localhost:3001/_next/static/chunks/f12ff_next_dist_compiled_react-dom_7b2f6d3d._.js:9562:97)
    at workLoopSync (http://localhost:3001/_next/static/chunks/f12ff_next_dist_compiled_react-dom_7b2f6d3d._.js:9456:40)
    at renderRootSync (http://localhost:3001/_next/static/chunks/f12ff_next_dist_compiled_react-dom_7b2f6d3d._.js:9440:13)
    at performWorkOnRoot (http://localhost:3001/_next/static/chunks/f12ff_next_dist_compiled_react-dom_7b2f6d3d._.js:9068:186)
    at performSyncWorkOnRoot (http://localhost:3001/_next/static/chunks/f12ff_next_dist_compiled_react-dom_7b2f6d3d._.js:10238:9)
    at flushSyncWorkAcrossRoots_impl (http://localhost:3001/_next/static/chunks/f12ff_next_dist_compiled_react-dom_7b2f6d3d._.js:10154:316)
    at processRootScheduleInMicrotask (http://localhost:3001/_next/static/chunks/f12ff_next_dist_compiled_react-dom_7b2f6d3d._.js:10175:106)
    at http://localhost:3001/_next/static/chunks/f12ff_next_dist_compiled_react-dom_7b2f6d3d._.js:10249:158 @ http://localhost:3001/_next/static/chunks/f12ff_next_dist_95687940._.js:3132
[  834035ms] [ERROR] IntlError: MISSING_MESSAGE: Cannot read properties of undefined (reading 'split')
    at getFallbackFromErrorAndNotify (http://localhost:3001/_next/static/chunks/node_modules__pnpm_a92eadf3._.js:7251:23)
    at translateBaseFn (http://localhost:3001/_next/static/chunks/node_modules__pnpm_a92eadf3._.js:7281:28)
    at translateFn (http://localhost:3001/_next/static/chunks/node_modules__pnpm_a92eadf3._.js:7343:24)
    at labelFor (http://localhost:3001/_next/static/chunks/_af79dd3a._.js:633:30)
    at http://localhost:3001/_next/static/chunks/_af79dd3a._.js:142:34
    at Array.map (<anonymous>)
    at RegionChoropleth (http://localhost:3001/_next/static/chunks/_af79dd3a._.js:134:43)
    at Object.react_stack_bottom_frame (http://localhost:3001/_next/static/chunks/f12ff_next_dist_compiled_react-dom_7b2f6d3d._.js:14826:24)
    at renderWithHooksAgain (http://localhost:3001/_next/static/chunks/f12ff_next_dist_compiled_react-dom_7b2f6d3d._.js:4706:24)
    at renderWithHooks (http://localhost:3001/_next/static/chunks/f12ff_next_dist_compiled_react-dom_7b2f6d3d._.js:4657:28)
    at updateFunctionComponent (http://localhost:3001/_next/static/chunks/f12ff_next_dist_compiled_react-dom_7b2f6d3d._.js:6112:21)
    at beginWork (http://localhost:3001/_next/static/chunks/f12ff_next_dist_compiled_react-dom_7b2f6d3d._.js:6708:24)
    at runWithFiberInDEV (http://localhost:3001/_next/static/chunks/f12ff_next_dist_compiled_react-dom_7b2f6d3d._.js:965:74)
    at performUnitOfWork (http://localhost:3001/_next/static/chunks/f12ff_next_dist_compiled_react-dom_7b2f6d3d._.js:9562:97)
    at workLoopSync (http://localhost:3001/_next/static/chunks/f12ff_next_dist_compiled_react-dom_7b2f6d3d._.js:9456:40)
    at renderRootSync (http://localhost:3001/_next/static/chunks/f12ff_next_dist_compiled_react-dom_7b2f6d3d._.js:9440:13)
    at performWorkOnRoot (http://localhost:3001/_next/static/chunks/f12ff_next_dist_compiled_react-dom_7b2f6d3d._.js:9068:186)
    at performSyncWorkOnRoot (http://localhost:3001/_next/static/chunks/f12ff_next_dist_compiled_react-dom_7b2f6d3d._.js:10238:9)
    at flushSyncWorkAcrossRoots_impl (http://localhost:3001/_next/static/chunks/f12ff_next_dist_compiled_react-dom_7b2f6d3d._.js:10154:316)
    at processRootScheduleInMicrotask (http://localhost:3001/_next/static/chunks/f12ff_next_dist_compiled_react-dom_7b2f6d3d._.js:10175:106)
    at http://localhost:3001/_next/static/chunks/f12ff_next_dist_compiled_react-dom_7b2f6d3d._.js:10249:158 @ http://localhost:3001/_next/static/chunks/f12ff_next_dist_95687940._.js:3132
[  834035ms] [ERROR] IntlError: MISSING_MESSAGE: Cannot read properties of undefined (reading 'split')
    at getFallbackFromErrorAndNotify (http://localhost:3001/_next/static/chunks/node_modules__pnpm_a92eadf3._.js:7251:23)
    at translateBaseFn (http://localhost:3001/_next/static/chunks/node_modules__pnpm_a92eadf3._.js:7281:28)
    at translateFn (http://localhost:3001/_next/static/chunks/node_modules__pnpm_a92eadf3._.js:7343:24)
    at labelFor (http://localhost:3001/_next/static/chunks/_af79dd3a._.js:633:30)
    at http://localhost:3001/_next/static/chunks/_af79dd3a._.js:142:34
    at Array.map (<anonymous>)
    at RegionChoropleth (http://localhost:3001/_next/static/chunks/_af79dd3a._.js:134:43)
    at Object.react_stack_bottom_frame (http://localhost:3001/_next/static/chunks/f12ff_next_dist_compiled_react-dom_7b2f6d3d._.js:14826:24)
    at renderWithHooksAgain (http://localhost:3001/_next/static/chunks/f12ff_next_dist_compiled_react-dom_7b2f6d3d._.js:4706:24)
    at renderWithHooks (http://localhost:3001/_next/static/chunks/f12ff_next_dist_compiled_react-dom_7b2f6d3d._.js:4657:28)
    at updateFunctionComponent (http://localhost:3001/_next/static/chunks/f12ff_next_dist_compiled_react-dom_7b2f6d3d._.js:6112:21)
    at beginWork (http://localhost:3001/_next/static/chunks/f12ff_next_dist_compiled_react-dom_7b2f6d3d._.js:6708:24)
    at runWithFiberInDEV (http://localhost:3001/_next/static/chunks/f12ff_next_dist_compiled_react-dom_7b2f6d3d._.js:965:74)
    at performUnitOfWork (http://localhost:3001/_next/static/chunks/f12ff_next_dist_compiled_react-dom_7b2f6d3d._.js:9562:97)
    at workLoopSync (http://localhost:3001/_next/static/chunks/f12ff_next_dist_compiled_react-dom_7b2f6d3d._.js:9456:40)
    at renderRootSync (http://localhost:3001/_next/static/chunks/f12ff_next_dist_compiled_react-dom_7b2f6d3d._.js:9440:13)
    at performWorkOnRoot (http://localhost:3001/_next/static/chunks/f12ff_next_dist_compiled_react-dom_7b2f6d3d._.js:9068:186)
    at performSyncWorkOnRoot (http://localhost:3001/_next/static/chunks/f12ff_next_dist_compiled_react-dom_7b2f6d3d._.js:10238:9)
    at flushSyncWorkAcrossRoots_impl (http://localhost:3001/_next/static/chunks/f12ff_next_dist_compiled_react-dom_7b2f6d3d._.js:10154:316)
    at processRootScheduleInMicrotask (http://localhost:3001/_next/static/chunks/f12ff_next_dist_compiled_react-dom_7b2f6d3d._.js:10175:106)
    at http://localhost:3001/_next/static/chunks/f12ff_next_dist_compiled_react-dom_7b2f6d3d._.js:10249:158 @ http://localhost:3001/_next/static/chunks/f12ff_next_dist_95687940._.js:3132
[  834978ms] [ERROR] IntlError: MISSING_MESSAGE: Cannot read properties of undefined (reading 'split')
    at getFallbackFromErrorAndNotify (http://localhost:3001/_next/static/chunks/node_modules__pnpm_a92eadf3._.js:7251:23)
    at translateBaseFn (http://localhost:3001/_next/static/chunks/node_modules__pnpm_a92eadf3._.js:7281:28)
    at translateFn (http://localhost:3001/_next/static/chunks/node_modules__pnpm_a92eadf3._.js:7343:24)
    at labelFor (http://localhost:3001/_next/static/chunks/_af79dd3a._.js:633:30)
    at http://localhost:3001/_next/static/chunks/_af79dd3a._.js:142:34
    at Array.map (<anonymous>)
    at RegionChoropleth (http://localhost:3001/_next/static/chunks/_af79dd3a._.js:134:43)
    at Object.react_stack_bottom_frame (http://localhost:3001/_next/static/chunks/f12ff_next_dist_compiled_react-dom_7b2f6d3d._.js:14826:24)
    at renderWithHooks (http://localhost:3001/_next/static/chunks/f12ff_next_dist_compiled_react-dom_7b2f6d3d._.js:4651:24)
    at updateFunctionComponent (http://localhost:3001/_next/static/chunks/f12ff_next_dist_compiled_react-dom_7b2f6d3d._.js:6112:21)
    at beginWork (http://localhost:3001/_next/static/chunks/f12ff_next_dist_compiled_react-dom_7b2f6d3d._.js:6708:24)
    at runWithFiberInDEV (http://localhost:3001/_next/static/chunks/f12ff_next_dist_compiled_react-dom_7b2f6d3d._.js:965:74)
    at performUnitOfWork (http://localhost:3001/_next/static/chunks/f12ff_next_dist_compiled_react-dom_7b2f6d3d._.js:9562:97)
    at workLoopSync (http://localhost:3001/_next/static/chunks/f12ff_next_dist_compiled_react-dom_7b2f6d3d._.js:9456:40)
    at renderRootSync (http://localhost:3001/_next/static/chunks/f12ff_next_dist_compiled_react-dom_7b2f6d3d._.js:9440:13)
    at performWorkOnRoot (http://localhost:3001/_next/static/chunks/f12ff_next_dist_compiled_react-dom_7b2f6d3d._.js:9068:186)
    at performSyncWorkOnRoot (http://localhost:3001/_next/static/chunks/f12ff_next_dist_compiled_react-dom_7b2f6d3d._.js:10238:9)
    at flushSyncWorkAcrossRoots_impl (http://localhost:3001/_next/static/chunks/f12ff_next_dist_compiled_react-dom_7b2f6d3d._.js:10154:316)
    at processRootScheduleInMicrotask (http://localhost:3001/_next/static/chunks/f12ff_next_dist_compiled_react-dom_7b2f6d3d._.js:10175:106)
    at http://localhost:3001/_next/static/chunks/f12ff_next_dist_compiled_react-dom_7b2f6d3d._.js:10249:158 @ http://localhost:3001/_next/static/chunks/f12ff_next_dist_95687940._.js:3132
[  834978ms] [ERROR] IntlError: MISSING_MESSAGE: Cannot read properties of undefined (reading 'split')
    at getFallbackFromErrorAndNotify (http://localhost:3001/_next/static/chunks/node_modules__pnpm_a92eadf3._.js:7251:23)
    at translateBaseFn (http://localhost:3001/_next/static/chunks/node_modules__pnpm_a92eadf3._.js:7281:28)
    at translateFn (http://localhost:3001/_next/static/chunks/node_modules__pnpm_a92eadf3._.js:7343:24)
    at labelFor (http://localhost:3001/_next/static/chunks/_af79dd3a._.js:633:30)
    at http://localhost:3001/_next/static/chunks/_af79dd3a._.js:142:34
    at Array.map (<anonymous>)
    at RegionChoropleth (http://localhost:3001/_next/static/chunks/_af79dd3a._.js:134:43)
    at Object.react_stack_bottom_frame (http://localhost:3001/_next/static/chunks/f12ff_next_dist_compiled_react-dom_7b2f6d3d._.js:14826:24)
    at renderWithHooks (http://localhost:3001/_next/static/chunks/f12ff_next_dist_compiled_react-dom_7b2f6d3d._.js:4651:24)
    at updateFunctionComponent (http://localhost:3001/_next/static/chunks/f12ff_next_dist_compiled_react-dom_7b2f6d3d._.js:6112:21)
    at beginWork (http://localhost:3001/_next/static/chunks/f12ff_next_dist_compiled_react-dom_7b2f6d3d._.js:6708:24)
    at runWithFiberInDEV (http://localhost:3001/_next/static/chunks/f12ff_next_dist_compiled_react-dom_7b2f6d3d._.js:965:74)
    at performUnitOfWork (http://localhost:3001/_next/static/chunks/f12ff_next_dist_compiled_react-dom_7b2f6d3d._.js:9562:97)
    at workLoopSync (http://localhost:3001/_next/static/chunks/f12ff_next_dist_compiled_react-dom_7b2f6d3d._.js:9456:40)
    at renderRootSync (http://localhost:3001/_next/static/chunks/f12ff_next_dist_compiled_react-dom_7b2f6d3d._.js:9440:13)
    at performWorkOnRoot (http://localhost:3001/_next/static/chunks/f12ff_next_dist_compiled_react-dom_7b2f6d3d._.js:9068:186)
    at performSyncWorkOnRoot (http://localhost:3001/_next/static/chunks/f12ff_next_dist_compiled_react-dom_7b2f6d3d._.js:10238:9)
    at flushSyncWorkAcrossRoots_impl (http://localhost:3001/_next/static/chunks/f12ff_next_dist_compiled_react-dom_7b2f6d3d._.js:10154:316)
    at processRootScheduleInMicrotask (http://localhost:3001/_next/static/chunks/f12ff_next_dist_compiled_react-dom_7b2f6d3d._.js:10175:106)
    at http://localhost:3001/_next/static/chunks/f12ff_next_dist_compiled_react-dom_7b2f6d3d._.js:10249:158 @ http://localhost:3001/_next/static/chunks/f12ff_next_dist_95687940._.js:3132
[  834978ms] [ERROR] IntlError: MISSING_MESSAGE: Cannot read properties of undefined (reading 'split')
    at getFallbackFromErrorAndNotify (http://localhost:3001/_next/static/chunks/node_modules__pnpm_a92eadf3._.js:7251:23)
    at translateBaseFn (http://localhost:3001/_next/static/chunks/node_modules__pnpm_a92eadf3._.js:7281:28)
    at translateFn (http://localhost:3001/_next/static/chunks/node_modules__pnpm_a92eadf3._.js:7343:24)
    at labelFor (http://localhost:3001/_next/static/chunks/_af79dd3a._.js:633:30)
    at http://localhost:3001/_next/static/chunks/_af79dd3a._.js:142:34
    at Array.map (<anonymous>)
    at RegionChoropleth (http://localhost:3001/_next/static/chunks/_af79dd3a._.js:134:43)
    at Object.react_stack_bottom_frame (http://localhost:3001/_next/static/chunks/f12ff_next_dist_compiled_react-dom_7b2f6d3d._.js:14826:24)
    at renderWithHooks (http://localhost:3001/_next/static/chunks/f12ff_next_dist_compiled_react-dom_7b2f6d3d._.js:4651:24)
    at updateFunctionComponent (http://localhost:3001/_next/static/chunks/f12ff_next_dist_compiled_react-dom_7b2f6d3d._.js:6112:21)
    at beginWork (http://localhost:3001/_next/static/chunks/f12ff_next_dist_compiled_react-dom_7b2f6d3d._.js:6708:24)
    at runWithFiberInDEV (http://localhost:3001/_next/static/chunks/f12ff_next_dist_compiled_react-dom_7b2f6d3d._.js:965:74)
    at performUnitOfWork (http://localhost:3001/_next/static/chunks/f12ff_next_dist_compiled_react-dom_7b2f6d3d._.js:9562:97)
    at workLoopSync (http://localhost:3001/_next/static/chunks/f12ff_next_dist_compiled_react-dom_7b2f6d3d._.js:9456:40)
    at renderRootSync (http://localhost:3001/_next/static/chunks/f12ff_next_dist_compiled_react-dom_7b2f6d3d._.js:9440:13)
    at performWorkOnRoot (http://localhost:3001/_next/static/chunks/f12ff_next_dist_compiled_react-dom_7b2f6d3d._.js:9068:186)
    at performSyncWorkOnRoot (http://localhost:3001/_next/static/chunks/f12ff_next_dist_compiled_react-dom_7b2f6d3d._.js:10238:9)
    at flushSyncWorkAcrossRoots_impl (http://localhost:3001/_next/static/chunks/f12ff_next_dist_compiled_react-dom_7b2f6d3d._.js:10154:316)
    at processRootScheduleInMicrotask (http://localhost:3001/_next/static/chunks/f12ff_next_dist_compiled_react-dom_7b2f6d3d._.js:10175:106)
    at http://localhost:3001/_next/static/chunks/f12ff_next_dist_compiled_react-dom_7b2f6d3d._.js:10249:158 @ http://localhost:3001/_next/static/chunks/f12ff_next_dist_95687940._.js:3132
[  834978ms] [ERROR] IntlError: MISSING_MESSAGE: Cannot read properties of undefined (reading 'split')
    at getFallbackFromErrorAndNotify (http://localhost:3001/_next/static/chunks/node_modules__pnpm_a92eadf3._.js:7251:23)
    at translateBaseFn (http://localhost:3001/_next/static/chunks/node_modules__pnpm_a92eadf3._.js:7281:28)
    at translateFn (http://localhost:3001/_next/static/chunks/node_modules__pnpm_a92eadf3._.js:7343:24)
    at labelFor (http://localhost:3001/_next/static/chunks/_af79dd3a._.js:633:30)
    at http://localhost:3001/_next/static/chunks/_af79dd3a._.js:142:34
    at Array.map (<anonymous>)
    at RegionChoropleth (http://localhost:3001/_next/static/chunks/_af79dd3a._.js:134:43)
    at Object.react_stack_bottom_frame (http://localhost:3001/_next/static/chunks/f12ff_next_dist_compiled_react-dom_7b2f6d3d._.js:14826:24)
    at renderWithHooks (http://localhost:3001/_next/static/chunks/f12ff_next_dist_compiled_react-dom_7b2f6d3d._.js:4651:24)
    at updateFunctionComponent (http://localhost:3001/_next/static/chunks/f12ff_next_dist_compiled_react-dom_7b2f6d3d._.js:6112:21)
    at beginWork (http://localhost:3001/_next/static/chunks/f12ff_next_dist_compiled_react-dom_7b2f6d3d._.js:6708:24)
    at runWithFiberInDEV (http://localhost:3001/_next/static/chunks/f12ff_next_dist_compiled_react-dom_7b2f6d3d._.js:965:74)
    at performUnitOfWork (http://localhost:3001/_next/static/chunks/f12ff_next_dist_compiled_react-dom_7b2f6d3d._.js:9562:97)
    at workLoopSync (http://localhost:3001/_next/static/chunks/f12ff_next_dist_compiled_react-dom_7b2f6d3d._.js:9456:40)
    at renderRootSync (http://localhost:3001/_next/static/chunks/f12ff_next_dist_compiled_react-dom_7b2f6d3d._.js:9440:13)
    at performWorkOnRoot (http://localhost:3001/_next/static/chunks/f12ff_next_dist_compiled_react-dom_7b2f6d3d._.js:9068:186)
    at performSyncWorkOnRoot (http://localhost:3001/_next/static/chunks/f12ff_next_dist_compiled_react-dom_7b2f6d3d._.js:10238:9)
    at flushSyncWorkAcrossRoots_impl (http://localhost:3001/_next/static/chunks/f12ff_next_dist_compiled_react-dom_7b2f6d3d._.js:10154:316)
    at processRootScheduleInMicrotask (http://localhost:3001/_next/static/chunks/f12ff_next_dist_compiled_react-dom_7b2f6d3d._.js:10175:106)
    at http://localhost:3001/_next/static/chunks/f12ff_next_dist_compiled_react-dom_7b2f6d3d._.js:10249:158 @ http://localhost:3001/_next/static/chunks/f12ff_next_dist_95687940._.js:3132
[  834978ms] [ERROR] IntlError: MISSING_MESSAGE: Cannot read properties of undefined (reading 'split')
    at getFallbackFromErrorAndNotify (http://localhost:3001/_next/static/chunks/node_modules__pnpm_a92eadf3._.js:7251:23)
    at translateBaseFn (http://localhost:3001/_next/static/chunks/node_modules__pnpm_a92eadf3._.js:7281:28)
    at translateFn (http://localhost:3001/_next/static/chunks/node_modules__pnpm_a92eadf3._.js:7343:24)
    at labelFor (http://localhost:3001/_next/static/chunks/_af79dd3a._.js:633:30)
    at http://localhost:3001/_next/static/chunks/_af79dd3a._.js:142:34
    at Array.map (<anonymous>)
    at RegionChoropleth (http://localhost:3001/_next/static/chunks/_af79dd3a._.js:134:43)
    at Object.react_stack_bottom_frame (http://localhost:3001/_next/static/chunks/f12ff_next_dist_compiled_react-dom_7b2f6d3d._.js:14826:24)
    at renderWithHooks (http://localhost:3001/_next/static/chunks/f12ff_next_dist_compiled_react-dom_7b2f6d3d._.js:4651:24)
    at updateFunctionComponent (http://localhost:3001/_next/static/chunks/f12ff_next_dist_compiled_react-dom_7b2f6d3d._.js:6112:21)
    at beginWork (http://localhost:3001/_next/static/chunks/f12ff_next_dist_compiled_react-dom_7b2f6d3d._.js:6708:24)
    at runWithFiberInDEV (http://localhost:3001/_next/static/chunks/f12ff_next_dist_compiled_react-dom_7b2f6d3d._.js:965:74)
    at performUnitOfWork (http://localhost:3001/_next/static/chunks/f12ff_next_dist_compiled_react-dom_7b2f6d3d._.js:9562:97)
    at workLoopSync (http://localhost:3001/_next/static/chunks/f12ff_next_dist_compiled_react-dom_7b2f6d3d._.js:9456:40)
    at renderRootSync (http://localhost:3001/_next/static/chunks/f12ff_next_dist_compiled_react-dom_7b2f6d3d._.js:9440:13)
    at performWorkOnRoot (http://localhost:3001/_next/static/chunks/f12ff_next_dist_compiled_react-dom_7b2f6d3d._.js:9068:186)
    at performSyncWorkOnRoot (http://localhost:3001/_next/static/chunks/f12ff_next_dist_compiled_react-dom_7b2f6d3d._.js:10238:9)
    at flushSyncWorkAcrossRoots_impl (http://localhost:3001/_next/static/chunks/f12ff_next_dist_compiled_react-dom_7b2f6d3d._.js:10154:316)
    at processRootScheduleInMicrotask (http://localhost:3001/_next/static/chunks/f12ff_next_dist_compiled_react-dom_7b2f6d3d._.js:10175:106)
    at http://localhost:3001/_next/static/chunks/f12ff_next_dist_compiled_react-dom_7b2f6d3d._.js:10249:158 @ http://localhost:3001/_next/static/chunks/f12ff_next_dist_95687940._.js:3132
[  834978ms] [ERROR] IntlError: MISSING_MESSAGE: Cannot read properties of undefined (reading 'split')
    at getFallbackFromErrorAndNotify (http://localhost:3001/_next/static/chunks/node_modules__pnpm_a92eadf3._.js:7251:23)
    at translateBaseFn (http://localhost:3001/_next/static/chunks/node_modules__pnpm_a92eadf3._.js:7281:28)
    at translateFn (http://localhost:3001/_next/static/chunks/node_modules__pnpm_a92eadf3._.js:7343:24)
    at labelFor (http://localhost:3001/_next/static/chunks/_af79dd3a._.js:633:30)
    at http://localhost:3001/_next/static/chunks/_af79dd3a._.js:142:34
    at Array.map (<anonymous>)
    at RegionChoropleth (http://localhost:3001/_next/static/chunks/_af79dd3a._.js:134:43)
    at Object.react_stack_bottom_frame (http://localhost:3001/_next/static/chunks/f12ff_next_dist_compiled_react-dom_7b2f6d3d._.js:14826:24)
    at renderWithHooks (http://localhost:3001/_next/static/chunks/f12ff_next_dist_compiled_react-dom_7b2f6d3d._.js:4651:24)
    at updateFunctionComponent (http://localhost:3001/_next/static/chunks/f12ff_next_dist_compiled_react-dom_7b2f6d3d._.js:6112:21)
    at beginWork (http://localhost:3001/_next/static/chunks/f12ff_next_dist_compiled_react-dom_7b2f6d3d._.js:6708:24)
    at runWithFiberInDEV (http://localhost:3001/_next/static/chunks/f12ff_next_dist_compiled_react-dom_7b2f6d3d._.js:965:74)
    at performUnitOfWork (http://localhost:3001/_next/static/chunks/f12ff_next_dist_compiled_react-dom_7b2f6d3d._.js:9562:97)
    at workLoopSync (http://localhost:3001/_next/static/chunks/f12ff_next_dist_compiled_react-dom_7b2f6d3d._.js:9456:40)
    at renderRootSync (http://localhost:3001/_next/static/chunks/f12ff_next_dist_compiled_react-dom_7b2f6d3d._.js:9440:13)
    at performWorkOnRoot (http://localhost:3001/_next/static/chunks/f12ff_next_dist_compiled_react-dom_7b2f6d3d._.js:9068:186)
    at performSyncWorkOnRoot (http://localhost:3001/_next/static/chunks/f12ff_next_dist_compiled_react-dom_7b2f6d3d._.js:10238:9)
    at flushSyncWorkAcrossRoots_impl (http://localhost:3001/_next/static/chunks/f12ff_next_dist_compiled_react-dom_7b2f6d3d._.js:10154:316)
    at processRootScheduleInMicrotask (http://localhost:3001/_next/static/chunks/f12ff_next_dist_compiled_react-dom_7b2f6d3d._.js:10175:106)
    at http://localhost:3001/_next/static/chunks/f12ff_next_dist_compiled_react-dom_7b2f6d3d._.js:10249:158 @ http://localhost:3001/_next/static/chunks/f12ff_next_dist_95687940._.js:3132
[  834979ms] [ERROR] IntlError: MISSING_MESSAGE: Cannot read properties of undefined (reading 'split')
    at getFallbackFromErrorAndNotify (http://localhost:3001/_next/static/chunks/node_modules__pnpm_a92eadf3._.js:7251:23)
    at translateBaseFn (http://localhost:3001/_next/static/chunks/node_modules__pnpm_a92eadf3._.js:7281:28)
    at translateFn (http://localhost:3001/_next/static/chunks/node_modules__pnpm_a92eadf3._.js:7343:24)
    at labelFor (http://localhost:3001/_next/static/chunks/_af79dd3a._.js:633:30)
    at http://localhost:3001/_next/static/chunks/_af79dd3a._.js:142:34
    at Array.map (<anonymous>)
    at RegionChoropleth (http://localhost:3001/_next/static/chunks/_af79dd3a._.js:134:43)
    at Object.react_stack_bottom_frame (http://localhost:3001/_next/static/chunks/f12ff_next_dist_compiled_react-dom_7b2f6d3d._.js:14826:24)
    at renderWithHooks (http://localhost:3001/_next/static/chunks/f12ff_next_dist_compiled_react-dom_7b2f6d3d._.js:4651:24)
    at updateFunctionComponent (http://localhost:3001/_next/static/chunks/f12ff_next_dist_compiled_react-dom_7b2f6d3d._.js:6112:21)
    at beginWork (http://localhost:3001/_next/static/chunks/f12ff_next_dist_compiled_react-dom_7b2f6d3d._.js:6708:24)
    at runWithFiberInDEV (http://localhost:3001/_next/static/chunks/f12ff_next_dist_compiled_react-dom_7b2f6d3d._.js:965:74)
    at performUnitOfWork (http://localhost:3001/_next/static/chunks/f12ff_next_dist_compiled_react-dom_7b2f6d3d._.js:9562:97)
    at workLoopSync (http://localhost:3001/_next/static/chunks/f12ff_next_dist_compiled_react-dom_7b2f6d3d._.js:9456:40)
    at renderRootSync (http://localhost:3001/_next/static/chunks/f12ff_next_dist_compiled_react-dom_7b2f6d3d._.js:9440:13)
    at performWorkOnRoot (http://localhost:3001/_next/static/chunks/f12ff_next_dist_compiled_react-dom_7b2f6d3d._.js:9068:186)
    at performSyncWorkOnRoot (http://localhost:3001/_next/static/chunks/f12ff_next_dist_compiled_react-dom_7b2f6d3d._.js:10238:9)
    at flushSyncWorkAcrossRoots_impl (http://localhost:3001/_next/static/chunks/f12ff_next_dist_compiled_react-dom_7b2f6d3d._.js:10154:316)
    at processRootScheduleInMicrotask (http://localhost:3001/_next/static/chunks/f12ff_next_dist_compiled_react-dom_7b2f6d3d._.js:10175:106)
    at http://localhost:3001/_next/static/chunks/f12ff_next_dist_compiled_react-dom_7b2f6d3d._.js:10249:158 @ http://localhost:3001/_next/static/chunks/f12ff_next_dist_95687940._.js:3132
[  834979ms] [ERROR] IntlError: MISSING_MESSAGE: Cannot read properties of undefined (reading 'split')
    at getFallbackFromErrorAndNotify (http://localhost:3001/_next/static/chunks/node_modules__pnpm_a92eadf3._.js:7251:23)
    at translateBaseFn (http://localhost:3001/_next/static/chunks/node_modules__pnpm_a92eadf3._.js:7281:28)
    at translateFn (http://localhost:3001/_next/static/chunks/node_modules__pnpm_a92eadf3._.js:7343:24)
    at labelFor (http://localhost:3001/_next/static/chunks/_af79dd3a._.js:633:30)
    at http://localhost:3001/_next/static/chunks/_af79dd3a._.js:142:34
    at Array.map (<anonymous>)
    at RegionChoropleth (http://localhost:3001/_next/static/chunks/_af79dd3a._.js:134:43)
    at Object.react_stack_bottom_frame (http://localhost:3001/_next/static/chunks/f12ff_next_dist_compiled_react-dom_7b2f6d3d._.js:14826:24)
    at renderWithHooksAgain (http://localhost:3001/_next/static/chunks/f12ff_next_dist_compiled_react-dom_7b2f6d3d._.js:4706:24)
    at renderWithHooks (http://localhost:3001/_next/static/chunks/f12ff_next_dist_compiled_react-dom_7b2f6d3d._.js:4657:28)
    at updateFunctionComponent (http://localhost:3001/_next/static/chunks/f12ff_next_dist_compiled_react-dom_7b2f6d3d._.js:6112:21)
    at beginWork (http://localhost:3001/_next/static/chunks/f12ff_next_dist_compiled_react-dom_7b2f6d3d._.js:6708:24)
    at runWithFiberInDEV (http://localhost:3001/_next/static/chunks/f12ff_next_dist_compiled_react-dom_7b2f6d3d._.js:965:74)
    at performUnitOfWork (http://localhost:3001/_next/static/chunks/f12ff_next_dist_compiled_react-dom_7b2f6d3d._.js:9562:97)
    at workLoopSync (http://localhost:3001/_next/static/chunks/f12ff_next_dist_compiled_react-dom_7b2f6d3d._.js:9456:40)
    at renderRootSync (http://localhost:3001/_next/static/chunks/f12ff_next_dist_compiled_react-dom_7b2f6d3d._.js:9440:13)
    at performWorkOnRoot (http://localhost:3001/_next/static/chunks/f12ff_next_dist_compiled_react-dom_7b2f6d3d._.js:9068:186)
    at performSyncWorkOnRoot (http://localhost:3001/_next/static/chunks/f12ff_next_dist_compiled_react-dom_7b2f6d3d._.js:10238:9)
    at flushSyncWorkAcrossRoots_impl (http://localhost:3001/_next/static/chunks/f12ff_next_dist_compiled_react-dom_7b2f6d3d._.js:10154:316)
    at processRootScheduleInMicrotask (http://localhost:3001/_next/static/chunks/f12ff_next_dist_compiled_react-dom_7b2f6d3d._.js:10175:106)
    at http://localhost:3001/_next/static/chunks/f12ff_next_dist_compiled_react-dom_7b2f6d3d._.js:10249:158 @ http://localhost:3001/_next/static/chunks/f12ff_next_dist_95687940._.js:3132
[  834979ms] [ERROR] IntlError: MISSING_MESSAGE: Cannot read properties of undefined (reading 'split')
    at getFallbackFromErrorAndNotify (http://localhost:3001/_next/static/chunks/node_modules__pnpm_a92eadf3._.js:7251:23)
    at translateBaseFn (http://localhost:3001/_next/static/chunks/node_modules__pnpm_a92eadf3._.js:7281:28)
    at translateFn (http://localhost:3001/_next/static/chunks/node_modules__pnpm_a92eadf3._.js:7343:24)
    at labelFor (http://localhost:3001/_next/static/chunks/_af79dd3a._.js:633:30)
    at http://localhost:3001/_next/static/chunks/_af79dd3a._.js:142:34
    at Array.map (<anonymous>)
    at RegionChoropleth (http://localhost:3001/_next/static/chunks/_af79dd3a._.js:134:43)
    at Object.react_stack_bottom_frame (http://localhost:3001/_next/static/chunks/f12ff_next_dist_compiled_react-dom_7b2f6d3d._.js:14826:24)
    at renderWithHooksAgain (http://localhost:3001/_next/static/chunks/f12ff_next_dist_compiled_react-dom_7b2f6d3d._.js:4706:24)
    at renderWithHooks (http://localhost:3001/_next/static/chunks/f12ff_next_dist_compiled_react-dom_7b2f6d3d._.js:4657:28)
    at updateFunctionComponent (http://localhost:3001/_next/static/chunks/f12ff_next_dist_compiled_react-dom_7b2f6d3d._.js:6112:21)
    at beginWork (http://localhost:3001/_next/static/chunks/f12ff_next_dist_compiled_react-dom_7b2f6d3d._.js:6708:24)
    at runWithFiberInDEV (http://localhost:3001/_next/static/chunks/f12ff_next_dist_compiled_react-dom_7b2f6d3d._.js:965:74)
    at performUnitOfWork (http://localhost:3001/_next/static/chunks/f12ff_next_dist_compiled_react-dom_7b2f6d3d._.js:9562:97)
    at workLoopSync (http://localhost:3001/_next/static/chunks/f12ff_next_dist_compiled_react-dom_7b2f6d3d._.js:9456:40)
    at renderRootSync (http://localhost:3001/_next/static/chunks/f12ff_next_dist_compiled_react-dom_7b2f6d3d._.js:9440:13)
    at performWorkOnRoot (http://localhost:3001/_next/static/chunks/f12ff_next_dist_compiled_react-dom_7b2f6d3d._.js:9068:186)
    at performSyncWorkOnRoot (http://localhost:3001/_next/static/chunks/f12ff_next_dist_compiled_react-dom_7b2f6d3d._.js:10238:9)
    at flushSyncWorkAcrossRoots_impl (http://localhost:3001/_next/static/chunks/f12ff_next_dist_compiled_react-dom_7b2f6d3d._.js:10154:316)
    at processRootScheduleInMicrotask (http://localhost:3001/_next/static/chunks/f12ff_next_dist_compiled_react-dom_7b2f6d3d._.js:10175:106)
    at http://localhost:3001/_next/static/chunks/f12ff_next_dist_compiled_react-dom_7b2f6d3d._.js:10249:158 @ http://localhost:3001/_next/static/chunks/f12ff_next_dist_95687940._.js:3132
[  834979ms] [ERROR] IntlError: MISSING_MESSAGE: Cannot read properties of undefined (reading 'split')
    at getFallbackFromErrorAndNotify (http://localhost:3001/_next/static/chunks/node_modules__pnpm_a92eadf3._.js:7251:23)
    at translateBaseFn (http://localhost:3001/_next/static/chunks/node_modules__pnpm_a92eadf3._.js:7281:28)
    at translateFn (http://localhost:3001/_next/static/chunks/node_modules__pnpm_a92eadf3._.js:7343:24)
    at labelFor (http://localhost:3001/_next/static/chunks/_af79dd3a._.js:633:30)
    at http://localhost:3001/_next/static/chunks/_af79dd3a._.js:142:34
    at Array.map (<anonymous>)
    at RegionChoropleth (http://localhost:3001/_next/static/chunks/_af79dd3a._.js:134:43)
    at Object.react_stack_bottom_frame (http://localhost:3001/_next/static/chunks/f12ff_next_dist_compiled_react-dom_7b2f6d3d._.js:14826:24)
    at renderWithHooksAgain (http://localhost:3001/_next/static/chunks/f12ff_next_dist_compiled_react-dom_7b2f6d3d._.js:4706:24)
    at renderWithHooks (http://localhost:3001/_next/static/chunks/f12ff_next_dist_compiled_react-dom_7b2f6d3d._.js:4657:28)
    at updateFunctionComponent (http://localhost:3001/_next/static/chunks/f12ff_next_dist_compiled_react-dom_7b2f6d3d._.js:6112:21)
    at beginWork (http://localhost:3001/_next/static/chunks/f12ff_next_dist_compiled_react-dom_7b2f6d3d._.js:6708:24)
    at runWithFiberInDEV (http://localhost:3001/_next/static/chunks/f12ff_next_dist_compiled_react-dom_7b2f6d3d._.js:965:74)
    at performUnitOfWork (http://localhost:3001/_next/static/chunks/f12ff_next_dist_compiled_react-dom_7b2f6d3d._.js:9562:97)
    at workLoopSync (http://localhost:3001/_next/static/chunks/f12ff_next_dist_compiled_react-dom_7b2f6d3d._.js:9456:40)
    at renderRootSync (http://localhost:3001/_next/static/chunks/f12ff_next_dist_compiled_react-dom_7b2f6d3d._.js:9440:13)
    at performWorkOnRoot (http://localhost:3001/_next/static/chunks/f12ff_next_dist_compiled_react-dom_7b2f6d3d._.js:9068:186)
    at performSyncWorkOnRoot (http://localhost:3001/_next/static/chunks/f12ff_next_dist_compiled_react-dom_7b2f6d3d._.js:10238:9)
    at flushSyncWorkAcrossRoots_impl (http://localhost:3001/_next/static/chunks/f12ff_next_dist_compiled_react-dom_7b2f6d3d._.js:10154:316)
    at processRootScheduleInMicrotask (http://localhost:3001/_next/static/chunks/f12ff_next_dist_compiled_react-dom_7b2f6d3d._.js:10175:106)
    at http://localhost:3001/_next/static/chunks/f12ff_next_dist_compiled_react-dom_7b2f6d3d._.js:10249:158 @ http://localhost:3001/_next/static/chunks/f12ff_next_dist_95687940._.js:3132
[  834979ms] [ERROR] IntlError: MISSING_MESSAGE: Cannot read properties of undefined (reading 'split')
    at getFallbackFromErrorAndNotify (http://localhost:3001/_next/static/chunks/node_modules__pnpm_a92eadf3._.js:7251:23)
    at translateBaseFn (http://localhost:3001/_next/static/chunks/node_modules__pnpm_a92eadf3._.js:7281:28)
    at translateFn (http://localhost:3001/_next/static/chunks/node_modules__pnpm_a92eadf3._.js:7343:24)
    at labelFor (http://localhost:3001/_next/static/chunks/_af79dd3a._.js:633:30)
    at http://localhost:3001/_next/static/chunks/_af79dd3a._.js:142:34
    at Array.map (<anonymous>)
    at RegionChoropleth (http://localhost:3001/_next/static/chunks/_af79dd3a._.js:134:43)
    at Object.react_stack_bottom_frame (http://localhost:3001/_next/static/chunks/f12ff_next_dist_compiled_react-dom_7b2f6d3d._.js:14826:24)
    at renderWithHooksAgain (http://localhost:3001/_next/static/chunks/f12ff_next_dist_compiled_react-dom_7b2f6d3d._.js:4706:24)
    at renderWithHooks (http://localhost:3001/_next/static/chunks/f12ff_next_dist_compiled_react-dom_7b2f6d3d._.js:4657:28)
    at updateFunctionComponent (http://localhost:3001/_next/static/chunks/f12ff_next_dist_compiled_react-dom_7b2f6d3d._.js:6112:21)
    at beginWork (http://localhost:3001/_next/static/chunks/f12ff_next_dist_compiled_react-dom_7b2f6d3d._.js:6708:24)
    at runWithFiberInDEV (http://localhost:3001/_next/static/chunks/f12ff_next_dist_compiled_react-dom_7b2f6d3d._.js:965:74)
    at performUnitOfWork (http://localhost:3001/_next/static/chunks/f12ff_next_dist_compiled_react-dom_7b2f6d3d._.js:9562:97)
    at workLoopSync (http://localhost:3001/_next/static/chunks/f12ff_next_dist_compiled_react-dom_7b2f6d3d._.js:9456:40)
    at renderRootSync (http://localhost:3001/_next/static/chunks/f12ff_next_dist_compiled_react-dom_7b2f6d3d._.js:9440:13)
    at performWorkOnRoot (http://localhost:3001/_next/static/chunks/f12ff_next_dist_compiled_react-dom_7b2f6d3d._.js:9068:186)
    at performSyncWorkOnRoot (http://localhost:3001/_next/static/chunks/f12ff_next_dist_compiled_react-dom_7b2f6d3d._.js:10238:9)
    at flushSyncWorkAcrossRoots_impl (http://localhost:3001/_next/static/chunks/f12ff_next_dist_compiled_react-dom_7b2f6d3d._.js:10154:316)
    at processRootScheduleInMicrotask (http://localhost:3001/_next/static/chunks/f12ff_next_dist_compiled_react-dom_7b2f6d3d._.js:10175:106)
    at http://localhost:3001/_next/static/chunks/f12ff_next_dist_compiled_react-dom_7b2f6d3d._.js:10249:158 @ http://localhost:3001/_next/static/chunks/f12ff_next_dist_95687940._.js:3132
[  834979ms] [ERROR] IntlError: MISSING_MESSAGE: Cannot read properties of undefined (reading 'split')
    at getFallbackFromErrorAndNotify (http://localhost:3001/_next/static/chunks/node_modules__pnpm_a92eadf3._.js:7251:23)
    at translateBaseFn (http://localhost:3001/_next/static/chunks/node_modules__pnpm_a92eadf3._.js:7281:28)
    at translateFn (http://localhost:3001/_next/static/chunks/node_modules__pnpm_a92eadf3._.js:7343:24)
    at labelFor (http://localhost:3001/_next/static/chunks/_af79dd3a._.js:633:30)
    at http://localhost:3001/_next/static/chunks/_af79dd3a._.js:142:34
    at Array.map (<anonymous>)
    at RegionChoropleth (http://localhost:3001/_next/static/chunks/_af79dd3a._.js:134:43)
    at Object.react_stack_bottom_frame (http://localhost:3001/_next/static/chunks/f12ff_next_dist_compiled_react-dom_7b2f6d3d._.js:14826:24)
    at renderWithHooksAgain (http://localhost:3001/_next/static/chunks/f12ff_next_dist_compiled_react-dom_7b2f6d3d._.js:4706:24)
    at renderWithHooks (http://localhost:3001/_next/static/chunks/f12ff_next_dist_compiled_react-dom_7b2f6d3d._.js:4657:28)
    at updateFunctionComponent (http://localhost:3001/_next/static/chunks/f12ff_next_dist_compiled_react-dom_7b2f6d3d._.js:6112:21)
    at beginWork (http://localhost:3001/_next/static/chunks/f12ff_next_dist_compiled_react-dom_7b2f6d3d._.js:6708:24)
    at runWithFiberInDEV (http://localhost:3001/_next/static/chunks/f12ff_next_dist_compiled_react-dom_7b2f6d3d._.js:965:74)
    at performUnitOfWork (http://localhost:3001/_next/static/chunks/f12ff_next_dist_compiled_react-dom_7b2f6d3d._.js:9562:97)
    at workLoopSync (http://localhost:3001/_next/static/chunks/f12ff_next_dist_compiled_react-dom_7b2f6d3d._.js:9456:40)
    at renderRootSync (http://localhost:3001/_next/static/chunks/f12ff_next_dist_compiled_react-dom_7b2f6d3d._.js:9440:13)
    at performWorkOnRoot (http://localhost:3001/_next/static/chunks/f12ff_next_dist_compiled_react-dom_7b2f6d3d._.js:9068:186)
    at performSyncWorkOnRoot (http://localhost:3001/_next/static/chunks/f12ff_next_dist_compiled_react-dom_7b2f6d3d._.js:10238:9)
    at flushSyncWorkAcrossRoots_impl (http://localhost:3001/_next/static/chunks/f12ff_next_dist_compiled_react-dom_7b2f6d3d._.js:10154:316)
    at processRootScheduleInMicrotask (http://localhost:3001/_next/static/chunks/f12ff_next_dist_compiled_react-dom_7b2f6d3d._.js:10175:106)
    at http://localhost:3001/_next/static/chunks/f12ff_next_dist_compiled_react-dom_7b2f6d3d._.js:10249:158 @ http://localhost:3001/_next/static/chunks/f12ff_next_dist_95687940._.js:3132
[  834979ms] [ERROR] IntlError: MISSING_MESSAGE: Cannot read properties of undefined (reading 'split')
    at getFallbackFromErrorAndNotify (http://localhost:3001/_next/static/chunks/node_modules__pnpm_a92eadf3._.js:7251:23)
    at translateBaseFn (http://localhost:3001/_next/static/chunks/node_modules__pnpm_a92eadf3._.js:7281:28)
    at translateFn (http://localhost:3001/_next/static/chunks/node_modules__pnpm_a92eadf3._.js:7343:24)
    at labelFor (http://localhost:3001/_next/static/chunks/_af79dd3a._.js:633:30)
    at http://localhost:3001/_next/static/chunks/_af79dd3a._.js:142:34
    at Array.map (<anonymous>)
    at RegionChoropleth (http://localhost:3001/_next/static/chunks/_af79dd3a._.js:134:43)
    at Object.react_stack_bottom_frame (http://localhost:3001/_next/static/chunks/f12ff_next_dist_compiled_react-dom_7b2f6d3d._.js:14826:24)
    at renderWithHooksAgain (http://localhost:3001/_next/static/chunks/f12ff_next_dist_compiled_react-dom_7b2f6d3d._.js:4706:24)
    at renderWithHooks (http://localhost:3001/_next/static/chunks/f12ff_next_dist_compiled_react-dom_7b2f6d3d._.js:4657:28)
    at updateFunctionComponent (http://localhost:3001/_next/static/chunks/f12ff_next_dist_compiled_react-dom_7b2f6d3d._.js:6112:21)
    at beginWork (http://localhost:3001/_next/static/chunks/f12ff_next_dist_compiled_react-dom_7b2f6d3d._.js:6708:24)
    at runWithFiberInDEV (http://localhost:3001/_next/static/chunks/f12ff_next_dist_compiled_react-dom_7b2f6d3d._.js:965:74)
    at performUnitOfWork (http://localhost:3001/_next/static/chunks/f12ff_next_dist_compiled_react-dom_7b2f6d3d._.js:9562:97)
    at workLoopSync (http://localhost:3001/_next/static/chunks/f12ff_next_dist_compiled_react-dom_7b2f6d3d._.js:9456:40)
    at renderRootSync (http://localhost:3001/_next/static/chunks/f12ff_next_dist_compiled_react-dom_7b2f6d3d._.js:9440:13)
    at performWorkOnRoot (http://localhost:3001/_next/static/chunks/f12ff_next_dist_compiled_react-dom_7b2f6d3d._.js:9068:186)
    at performSyncWorkOnRoot (http://localhost:3001/_next/static/chunks/f12ff_next_dist_compiled_react-dom_7b2f6d3d._.js:10238:9)
    at flushSyncWorkAcrossRoots_impl (http://localhost:3001/_next/static/chunks/f12ff_next_dist_compiled_react-dom_7b2f6d3d._.js:10154:316)
    at processRootScheduleInMicrotask (http://localhost:3001/_next/static/chunks/f12ff_next_dist_compiled_react-dom_7b2f6d3d._.js:10175:106)
    at http://localhost:3001/_next/static/chunks/f12ff_next_dist_compiled_react-dom_7b2f6d3d._.js:10249:158 @ http://localhost:3001/_next/static/chunks/f12ff_next_dist_95687940._.js:3132
[  834980ms] [ERROR] IntlError: MISSING_MESSAGE: Cannot read properties of undefined (reading 'split')
    at getFallbackFromErrorAndNotify (http://localhost:3001/_next/static/chunks/node_modules__pnpm_a92eadf3._.js:7251:23)
    at translateBaseFn (http://localhost:3001/_next/static/chunks/node_modules__pnpm_a92eadf3._.js:7281:28)
    at translateFn (http://localhost:3001/_next/static/chunks/node_modules__pnpm_a92eadf3._.js:7343:24)
    at labelFor (http://localhost:3001/_next/static/chunks/_af79dd3a._.js:633:30)
    at http://localhost:3001/_next/static/chunks/_af79dd3a._.js:142:34
    at Array.map (<anonymous>)
    at RegionChoropleth (http://localhost:3001/_next/static/chunks/_af79dd3a._.js:134:43)
    at Object.react_stack_bottom_frame (http://localhost:3001/_next/static/chunks/f12ff_next_dist_compiled_react-dom_7b2f6d3d._.js:14826:24)
    at renderWithHooksAgain (http://localhost:3001/_next/static/chunks/f12ff_next_dist_compiled_react-dom_7b2f6d3d._.js:4706:24)
    at renderWithHooks (http://localhost:3001/_next/static/chunks/f12ff_next_dist_compiled_react-dom_7b2f6d3d._.js:4657:28)
    at updateFunctionComponent (http://localhost:3001/_next/static/chunks/f12ff_next_dist_compiled_react-dom_7b2f6d3d._.js:6112:21)
    at beginWork (http://localhost:3001/_next/static/chunks/f12ff_next_dist_compiled_react-dom_7b2f6d3d._.js:6708:24)
    at runWithFiberInDEV (http://localhost:3001/_next/static/chunks/f12ff_next_dist_compiled_react-dom_7b2f6d3d._.js:965:74)
    at performUnitOfWork (http://localhost:3001/_next/static/chunks/f12ff_next_dist_compiled_react-dom_7b2f6d3d._.js:9562:97)
    at workLoopSync (http://localhost:3001/_next/static/chunks/f12ff_next_dist_compiled_react-dom_7b2f6d3d._.js:9456:40)
    at renderRootSync (http://localhost:3001/_next/static/chunks/f12ff_next_dist_compiled_react-dom_7b2f6d3d._.js:9440:13)
    at performWorkOnRoot (http://localhost:3001/_next/static/chunks/f12ff_next_dist_compiled_react-dom_7b2f6d3d._.js:9068:186)
    at performSyncWorkOnRoot (http://localhost:3001/_next/static/chunks/f12ff_next_dist_compiled_react-dom_7b2f6d3d._.js:10238:9)
    at flushSyncWorkAcrossRoots_impl (http://localhost:3001/_next/static/chunks/f12ff_next_dist_compiled_react-dom_7b2f6d3d._.js:10154:316)
    at processRootScheduleInMicrotask (http://localhost:3001/_next/static/chunks/f12ff_next_dist_compiled_react-dom_7b2f6d3d._.js:10175:106)
    at http://localhost:3001/_next/static/chunks/f12ff_next_dist_compiled_react-dom_7b2f6d3d._.js:10249:158 @ http://localhost:3001/_next/static/chunks/f12ff_next_dist_95687940._.js:3132
[  835323ms] [ERROR] IntlError: MISSING_MESSAGE: Cannot read properties of undefined (reading 'split')
    at getFallbackFromErrorAndNotify (http://localhost:3001/_next/static/chunks/node_modules__pnpm_a92eadf3._.js:7251:23)
    at translateBaseFn (http://localhost:3001/_next/static/chunks/node_modules__pnpm_a92eadf3._.js:7281:28)
    at translateFn (http://localhost:3001/_next/static/chunks/node_modules__pnpm_a92eadf3._.js:7343:24)
    at labelFor (http://localhost:3001/_next/static/chunks/_af79dd3a._.js:633:30)
    at http://localhost:3001/_next/static/chunks/_af79dd3a._.js:142:34
    at Array.map (<anonymous>)
    at RegionChoropleth (http://localhost:3001/_next/static/chunks/_af79dd3a._.js:134:43)
    at Object.react_stack_bottom_frame (http://localhost:3001/_next/static/chunks/f12ff_next_dist_compiled_react-dom_7b2f6d3d._.js:14826:24)
    at renderWithHooks (http://localhost:3001/_next/static/chunks/f12ff_next_dist_compiled_react-dom_7b2f6d3d._.js:4651:24)
    at updateFunctionComponent (http://localhost:3001/_next/static/chunks/f12ff_next_dist_compiled_react-dom_7b2f6d3d._.js:6112:21)
    at beginWork (http://localhost:3001/_next/static/chunks/f12ff_next_dist_compiled_react-dom_7b2f6d3d._.js:6708:24)
    at runWithFiberInDEV (http://localhost:3001/_next/static/chunks/f12ff_next_dist_compiled_react-dom_7b2f6d3d._.js:965:74)
    at performUnitOfWork (http://localhost:3001/_next/static/chunks/f12ff_next_dist_compiled_react-dom_7b2f6d3d._.js:9562:97)
    at workLoopSync (http://localhost:3001/_next/static/chunks/f12ff_next_dist_compiled_react-dom_7b2f6d3d._.js:9456:40)
    at renderRootSync (http://localhost:3001/_next/static/chunks/f12ff_next_dist_compiled_react-dom_7b2f6d3d._.js:9440:13)
    at performWorkOnRoot (http://localhost:3001/_next/static/chunks/f12ff_next_dist_compiled_react-dom_7b2f6d3d._.js:9068:186)
    at performWorkOnRootViaSchedulerTask (http://localhost:3001/_next/static/chunks/f12ff_next_dist_compiled_react-dom_7b2f6d3d._.js:10230:9)
    at MessagePort.performWorkUntilDeadline (http://localhost:3001/_next/static/chunks/f12ff_next_dist_compiled_cd863794._.js:2647:64) @ http://localhost:3001/_next/static/chunks/f12ff_next_dist_95687940._.js:3132
[  835323ms] [ERROR] IntlError: MISSING_MESSAGE: Cannot read properties of undefined (reading 'split')
    at getFallbackFromErrorAndNotify (http://localhost:3001/_next/static/chunks/node_modules__pnpm_a92eadf3._.js:7251:23)
    at translateBaseFn (http://localhost:3001/_next/static/chunks/node_modules__pnpm_a92eadf3._.js:7281:28)
    at translateFn (http://localhost:3001/_next/static/chunks/node_modules__pnpm_a92eadf3._.js:7343:24)
    at labelFor (http://localhost:3001/_next/static/chunks/_af79dd3a._.js:633:30)
    at http://localhost:3001/_next/static/chunks/_af79dd3a._.js:142:34
    at Array.map (<anonymous>)
    at RegionChoropleth (http://localhost:3001/_next/static/chunks/_af79dd3a._.js:134:43)
    at Object.react_stack_bottom_frame (http://localhost:3001/_next/static/chunks/f12ff_next_dist_compiled_react-dom_7b2f6d3d._.js:14826:24)
    at renderWithHooks (http://localhost:3001/_next/static/chunks/f12ff_next_dist_compiled_react-dom_7b2f6d3d._.js:4651:24)
    at updateFunctionComponent (http://localhost:3001/_next/static/chunks/f12ff_next_dist_compiled_react-dom_7b2f6d3d._.js:6112:21)
    at beginWork (http://localhost:3001/_next/static/chunks/f12ff_next_dist_compiled_react-dom_7b2f6d3d._.js:6708:24)
    at runWithFiberInDEV (http://localhost:3001/_next/static/chunks/f12ff_next_dist_compiled_react-dom_7b2f6d3d._.js:965:74)
    at performUnitOfWork (http://localhost:3001/_next/static/chunks/f12ff_next_dist_compiled_react-dom_7b2f6d3d._.js:9562:97)
    at workLoopSync (http://localhost:3001/_next/static/chunks/f12ff_next_dist_compiled_react-dom_7b2f6d3d._.js:9456:40)
    at renderRootSync (http://localhost:3001/_next/static/chunks/f12ff_next_dist_compiled_react-dom_7b2f6d3d._.js:9440:13)
    at performWorkOnRoot (http://localhost:3001/_next/static/chunks/f12ff_next_dist_compiled_react-dom_7b2f6d3d._.js:9068:186)
    at performWorkOnRootViaSchedulerTask (http://localhost:3001/_next/static/chunks/f12ff_next_dist_compiled_react-dom_7b2f6d3d._.js:10230:9)
    at MessagePort.performWorkUntilDeadline (http://localhost:3001/_next/static/chunks/f12ff_next_dist_compiled_cd863794._.js:2647:64) @ http://localhost:3001/_next/static/chunks/f12ff_next_dist_95687940._.js:3132
[  835324ms] [ERROR] IntlError: MISSING_MESSAGE: Cannot read properties of undefined (reading 'split')
    at getFallbackFromErrorAndNotify (http://localhost:3001/_next/static/chunks/node_modules__pnpm_a92eadf3._.js:7251:23)
    at translateBaseFn (http://localhost:3001/_next/static/chunks/node_modules__pnpm_a92eadf3._.js:7281:28)
    at translateFn (http://localhost:3001/_next/static/chunks/node_modules__pnpm_a92eadf3._.js:7343:24)
    at labelFor (http://localhost:3001/_next/static/chunks/_af79dd3a._.js:633:30)
    at http://localhost:3001/_next/static/chunks/_af79dd3a._.js:142:34
    at Array.map (<anonymous>)
    at RegionChoropleth (http://localhost:3001/_next/static/chunks/_af79dd3a._.js:134:43)
    at Object.react_stack_bottom_frame (http://localhost:3001/_next/static/chunks/f12ff_next_dist_compiled_react-dom_7b2f6d3d._.js:14826:24)
    at renderWithHooks (http://localhost:3001/_next/static/chunks/f12ff_next_dist_compiled_react-dom_7b2f6d3d._.js:4651:24)
    at updateFunctionComponent (http://localhost:3001/_next/static/chunks/f12ff_next_dist_compiled_react-dom_7b2f6d3d._.js:6112:21)
    at beginWork (http://localhost:3001/_next/static/chunks/f12ff_next_dist_compiled_react-dom_7b2f6d3d._.js:6708:24)
    at runWithFiberInDEV (http://localhost:3001/_next/static/chunks/f12ff_next_dist_compiled_react-dom_7b2f6d3d._.js:965:74)
    at performUnitOfWork (http://localhost:3001/_next/static/chunks/f12ff_next_dist_compiled_react-dom_7b2f6d3d._.js:9562:97)
    at workLoopSync (http://localhost:3001/_next/static/chunks/f12ff_next_dist_compiled_react-dom_7b2f6d3d._.js:9456:40)
    at renderRootSync (http://localhost:3001/_next/static/chunks/f12ff_next_dist_compiled_react-dom_7b2f6d3d._.js:9440:13)
    at performWorkOnRoot (http://localhost:3001/_next/static/chunks/f12ff_next_dist_compiled_react-dom_7b2f6d3d._.js:9068:186)
    at performWorkOnRootViaSchedulerTask (http://localhost:3001/_next/static/chunks/f12ff_next_dist_compiled_react-dom_7b2f6d3d._.js:10230:9)
    at MessagePort.performWorkUntilDeadline (http://localhost:3001/_next/static/chunks/f12ff_next_dist_compiled_cd863794._.js:2647:64) @ http://localhost:3001/_next/static/chunks/f12ff_next_dist_95687940._.js:3132
[  835324ms] [ERROR] IntlError: MISSING_MESSAGE: Cannot read properties of undefined (reading 'split')
    at getFallbackFromErrorAndNotify (http://localhost:3001/_next/static/chunks/node_modules__pnpm_a92eadf3._.js:7251:23)
    at translateBaseFn (http://localhost:3001/_next/static/chunks/node_modules__pnpm_a92eadf3._.js:7281:28)
    at translateFn (http://localhost:3001/_next/static/chunks/node_modules__pnpm_a92eadf3._.js:7343:24)
    at labelFor (http://localhost:3001/_next/static/chunks/_af79dd3a._.js:633:30)
    at http://localhost:3001/_next/static/chunks/_af79dd3a._.js:142:34
    at Array.map (<anonymous>)
    at RegionChoropleth (http://localhost:3001/_next/static/chunks/_af79dd3a._.js:134:43)
    at Object.react_stack_bottom_frame (http://localhost:3001/_next/static/chunks/f12ff_next_dist_compiled_react-dom_7b2f6d3d._.js:14826:24)
    at renderWithHooks (http://localhost:3001/_next/static/chunks/f12ff_next_dist_compiled_react-dom_7b2f6d3d._.js:4651:24)
    at updateFunctionComponent (http://localhost:3001/_next/static/chunks/f12ff_next_dist_compiled_react-dom_7b2f6d3d._.js:6112:21)
    at beginWork (http://localhost:3001/_next/static/chunks/f12ff_next_dist_compiled_react-dom_7b2f6d3d._.js:6708:24)
    at runWithFiberInDEV (http://localhost:3001/_next/static/chunks/f12ff_next_dist_compiled_react-dom_7b2f6d3d._.js:965:74)
    at performUnitOfWork (http://localhost:3001/_next/static/chunks/f12ff_next_dist_compiled_react-dom_7b2f6d3d._.js:9562:97)
    at workLoopSync (http://localhost:3001/_next/static/chunks/f12ff_next_dist_compiled_react-dom_7b2f6d3d._.js:9456:40)
    at renderRootSync (http://localhost:3001/_next/static/chunks/f12ff_next_dist_compiled_react-dom_7b2f6d3d._.js:9440:13)
    at performWorkOnRoot (http://localhost:3001/_next/static/chunks/f12ff_next_dist_compiled_react-dom_7b2f6d3d._.js:9068:186)
    at performWorkOnRootViaSchedulerTask (http://localhost:3001/_next/static/chunks/f12ff_next_dist_compiled_react-dom_7b2f6d3d._.js:10230:9)
    at MessagePort.performWorkUntilDeadline (http://localhost:3001/_next/static/chunks/f12ff_next_dist_compiled_cd863794._.js:2647:64) @ http://localhost:3001/_next/static/chunks/f12ff_next_dist_95687940._.js:3132
[  835324ms] [ERROR] IntlError: MISSING_MESSAGE: Cannot read properties of undefined (reading 'split')
    at getFallbackFromErrorAndNotify (http://localhost:3001/_next/static/chunks/node_modules__pnpm_a92eadf3._.js:7251:23)
    at translateBaseFn (http://localhost:3001/_next/static/chunks/node_modules__pnpm_a92eadf3._.js:7281:28)
    at translateFn (http://localhost:3001/_next/static/chunks/node_modules__pnpm_a92eadf3._.js:7343:24)
    at labelFor (http://localhost:3001/_next/static/chunks/_af79dd3a._.js:633:30)
    at http://localhost:3001/_next/static/chunks/_af79dd3a._.js:142:34
    at Array.map (<anonymous>)
    at RegionChoropleth (http://localhost:3001/_next/static/chunks/_af79dd3a._.js:134:43)
    at Object.react_stack_bottom_frame (http://localhost:3001/_next/static/chunks/f12ff_next_dist_compiled_react-dom_7b2f6d3d._.js:14826:24)
    at renderWithHooks (http://localhost:3001/_next/static/chunks/f12ff_next_dist_compiled_react-dom_7b2f6d3d._.js:4651:24)
    at updateFunctionComponent (http://localhost:3001/_next/static/chunks/f12ff_next_dist_compiled_react-dom_7b2f6d3d._.js:6112:21)
    at beginWork (http://localhost:3001/_next/static/chunks/f12ff_next_dist_compiled_react-dom_7b2f6d3d._.js:6708:24)
    at runWithFiberInDEV (http://localhost:3001/_next/static/chunks/f12ff_next_dist_compiled_react-dom_7b2f6d3d._.js:965:74)
    at performUnitOfWork (http://localhost:3001/_next/static/chunks/f12ff_next_dist_compiled_react-dom_7b2f6d3d._.js:9562:97)
    at workLoopSync (http://localhost:3001/_next/static/chunks/f12ff_next_dist_compiled_react-dom_7b2f6d3d._.js:9456:40)
    at renderRootSync (http://localhost:3001/_next/static/chunks/f12ff_next_dist_compiled_react-dom_7b2f6d3d._.js:9440:13)
    at performWorkOnRoot (http://localhost:3001/_next/static/chunks/f12ff_next_dist_compiled_react-dom_7b2f6d3d._.js:9068:186)
    at performWorkOnRootViaSchedulerTask (http://localhost:3001/_next/static/chunks/f12ff_next_dist_compiled_react-dom_7b2f6d3d._.js:10230:9)
    at MessagePort.performWorkUntilDeadline (http://localhost:3001/_next/static/chunks/f12ff_next_dist_compiled_cd863794._.js:2647:64) @ http://localhost:3001/_next/static/chunks/f12ff_next_dist_95687940._.js:3132
[  835324ms] [ERROR] IntlError: MISSING_MESSAGE: Cannot read properties of undefined (reading 'split')
    at getFallbackFromErrorAndNotify (http://localhost:3001/_next/static/chunks/node_modules__pnpm_a92eadf3._.js:7251:23)
    at translateBaseFn (http://localhost:3001/_next/static/chunks/node_modules__pnpm_a92eadf3._.js:7281:28)
    at translateFn (http://localhost:3001/_next/static/chunks/node_modules__pnpm_a92eadf3._.js:7343:24)
    at labelFor (http://localhost:3001/_next/static/chunks/_af79dd3a._.js:633:30)
    at http://localhost:3001/_next/static/chunks/_af79dd3a._.js:142:34
    at Array.map (<anonymous>)
    at RegionChoropleth (http://localhost:3001/_next/static/chunks/_af79dd3a._.js:134:43)
    at Object.react_stack_bottom_frame (http://localhost:3001/_next/static/chunks/f12ff_next_dist_compiled_react-dom_7b2f6d3d._.js:14826:24)
    at renderWithHooks (http://localhost:3001/_next/static/chunks/f12ff_next_dist_compiled_react-dom_7b2f6d3d._.js:4651:24)
    at updateFunctionComponent (http://localhost:3001/_next/static/chunks/f12ff_next_dist_compiled_react-dom_7b2f6d3d._.js:6112:21)
    at beginWork (http://localhost:3001/_next/static/chunks/f12ff_next_dist_compiled_react-dom_7b2f6d3d._.js:6708:24)
    at runWithFiberInDEV (http://localhost:3001/_next/static/chunks/f12ff_next_dist_compiled_react-dom_7b2f6d3d._.js:965:74)
    at performUnitOfWork (http://localhost:3001/_next/static/chunks/f12ff_next_dist_compiled_react-dom_7b2f6d3d._.js:9562:97)
    at workLoopSync (http://localhost:3001/_next/static/chunks/f12ff_next_dist_compiled_react-dom_7b2f6d3d._.js:9456:40)
    at renderRootSync (http://localhost:3001/_next/static/chunks/f12ff_next_dist_compiled_react-dom_7b2f6d3d._.js:9440:13)
    at performWorkOnRoot (http://localhost:3001/_next/static/chunks/f12ff_next_dist_compiled_react-dom_7b2f6d3d._.js:9068:186)
    at performWorkOnRootViaSchedulerTask (http://localhost:3001/_next/static/chunks/f12ff_next_dist_compiled_react-dom_7b2f6d3d._.js:10230:9)
    at MessagePort.performWorkUntilDeadline (http://localhost:3001/_next/static/chunks/f12ff_next_dist_compiled_cd863794._.js:2647:64) @ http://localhost:3001/_next/static/chunks/f12ff_next_dist_95687940._.js:3132
[  835324ms] [ERROR] IntlError: MISSING_MESSAGE: Cannot read properties of undefined (reading 'split')
    at getFallbackFromErrorAndNotify (http://localhost:3001/_next/static/chunks/node_modules__pnpm_a92eadf3._.js:7251:23)
    at translateBaseFn (http://localhost:3001/_next/static/chunks/node_modules__pnpm_a92eadf3._.js:7281:28)
    at translateFn (http://localhost:3001/_next/static/chunks/node_modules__pnpm_a92eadf3._.js:7343:24)
    at labelFor (http://localhost:3001/_next/static/chunks/_af79dd3a._.js:633:30)
    at http://localhost:3001/_next/static/chunks/_af79dd3a._.js:142:34
    at Array.map (<anonymous>)
    at RegionChoropleth (http://localhost:3001/_next/static/chunks/_af79dd3a._.js:134:43)
    at Object.react_stack_bottom_frame (http://localhost:3001/_next/static/chunks/f12ff_next_dist_compiled_react-dom_7b2f6d3d._.js:14826:24)
    at renderWithHooks (http://localhost:3001/_next/static/chunks/f12ff_next_dist_compiled_react-dom_7b2f6d3d._.js:4651:24)
    at updateFunctionComponent (http://localhost:3001/_next/static/chunks/f12ff_next_dist_compiled_react-dom_7b2f6d3d._.js:6112:21)
    at beginWork (http://localhost:3001/_next/static/chunks/f12ff_next_dist_compiled_react-dom_7b2f6d3d._.js:6708:24)
    at runWithFiberInDEV (http://localhost:3001/_next/static/chunks/f12ff_next_dist_compiled_react-dom_7b2f6d3d._.js:965:74)
    at performUnitOfWork (http://localhost:3001/_next/static/chunks/f12ff_next_dist_compiled_react-dom_7b2f6d3d._.js:9562:97)
    at workLoopSync (http://localhost:3001/_next/static/chunks/f12ff_next_dist_compiled_react-dom_7b2f6d3d._.js:9456:40)
    at renderRootSync (http://localhost:3001/_next/static/chunks/f12ff_next_dist_compiled_react-dom_7b2f6d3d._.js:9440:13)
    at performWorkOnRoot (http://localhost:3001/_next/static/chunks/f12ff_next_dist_compiled_react-dom_7b2f6d3d._.js:9068:186)
    at performWorkOnRootViaSchedulerTask (http://localhost:3001/_next/static/chunks/f12ff_next_dist_compiled_react-dom_7b2f6d3d._.js:10230:9)
    at MessagePort.performWorkUntilDeadline (http://localhost:3001/_next/static/chunks/f12ff_next_dist_compiled_cd863794._.js:2647:64) @ http://localhost:3001/_next/static/chunks/f12ff_next_dist_95687940._.js:3132
[  835324ms] [ERROR] IntlError: MISSING_MESSAGE: Cannot read properties of undefined (reading 'split')
    at getFallbackFromErrorAndNotify (http://localhost:3001/_next/static/chunks/node_modules__pnpm_a92eadf3._.js:7251:23)
    at translateBaseFn (http://localhost:3001/_next/static/chunks/node_modules__pnpm_a92eadf3._.js:7281:28)
    at translateFn (http://localhost:3001/_next/static/chunks/node_modules__pnpm_a92eadf3._.js:7343:24)
    at labelFor (http://localhost:3001/_next/static/chunks/_af79dd3a._.js:633:30)
    at http://localhost:3001/_next/static/chunks/_af79dd3a._.js:142:34
    at Array.map (<anonymous>)
    at RegionChoropleth (http://localhost:3001/_next/static/chunks/_af79dd3a._.js:134:43)
    at Object.react_stack_bottom_frame (http://localhost:3001/_next/static/chunks/f12ff_next_dist_compiled_react-dom_7b2f6d3d._.js:14826:24)
    at renderWithHooksAgain (http://localhost:3001/_next/static/chunks/f12ff_next_dist_compiled_react-dom_7b2f6d3d._.js:4706:24)
    at renderWithHooks (http://localhost:3001/_next/static/chunks/f12ff_next_dist_compiled_react-dom_7b2f6d3d._.js:4657:28)
    at updateFunctionComponent (http://localhost:3001/_next/static/chunks/f12ff_next_dist_compiled_react-dom_7b2f6d3d._.js:6112:21)
    at beginWork (http://localhost:3001/_next/static/chunks/f12ff_next_dist_compiled_react-dom_7b2f6d3d._.js:6708:24)
    at runWithFiberInDEV (http://localhost:3001/_next/static/chunks/f12ff_next_dist_compiled_react-dom_7b2f6d3d._.js:965:74)
    at performUnitOfWork (http://localhost:3001/_next/static/chunks/f12ff_next_dist_compiled_react-dom_7b2f6d3d._.js:9562:97)
    at workLoopSync (http://localhost:3001/_next/static/chunks/f12ff_next_dist_compiled_react-dom_7b2f6d3d._.js:9456:40)
    at renderRootSync (http://localhost:3001/_next/static/chunks/f12ff_next_dist_compiled_react-dom_7b2f6d3d._.js:9440:13)
    at performWorkOnRoot (http://localhost:3001/_next/static/chunks/f12ff_next_dist_compiled_react-dom_7b2f6d3d._.js:9068:186)
    at performWorkOnRootViaSchedulerTask (http://localhost:3001/_next/static/chunks/f12ff_next_dist_compiled_react-dom_7b2f6d3d._.js:10230:9)
    at MessagePort.performWorkUntilDeadline (http://localhost:3001/_next/static/chunks/f12ff_next_dist_compiled_cd863794._.js:2647:64) @ http://localhost:3001/_next/static/chunks/f12ff_next_dist_95687940._.js:3132
[  835324ms] [ERROR] IntlError: MISSING_MESSAGE: Cannot read properties of undefined (reading 'split')
    at getFallbackFromErrorAndNotify (http://localhost:3001/_next/static/chunks/node_modules__pnpm_a92eadf3._.js:7251:23)
    at translateBaseFn (http://localhost:3001/_next/static/chunks/node_modules__pnpm_a92eadf3._.js:7281:28)
    at translateFn (http://localhost:3001/_next/static/chunks/node_modules__pnpm_a92eadf3._.js:7343:24)
    at labelFor (http://localhost:3001/_next/static/chunks/_af79dd3a._.js:633:30)
    at http://localhost:3001/_next/static/chunks/_af79dd3a._.js:142:34
    at Array.map (<anonymous>)
    at RegionChoropleth (http://localhost:3001/_next/static/chunks/_af79dd3a._.js:134:43)
    at Object.react_stack_bottom_frame (http://localhost:3001/_next/static/chunks/f12ff_next_dist_compiled_react-dom_7b2f6d3d._.js:14826:24)
    at renderWithHooksAgain (http://localhost:3001/_next/static/chunks/f12ff_next_dist_compiled_react-dom_7b2f6d3d._.js:4706:24)
    at renderWithHooks (http://localhost:3001/_next/static/chunks/f12ff_next_dist_compiled_react-dom_7b2f6d3d._.js:4657:28)
    at updateFunctionComponent (http://localhost:3001/_next/static/chunks/f12ff_next_dist_compiled_react-dom_7b2f6d3d._.js:6112:21)
    at beginWork (http://localhost:3001/_next/static/chunks/f12ff_next_dist_compiled_react-dom_7b2f6d3d._.js:6708:24)
    at runWithFiberInDEV (http://localhost:3001/_next/static/chunks/f12ff_next_dist_compiled_react-dom_7b2f6d3d._.js:965:74)
    at performUnitOfWork (http://localhost:3001/_next/static/chunks/f12ff_next_dist_compiled_react-dom_7b2f6d3d._.js:9562:97)
    at workLoopSync (http://localhost:3001/_next/static/chunks/f12ff_next_dist_compiled_react-dom_7b2f6d3d._.js:9456:40)
    at renderRootSync (http://localhost:3001/_next/static/chunks/f12ff_next_dist_compiled_react-dom_7b2f6d3d._.js:9440:13)
    at performWorkOnRoot (http://localhost:3001/_next/static/chunks/f12ff_next_dist_compiled_react-dom_7b2f6d3d._.js:9068:186)
    at performWorkOnRootViaSchedulerTask (http://localhost:3001/_next/static/chunks/f12ff_next_dist_compiled_react-dom_7b2f6d3d._.js:10230:9)
    at MessagePort.performWorkUntilDeadline (http://localhost:3001/_next/static/chunks/f12ff_next_dist_compiled_cd863794._.js:2647:64) @ http://localhost:3001/_next/static/chunks/f12ff_next_dist_95687940._.js:3132
[  835324ms] [ERROR] IntlError: MISSING_MESSAGE: Cannot read properties of undefined (reading 'split')
    at getFallbackFromErrorAndNotify (http://localhost:3001/_next/static/chunks/node_modules__pnpm_a92eadf3._.js:7251:23)
    at translateBaseFn (http://localhost:3001/_next/static/chunks/node_modules__pnpm_a92eadf3._.js:7281:28)
    at translateFn (http://localhost:3001/_next/static/chunks/node_modules__pnpm_a92eadf3._.js:7343:24)
    at labelFor (http://localhost:3001/_next/static/chunks/_af79dd3a._.js:633:30)
    at http://localhost:3001/_next/static/chunks/_af79dd3a._.js:142:34
    at Array.map (<anonymous>)
    at RegionChoropleth (http://localhost:3001/_next/static/chunks/_af79dd3a._.js:134:43)
    at Object.react_stack_bottom_frame (http://localhost:3001/_next/static/chunks/f12ff_next_dist_compiled_react-dom_7b2f6d3d._.js:14826:24)
    at renderWithHooksAgain (http://localhost:3001/_next/static/chunks/f12ff_next_dist_compiled_react-dom_7b2f6d3d._.js:4706:24)
    at renderWithHooks (http://localhost:3001/_next/static/chunks/f12ff_next_dist_compiled_react-dom_7b2f6d3d._.js:4657:28)
    at updateFunctionComponent (http://localhost:3001/_next/static/chunks/f12ff_next_dist_compiled_react-dom_7b2f6d3d._.js:6112:21)
    at beginWork (http://localhost:3001/_next/static/chunks/f12ff_next_dist_compiled_react-dom_7b2f6d3d._.js:6708:24)
    at runWithFiberInDEV (http://localhost:3001/_next/static/chunks/f12ff_next_dist_compiled_react-dom_7b2f6d3d._.js:965:74)
    at performUnitOfWork (http://localhost:3001/_next/static/chunks/f12ff_next_dist_compiled_react-dom_7b2f6d3d._.js:9562:97)
    at workLoopSync (http://localhost:3001/_next/static/chunks/f12ff_next_dist_compiled_react-dom_7b2f6d3d._.js:9456:40)
    at renderRootSync (http://localhost:3001/_next/static/chunks/f12ff_next_dist_compiled_react-dom_7b2f6d3d._.js:9440:13)
    at performWorkOnRoot (http://localhost:3001/_next/static/chunks/f12ff_next_dist_compiled_react-dom_7b2f6d3d._.js:9068:186)
    at performWorkOnRootViaSchedulerTask (http://localhost:3001/_next/static/chunks/f12ff_next_dist_compiled_react-dom_7b2f6d3d._.js:10230:9)
    at MessagePort.performWorkUntilDeadline (http://localhost:3001/_next/static/chunks/f12ff_next_dist_compiled_cd863794._.js:2647:64) @ http://localhost:3001/_next/static/chunks/f12ff_next_dist_95687940._.js:3132
[  835325ms] [ERROR] IntlError: MISSING_MESSAGE: Cannot read properties of undefined (reading 'split')
    at getFallbackFromErrorAndNotify (http://localhost:3001/_next/static/chunks/node_modules__pnpm_a92eadf3._.js:7251:23)
    at translateBaseFn (http://localhost:3001/_next/static/chunks/node_modules__pnpm_a92eadf3._.js:7281:28)
    at translateFn (http://localhost:3001/_next/static/chunks/node_modules__pnpm_a92eadf3._.js:7343:24)
    at labelFor (http://localhost:3001/_next/static/chunks/_af79dd3a._.js:633:30)
    at http://localhost:3001/_next/static/chunks/_af79dd3a._.js:142:34
    at Array.map (<anonymous>)
    at RegionChoropleth (http://localhost:3001/_next/static/chunks/_af79dd3a._.js:134:43)
    at Object.react_stack_bottom_frame (http://localhost:3001/_next/static/chunks/f12ff_next_dist_compiled_react-dom_7b2f6d3d._.js:14826:24)
    at renderWithHooksAgain (http://localhost:3001/_next/static/chunks/f12ff_next_dist_compiled_react-dom_7b2f6d3d._.js:4706:24)
    at renderWithHooks (http://localhost:3001/_next/static/chunks/f12ff_next_dist_compiled_react-dom_7b2f6d3d._.js:4657:28)
    at updateFunctionComponent (http://localhost:3001/_next/static/chunks/f12ff_next_dist_compiled_react-dom_7b2f6d3d._.js:6112:21)
    at beginWork (http://localhost:3001/_next/static/chunks/f12ff_next_dist_compiled_react-dom_7b2f6d3d._.js:6708:24)
    at runWithFiberInDEV (http://localhost:3001/_next/static/chunks/f12ff_next_dist_compiled_react-dom_7b2f6d3d._.js:965:74)
    at performUnitOfWork (http://localhost:3001/_next/static/chunks/f12ff_next_dist_compiled_react-dom_7b2f6d3d._.js:9562:97)
    at workLoopSync (http://localhost:3001/_next/static/chunks/f12ff_next_dist_compiled_react-dom_7b2f6d3d._.js:9456:40)
    at renderRootSync (http://localhost:3001/_next/static/chunks/f12ff_next_dist_compiled_react-dom_7b2f6d3d._.js:9440:13)
    at performWorkOnRoot (http://localhost:3001/_next/static/chunks/f12ff_next_dist_compiled_react-dom_7b2f6d3d._.js:9068:186)
    at performWorkOnRootViaSchedulerTask (http://localhost:3001/_next/static/chunks/f12ff_next_dist_compiled_react-dom_7b2f6d3d._.js:10230:9)
    at MessagePort.performWorkUntilDeadline (http://localhost:3001/_next/static/chunks/f12ff_next_dist_compiled_cd863794._.js:2647:64) @ http://localhost:3001/_next/static/chunks/f12ff_next_dist_95687940._.js:3132
[  835325ms] [ERROR] IntlError: MISSING_MESSAGE: Cannot read properties of undefined (reading 'split')
    at getFallbackFromErrorAndNotify (http://localhost:3001/_next/static/chunks/node_modules__pnpm_a92eadf3._.js:7251:23)
    at translateBaseFn (http://localhost:3001/_next/static/chunks/node_modules__pnpm_a92eadf3._.js:7281:28)
    at translateFn (http://localhost:3001/_next/static/chunks/node_modules__pnpm_a92eadf3._.js:7343:24)
    at labelFor (http://localhost:3001/_next/static/chunks/_af79dd3a._.js:633:30)
    at http://localhost:3001/_next/static/chunks/_af79dd3a._.js:142:34
    at Array.map (<anonymous>)
    at RegionChoropleth (http://localhost:3001/_next/static/chunks/_af79dd3a._.js:134:43)
    at Object.react_stack_bottom_frame (http://localhost:3001/_next/static/chunks/f12ff_next_dist_compiled_react-dom_7b2f6d3d._.js:14826:24)
    at renderWithHooksAgain (http://localhost:3001/_next/static/chunks/f12ff_next_dist_compiled_react-dom_7b2f6d3d._.js:4706:24)
    at renderWithHooks (http://localhost:3001/_next/static/chunks/f12ff_next_dist_compiled_react-dom_7b2f6d3d._.js:4657:28)
    at updateFunctionComponent (http://localhost:3001/_next/static/chunks/f12ff_next_dist_compiled_react-dom_7b2f6d3d._.js:6112:21)
    at beginWork (http://localhost:3001/_next/static/chunks/f12ff_next_dist_compiled_react-dom_7b2f6d3d._.js:6708:24)
    at runWithFiberInDEV (http://localhost:3001/_next/static/chunks/f12ff_next_dist_compiled_react-dom_7b2f6d3d._.js:965:74)
    at performUnitOfWork (http://localhost:3001/_next/static/chunks/f12ff_next_dist_compiled_react-dom_7b2f6d3d._.js:9562:97)
    at workLoopSync (http://localhost:3001/_next/static/chunks/f12ff_next_dist_compiled_react-dom_7b2f6d3d._.js:9456:40)
    at renderRootSync (http://localhost:3001/_next/static/chunks/f12ff_next_dist_compiled_react-dom_7b2f6d3d._.js:9440:13)
    at performWorkOnRoot (http://localhost:3001/_next/static/chunks/f12ff_next_dist_compiled_react-dom_7b2f6d3d._.js:9068:186)
    at performWorkOnRootViaSchedulerTask (http://localhost:3001/_next/static/chunks/f12ff_next_dist_compiled_react-dom_7b2f6d3d._.js:10230:9)
    at MessagePort.performWorkUntilDeadline (http://localhost:3001/_next/static/chunks/f12ff_next_dist_compiled_cd863794._.js:2647:64) @ http://localhost:3001/_next/static/chunks/f12ff_next_dist_95687940._.js:3132
[  835325ms] [ERROR] IntlError: MISSING_MESSAGE: Cannot read properties of undefined (reading 'split')
    at getFallbackFromErrorAndNotify (http://localhost:3001/_next/static/chunks/node_modules__pnpm_a92eadf3._.js:7251:23)
    at translateBaseFn (http://localhost:3001/_next/static/chunks/node_modules__pnpm_a92eadf3._.js:7281:28)
    at translateFn (http://localhost:3001/_next/static/chunks/node_modules__pnpm_a92eadf3._.js:7343:24)
    at labelFor (http://localhost:3001/_next/static/chunks/_af79dd3a._.js:633:30)
    at http://localhost:3001/_next/static/chunks/_af79dd3a._.js:142:34
    at Array.map (<anonymous>)
    at RegionChoropleth (http://localhost:3001/_next/static/chunks/_af79dd3a._.js:134:43)
    at Object.react_stack_bottom_frame (http://localhost:3001/_next/static/chunks/f12ff_next_dist_compiled_react-dom_7b2f6d3d._.js:14826:24)
    at renderWithHooksAgain (http://localhost:3001/_next/static/chunks/f12ff_next_dist_compiled_react-dom_7b2f6d3d._.js:4706:24)
    at renderWithHooks (http://localhost:3001/_next/static/chunks/f12ff_next_dist_compiled_react-dom_7b2f6d3d._.js:4657:28)
    at updateFunctionComponent (http://localhost:3001/_next/static/chunks/f12ff_next_dist_compiled_react-dom_7b2f6d3d._.js:6112:21)
    at beginWork (http://localhost:3001/_next/static/chunks/f12ff_next_dist_compiled_react-dom_7b2f6d3d._.js:6708:24)
    at runWithFiberInDEV (http://localhost:3001/_next/static/chunks/f12ff_next_dist_compiled_react-dom_7b2f6d3d._.js:965:74)
    at performUnitOfWork (http://localhost:3001/_next/static/chunks/f12ff_next_dist_compiled_react-dom_7b2f6d3d._.js:9562:97)
    at workLoopSync (http://localhost:3001/_next/static/chunks/f12ff_next_dist_compiled_react-dom_7b2f6d3d._.js:9456:40)
    at renderRootSync (http://localhost:3001/_next/static/chunks/f12ff_next_dist_compiled_react-dom_7b2f6d3d._.js:9440:13)
    at performWorkOnRoot (http://localhost:3001/_next/static/chunks/f12ff_next_dist_compiled_react-dom_7b2f6d3d._.js:9068:186)
    at performWorkOnRootViaSchedulerTask (http://localhost:3001/_next/static/chunks/f12ff_next_dist_compiled_react-dom_7b2f6d3d._.js:10230:9)
    at MessagePort.performWorkUntilDeadline (http://localhost:3001/_next/static/chunks/f12ff_next_dist_compiled_cd863794._.js:2647:64) @ http://localhost:3001/_next/static/chunks/f12ff_next_dist_95687940._.js:3132
[  835325ms] [ERROR] IntlError: MISSING_MESSAGE: Cannot read properties of undefined (reading 'split')
    at getFallbackFromErrorAndNotify (http://localhost:3001/_next/static/chunks/node_modules__pnpm_a92eadf3._.js:7251:23)
    at translateBaseFn (http://localhost:3001/_next/static/chunks/node_modules__pnpm_a92eadf3._.js:7281:28)
    at translateFn (http://localhost:3001/_next/static/chunks/node_modules__pnpm_a92eadf3._.js:7343:24)
    at labelFor (http://localhost:3001/_next/static/chunks/_af79dd3a._.js:633:30)
    at http://localhost:3001/_next/static/chunks/_af79dd3a._.js:142:34
    at Array.map (<anonymous>)
    at RegionChoropleth (http://localhost:3001/_next/static/chunks/_af79dd3a._.js:134:43)
    at Object.react_stack_bottom_frame (http://localhost:3001/_next/static/chunks/f12ff_next_dist_compiled_react-dom_7b2f6d3d._.js:14826:24)
    at renderWithHooksAgain (http://localhost:3001/_next/static/chunks/f12ff_next_dist_compiled_react-dom_7b2f6d3d._.js:4706:24)
    at renderWithHooks (http://localhost:3001/_next/static/chunks/f12ff_next_dist_compiled_react-dom_7b2f6d3d._.js:4657:28)
    at updateFunctionComponent (http://localhost:3001/_next/static/chunks/f12ff_next_dist_compiled_react-dom_7b2f6d3d._.js:6112:21)
    at beginWork (http://localhost:3001/_next/static/chunks/f12ff_next_dist_compiled_react-dom_7b2f6d3d._.js:6708:24)
    at runWithFiberInDEV (http://localhost:3001/_next/static/chunks/f12ff_next_dist_compiled_react-dom_7b2f6d3d._.js:965:74)
    at performUnitOfWork (http://localhost:3001/_next/static/chunks/f12ff_next_dist_compiled_react-dom_7b2f6d3d._.js:9562:97)
    at workLoopSync (http://localhost:3001/_next/static/chunks/f12ff_next_dist_compiled_react-dom_7b2f6d3d._.js:9456:40)
    at renderRootSync (http://localhost:3001/_next/static/chunks/f12ff_next_dist_compiled_react-dom_7b2f6d3d._.js:9440:13)
    at performWorkOnRoot (http://localhost:3001/_next/static/chunks/f12ff_next_dist_compiled_react-dom_7b2f6d3d._.js:9068:186)
    at performWorkOnRootViaSchedulerTask (http://localhost:3001/_next/static/chunks/f12ff_next_dist_compiled_react-dom_7b2f6d3d._.js:10230:9)
    at MessagePort.performWorkUntilDeadline (http://localhost:3001/_next/static/chunks/f12ff_next_dist_compiled_cd863794._.js:2647:64) @ http://localhost:3001/_next/static/chunks/f12ff_next_dist_95687940._.js:3132
[  835363ms] [ERROR] IntlError: MISSING_MESSAGE: Cannot read properties of undefined (reading 'split')
    at getFallbackFromErrorAndNotify (http://localhost:3001/_next/static/chunks/node_modules__pnpm_a92eadf3._.js:7251:23)
    at translateBaseFn (http://localhost:3001/_next/static/chunks/node_modules__pnpm_a92eadf3._.js:7281:28)
    at translateFn (http://localhost:3001/_next/static/chunks/node_modules__pnpm_a92eadf3._.js:7343:24)
    at labelFor (http://localhost:3001/_next/static/chunks/_af79dd3a._.js:633:30)
    at http://localhost:3001/_next/static/chunks/_af79dd3a._.js:142:34
    at Array.map (<anonymous>)
    at RegionChoropleth (http://localhost:3001/_next/static/chunks/_af79dd3a._.js:134:43)
    at Object.react_stack_bottom_frame (http://localhost:3001/_next/static/chunks/f12ff_next_dist_compiled_react-dom_7b2f6d3d._.js:14826:24)
    at renderWithHooks (http://localhost:3001/_next/static/chunks/f12ff_next_dist_compiled_react-dom_7b2f6d3d._.js:4651:24)
    at updateFunctionComponent (http://localhost:3001/_next/static/chunks/f12ff_next_dist_compiled_react-dom_7b2f6d3d._.js:6112:21)
    at beginWork (http://localhost:3001/_next/static/chunks/f12ff_next_dist_compiled_react-dom_7b2f6d3d._.js:6708:24)
    at runWithFiberInDEV (http://localhost:3001/_next/static/chunks/f12ff_next_dist_compiled_react-dom_7b2f6d3d._.js:965:74)
    at performUnitOfWork (http://localhost:3001/_next/static/chunks/f12ff_next_dist_compiled_react-dom_7b2f6d3d._.js:9562:97)
    at workLoopSync (http://localhost:3001/_next/static/chunks/f12ff_next_dist_compiled_react-dom_7b2f6d3d._.js:9456:40)
    at renderRootSync (http://localhost:3001/_next/static/chunks/f12ff_next_dist_compiled_react-dom_7b2f6d3d._.js:9440:13)
    at performWorkOnRoot (http://localhost:3001/_next/static/chunks/f12ff_next_dist_compiled_react-dom_7b2f6d3d._.js:9068:186)
    at performWorkOnRootViaSchedulerTask (http://localhost:3001/_next/static/chunks/f12ff_next_dist_compiled_react-dom_7b2f6d3d._.js:10230:9)
    at MessagePort.performWorkUntilDeadline (http://localhost:3001/_next/static/chunks/f12ff_next_dist_compiled_cd863794._.js:2647:64) @ http://localhost:3001/_next/static/chunks/f12ff_next_dist_95687940._.js:3132
[  835363ms] [ERROR] IntlError: MISSING_MESSAGE: Cannot read properties of undefined (reading 'split')
    at getFallbackFromErrorAndNotify (http://localhost:3001/_next/static/chunks/node_modules__pnpm_a92eadf3._.js:7251:23)
    at translateBaseFn (http://localhost:3001/_next/static/chunks/node_modules__pnpm_a92eadf3._.js:7281:28)
    at translateFn (http://localhost:3001/_next/static/chunks/node_modules__pnpm_a92eadf3._.js:7343:24)
    at labelFor (http://localhost:3001/_next/static/chunks/_af79dd3a._.js:633:30)
    at http://localhost:3001/_next/static/chunks/_af79dd3a._.js:142:34
    at Array.map (<anonymous>)
    at RegionChoropleth (http://localhost:3001/_next/static/chunks/_af79dd3a._.js:134:43)
    at Object.react_stack_bottom_frame (http://localhost:3001/_next/static/chunks/f12ff_next_dist_compiled_react-dom_7b2f6d3d._.js:14826:24)
    at renderWithHooks (http://localhost:3001/_next/static/chunks/f12ff_next_dist_compiled_react-dom_7b2f6d3d._.js:4651:24)
    at updateFunctionComponent (http://localhost:3001/_next/static/chunks/f12ff_next_dist_compiled_react-dom_7b2f6d3d._.js:6112:21)
    at beginWork (http://localhost:3001/_next/static/chunks/f12ff_next_dist_compiled_react-dom_7b2f6d3d._.js:6708:24)
    at runWithFiberInDEV (http://localhost:3001/_next/static/chunks/f12ff_next_dist_compiled_react-dom_7b2f6d3d._.js:965:74)
    at performUnitOfWork (http://localhost:3001/_next/static/chunks/f12ff_next_dist_compiled_react-dom_7b2f6d3d._.js:9562:97)
    at workLoopSync (http://localhost:3001/_next/static/chunks/f12ff_next_dist_compiled_react-dom_7b2f6d3d._.js:9456:40)
    at renderRootSync (http://localhost:3001/_next/static/chunks/f12ff_next_dist_compiled_react-dom_7b2f6d3d._.js:9440:13)
    at performWorkOnRoot (http://localhost:3001/_next/static/chunks/f12ff_next_dist_compiled_react-dom_7b2f6d3d._.js:9068:186)
    at performWorkOnRootViaSchedulerTask (http://localhost:3001/_next/static/chunks/f12ff_next_dist_compiled_react-dom_7b2f6d3d._.js:10230:9)
    at MessagePort.performWorkUntilDeadline (http://localhost:3001/_next/static/chunks/f12ff_next_dist_compiled_cd863794._.js:2647:64) @ http://localhost:3001/_next/static/chunks/f12ff_next_dist_95687940._.js:3132
[  835364ms] [ERROR] IntlError: MISSING_MESSAGE: Cannot read properties of undefined (reading 'split')
    at getFallbackFromErrorAndNotify (http://localhost:3001/_next/static/chunks/node_modules__pnpm_a92eadf3._.js:7251:23)
    at translateBaseFn (http://localhost:3001/_next/static/chunks/node_modules__pnpm_a92eadf3._.js:7281:28)
    at translateFn (http://localhost:3001/_next/static/chunks/node_modules__pnpm_a92eadf3._.js:7343:24)
    at labelFor (http://localhost:3001/_next/static/chunks/_af79dd3a._.js:633:30)
    at http://localhost:3001/_next/static/chunks/_af79dd3a._.js:142:34
    at Array.map (<anonymous>)
    at RegionChoropleth (http://localhost:3001/_next/static/chunks/_af79dd3a._.js:134:43)
    at Object.react_stack_bottom_frame (http://localhost:3001/_next/static/chunks/f12ff_next_dist_compiled_react-dom_7b2f6d3d._.js:14826:24)
    at renderWithHooks (http://localhost:3001/_next/static/chunks/f12ff_next_dist_compiled_react-dom_7b2f6d3d._.js:4651:24)
    at updateFunctionComponent (http://localhost:3001/_next/static/chunks/f12ff_next_dist_compiled_react-dom_7b2f6d3d._.js:6112:21)
    at beginWork (http://localhost:3001/_next/static/chunks/f12ff_next_dist_compiled_react-dom_7b2f6d3d._.js:6708:24)
    at runWithFiberInDEV (http://localhost:3001/_next/static/chunks/f12ff_next_dist_compiled_react-dom_7b2f6d3d._.js:965:74)
    at performUnitOfWork (http://localhost:3001/_next/static/chunks/f12ff_next_dist_compiled_react-dom_7b2f6d3d._.js:9562:97)
    at workLoopSync (http://localhost:3001/_next/static/chunks/f12ff_next_dist_compiled_react-dom_7b2f6d3d._.js:9456:40)
    at renderRootSync (http://localhost:3001/_next/static/chunks/f12ff_next_dist_compiled_react-dom_7b2f6d3d._.js:9440:13)
    at performWorkOnRoot (http://localhost:3001/_next/static/chunks/f12ff_next_dist_compiled_react-dom_7b2f6d3d._.js:9068:186)
    at performWorkOnRootViaSchedulerTask (http://localhost:3001/_next/static/chunks/f12ff_next_dist_compiled_react-dom_7b2f6d3d._.js:10230:9)
    at MessagePort.performWorkUntilDeadline (http://localhost:3001/_next/static/chunks/f12ff_next_dist_compiled_cd863794._.js:2647:64) @ http://localhost:3001/_next/static/chunks/f12ff_next_dist_95687940._.js:3132
[  835364ms] [ERROR] IntlError: MISSING_MESSAGE: Cannot read properties of undefined (reading 'split')
    at getFallbackFromErrorAndNotify (http://localhost:3001/_next/static/chunks/node_modules__pnpm_a92eadf3._.js:7251:23)
    at translateBaseFn (http://localhost:3001/_next/static/chunks/node_modules__pnpm_a92eadf3._.js:7281:28)
    at translateFn (http://localhost:3001/_next/static/chunks/node_modules__pnpm_a92eadf3._.js:7343:24)
    at labelFor (http://localhost:3001/_next/static/chunks/_af79dd3a._.js:633:30)
    at http://localhost:3001/_next/static/chunks/_af79dd3a._.js:142:34
    at Array.map (<anonymous>)
    at RegionChoropleth (http://localhost:3001/_next/static/chunks/_af79dd3a._.js:134:43)
    at Object.react_stack_bottom_frame (http://localhost:3001/_next/static/chunks/f12ff_next_dist_compiled_react-dom_7b2f6d3d._.js:14826:24)
    at renderWithHooks (http://localhost:3001/_next/static/chunks/f12ff_next_dist_compiled_react-dom_7b2f6d3d._.js:4651:24)
    at updateFunctionComponent (http://localhost:3001/_next/static/chunks/f12ff_next_dist_compiled_react-dom_7b2f6d3d._.js:6112:21)
    at beginWork (http://localhost:3001/_next/static/chunks/f12ff_next_dist_compiled_react-dom_7b2f6d3d._.js:6708:24)
    at runWithFiberInDEV (http://localhost:3001/_next/static/chunks/f12ff_next_dist_compiled_react-dom_7b2f6d3d._.js:965:74)
    at performUnitOfWork (http://localhost:3001/_next/static/chunks/f12ff_next_dist_compiled_react-dom_7b2f6d3d._.js:9562:97)
    at workLoopSync (http://localhost:3001/_next/static/chunks/f12ff_next_dist_compiled_react-dom_7b2f6d3d._.js:9456:40)
    at renderRootSync (http://localhost:3001/_next/static/chunks/f12ff_next_dist_compiled_react-dom_7b2f6d3d._.js:9440:13)
    at performWorkOnRoot (http://localhost:3001/_next/static/chunks/f12ff_next_dist_compiled_react-dom_7b2f6d3d._.js:9068:186)
    at performWorkOnRootViaSchedulerTask (http://localhost:3001/_next/static/chunks/f12ff_next_dist_compiled_react-dom_7b2f6d3d._.js:10230:9)
    at MessagePort.performWorkUntilDeadline (http://localhost:3001/_next/static/chunks/f12ff_next_dist_compiled_cd863794._.js:2647:64) @ http://localhost:3001/_next/static/chunks/f12ff_next_dist_95687940._.js:3132
[  835364ms] [ERROR] IntlError: MISSING_MESSAGE: Cannot read properties of undefined (reading 'split')
    at getFallbackFromErrorAndNotify (http://localhost:3001/_next/static/chunks/node_modules__pnpm_a92eadf3._.js:7251:23)
    at translateBaseFn (http://localhost:3001/_next/static/chunks/node_modules__pnpm_a92eadf3._.js:7281:28)
    at translateFn (http://localhost:3001/_next/static/chunks/node_modules__pnpm_a92eadf3._.js:7343:24)
    at labelFor (http://localhost:3001/_next/static/chunks/_af79dd3a._.js:633:30)
    at http://localhost:3001/_next/static/chunks/_af79dd3a._.js:142:34
    at Array.map (<anonymous>)
    at RegionChoropleth (http://localhost:3001/_next/static/chunks/_af79dd3a._.js:134:43)
    at Object.react_stack_bottom_frame (http://localhost:3001/_next/static/chunks/f12ff_next_dist_compiled_react-dom_7b2f6d3d._.js:14826:24)
    at renderWithHooks (http://localhost:3001/_next/static/chunks/f12ff_next_dist_compiled_react-dom_7b2f6d3d._.js:4651:24)
    at updateFunctionComponent (http://localhost:3001/_next/static/chunks/f12ff_next_dist_compiled_react-dom_7b2f6d3d._.js:6112:21)
    at beginWork (http://localhost:3001/_next/static/chunks/f12ff_next_dist_compiled_react-dom_7b2f6d3d._.js:6708:24)
    at runWithFiberInDEV (http://localhost:3001/_next/static/chunks/f12ff_next_dist_compiled_react-dom_7b2f6d3d._.js:965:74)
    at performUnitOfWork (http://localhost:3001/_next/static/chunks/f12ff_next_dist_compiled_react-dom_7b2f6d3d._.js:9562:97)
    at workLoopSync (http://localhost:3001/_next/static/chunks/f12ff_next_dist_compiled_react-dom_7b2f6d3d._.js:9456:40)
    at renderRootSync (http://localhost:3001/_next/static/chunks/f12ff_next_dist_compiled_react-dom_7b2f6d3d._.js:9440:13)
    at performWorkOnRoot (http://localhost:3001/_next/static/chunks/f12ff_next_dist_compiled_react-dom_7b2f6d3d._.js:9068:186)
    at performWorkOnRootViaSchedulerTask (http://localhost:3001/_next/static/chunks/f12ff_next_dist_compiled_react-dom_7b2f6d3d._.js:10230:9)
    at MessagePort.performWorkUntilDeadline (http://localhost:3001/_next/static/chunks/f12ff_next_dist_compiled_cd863794._.js:2647:64) @ http://localhost:3001/_next/static/chunks/f12ff_next_dist_95687940._.js:3132
[  835364ms] [ERROR] IntlError: MISSING_MESSAGE: Cannot read properties of undefined (reading 'split')
    at getFallbackFromErrorAndNotify (http://localhost:3001/_next/static/chunks/node_modules__pnpm_a92eadf3._.js:7251:23)
    at translateBaseFn (http://localhost:3001/_next/static/chunks/node_modules__pnpm_a92eadf3._.js:7281:28)
    at translateFn (http://localhost:3001/_next/static/chunks/node_modules__pnpm_a92eadf3._.js:7343:24)
    at labelFor (http://localhost:3001/_next/static/chunks/_af79dd3a._.js:633:30)
    at http://localhost:3001/_next/static/chunks/_af79dd3a._.js:142:34
    at Array.map (<anonymous>)
    at RegionChoropleth (http://localhost:3001/_next/static/chunks/_af79dd3a._.js:134:43)
    at Object.react_stack_bottom_frame (http://localhost:3001/_next/static/chunks/f12ff_next_dist_compiled_react-dom_7b2f6d3d._.js:14826:24)
    at renderWithHooks (http://localhost:3001/_next/static/chunks/f12ff_next_dist_compiled_react-dom_7b2f6d3d._.js:4651:24)
    at updateFunctionComponent (http://localhost:3001/_next/static/chunks/f12ff_next_dist_compiled_react-dom_7b2f6d3d._.js:6112:21)
    at beginWork (http://localhost:3001/_next/static/chunks/f12ff_next_dist_compiled_react-dom_7b2f6d3d._.js:6708:24)
    at runWithFiberInDEV (http://localhost:3001/_next/static/chunks/f12ff_next_dist_compiled_react-dom_7b2f6d3d._.js:965:74)
    at performUnitOfWork (http://localhost:3001/_next/static/chunks/f12ff_next_dist_compiled_react-dom_7b2f6d3d._.js:9562:97)
    at workLoopSync (http://localhost:3001/_next/static/chunks/f12ff_next_dist_compiled_react-dom_7b2f6d3d._.js:9456:40)
    at renderRootSync (http://localhost:3001/_next/static/chunks/f12ff_next_dist_compiled_react-dom_7b2f6d3d._.js:9440:13)
    at performWorkOnRoot (http://localhost:3001/_next/static/chunks/f12ff_next_dist_compiled_react-dom_7b2f6d3d._.js:9068:186)
    at performWorkOnRootViaSchedulerTask (http://localhost:3001/_next/static/chunks/f12ff_next_dist_compiled_react-dom_7b2f6d3d._.js:10230:9)
    at MessagePort.performWorkUntilDeadline (http://localhost:3001/_next/static/chunks/f12ff_next_dist_compiled_cd863794._.js:2647:64) @ http://localhost:3001/_next/static/chunks/f12ff_next_dist_95687940._.js:3132
[  835364ms] [ERROR] IntlError: MISSING_MESSAGE: Cannot read properties of undefined (reading 'split')
    at getFallbackFromErrorAndNotify (http://localhost:3001/_next/static/chunks/node_modules__pnpm_a92eadf3._.js:7251:23)
    at translateBaseFn (http://localhost:3001/_next/static/chunks/node_modules__pnpm_a92eadf3._.js:7281:28)
    at translateFn (http://localhost:3001/_next/static/chunks/node_modules__pnpm_a92eadf3._.js:7343:24)
    at labelFor (http://localhost:3001/_next/static/chunks/_af79dd3a._.js:633:30)
    at http://localhost:3001/_next/static/chunks/_af79dd3a._.js:142:34
    at Array.map (<anonymous>)
    at RegionChoropleth (http://localhost:3001/_next/static/chunks/_af79dd3a._.js:134:43)
    at Object.react_stack_bottom_frame (http://localhost:3001/_next/static/chunks/f12ff_next_dist_compiled_react-dom_7b2f6d3d._.js:14826:24)
    at renderWithHooks (http://localhost:3001/_next/static/chunks/f12ff_next_dist_compiled_react-dom_7b2f6d3d._.js:4651:24)
    at updateFunctionComponent (http://localhost:3001/_next/static/chunks/f12ff_next_dist_compiled_react-dom_7b2f6d3d._.js:6112:21)
    at beginWork (http://localhost:3001/_next/static/chunks/f12ff_next_dist_compiled_react-dom_7b2f6d3d._.js:6708:24)
    at runWithFiberInDEV (http://localhost:3001/_next/static/chunks/f12ff_next_dist_compiled_react-dom_7b2f6d3d._.js:965:74)
    at performUnitOfWork (http://localhost:3001/_next/static/chunks/f12ff_next_dist_compiled_react-dom_7b2f6d3d._.js:9562:97)
    at workLoopSync (http://localhost:3001/_next/static/chunks/f12ff_next_dist_compiled_react-dom_7b2f6d3d._.js:9456:40)
    at renderRootSync (http://localhost:3001/_next/static/chunks/f12ff_next_dist_compiled_react-dom_7b2f6d3d._.js:9440:13)
    at performWorkOnRoot (http://localhost:3001/_next/static/chunks/f12ff_next_dist_compiled_react-dom_7b2f6d3d._.js:9068:186)
    at performWorkOnRootViaSchedulerTask (http://localhost:3001/_next/static/chunks/f12ff_next_dist_compiled_react-dom_7b2f6d3d._.js:10230:9)
    at MessagePort.performWorkUntilDeadline (http://localhost:3001/_next/static/chunks/f12ff_next_dist_compiled_cd863794._.js:2647:64) @ http://localhost:3001/_next/static/chunks/f12ff_next_dist_95687940._.js:3132
[  835364ms] [ERROR] IntlError: MISSING_MESSAGE: Cannot read properties of undefined (reading 'split')
    at getFallbackFromErrorAndNotify (http://localhost:3001/_next/static/chunks/node_modules__pnpm_a92eadf3._.js:7251:23)
    at translateBaseFn (http://localhost:3001/_next/static/chunks/node_modules__pnpm_a92eadf3._.js:7281:28)
    at translateFn (http://localhost:3001/_next/static/chunks/node_modules__pnpm_a92eadf3._.js:7343:24)
    at labelFor (http://localhost:3001/_next/static/chunks/_af79dd3a._.js:633:30)
    at http://localhost:3001/_next/static/chunks/_af79dd3a._.js:142:34
    at Array.map (<anonymous>)
    at RegionChoropleth (http://localhost:3001/_next/static/chunks/_af79dd3a._.js:134:43)
    at Object.react_stack_bottom_frame (http://localhost:3001/_next/static/chunks/f12ff_next_dist_compiled_react-dom_7b2f6d3d._.js:14826:24)
    at renderWithHooksAgain (http://localhost:3001/_next/static/chunks/f12ff_next_dist_compiled_react-dom_7b2f6d3d._.js:4706:24)
    at renderWithHooks (http://localhost:3001/_next/static/chunks/f12ff_next_dist_compiled_react-dom_7b2f6d3d._.js:4657:28)
    at updateFunctionComponent (http://localhost:3001/_next/static/chunks/f12ff_next_dist_compiled_react-dom_7b2f6d3d._.js:6112:21)
    at beginWork (http://localhost:3001/_next/static/chunks/f12ff_next_dist_compiled_react-dom_7b2f6d3d._.js:6708:24)
    at runWithFiberInDEV (http://localhost:3001/_next/static/chunks/f12ff_next_dist_compiled_react-dom_7b2f6d3d._.js:965:74)
    at performUnitOfWork (http://localhost:3001/_next/static/chunks/f12ff_next_dist_compiled_react-dom_7b2f6d3d._.js:9562:97)
    at workLoopSync (http://localhost:3001/_next/static/chunks/f12ff_next_dist_compiled_react-dom_7b2f6d3d._.js:9456:40)
    at renderRootSync (http://localhost:3001/_next/static/chunks/f12ff_next_dist_compiled_react-dom_7b2f6d3d._.js:9440:13)
    at performWorkOnRoot (http://localhost:3001/_next/static/chunks/f12ff_next_dist_compiled_react-dom_7b2f6d3d._.js:9068:186)
    at performWorkOnRootViaSchedulerTask (http://localhost:3001/_next/static/chunks/f12ff_next_dist_compiled_react-dom_7b2f6d3d._.js:10230:9)
    at MessagePort.performWorkUntilDeadline (http://localhost:3001/_next/static/chunks/f12ff_next_dist_compiled_cd863794._.js:2647:64) @ http://localhost:3001/_next/static/chunks/f12ff_next_dist_95687940._.js:3132
[  835364ms] [ERROR] IntlError: MISSING_MESSAGE: Cannot read properties of undefined (reading 'split')
    at getFallbackFromErrorAndNotify (http://localhost:3001/_next/static/chunks/node_modules__pnpm_a92eadf3._.js:7251:23)
    at translateBaseFn (http://localhost:3001/_next/static/chunks/node_modules__pnpm_a92eadf3._.js:7281:28)
    at translateFn (http://localhost:3001/_next/static/chunks/node_modules__pnpm_a92eadf3._.js:7343:24)
    at labelFor (http://localhost:3001/_next/static/chunks/_af79dd3a._.js:633:30)
    at http://localhost:3001/_next/static/chunks/_af79dd3a._.js:142:34
    at Array.map (<anonymous>)
    at RegionChoropleth (http://localhost:3001/_next/static/chunks/_af79dd3a._.js:134:43)
    at Object.react_stack_bottom_frame (http://localhost:3001/_next/static/chunks/f12ff_next_dist_compiled_react-dom_7b2f6d3d._.js:14826:24)
    at renderWithHooksAgain (http://localhost:3001/_next/static/chunks/f12ff_next_dist_compiled_react-dom_7b2f6d3d._.js:4706:24)
    at renderWithHooks (http://localhost:3001/_next/static/chunks/f12ff_next_dist_compiled_react-dom_7b2f6d3d._.js:4657:28)
    at updateFunctionComponent (http://localhost:3001/_next/static/chunks/f12ff_next_dist_compiled_react-dom_7b2f6d3d._.js:6112:21)
    at beginWork (http://localhost:3001/_next/static/chunks/f12ff_next_dist_compiled_react-dom_7b2f6d3d._.js:6708:24)
    at runWithFiberInDEV (http://localhost:3001/_next/static/chunks/f12ff_next_dist_compiled_react-dom_7b2f6d3d._.js:965:74)
    at performUnitOfWork (http://localhost:3001/_next/static/chunks/f12ff_next_dist_compiled_react-dom_7b2f6d3d._.js:9562:97)
    at workLoopSync (http://localhost:3001/_next/static/chunks/f12ff_next_dist_compiled_react-dom_7b2f6d3d._.js:9456:40)
    at renderRootSync (http://localhost:3001/_next/static/chunks/f12ff_next_dist_compiled_react-dom_7b2f6d3d._.js:9440:13)
    at performWorkOnRoot (http://localhost:3001/_next/static/chunks/f12ff_next_dist_compiled_react-dom_7b2f6d3d._.js:9068:186)
    at performWorkOnRootViaSchedulerTask (http://localhost:3001/_next/static/chunks/f12ff_next_dist_compiled_react-dom_7b2f6d3d._.js:10230:9)
    at MessagePort.performWorkUntilDeadline (http://localhost:3001/_next/static/chunks/f12ff_next_dist_compiled_cd863794._.js:2647:64) @ http://localhost:3001/_next/static/chunks/f12ff_next_dist_95687940._.js:3132
[  835364ms] [ERROR] IntlError: MISSING_MESSAGE: Cannot read properties of undefined (reading 'split')
    at getFallbackFromErrorAndNotify (http://localhost:3001/_next/static/chunks/node_modules__pnpm_a92eadf3._.js:7251:23)
    at translateBaseFn (http://localhost:3001/_next/static/chunks/node_modules__pnpm_a92eadf3._.js:7281:28)
    at translateFn (http://localhost:3001/_next/static/chunks/node_modules__pnpm_a92eadf3._.js:7343:24)
    at labelFor (http://localhost:3001/_next/static/chunks/_af79dd3a._.js:633:30)
    at http://localhost:3001/_next/static/chunks/_af79dd3a._.js:142:34
    at Array.map (<anonymous>)
    at RegionChoropleth (http://localhost:3001/_next/static/chunks/_af79dd3a._.js:134:43)
    at Object.react_stack_bottom_frame (http://localhost:3001/_next/static/chunks/f12ff_next_dist_compiled_react-dom_7b2f6d3d._.js:14826:24)
    at renderWithHooksAgain (http://localhost:3001/_next/static/chunks/f12ff_next_dist_compiled_react-dom_7b2f6d3d._.js:4706:24)
    at renderWithHooks (http://localhost:3001/_next/static/chunks/f12ff_next_dist_compiled_react-dom_7b2f6d3d._.js:4657:28)
    at updateFunctionComponent (http://localhost:3001/_next/static/chunks/f12ff_next_dist_compiled_react-dom_7b2f6d3d._.js:6112:21)
    at beginWork (http://localhost:3001/_next/static/chunks/f12ff_next_dist_compiled_react-dom_7b2f6d3d._.js:6708:24)
    at runWithFiberInDEV (http://localhost:3001/_next/static/chunks/f12ff_next_dist_compiled_react-dom_7b2f6d3d._.js:965:74)
    at performUnitOfWork (http://localhost:3001/_next/static/chunks/f12ff_next_dist_compiled_react-dom_7b2f6d3d._.js:9562:97)
    at workLoopSync (http://localhost:3001/_next/static/chunks/f12ff_next_dist_compiled_react-dom_7b2f6d3d._.js:9456:40)
    at renderRootSync (http://localhost:3001/_next/static/chunks/f12ff_next_dist_compiled_react-dom_7b2f6d3d._.js:9440:13)
    at performWorkOnRoot (http://localhost:3001/_next/static/chunks/f12ff_next_dist_compiled_react-dom_7b2f6d3d._.js:9068:186)
    at performWorkOnRootViaSchedulerTask (http://localhost:3001/_next/static/chunks/f12ff_next_dist_compiled_react-dom_7b2f6d3d._.js:10230:9)
    at MessagePort.performWorkUntilDeadline (http://localhost:3001/_next/static/chunks/f12ff_next_dist_compiled_cd863794._.js:2647:64) @ http://localhost:3001/_next/static/chunks/f12ff_next_dist_95687940._.js:3132
[  835364ms] [ERROR] IntlError: MISSING_MESSAGE: Cannot read properties of undefined (reading 'split')
    at getFallbackFromErrorAndNotify (http://localhost:3001/_next/static/chunks/node_modules__pnpm_a92eadf3._.js:7251:23)
    at translateBaseFn (http://localhost:3001/_next/static/chunks/node_modules__pnpm_a92eadf3._.js:7281:28)
    at translateFn (http://localhost:3001/_next/static/chunks/node_modules__pnpm_a92eadf3._.js:7343:24)
    at labelFor (http://localhost:3001/_next/static/chunks/_af79dd3a._.js:633:30)
    at http://localhost:3001/_next/static/chunks/_af79dd3a._.js:142:34
    at Array.map (<anonymous>)
    at RegionChoropleth (http://localhost:3001/_next/static/chunks/_af79dd3a._.js:134:43)
    at Object.react_stack_bottom_frame (http://localhost:3001/_next/static/chunks/f12ff_next_dist_compiled_react-dom_7b2f6d3d._.js:14826:24)
    at renderWithHooksAgain (http://localhost:3001/_next/static/chunks/f12ff_next_dist_compiled_react-dom_7b2f6d3d._.js:4706:24)
    at renderWithHooks (http://localhost:3001/_next/static/chunks/f12ff_next_dist_compiled_react-dom_7b2f6d3d._.js:4657:28)
    at updateFunctionComponent (http://localhost:3001/_next/static/chunks/f12ff_next_dist_compiled_react-dom_7b2f6d3d._.js:6112:21)
    at beginWork (http://localhost:3001/_next/static/chunks/f12ff_next_dist_compiled_react-dom_7b2f6d3d._.js:6708:24)
    at runWithFiberInDEV (http://localhost:3001/_next/static/chunks/f12ff_next_dist_compiled_react-dom_7b2f6d3d._.js:965:74)
    at performUnitOfWork (http://localhost:3001/_next/static/chunks/f12ff_next_dist_compiled_react-dom_7b2f6d3d._.js:9562:97)
    at workLoopSync (http://localhost:3001/_next/static/chunks/f12ff_next_dist_compiled_react-dom_7b2f6d3d._.js:9456:40)
    at renderRootSync (http://localhost:3001/_next/static/chunks/f12ff_next_dist_compiled_react-dom_7b2f6d3d._.js:9440:13)
    at performWorkOnRoot (http://localhost:3001/_next/static/chunks/f12ff_next_dist_compiled_react-dom_7b2f6d3d._.js:9068:186)
    at performWorkOnRootViaSchedulerTask (http://localhost:3001/_next/static/chunks/f12ff_next_dist_compiled_react-dom_7b2f6d3d._.js:10230:9)
    at MessagePort.performWorkUntilDeadline (http://localhost:3001/_next/static/chunks/f12ff_next_dist_compiled_cd863794._.js:2647:64) @ http://localhost:3001/_next/static/chunks/f12ff_next_dist_95687940._.js:3132
[  835365ms] [ERROR] IntlError: MISSING_MESSAGE: Cannot read properties of undefined (reading 'split')
    at getFallbackFromErrorAndNotify (http://localhost:3001/_next/static/chunks/node_modules__pnpm_a92eadf3._.js:7251:23)
    at translateBaseFn (http://localhost:3001/_next/static/chunks/node_modules__pnpm_a92eadf3._.js:7281:28)
    at translateFn (http://localhost:3001/_next/static/chunks/node_modules__pnpm_a92eadf3._.js:7343:24)
    at labelFor (http://localhost:3001/_next/static/chunks/_af79dd3a._.js:633:30)
    at http://localhost:3001/_next/static/chunks/_af79dd3a._.js:142:34
    at Array.map (<anonymous>)
    at RegionChoropleth (http://localhost:3001/_next/static/chunks/_af79dd3a._.js:134:43)
    at Object.react_stack_bottom_frame (http://localhost:3001/_next/static/chunks/f12ff_next_dist_compiled_react-dom_7b2f6d3d._.js:14826:24)
    at renderWithHooksAgain (http://localhost:3001/_next/static/chunks/f12ff_next_dist_compiled_react-dom_7b2f6d3d._.js:4706:24)
    at renderWithHooks (http://localhost:3001/_next/static/chunks/f12ff_next_dist_compiled_react-dom_7b2f6d3d._.js:4657:28)
    at updateFunctionComponent (http://localhost:3001/_next/static/chunks/f12ff_next_dist_compiled_react-dom_7b2f6d3d._.js:6112:21)
    at beginWork (http://localhost:3001/_next/static/chunks/f12ff_next_dist_compiled_react-dom_7b2f6d3d._.js:6708:24)
    at runWithFiberInDEV (http://localhost:3001/_next/static/chunks/f12ff_next_dist_compiled_react-dom_7b2f6d3d._.js:965:74)
    at performUnitOfWork (http://localhost:3001/_next/static/chunks/f12ff_next_dist_compiled_react-dom_7b2f6d3d._.js:9562:97)
    at workLoopSync (http://localhost:3001/_next/static/chunks/f12ff_next_dist_compiled_react-dom_7b2f6d3d._.js:9456:40)
    at renderRootSync (http://localhost:3001/_next/static/chunks/f12ff_next_dist_compiled_react-dom_7b2f6d3d._.js:9440:13)
    at performWorkOnRoot (http://localhost:3001/_next/static/chunks/f12ff_next_dist_compiled_react-dom_7b2f6d3d._.js:9068:186)
    at performWorkOnRootViaSchedulerTask (http://localhost:3001/_next/static/chunks/f12ff_next_dist_compiled_react-dom_7b2f6d3d._.js:10230:9)
    at MessagePort.performWorkUntilDeadline (http://localhost:3001/_next/static/chunks/f12ff_next_dist_compiled_cd863794._.js:2647:64) @ http://localhost:3001/_next/static/chunks/f12ff_next_dist_95687940._.js:3132
[  835365ms] [ERROR] IntlError: MISSING_MESSAGE: Cannot read properties of undefined (reading 'split')
    at getFallbackFromErrorAndNotify (http://localhost:3001/_next/static/chunks/node_modules__pnpm_a92eadf3._.js:7251:23)
    at translateBaseFn (http://localhost:3001/_next/static/chunks/node_modules__pnpm_a92eadf3._.js:7281:28)
    at translateFn (http://localhost:3001/_next/static/chunks/node_modules__pnpm_a92eadf3._.js:7343:24)
    at labelFor (http://localhost:3001/_next/static/chunks/_af79dd3a._.js:633:30)
    at http://localhost:3001/_next/static/chunks/_af79dd3a._.js:142:34
    at Array.map (<anonymous>)
    at RegionChoropleth (http://localhost:3001/_next/static/chunks/_af79dd3a._.js:134:43)
    at Object.react_stack_bottom_frame (http://localhost:3001/_next/static/chunks/f12ff_next_dist_compiled_react-dom_7b2f6d3d._.js:14826:24)
    at renderWithHooksAgain (http://localhost:3001/_next/static/chunks/f12ff_next_dist_compiled_react-dom_7b2f6d3d._.js:4706:24)
    at renderWithHooks (http://localhost:3001/_next/static/chunks/f12ff_next_dist_compiled_react-dom_7b2f6d3d._.js:4657:28)
    at updateFunctionComponent (http://localhost:3001/_next/static/chunks/f12ff_next_dist_compiled_react-dom_7b2f6d3d._.js:6112:21)
    at beginWork (http://localhost:3001/_next/static/chunks/f12ff_next_dist_compiled_react-dom_7b2f6d3d._.js:6708:24)
    at runWithFiberInDEV (http://localhost:3001/_next/static/chunks/f12ff_next_dist_compiled_react-dom_7b2f6d3d._.js:965:74)
    at performUnitOfWork (http://localhost:3001/_next/static/chunks/f12ff_next_dist_compiled_react-dom_7b2f6d3d._.js:9562:97)
    at workLoopSync (http://localhost:3001/_next/static/chunks/f12ff_next_dist_compiled_react-dom_7b2f6d3d._.js:9456:40)
    at renderRootSync (http://localhost:3001/_next/static/chunks/f12ff_next_dist_compiled_react-dom_7b2f6d3d._.js:9440:13)
    at performWorkOnRoot (http://localhost:3001/_next/static/chunks/f12ff_next_dist_compiled_react-dom_7b2f6d3d._.js:9068:186)
    at performWorkOnRootViaSchedulerTask (http://localhost:3001/_next/static/chunks/f12ff_next_dist_compiled_react-dom_7b2f6d3d._.js:10230:9)
    at MessagePort.performWorkUntilDeadline (http://localhost:3001/_next/static/chunks/f12ff_next_dist_compiled_cd863794._.js:2647:64) @ http://localhost:3001/_next/static/chunks/f12ff_next_dist_95687940._.js:3132
[  835365ms] [ERROR] IntlError: MISSING_MESSAGE: Cannot read properties of undefined (reading 'split')
    at getFallbackFromErrorAndNotify (http://localhost:3001/_next/static/chunks/node_modules__pnpm_a92eadf3._.js:7251:23)
    at translateBaseFn (http://localhost:3001/_next/static/chunks/node_modules__pnpm_a92eadf3._.js:7281:28)
    at translateFn (http://localhost:3001/_next/static/chunks/node_modules__pnpm_a92eadf3._.js:7343:24)
    at labelFor (http://localhost:3001/_next/static/chunks/_af79dd3a._.js:633:30)
    at http://localhost:3001/_next/static/chunks/_af79dd3a._.js:142:34
    at Array.map (<anonymous>)
    at RegionChoropleth (http://localhost:3001/_next/static/chunks/_af79dd3a._.js:134:43)
    at Object.react_stack_bottom_frame (http://localhost:3001/_next/static/chunks/f12ff_next_dist_compiled_react-dom_7b2f6d3d._.js:14826:24)
    at renderWithHooksAgain (http://localhost:3001/_next/static/chunks/f12ff_next_dist_compiled_react-dom_7b2f6d3d._.js:4706:24)
    at renderWithHooks (http://localhost:3001/_next/static/chunks/f12ff_next_dist_compiled_react-dom_7b2f6d3d._.js:4657:28)
    at updateFunctionComponent (http://localhost:3001/_next/static/chunks/f12ff_next_dist_compiled_react-dom_7b2f6d3d._.js:6112:21)
    at beginWork (http://localhost:3001/_next/static/chunks/f12ff_next_dist_compiled_react-dom_7b2f6d3d._.js:6708:24)
    at runWithFiberInDEV (http://localhost:3001/_next/static/chunks/f12ff_next_dist_compiled_react-dom_7b2f6d3d._.js:965:74)
    at performUnitOfWork (http://localhost:3001/_next/static/chunks/f12ff_next_dist_compiled_react-dom_7b2f6d3d._.js:9562:97)
    at workLoopSync (http://localhost:3001/_next/static/chunks/f12ff_next_dist_compiled_react-dom_7b2f6d3d._.js:9456:40)
    at renderRootSync (http://localhost:3001/_next/static/chunks/f12ff_next_dist_compiled_react-dom_7b2f6d3d._.js:9440:13)
    at performWorkOnRoot (http://localhost:3001/_next/static/chunks/f12ff_next_dist_compiled_react-dom_7b2f6d3d._.js:9068:186)
    at performWorkOnRootViaSchedulerTask (http://localhost:3001/_next/static/chunks/f12ff_next_dist_compiled_react-dom_7b2f6d3d._.js:10230:9)
    at MessagePort.performWorkUntilDeadline (http://localhost:3001/_next/static/chunks/f12ff_next_dist_compiled_cd863794._.js:2647:64) @ http://localhost:3001/_next/static/chunks/f12ff_next_dist_95687940._.js:3132
[  835623ms] [ERROR] IntlError: MISSING_MESSAGE: Cannot read properties of undefined (reading 'split')
    at getFallbackFromErrorAndNotify (http://localhost:3001/_next/static/chunks/node_modules__pnpm_a92eadf3._.js:7251:23)
    at translateBaseFn (http://localhost:3001/_next/static/chunks/node_modules__pnpm_a92eadf3._.js:7281:28)
    at translateFn (http://localhost:3001/_next/static/chunks/node_modules__pnpm_a92eadf3._.js:7343:24)
    at labelFor (http://localhost:3001/_next/static/chunks/_af79dd3a._.js:633:30)
    at http://localhost:3001/_next/static/chunks/_af79dd3a._.js:142:34
    at Array.map (<anonymous>)
    at RegionChoropleth (http://localhost:3001/_next/static/chunks/_af79dd3a._.js:134:43)
    at Object.react_stack_bottom_frame (http://localhost:3001/_next/static/chunks/f12ff_next_dist_compiled_react-dom_7b2f6d3d._.js:14826:24)
    at renderWithHooks (http://localhost:3001/_next/static/chunks/f12ff_next_dist_compiled_react-dom_7b2f6d3d._.js:4651:24)
    at updateFunctionComponent (http://localhost:3001/_next/static/chunks/f12ff_next_dist_compiled_react-dom_7b2f6d3d._.js:6112:21)
    at beginWork (http://localhost:3001/_next/static/chunks/f12ff_next_dist_compiled_react-dom_7b2f6d3d._.js:6708:24)
    at runWithFiberInDEV (http://localhost:3001/_next/static/chunks/f12ff_next_dist_compiled_react-dom_7b2f6d3d._.js:965:74)
    at performUnitOfWork (http://localhost:3001/_next/static/chunks/f12ff_next_dist_compiled_react-dom_7b2f6d3d._.js:9562:97)
    at workLoopSync (http://localhost:3001/_next/static/chunks/f12ff_next_dist_compiled_react-dom_7b2f6d3d._.js:9456:40)
    at renderRootSync (http://localhost:3001/_next/static/chunks/f12ff_next_dist_compiled_react-dom_7b2f6d3d._.js:9440:13)
    at performWorkOnRoot (http://localhost:3001/_next/static/chunks/f12ff_next_dist_compiled_react-dom_7b2f6d3d._.js:9068:186)
    at performWorkOnRootViaSchedulerTask (http://localhost:3001/_next/static/chunks/f12ff_next_dist_compiled_react-dom_7b2f6d3d._.js:10230:9)
    at MessagePort.performWorkUntilDeadline (http://localhost:3001/_next/static/chunks/f12ff_next_dist_compiled_cd863794._.js:2647:64) @ http://localhost:3001/_next/static/chunks/f12ff_next_dist_95687940._.js:3132
[  835624ms] [ERROR] IntlError: MISSING_MESSAGE: Cannot read properties of undefined (reading 'split')
    at getFallbackFromErrorAndNotify (http://localhost:3001/_next/static/chunks/node_modules__pnpm_a92eadf3._.js:7251:23)
    at translateBaseFn (http://localhost:3001/_next/static/chunks/node_modules__pnpm_a92eadf3._.js:7281:28)
    at translateFn (http://localhost:3001/_next/static/chunks/node_modules__pnpm_a92eadf3._.js:7343:24)
    at labelFor (http://localhost:3001/_next/static/chunks/_af79dd3a._.js:633:30)
    at http://localhost:3001/_next/static/chunks/_af79dd3a._.js:142:34
    at Array.map (<anonymous>)
    at RegionChoropleth (http://localhost:3001/_next/static/chunks/_af79dd3a._.js:134:43)
    at Object.react_stack_bottom_frame (http://localhost:3001/_next/static/chunks/f12ff_next_dist_compiled_react-dom_7b2f6d3d._.js:14826:24)
    at renderWithHooks (http://localhost:3001/_next/static/chunks/f12ff_next_dist_compiled_react-dom_7b2f6d3d._.js:4651:24)
    at updateFunctionComponent (http://localhost:3001/_next/static/chunks/f12ff_next_dist_compiled_react-dom_7b2f6d3d._.js:6112:21)
    at beginWork (http://localhost:3001/_next/static/chunks/f12ff_next_dist_compiled_react-dom_7b2f6d3d._.js:6708:24)
    at runWithFiberInDEV (http://localhost:3001/_next/static/chunks/f12ff_next_dist_compiled_react-dom_7b2f6d3d._.js:965:74)
    at performUnitOfWork (http://localhost:3001/_next/static/chunks/f12ff_next_dist_compiled_react-dom_7b2f6d3d._.js:9562:97)
    at workLoopSync (http://localhost:3001/_next/static/chunks/f12ff_next_dist_compiled_react-dom_7b2f6d3d._.js:9456:40)
    at renderRootSync (http://localhost:3001/_next/static/chunks/f12ff_next_dist_compiled_react-dom_7b2f6d3d._.js:9440:13)
    at performWorkOnRoot (http://localhost:3001/_next/static/chunks/f12ff_next_dist_compiled_react-dom_7b2f6d3d._.js:9068:186)
    at performWorkOnRootViaSchedulerTask (http://localhost:3001/_next/static/chunks/f12ff_next_dist_compiled_react-dom_7b2f6d3d._.js:10230:9)
    at MessagePort.performWorkUntilDeadline (http://localhost:3001/_next/static/chunks/f12ff_next_dist_compiled_cd863794._.js:2647:64) @ http://localhost:3001/_next/static/chunks/f12ff_next_dist_95687940._.js:3132
[  835624ms] [ERROR] IntlError: MISSING_MESSAGE: Cannot read properties of undefined (reading 'split')
    at getFallbackFromErrorAndNotify (http://localhost:3001/_next/static/chunks/node_modules__pnpm_a92eadf3._.js:7251:23)
    at translateBaseFn (http://localhost:3001/_next/static/chunks/node_modules__pnpm_a92eadf3._.js:7281:28)
    at translateFn (http://localhost:3001/_next/static/chunks/node_modules__pnpm_a92eadf3._.js:7343:24)
    at labelFor (http://localhost:3001/_next/static/chunks/_af79dd3a._.js:633:30)
    at http://localhost:3001/_next/static/chunks/_af79dd3a._.js:142:34
    at Array.map (<anonymous>)
    at RegionChoropleth (http://localhost:3001/_next/static/chunks/_af79dd3a._.js:134:43)
    at Object.react_stack_bottom_frame (http://localhost:3001/_next/static/chunks/f12ff_next_dist_compiled_react-dom_7b2f6d3d._.js:14826:24)
    at renderWithHooks (http://localhost:3001/_next/static/chunks/f12ff_next_dist_compiled_react-dom_7b2f6d3d._.js:4651:24)
    at updateFunctionComponent (http://localhost:3001/_next/static/chunks/f12ff_next_dist_compiled_react-dom_7b2f6d3d._.js:6112:21)
    at beginWork (http://localhost:3001/_next/static/chunks/f12ff_next_dist_compiled_react-dom_7b2f6d3d._.js:6708:24)
    at runWithFiberInDEV (http://localhost:3001/_next/static/chunks/f12ff_next_dist_compiled_react-dom_7b2f6d3d._.js:965:74)
    at performUnitOfWork (http://localhost:3001/_next/static/chunks/f12ff_next_dist_compiled_react-dom_7b2f6d3d._.js:9562:97)
    at workLoopSync (http://localhost:3001/_next/static/chunks/f12ff_next_dist_compiled_react-dom_7b2f6d3d._.js:9456:40)
    at renderRootSync (http://localhost:3001/_next/static/chunks/f12ff_next_dist_compiled_react-dom_7b2f6d3d._.js:9440:13)
    at performWorkOnRoot (http://localhost:3001/_next/static/chunks/f12ff_next_dist_compiled_react-dom_7b2f6d3d._.js:9068:186)
    at performWorkOnRootViaSchedulerTask (http://localhost:3001/_next/static/chunks/f12ff_next_dist_compiled_react-dom_7b2f6d3d._.js:10230:9)
    at MessagePort.performWorkUntilDeadline (http://localhost:3001/_next/static/chunks/f12ff_next_dist_compiled_cd863794._.js:2647:64) @ http://localhost:3001/_next/static/chunks/f12ff_next_dist_95687940._.js:3132
[  835624ms] [ERROR] IntlError: MISSING_MESSAGE: Cannot read properties of undefined (reading 'split')
    at getFallbackFromErrorAndNotify (http://localhost:3001/_next/static/chunks/node_modules__pnpm_a92eadf3._.js:7251:23)
    at translateBaseFn (http://localhost:3001/_next/static/chunks/node_modules__pnpm_a92eadf3._.js:7281:28)
    at translateFn (http://localhost:3001/_next/static/chunks/node_modules__pnpm_a92eadf3._.js:7343:24)
    at labelFor (http://localhost:3001/_next/static/chunks/_af79dd3a._.js:633:30)
    at http://localhost:3001/_next/static/chunks/_af79dd3a._.js:142:34
    at Array.map (<anonymous>)
    at RegionChoropleth (http://localhost:3001/_next/static/chunks/_af79dd3a._.js:134:43)
    at Object.react_stack_bottom_frame (http://localhost:3001/_next/static/chunks/f12ff_next_dist_compiled_react-dom_7b2f6d3d._.js:14826:24)
    at renderWithHooks (http://localhost:3001/_next/static/chunks/f12ff_next_dist_compiled_react-dom_7b2f6d3d._.js:4651:24)
    at updateFunctionComponent (http://localhost:3001/_next/static/chunks/f12ff_next_dist_compiled_react-dom_7b2f6d3d._.js:6112:21)
    at beginWork (http://localhost:3001/_next/static/chunks/f12ff_next_dist_compiled_react-dom_7b2f6d3d._.js:6708:24)
    at runWithFiberInDEV (http://localhost:3001/_next/static/chunks/f12ff_next_dist_compiled_react-dom_7b2f6d3d._.js:965:74)
    at performUnitOfWork (http://localhost:3001/_next/static/chunks/f12ff_next_dist_compiled_react-dom_7b2f6d3d._.js:9562:97)
    at workLoopSync (http://localhost:3001/_next/static/chunks/f12ff_next_dist_compiled_react-dom_7b2f6d3d._.js:9456:40)
    at renderRootSync (http://localhost:3001/_next/static/chunks/f12ff_next_dist_compiled_react-dom_7b2f6d3d._.js:9440:13)
    at performWorkOnRoot (http://localhost:3001/_next/static/chunks/f12ff_next_dist_compiled_react-dom_7b2f6d3d._.js:9068:186)
    at performWorkOnRootViaSchedulerTask (http://localhost:3001/_next/static/chunks/f12ff_next_dist_compiled_react-dom_7b2f6d3d._.js:10230:9)
    at MessagePort.performWorkUntilDeadline (http://localhost:3001/_next/static/chunks/f12ff_next_dist_compiled_cd863794._.js:2647:64) @ http://localhost:3001/_next/static/chunks/f12ff_next_dist_95687940._.js:3132
[  835624ms] [ERROR] IntlError: MISSING_MESSAGE: Cannot read properties of undefined (reading 'split')
    at getFallbackFromErrorAndNotify (http://localhost:3001/_next/static/chunks/node_modules__pnpm_a92eadf3._.js:7251:23)
    at translateBaseFn (http://localhost:3001/_next/static/chunks/node_modules__pnpm_a92eadf3._.js:7281:28)
    at translateFn (http://localhost:3001/_next/static/chunks/node_modules__pnpm_a92eadf3._.js:7343:24)
    at labelFor (http://localhost:3001/_next/static/chunks/_af79dd3a._.js:633:30)
    at http://localhost:3001/_next/static/chunks/_af79dd3a._.js:142:34
    at Array.map (<anonymous>)
    at RegionChoropleth (http://localhost:3001/_next/static/chunks/_af79dd3a._.js:134:43)
    at Object.react_stack_bottom_frame (http://localhost:3001/_next/static/chunks/f12ff_next_dist_compiled_react-dom_7b2f6d3d._.js:14826:24)
    at renderWithHooks (http://localhost:3001/_next/static/chunks/f12ff_next_dist_compiled_react-dom_7b2f6d3d._.js:4651:24)
    at updateFunctionComponent (http://localhost:3001/_next/static/chunks/f12ff_next_dist_compiled_react-dom_7b2f6d3d._.js:6112:21)
    at beginWork (http://localhost:3001/_next/static/chunks/f12ff_next_dist_compiled_react-dom_7b2f6d3d._.js:6708:24)
    at runWithFiberInDEV (http://localhost:3001/_next/static/chunks/f12ff_next_dist_compiled_react-dom_7b2f6d3d._.js:965:74)
    at performUnitOfWork (http://localhost:3001/_next/static/chunks/f12ff_next_dist_compiled_react-dom_7b2f6d3d._.js:9562:97)
    at workLoopSync (http://localhost:3001/_next/static/chunks/f12ff_next_dist_compiled_react-dom_7b2f6d3d._.js:9456:40)
    at renderRootSync (http://localhost:3001/_next/static/chunks/f12ff_next_dist_compiled_react-dom_7b2f6d3d._.js:9440:13)
    at performWorkOnRoot (http://localhost:3001/_next/static/chunks/f12ff_next_dist_compiled_react-dom_7b2f6d3d._.js:9068:186)
    at performWorkOnRootViaSchedulerTask (http://localhost:3001/_next/static/chunks/f12ff_next_dist_compiled_react-dom_7b2f6d3d._.js:10230:9)
    at MessagePort.performWorkUntilDeadline (http://localhost:3001/_next/static/chunks/f12ff_next_dist_compiled_cd863794._.js:2647:64) @ http://localhost:3001/_next/static/chunks/f12ff_next_dist_95687940._.js:3132
[  835624ms] [ERROR] IntlError: MISSING_MESSAGE: Cannot read properties of undefined (reading 'split')
    at getFallbackFromErrorAndNotify (http://localhost:3001/_next/static/chunks/node_modules__pnpm_a92eadf3._.js:7251:23)
    at translateBaseFn (http://localhost:3001/_next/static/chunks/node_modules__pnpm_a92eadf3._.js:7281:28)
    at translateFn (http://localhost:3001/_next/static/chunks/node_modules__pnpm_a92eadf3._.js:7343:24)
    at labelFor (http://localhost:3001/_next/static/chunks/_af79dd3a._.js:633:30)
    at http://localhost:3001/_next/static/chunks/_af79dd3a._.js:142:34
    at Array.map (<anonymous>)
    at RegionChoropleth (http://localhost:3001/_next/static/chunks/_af79dd3a._.js:134:43)
    at Object.react_stack_bottom_frame (http://localhost:3001/_next/static/chunks/f12ff_next_dist_compiled_react-dom_7b2f6d3d._.js:14826:24)
    at renderWithHooks (http://localhost:3001/_next/static/chunks/f12ff_next_dist_compiled_react-dom_7b2f6d3d._.js:4651:24)
    at updateFunctionComponent (http://localhost:3001/_next/static/chunks/f12ff_next_dist_compiled_react-dom_7b2f6d3d._.js:6112:21)
    at beginWork (http://localhost:3001/_next/static/chunks/f12ff_next_dist_compiled_react-dom_7b2f6d3d._.js:6708:24)
    at runWithFiberInDEV (http://localhost:3001/_next/static/chunks/f12ff_next_dist_compiled_react-dom_7b2f6d3d._.js:965:74)
    at performUnitOfWork (http://localhost:3001/_next/static/chunks/f12ff_next_dist_compiled_react-dom_7b2f6d3d._.js:9562:97)
    at workLoopSync (http://localhost:3001/_next/static/chunks/f12ff_next_dist_compiled_react-dom_7b2f6d3d._.js:9456:40)
    at renderRootSync (http://localhost:3001/_next/static/chunks/f12ff_next_dist_compiled_react-dom_7b2f6d3d._.js:9440:13)
    at performWorkOnRoot (http://localhost:3001/_next/static/chunks/f12ff_next_dist_compiled_react-dom_7b2f6d3d._.js:9068:186)
    at performWorkOnRootViaSchedulerTask (http://localhost:3001/_next/static/chunks/f12ff_next_dist_compiled_react-dom_7b2f6d3d._.js:10230:9)
    at MessagePort.performWorkUntilDeadline (http://localhost:3001/_next/static/chunks/f12ff_next_dist_compiled_cd863794._.js:2647:64) @ http://localhost:3001/_next/static/chunks/f12ff_next_dist_95687940._.js:3132
[  835624ms] [ERROR] IntlError: MISSING_MESSAGE: Cannot read properties of undefined (reading 'split')
    at getFallbackFromErrorAndNotify (http://localhost:3001/_next/static/chunks/node_modules__pnpm_a92eadf3._.js:7251:23)
    at translateBaseFn (http://localhost:3001/_next/static/chunks/node_modules__pnpm_a92eadf3._.js:7281:28)
    at translateFn (http://localhost:3001/_next/static/chunks/node_modules__pnpm_a92eadf3._.js:7343:24)
    at labelFor (http://localhost:3001/_next/static/chunks/_af79dd3a._.js:633:30)
    at http://localhost:3001/_next/static/chunks/_af79dd3a._.js:142:34
    at Array.map (<anonymous>)
    at RegionChoropleth (http://localhost:3001/_next/static/chunks/_af79dd3a._.js:134:43)
    at Object.react_stack_bottom_frame (http://localhost:3001/_next/static/chunks/f12ff_next_dist_compiled_react-dom_7b2f6d3d._.js:14826:24)
    at renderWithHooks (http://localhost:3001/_next/static/chunks/f12ff_next_dist_compiled_react-dom_7b2f6d3d._.js:4651:24)
    at updateFunctionComponent (http://localhost:3001/_next/static/chunks/f12ff_next_dist_compiled_react-dom_7b2f6d3d._.js:6112:21)
    at beginWork (http://localhost:3001/_next/static/chunks/f12ff_next_dist_compiled_react-dom_7b2f6d3d._.js:6708:24)
    at runWithFiberInDEV (http://localhost:3001/_next/static/chunks/f12ff_next_dist_compiled_react-dom_7b2f6d3d._.js:965:74)
    at performUnitOfWork (http://localhost:3001/_next/static/chunks/f12ff_next_dist_compiled_react-dom_7b2f6d3d._.js:9562:97)
    at workLoopSync (http://localhost:3001/_next/static/chunks/f12ff_next_dist_compiled_react-dom_7b2f6d3d._.js:9456:40)
    at renderRootSync (http://localhost:3001/_next/static/chunks/f12ff_next_dist_compiled_react-dom_7b2f6d3d._.js:9440:13)
    at performWorkOnRoot (http://localhost:3001/_next/static/chunks/f12ff_next_dist_compiled_react-dom_7b2f6d3d._.js:9068:186)
    at performWorkOnRootViaSchedulerTask (http://localhost:3001/_next/static/chunks/f12ff_next_dist_compiled_react-dom_7b2f6d3d._.js:10230:9)
    at MessagePort.performWorkUntilDeadline (http://localhost:3001/_next/static/chunks/f12ff_next_dist_compiled_cd863794._.js:2647:64) @ http://localhost:3001/_next/static/chunks/f12ff_next_dist_95687940._.js:3132
[  835624ms] [ERROR] IntlError: MISSING_MESSAGE: Cannot read properties of undefined (reading 'split')
    at getFallbackFromErrorAndNotify (http://localhost:3001/_next/static/chunks/node_modules__pnpm_a92eadf3._.js:7251:23)
    at translateBaseFn (http://localhost:3001/_next/static/chunks/node_modules__pnpm_a92eadf3._.js:7281:28)
    at translateFn (http://localhost:3001/_next/static/chunks/node_modules__pnpm_a92eadf3._.js:7343:24)
    at labelFor (http://localhost:3001/_next/static/chunks/_af79dd3a._.js:633:30)
    at http://localhost:3001/_next/static/chunks/_af79dd3a._.js:142:34
    at Array.map (<anonymous>)
    at RegionChoropleth (http://localhost:3001/_next/static/chunks/_af79dd3a._.js:134:43)
    at Object.react_stack_bottom_frame (http://localhost:3001/_next/static/chunks/f12ff_next_dist_compiled_react-dom_7b2f6d3d._.js:14826:24)
    at renderWithHooksAgain (http://localhost:3001/_next/static/chunks/f12ff_next_dist_compiled_react-dom_7b2f6d3d._.js:4706:24)
    at renderWithHooks (http://localhost:3001/_next/static/chunks/f12ff_next_dist_compiled_react-dom_7b2f6d3d._.js:4657:28)
    at updateFunctionComponent (http://localhost:3001/_next/static/chunks/f12ff_next_dist_compiled_react-dom_7b2f6d3d._.js:6112:21)
    at beginWork (http://localhost:3001/_next/static/chunks/f12ff_next_dist_compiled_react-dom_7b2f6d3d._.js:6708:24)
    at runWithFiberInDEV (http://localhost:3001/_next/static/chunks/f12ff_next_dist_compiled_react-dom_7b2f6d3d._.js:965:74)
    at performUnitOfWork (http://localhost:3001/_next/static/chunks/f12ff_next_dist_compiled_react-dom_7b2f6d3d._.js:9562:97)
    at workLoopSync (http://localhost:3001/_next/static/chunks/f12ff_next_dist_compiled_react-dom_7b2f6d3d._.js:9456:40)
    at renderRootSync (http://localhost:3001/_next/static/chunks/f12ff_next_dist_compiled_react-dom_7b2f6d3d._.js:9440:13)
    at performWorkOnRoot (http://localhost:3001/_next/static/chunks/f12ff_next_dist_compiled_react-dom_7b2f6d3d._.js:9068:186)
    at performWorkOnRootViaSchedulerTask (http://localhost:3001/_next/static/chunks/f12ff_next_dist_compiled_react-dom_7b2f6d3d._.js:10230:9)
    at MessagePort.performWorkUntilDeadline (http://localhost:3001/_next/static/chunks/f12ff_next_dist_compiled_cd863794._.js:2647:64) @ http://localhost:3001/_next/static/chunks/f12ff_next_dist_95687940._.js:3132
[  835624ms] [ERROR] IntlError: MISSING_MESSAGE: Cannot read properties of undefined (reading 'split')
    at getFallbackFromErrorAndNotify (http://localhost:3001/_next/static/chunks/node_modules__pnpm_a92eadf3._.js:7251:23)
    at translateBaseFn (http://localhost:3001/_next/static/chunks/node_modules__pnpm_a92eadf3._.js:7281:28)
    at translateFn (http://localhost:3001/_next/static/chunks/node_modules__pnpm_a92eadf3._.js:7343:24)
    at labelFor (http://localhost:3001/_next/static/chunks/_af79dd3a._.js:633:30)
    at http://localhost:3001/_next/static/chunks/_af79dd3a._.js:142:34
    at Array.map (<anonymous>)
    at RegionChoropleth (http://localhost:3001/_next/static/chunks/_af79dd3a._.js:134:43)
    at Object.react_stack_bottom_frame (http://localhost:3001/_next/static/chunks/f12ff_next_dist_compiled_react-dom_7b2f6d3d._.js:14826:24)
    at renderWithHooksAgain (http://localhost:3001/_next/static/chunks/f12ff_next_dist_compiled_react-dom_7b2f6d3d._.js:4706:24)
    at renderWithHooks (http://localhost:3001/_next/static/chunks/f12ff_next_dist_compiled_react-dom_7b2f6d3d._.js:4657:28)
    at updateFunctionComponent (http://localhost:3001/_next/static/chunks/f12ff_next_dist_compiled_react-dom_7b2f6d3d._.js:6112:21)
    at beginWork (http://localhost:3001/_next/static/chunks/f12ff_next_dist_compiled_react-dom_7b2f6d3d._.js:6708:24)
    at runWithFiberInDEV (http://localhost:3001/_next/static/chunks/f12ff_next_dist_compiled_react-dom_7b2f6d3d._.js:965:74)
    at performUnitOfWork (http://localhost:3001/_next/static/chunks/f12ff_next_dist_compiled_react-dom_7b2f6d3d._.js:9562:97)
    at workLoopSync (http://localhost:3001/_next/static/chunks/f12ff_next_dist_compiled_react-dom_7b2f6d3d._.js:9456:40)
    at renderRootSync (http://localhost:3001/_next/static/chunks/f12ff_next_dist_compiled_react-dom_7b2f6d3d._.js:9440:13)
    at performWorkOnRoot (http://localhost:3001/_next/static/chunks/f12ff_next_dist_compiled_react-dom_7b2f6d3d._.js:9068:186)
    at performWorkOnRootViaSchedulerTask (http://localhost:3001/_next/static/chunks/f12ff_next_dist_compiled_react-dom_7b2f6d3d._.js:10230:9)
    at MessagePort.performWorkUntilDeadline (http://localhost:3001/_next/static/chunks/f12ff_next_dist_compiled_cd863794._.js:2647:64) @ http://localhost:3001/_next/static/chunks/f12ff_next_dist_95687940._.js:3132
[  835625ms] [ERROR] IntlError: MISSING_MESSAGE: Cannot read properties of undefined (reading 'split')
    at getFallbackFromErrorAndNotify (http://localhost:3001/_next/static/chunks/node_modules__pnpm_a92eadf3._.js:7251:23)
    at translateBaseFn (http://localhost:3001/_next/static/chunks/node_modules__pnpm_a92eadf3._.js:7281:28)
    at translateFn (http://localhost:3001/_next/static/chunks/node_modules__pnpm_a92eadf3._.js:7343:24)
    at labelFor (http://localhost:3001/_next/static/chunks/_af79dd3a._.js:633:30)
    at http://localhost:3001/_next/static/chunks/_af79dd3a._.js:142:34
    at Array.map (<anonymous>)
    at RegionChoropleth (http://localhost:3001/_next/static/chunks/_af79dd3a._.js:134:43)
    at Object.react_stack_bottom_frame (http://localhost:3001/_next/static/chunks/f12ff_next_dist_compiled_react-dom_7b2f6d3d._.js:14826:24)
    at renderWithHooksAgain (http://localhost:3001/_next/static/chunks/f12ff_next_dist_compiled_react-dom_7b2f6d3d._.js:4706:24)
    at renderWithHooks (http://localhost:3001/_next/static/chunks/f12ff_next_dist_compiled_react-dom_7b2f6d3d._.js:4657:28)
    at updateFunctionComponent (http://localhost:3001/_next/static/chunks/f12ff_next_dist_compiled_react-dom_7b2f6d3d._.js:6112:21)
    at beginWork (http://localhost:3001/_next/static/chunks/f12ff_next_dist_compiled_react-dom_7b2f6d3d._.js:6708:24)
    at runWithFiberInDEV (http://localhost:3001/_next/static/chunks/f12ff_next_dist_compiled_react-dom_7b2f6d3d._.js:965:74)
    at performUnitOfWork (http://localhost:3001/_next/static/chunks/f12ff_next_dist_compiled_react-dom_7b2f6d3d._.js:9562:97)
    at workLoopSync (http://localhost:3001/_next/static/chunks/f12ff_next_dist_compiled_react-dom_7b2f6d3d._.js:9456:40)
    at renderRootSync (http://localhost:3001/_next/static/chunks/f12ff_next_dist_compiled_react-dom_7b2f6d3d._.js:9440:13)
    at performWorkOnRoot (http://localhost:3001/_next/static/chunks/f12ff_next_dist_compiled_react-dom_7b2f6d3d._.js:9068:186)
    at performWorkOnRootViaSchedulerTask (http://localhost:3001/_next/static/chunks/f12ff_next_dist_compiled_react-dom_7b2f6d3d._.js:10230:9)
    at MessagePort.performWorkUntilDeadline (http://localhost:3001/_next/static/chunks/f12ff_next_dist_compiled_cd863794._.js:2647:64) @ http://localhost:3001/_next/static/chunks/f12ff_next_dist_95687940._.js:3132
[  835625ms] [ERROR] IntlError: MISSING_MESSAGE: Cannot read properties of undefined (reading 'split')
    at getFallbackFromErrorAndNotify (http://localhost:3001/_next/static/chunks/node_modules__pnpm_a92eadf3._.js:7251:23)
    at translateBaseFn (http://localhost:3001/_next/static/chunks/node_modules__pnpm_a92eadf3._.js:7281:28)
    at translateFn (http://localhost:3001/_next/static/chunks/node_modules__pnpm_a92eadf3._.js:7343:24)
    at labelFor (http://localhost:3001/_next/static/chunks/_af79dd3a._.js:633:30)
    at http://localhost:3001/_next/static/chunks/_af79dd3a._.js:142:34
    at Array.map (<anonymous>)
    at RegionChoropleth (http://localhost:3001/_next/static/chunks/_af79dd3a._.js:134:43)
    at Object.react_stack_bottom_frame (http://localhost:3001/_next/static/chunks/f12ff_next_dist_compiled_react-dom_7b2f6d3d._.js:14826:24)
    at renderWithHooksAgain (http://localhost:3001/_next/static/chunks/f12ff_next_dist_compiled_react-dom_7b2f6d3d._.js:4706:24)
    at renderWithHooks (http://localhost:3001/_next/static/chunks/f12ff_next_dist_compiled_react-dom_7b2f6d3d._.js:4657:28)
    at updateFunctionComponent (http://localhost:3001/_next/static/chunks/f12ff_next_dist_compiled_react-dom_7b2f6d3d._.js:6112:21)
    at beginWork (http://localhost:3001/_next/static/chunks/f12ff_next_dist_compiled_react-dom_7b2f6d3d._.js:6708:24)
    at runWithFiberInDEV (http://localhost:3001/_next/static/chunks/f12ff_next_dist_compiled_react-dom_7b2f6d3d._.js:965:74)
    at performUnitOfWork (http://localhost:3001/_next/static/chunks/f12ff_next_dist_compiled_react-dom_7b2f6d3d._.js:9562:97)
    at workLoopSync (http://localhost:3001/_next/static/chunks/f12ff_next_dist_compiled_react-dom_7b2f6d3d._.js:9456:40)
    at renderRootSync (http://localhost:3001/_next/static/chunks/f12ff_next_dist_compiled_react-dom_7b2f6d3d._.js:9440:13)
    at performWorkOnRoot (http://localhost:3001/_next/static/chunks/f12ff_next_dist_compiled_react-dom_7b2f6d3d._.js:9068:186)
    at performWorkOnRootViaSchedulerTask (http://localhost:3001/_next/static/chunks/f12ff_next_dist_compiled_react-dom_7b2f6d3d._.js:10230:9)
    at MessagePort.performWorkUntilDeadline (http://localhost:3001/_next/static/chunks/f12ff_next_dist_compiled_cd863794._.js:2647:64) @ http://localhost:3001/_next/static/chunks/f12ff_next_dist_95687940._.js:3132
[  835625ms] [ERROR] IntlError: MISSING_MESSAGE: Cannot read properties of undefined (reading 'split')
    at getFallbackFromErrorAndNotify (http://localhost:3001/_next/static/chunks/node_modules__pnpm_a92eadf3._.js:7251:23)
    at translateBaseFn (http://localhost:3001/_next/static/chunks/node_modules__pnpm_a92eadf3._.js:7281:28)
    at translateFn (http://localhost:3001/_next/static/chunks/node_modules__pnpm_a92eadf3._.js:7343:24)
    at labelFor (http://localhost:3001/_next/static/chunks/_af79dd3a._.js:633:30)
    at http://localhost:3001/_next/static/chunks/_af79dd3a._.js:142:34
    at Array.map (<anonymous>)
    at RegionChoropleth (http://localhost:3001/_next/static/chunks/_af79dd3a._.js:134:43)
    at Object.react_stack_bottom_frame (http://localhost:3001/_next/static/chunks/f12ff_next_dist_compiled_react-dom_7b2f6d3d._.js:14826:24)
    at renderWithHooksAgain (http://localhost:3001/_next/static/chunks/f12ff_next_dist_compiled_react-dom_7b2f6d3d._.js:4706:24)
    at renderWithHooks (http://localhost:3001/_next/static/chunks/f12ff_next_dist_compiled_react-dom_7b2f6d3d._.js:4657:28)
    at updateFunctionComponent (http://localhost:3001/_next/static/chunks/f12ff_next_dist_compiled_react-dom_7b2f6d3d._.js:6112:21)
    at beginWork (http://localhost:3001/_next/static/chunks/f12ff_next_dist_compiled_react-dom_7b2f6d3d._.js:6708:24)
    at runWithFiberInDEV (http://localhost:3001/_next/static/chunks/f12ff_next_dist_compiled_react-dom_7b2f6d3d._.js:965:74)
    at performUnitOfWork (http://localhost:3001/_next/static/chunks/f12ff_next_dist_compiled_react-dom_7b2f6d3d._.js:9562:97)
    at workLoopSync (http://localhost:3001/_next/static/chunks/f12ff_next_dist_compiled_react-dom_7b2f6d3d._.js:9456:40)
    at renderRootSync (http://localhost:3001/_next/static/chunks/f12ff_next_dist_compiled_react-dom_7b2f6d3d._.js:9440:13)
    at performWorkOnRoot (http://localhost:3001/_next/static/chunks/f12ff_next_dist_compiled_react-dom_7b2f6d3d._.js:9068:186)
    at performWorkOnRootViaSchedulerTask (http://localhost:3001/_next/static/chunks/f12ff_next_dist_compiled_react-dom_7b2f6d3d._.js:10230:9)
    at MessagePort.performWorkUntilDeadline (http://localhost:3001/_next/static/chunks/f12ff_next_dist_compiled_cd863794._.js:2647:64) @ http://localhost:3001/_next/static/chunks/f12ff_next_dist_95687940._.js:3132
[  835625ms] [ERROR] IntlError: MISSING_MESSAGE: Cannot read properties of undefined (reading 'split')
    at getFallbackFromErrorAndNotify (http://localhost:3001/_next/static/chunks/node_modules__pnpm_a92eadf3._.js:7251:23)
    at translateBaseFn (http://localhost:3001/_next/static/chunks/node_modules__pnpm_a92eadf3._.js:7281:28)
    at translateFn (http://localhost:3001/_next/static/chunks/node_modules__pnpm_a92eadf3._.js:7343:24)
    at labelFor (http://localhost:3001/_next/static/chunks/_af79dd3a._.js:633:30)
    at http://localhost:3001/_next/static/chunks/_af79dd3a._.js:142:34
    at Array.map (<anonymous>)
    at RegionChoropleth (http://localhost:3001/_next/static/chunks/_af79dd3a._.js:134:43)
    at Object.react_stack_bottom_frame (http://localhost:3001/_next/static/chunks/f12ff_next_dist_compiled_react-dom_7b2f6d3d._.js:14826:24)
    at renderWithHooksAgain (http://localhost:3001/_next/static/chunks/f12ff_next_dist_compiled_react-dom_7b2f6d3d._.js:4706:24)
    at renderWithHooks (http://localhost:3001/_next/static/chunks/f12ff_next_dist_compiled_react-dom_7b2f6d3d._.js:4657:28)
    at updateFunctionComponent (http://localhost:3001/_next/static/chunks/f12ff_next_dist_compiled_react-dom_7b2f6d3d._.js:6112:21)
    at beginWork (http://localhost:3001/_next/static/chunks/f12ff_next_dist_compiled_react-dom_7b2f6d3d._.js:6708:24)
    at runWithFiberInDEV (http://localhost:3001/_next/static/chunks/f12ff_next_dist_compiled_react-dom_7b2f6d3d._.js:965:74)
    at performUnitOfWork (http://localhost:3001/_next/static/chunks/f12ff_next_dist_compiled_react-dom_7b2f6d3d._.js:9562:97)
    at workLoopSync (http://localhost:3001/_next/static/chunks/f12ff_next_dist_compiled_react-dom_7b2f6d3d._.js:9456:40)
    at renderRootSync (http://localhost:3001/_next/static/chunks/f12ff_next_dist_compiled_react-dom_7b2f6d3d._.js:9440:13)
    at performWorkOnRoot (http://localhost:3001/_next/static/chunks/f12ff_next_dist_compiled_react-dom_7b2f6d3d._.js:9068:186)
    at performWorkOnRootViaSchedulerTask (http://localhost:3001/_next/static/chunks/f12ff_next_dist_compiled_react-dom_7b2f6d3d._.js:10230:9)
    at MessagePort.performWorkUntilDeadline (http://localhost:3001/_next/static/chunks/f12ff_next_dist_compiled_cd863794._.js:2647:64) @ http://localhost:3001/_next/static/chunks/f12ff_next_dist_95687940._.js:3132
[  835625ms] [ERROR] IntlError: MISSING_MESSAGE: Cannot read properties of undefined (reading 'split')
    at getFallbackFromErrorAndNotify (http://localhost:3001/_next/static/chunks/node_modules__pnpm_a92eadf3._.js:7251:23)
    at translateBaseFn (http://localhost:3001/_next/static/chunks/node_modules__pnpm_a92eadf3._.js:7281:28)
    at translateFn (http://localhost:3001/_next/static/chunks/node_modules__pnpm_a92eadf3._.js:7343:24)
    at labelFor (http://localhost:3001/_next/static/chunks/_af79dd3a._.js:633:30)
    at http://localhost:3001/_next/static/chunks/_af79dd3a._.js:142:34
    at Array.map (<anonymous>)
    at RegionChoropleth (http://localhost:3001/_next/static/chunks/_af79dd3a._.js:134:43)
    at Object.react_stack_bottom_frame (http://localhost:3001/_next/static/chunks/f12ff_next_dist_compiled_react-dom_7b2f6d3d._.js:14826:24)
    at renderWithHooksAgain (http://localhost:3001/_next/static/chunks/f12ff_next_dist_compiled_react-dom_7b2f6d3d._.js:4706:24)
    at renderWithHooks (http://localhost:3001/_next/static/chunks/f12ff_next_dist_compiled_react-dom_7b2f6d3d._.js:4657:28)
    at updateFunctionComponent (http://localhost:3001/_next/static/chunks/f12ff_next_dist_compiled_react-dom_7b2f6d3d._.js:6112:21)
    at beginWork (http://localhost:3001/_next/static/chunks/f12ff_next_dist_compiled_react-dom_7b2f6d3d._.js:6708:24)
    at runWithFiberInDEV (http://localhost:3001/_next/static/chunks/f12ff_next_dist_compiled_react-dom_7b2f6d3d._.js:965:74)
    at performUnitOfWork (http://localhost:3001/_next/static/chunks/f12ff_next_dist_compiled_react-dom_7b2f6d3d._.js:9562:97)
    at workLoopSync (http://localhost:3001/_next/static/chunks/f12ff_next_dist_compiled_react-dom_7b2f6d3d._.js:9456:40)
    at renderRootSync (http://localhost:3001/_next/static/chunks/f12ff_next_dist_compiled_react-dom_7b2f6d3d._.js:9440:13)
    at performWorkOnRoot (http://localhost:3001/_next/static/chunks/f12ff_next_dist_compiled_react-dom_7b2f6d3d._.js:9068:186)
    at performWorkOnRootViaSchedulerTask (http://localhost:3001/_next/static/chunks/f12ff_next_dist_compiled_react-dom_7b2f6d3d._.js:10230:9)
    at MessagePort.performWorkUntilDeadline (http://localhost:3001/_next/static/chunks/f12ff_next_dist_compiled_cd863794._.js:2647:64) @ http://localhost:3001/_next/static/chunks/f12ff_next_dist_95687940._.js:3132
[  835683ms] [ERROR] IntlError: MISSING_MESSAGE: Cannot read properties of undefined (reading 'split')
    at getFallbackFromErrorAndNotify (http://localhost:3001/_next/static/chunks/node_modules__pnpm_a92eadf3._.js:7251:23)
    at translateBaseFn (http://localhost:3001/_next/static/chunks/node_modules__pnpm_a92eadf3._.js:7281:28)
    at translateFn (http://localhost:3001/_next/static/chunks/node_modules__pnpm_a92eadf3._.js:7343:24)
    at labelFor (http://localhost:3001/_next/static/chunks/_af79dd3a._.js:633:30)
    at http://localhost:3001/_next/static/chunks/_af79dd3a._.js:142:34
    at Array.map (<anonymous>)
    at RegionChoropleth (http://localhost:3001/_next/static/chunks/_af79dd3a._.js:134:43)
    at Object.react_stack_bottom_frame (http://localhost:3001/_next/static/chunks/f12ff_next_dist_compiled_react-dom_7b2f6d3d._.js:14826:24)
    at renderWithHooks (http://localhost:3001/_next/static/chunks/f12ff_next_dist_compiled_react-dom_7b2f6d3d._.js:4651:24)
    at updateFunctionComponent (http://localhost:3001/_next/static/chunks/f12ff_next_dist_compiled_react-dom_7b2f6d3d._.js:6112:21)
    at beginWork (http://localhost:3001/_next/static/chunks/f12ff_next_dist_compiled_react-dom_7b2f6d3d._.js:6708:24)
    at runWithFiberInDEV (http://localhost:3001/_next/static/chunks/f12ff_next_dist_compiled_react-dom_7b2f6d3d._.js:965:74)
    at performUnitOfWork (http://localhost:3001/_next/static/chunks/f12ff_next_dist_compiled_react-dom_7b2f6d3d._.js:9562:97)
    at workLoopSync (http://localhost:3001/_next/static/chunks/f12ff_next_dist_compiled_react-dom_7b2f6d3d._.js:9456:40)
    at renderRootSync (http://localhost:3001/_next/static/chunks/f12ff_next_dist_compiled_react-dom_7b2f6d3d._.js:9440:13)
    at performWorkOnRoot (http://localhost:3001/_next/static/chunks/f12ff_next_dist_compiled_react-dom_7b2f6d3d._.js:9068:186)
    at performWorkOnRootViaSchedulerTask (http://localhost:3001/_next/static/chunks/f12ff_next_dist_compiled_react-dom_7b2f6d3d._.js:10230:9)
    at MessagePort.performWorkUntilDeadline (http://localhost:3001/_next/static/chunks/f12ff_next_dist_compiled_cd863794._.js:2647:64) @ http://localhost:3001/_next/static/chunks/f12ff_next_dist_95687940._.js:3132
[  835683ms] [ERROR] IntlError: MISSING_MESSAGE: Cannot read properties of undefined (reading 'split')
    at getFallbackFromErrorAndNotify (http://localhost:3001/_next/static/chunks/node_modules__pnpm_a92eadf3._.js:7251:23)
    at translateBaseFn (http://localhost:3001/_next/static/chunks/node_modules__pnpm_a92eadf3._.js:7281:28)
    at translateFn (http://localhost:3001/_next/static/chunks/node_modules__pnpm_a92eadf3._.js:7343:24)
    at labelFor (http://localhost:3001/_next/static/chunks/_af79dd3a._.js:633:30)
    at http://localhost:3001/_next/static/chunks/_af79dd3a._.js:142:34
    at Array.map (<anonymous>)
    at RegionChoropleth (http://localhost:3001/_next/static/chunks/_af79dd3a._.js:134:43)
    at Object.react_stack_bottom_frame (http://localhost:3001/_next/static/chunks/f12ff_next_dist_compiled_react-dom_7b2f6d3d._.js:14826:24)
    at renderWithHooks (http://localhost:3001/_next/static/chunks/f12ff_next_dist_compiled_react-dom_7b2f6d3d._.js:4651:24)
    at updateFunctionComponent (http://localhost:3001/_next/static/chunks/f12ff_next_dist_compiled_react-dom_7b2f6d3d._.js:6112:21)
    at beginWork (http://localhost:3001/_next/static/chunks/f12ff_next_dist_compiled_react-dom_7b2f6d3d._.js:6708:24)
    at runWithFiberInDEV (http://localhost:3001/_next/static/chunks/f12ff_next_dist_compiled_react-dom_7b2f6d3d._.js:965:74)
    at performUnitOfWork (http://localhost:3001/_next/static/chunks/f12ff_next_dist_compiled_react-dom_7b2f6d3d._.js:9562:97)
    at workLoopSync (http://localhost:3001/_next/static/chunks/f12ff_next_dist_compiled_react-dom_7b2f6d3d._.js:9456:40)
    at renderRootSync (http://localhost:3001/_next/static/chunks/f12ff_next_dist_compiled_react-dom_7b2f6d3d._.js:9440:13)
    at performWorkOnRoot (http://localhost:3001/_next/static/chunks/f12ff_next_dist_compiled_react-dom_7b2f6d3d._.js:9068:186)
    at performWorkOnRootViaSchedulerTask (http://localhost:3001/_next/static/chunks/f12ff_next_dist_compiled_react-dom_7b2f6d3d._.js:10230:9)
    at MessagePort.performWorkUntilDeadline (http://localhost:3001/_next/static/chunks/f12ff_next_dist_compiled_cd863794._.js:2647:64) @ http://localhost:3001/_next/static/chunks/f12ff_next_dist_95687940._.js:3132
[  835684ms] [ERROR] IntlError: MISSING_MESSAGE: Cannot read properties of undefined (reading 'split')
    at getFallbackFromErrorAndNotify (http://localhost:3001/_next/static/chunks/node_modules__pnpm_a92eadf3._.js:7251:23)
    at translateBaseFn (http://localhost:3001/_next/static/chunks/node_modules__pnpm_a92eadf3._.js:7281:28)
    at translateFn (http://localhost:3001/_next/static/chunks/node_modules__pnpm_a92eadf3._.js:7343:24)
    at labelFor (http://localhost:3001/_next/static/chunks/_af79dd3a._.js:633:30)
    at http://localhost:3001/_next/static/chunks/_af79dd3a._.js:142:34
    at Array.map (<anonymous>)
    at RegionChoropleth (http://localhost:3001/_next/static/chunks/_af79dd3a._.js:134:43)
    at Object.react_stack_bottom_frame (http://localhost:3001/_next/static/chunks/f12ff_next_dist_compiled_react-dom_7b2f6d3d._.js:14826:24)
    at renderWithHooks (http://localhost:3001/_next/static/chunks/f12ff_next_dist_compiled_react-dom_7b2f6d3d._.js:4651:24)
    at updateFunctionComponent (http://localhost:3001/_next/static/chunks/f12ff_next_dist_compiled_react-dom_7b2f6d3d._.js:6112:21)
    at beginWork (http://localhost:3001/_next/static/chunks/f12ff_next_dist_compiled_react-dom_7b2f6d3d._.js:6708:24)
    at runWithFiberInDEV (http://localhost:3001/_next/static/chunks/f12ff_next_dist_compiled_react-dom_7b2f6d3d._.js:965:74)
    at performUnitOfWork (http://localhost:3001/_next/static/chunks/f12ff_next_dist_compiled_react-dom_7b2f6d3d._.js:9562:97)
    at workLoopSync (http://localhost:3001/_next/static/chunks/f12ff_next_dist_compiled_react-dom_7b2f6d3d._.js:9456:40)
    at renderRootSync (http://localhost:3001/_next/static/chunks/f12ff_next_dist_compiled_react-dom_7b2f6d3d._.js:9440:13)
    at performWorkOnRoot (http://localhost:3001/_next/static/chunks/f12ff_next_dist_compiled_react-dom_7b2f6d3d._.js:9068:186)
    at performWorkOnRootViaSchedulerTask (http://localhost:3001/_next/static/chunks/f12ff_next_dist_compiled_react-dom_7b2f6d3d._.js:10230:9)
    at MessagePort.performWorkUntilDeadline (http://localhost:3001/_next/static/chunks/f12ff_next_dist_compiled_cd863794._.js:2647:64) @ http://localhost:3001/_next/static/chunks/f12ff_next_dist_95687940._.js:3132
[  835684ms] [ERROR] IntlError: MISSING_MESSAGE: Cannot read properties of undefined (reading 'split')
    at getFallbackFromErrorAndNotify (http://localhost:3001/_next/static/chunks/node_modules__pnpm_a92eadf3._.js:7251:23)
    at translateBaseFn (http://localhost:3001/_next/static/chunks/node_modules__pnpm_a92eadf3._.js:7281:28)
    at translateFn (http://localhost:3001/_next/static/chunks/node_modules__pnpm_a92eadf3._.js:7343:24)
    at labelFor (http://localhost:3001/_next/static/chunks/_af79dd3a._.js:633:30)
    at http://localhost:3001/_next/static/chunks/_af79dd3a._.js:142:34
    at Array.map (<anonymous>)
    at RegionChoropleth (http://localhost:3001/_next/static/chunks/_af79dd3a._.js:134:43)
    at Object.react_stack_bottom_frame (http://localhost:3001/_next/static/chunks/f12ff_next_dist_compiled_react-dom_7b2f6d3d._.js:14826:24)
    at renderWithHooks (http://localhost:3001/_next/static/chunks/f12ff_next_dist_compiled_react-dom_7b2f6d3d._.js:4651:24)
    at updateFunctionComponent (http://localhost:3001/_next/static/chunks/f12ff_next_dist_compiled_react-dom_7b2f6d3d._.js:6112:21)
    at beginWork (http://localhost:3001/_next/static/chunks/f12ff_next_dist_compiled_react-dom_7b2f6d3d._.js:6708:24)
    at runWithFiberInDEV (http://localhost:3001/_next/static/chunks/f12ff_next_dist_compiled_react-dom_7b2f6d3d._.js:965:74)
    at performUnitOfWork (http://localhost:3001/_next/static/chunks/f12ff_next_dist_compiled_react-dom_7b2f6d3d._.js:9562:97)
    at workLoopSync (http://localhost:3001/_next/static/chunks/f12ff_next_dist_compiled_react-dom_7b2f6d3d._.js:9456:40)
    at renderRootSync (http://localhost:3001/_next/static/chunks/f12ff_next_dist_compiled_react-dom_7b2f6d3d._.js:9440:13)
    at performWorkOnRoot (http://localhost:3001/_next/static/chunks/f12ff_next_dist_compiled_react-dom_7b2f6d3d._.js:9068:186)
    at performWorkOnRootViaSchedulerTask (http://localhost:3001/_next/static/chunks/f12ff_next_dist_compiled_react-dom_7b2f6d3d._.js:10230:9)
    at MessagePort.performWorkUntilDeadline (http://localhost:3001/_next/static/chunks/f12ff_next_dist_compiled_cd863794._.js:2647:64) @ http://localhost:3001/_next/static/chunks/f12ff_next_dist_95687940._.js:3132
[  835684ms] [ERROR] IntlError: MISSING_MESSAGE: Cannot read properties of undefined (reading 'split')
    at getFallbackFromErrorAndNotify (http://localhost:3001/_next/static/chunks/node_modules__pnpm_a92eadf3._.js:7251:23)
    at translateBaseFn (http://localhost:3001/_next/static/chunks/node_modules__pnpm_a92eadf3._.js:7281:28)
    at translateFn (http://localhost:3001/_next/static/chunks/node_modules__pnpm_a92eadf3._.js:7343:24)
    at labelFor (http://localhost:3001/_next/static/chunks/_af79dd3a._.js:633:30)
    at http://localhost:3001/_next/static/chunks/_af79dd3a._.js:142:34
    at Array.map (<anonymous>)
    at RegionChoropleth (http://localhost:3001/_next/static/chunks/_af79dd3a._.js:134:43)
    at Object.react_stack_bottom_frame (http://localhost:3001/_next/static/chunks/f12ff_next_dist_compiled_react-dom_7b2f6d3d._.js:14826:24)
    at renderWithHooks (http://localhost:3001/_next/static/chunks/f12ff_next_dist_compiled_react-dom_7b2f6d3d._.js:4651:24)
    at updateFunctionComponent (http://localhost:3001/_next/static/chunks/f12ff_next_dist_compiled_react-dom_7b2f6d3d._.js:6112:21)
    at beginWork (http://localhost:3001/_next/static/chunks/f12ff_next_dist_compiled_react-dom_7b2f6d3d._.js:6708:24)
    at runWithFiberInDEV (http://localhost:3001/_next/static/chunks/f12ff_next_dist_compiled_react-dom_7b2f6d3d._.js:965:74)
    at performUnitOfWork (http://localhost:3001/_next/static/chunks/f12ff_next_dist_compiled_react-dom_7b2f6d3d._.js:9562:97)
    at workLoopSync (http://localhost:3001/_next/static/chunks/f12ff_next_dist_compiled_react-dom_7b2f6d3d._.js:9456:40)
    at renderRootSync (http://localhost:3001/_next/static/chunks/f12ff_next_dist_compiled_react-dom_7b2f6d3d._.js:9440:13)
    at performWorkOnRoot (http://localhost:3001/_next/static/chunks/f12ff_next_dist_compiled_react-dom_7b2f6d3d._.js:9068:186)
    at performWorkOnRootViaSchedulerTask (http://localhost:3001/_next/static/chunks/f12ff_next_dist_compiled_react-dom_7b2f6d3d._.js:10230:9)
    at MessagePort.performWorkUntilDeadline (http://localhost:3001/_next/static/chunks/f12ff_next_dist_compiled_cd863794._.js:2647:64) @ http://localhost:3001/_next/static/chunks/f12ff_next_dist_95687940._.js:3132
[  835685ms] [ERROR] IntlError: MISSING_MESSAGE: Cannot read properties of undefined (reading 'split')
    at getFallbackFromErrorAndNotify (http://localhost:3001/_next/static/chunks/node_modules__pnpm_a92eadf3._.js:7251:23)
    at translateBaseFn (http://localhost:3001/_next/static/chunks/node_modules__pnpm_a92eadf3._.js:7281:28)
    at translateFn (http://localhost:3001/_next/static/chunks/node_modules__pnpm_a92eadf3._.js:7343:24)
    at labelFor (http://localhost:3001/_next/static/chunks/_af79dd3a._.js:633:30)
    at http://localhost:3001/_next/static/chunks/_af79dd3a._.js:142:34
    at Array.map (<anonymous>)
    at RegionChoropleth (http://localhost:3001/_next/static/chunks/_af79dd3a._.js:134:43)
    at Object.react_stack_bottom_frame (http://localhost:3001/_next/static/chunks/f12ff_next_dist_compiled_react-dom_7b2f6d3d._.js:14826:24)
    at renderWithHooks (http://localhost:3001/_next/static/chunks/f12ff_next_dist_compiled_react-dom_7b2f6d3d._.js:4651:24)
    at updateFunctionComponent (http://localhost:3001/_next/static/chunks/f12ff_next_dist_compiled_react-dom_7b2f6d3d._.js:6112:21)
    at beginWork (http://localhost:3001/_next/static/chunks/f12ff_next_dist_compiled_react-dom_7b2f6d3d._.js:6708:24)
    at runWithFiberInDEV (http://localhost:3001/_next/static/chunks/f12ff_next_dist_compiled_react-dom_7b2f6d3d._.js:965:74)
    at performUnitOfWork (http://localhost:3001/_next/static/chunks/f12ff_next_dist_compiled_react-dom_7b2f6d3d._.js:9562:97)
    at workLoopSync (http://localhost:3001/_next/static/chunks/f12ff_next_dist_compiled_react-dom_7b2f6d3d._.js:9456:40)
    at renderRootSync (http://localhost:3001/_next/static/chunks/f12ff_next_dist_compiled_react-dom_7b2f6d3d._.js:9440:13)
    at performWorkOnRoot (http://localhost:3001/_next/static/chunks/f12ff_next_dist_compiled_react-dom_7b2f6d3d._.js:9068:186)
    at performWorkOnRootViaSchedulerTask (http://localhost:3001/_next/static/chunks/f12ff_next_dist_compiled_react-dom_7b2f6d3d._.js:10230:9)
    at MessagePort.performWorkUntilDeadline (http://localhost:3001/_next/static/chunks/f12ff_next_dist_compiled_cd863794._.js:2647:64) @ http://localhost:3001/_next/static/chunks/f12ff_next_dist_95687940._.js:3132
[  835685ms] [ERROR] IntlError: MISSING_MESSAGE: Cannot read properties of undefined (reading 'split')
    at getFallbackFromErrorAndNotify (http://localhost:3001/_next/static/chunks/node_modules__pnpm_a92eadf3._.js:7251:23)
    at translateBaseFn (http://localhost:3001/_next/static/chunks/node_modules__pnpm_a92eadf3._.js:7281:28)
    at translateFn (http://localhost:3001/_next/static/chunks/node_modules__pnpm_a92eadf3._.js:7343:24)
    at labelFor (http://localhost:3001/_next/static/chunks/_af79dd3a._.js:633:30)
    at http://localhost:3001/_next/static/chunks/_af79dd3a._.js:142:34
    at Array.map (<anonymous>)
    at RegionChoropleth (http://localhost:3001/_next/static/chunks/_af79dd3a._.js:134:43)
    at Object.react_stack_bottom_frame (http://localhost:3001/_next/static/chunks/f12ff_next_dist_compiled_react-dom_7b2f6d3d._.js:14826:24)
    at renderWithHooks (http://localhost:3001/_next/static/chunks/f12ff_next_dist_compiled_react-dom_7b2f6d3d._.js:4651:24)
    at updateFunctionComponent (http://localhost:3001/_next/static/chunks/f12ff_next_dist_compiled_react-dom_7b2f6d3d._.js:6112:21)
    at beginWork (http://localhost:3001/_next/static/chunks/f12ff_next_dist_compiled_react-dom_7b2f6d3d._.js:6708:24)
    at runWithFiberInDEV (http://localhost:3001/_next/static/chunks/f12ff_next_dist_compiled_react-dom_7b2f6d3d._.js:965:74)
    at performUnitOfWork (http://localhost:3001/_next/static/chunks/f12ff_next_dist_compiled_react-dom_7b2f6d3d._.js:9562:97)
    at workLoopSync (http://localhost:3001/_next/static/chunks/f12ff_next_dist_compiled_react-dom_7b2f6d3d._.js:9456:40)
    at renderRootSync (http://localhost:3001/_next/static/chunks/f12ff_next_dist_compiled_react-dom_7b2f6d3d._.js:9440:13)
    at performWorkOnRoot (http://localhost:3001/_next/static/chunks/f12ff_next_dist_compiled_react-dom_7b2f6d3d._.js:9068:186)
    at performWorkOnRootViaSchedulerTask (http://localhost:3001/_next/static/chunks/f12ff_next_dist_compiled_react-dom_7b2f6d3d._.js:10230:9)
    at MessagePort.performWorkUntilDeadline (http://localhost:3001/_next/static/chunks/f12ff_next_dist_compiled_cd863794._.js:2647:64) @ http://localhost:3001/_next/static/chunks/f12ff_next_dist_95687940._.js:3132
[  835685ms] [ERROR] IntlError: MISSING_MESSAGE: Cannot read properties of undefined (reading 'split')
    at getFallbackFromErrorAndNotify (http://localhost:3001/_next/static/chunks/node_modules__pnpm_a92eadf3._.js:7251:23)
    at translateBaseFn (http://localhost:3001/_next/static/chunks/node_modules__pnpm_a92eadf3._.js:7281:28)
    at translateFn (http://localhost:3001/_next/static/chunks/node_modules__pnpm_a92eadf3._.js:7343:24)
    at labelFor (http://localhost:3001/_next/static/chunks/_af79dd3a._.js:633:30)
    at http://localhost:3001/_next/static/chunks/_af79dd3a._.js:142:34
    at Array.map (<anonymous>)
    at RegionChoropleth (http://localhost:3001/_next/static/chunks/_af79dd3a._.js:134:43)
    at Object.react_stack_bottom_frame (http://localhost:3001/_next/static/chunks/f12ff_next_dist_compiled_react-dom_7b2f6d3d._.js:14826:24)
    at renderWithHooksAgain (http://localhost:3001/_next/static/chunks/f12ff_next_dist_compiled_react-dom_7b2f6d3d._.js:4706:24)
    at renderWithHooks (http://localhost:3001/_next/static/chunks/f12ff_next_dist_compiled_react-dom_7b2f6d3d._.js:4657:28)
    at updateFunctionComponent (http://localhost:3001/_next/static/chunks/f12ff_next_dist_compiled_react-dom_7b2f6d3d._.js:6112:21)
    at beginWork (http://localhost:3001/_next/static/chunks/f12ff_next_dist_compiled_react-dom_7b2f6d3d._.js:6708:24)
    at runWithFiberInDEV (http://localhost:3001/_next/static/chunks/f12ff_next_dist_compiled_react-dom_7b2f6d3d._.js:965:74)
    at performUnitOfWork (http://localhost:3001/_next/static/chunks/f12ff_next_dist_compiled_react-dom_7b2f6d3d._.js:9562:97)
    at workLoopSync (http://localhost:3001/_next/static/chunks/f12ff_next_dist_compiled_react-dom_7b2f6d3d._.js:9456:40)
    at renderRootSync (http://localhost:3001/_next/static/chunks/f12ff_next_dist_compiled_react-dom_7b2f6d3d._.js:9440:13)
    at performWorkOnRoot (http://localhost:3001/_next/static/chunks/f12ff_next_dist_compiled_react-dom_7b2f6d3d._.js:9068:186)
    at performWorkOnRootViaSchedulerTask (http://localhost:3001/_next/static/chunks/f12ff_next_dist_compiled_react-dom_7b2f6d3d._.js:10230:9)
    at MessagePort.performWorkUntilDeadline (http://localhost:3001/_next/static/chunks/f12ff_next_dist_compiled_cd863794._.js:2647:64) @ http://localhost:3001/_next/static/chunks/f12ff_next_dist_95687940._.js:3132
[  835685ms] [ERROR] IntlError: MISSING_MESSAGE: Cannot read properties of undefined (reading 'split')
    at getFallbackFromErrorAndNotify (http://localhost:3001/_next/static/chunks/node_modules__pnpm_a92eadf3._.js:7251:23)
    at translateBaseFn (http://localhost:3001/_next/static/chunks/node_modules__pnpm_a92eadf3._.js:7281:28)
    at translateFn (http://localhost:3001/_next/static/chunks/node_modules__pnpm_a92eadf3._.js:7343:24)
    at labelFor (http://localhost:3001/_next/static/chunks/_af79dd3a._.js:633:30)
    at http://localhost:3001/_next/static/chunks/_af79dd3a._.js:142:34
    at Array.map (<anonymous>)
    at RegionChoropleth (http://localhost:3001/_next/static/chunks/_af79dd3a._.js:134:43)
    at Object.react_stack_bottom_frame (http://localhost:3001/_next/static/chunks/f12ff_next_dist_compiled_react-dom_7b2f6d3d._.js:14826:24)
    at renderWithHooksAgain (http://localhost:3001/_next/static/chunks/f12ff_next_dist_compiled_react-dom_7b2f6d3d._.js:4706:24)
    at renderWithHooks (http://localhost:3001/_next/static/chunks/f12ff_next_dist_compiled_react-dom_7b2f6d3d._.js:4657:28)
    at updateFunctionComponent (http://localhost:3001/_next/static/chunks/f12ff_next_dist_compiled_react-dom_7b2f6d3d._.js:6112:21)
    at beginWork (http://localhost:3001/_next/static/chunks/f12ff_next_dist_compiled_react-dom_7b2f6d3d._.js:6708:24)
    at runWithFiberInDEV (http://localhost:3001/_next/static/chunks/f12ff_next_dist_compiled_react-dom_7b2f6d3d._.js:965:74)
    at performUnitOfWork (http://localhost:3001/_next/static/chunks/f12ff_next_dist_compiled_react-dom_7b2f6d3d._.js:9562:97)
    at workLoopSync (http://localhost:3001/_next/static/chunks/f12ff_next_dist_compiled_react-dom_7b2f6d3d._.js:9456:40)
    at renderRootSync (http://localhost:3001/_next/static/chunks/f12ff_next_dist_compiled_react-dom_7b2f6d3d._.js:9440:13)
    at performWorkOnRoot (http://localhost:3001/_next/static/chunks/f12ff_next_dist_compiled_react-dom_7b2f6d3d._.js:9068:186)
    at performWorkOnRootViaSchedulerTask (http://localhost:3001/_next/static/chunks/f12ff_next_dist_compiled_react-dom_7b2f6d3d._.js:10230:9)
    at MessagePort.performWorkUntilDeadline (http://localhost:3001/_next/static/chunks/f12ff_next_dist_compiled_cd863794._.js:2647:64) @ http://localhost:3001/_next/static/chunks/f12ff_next_dist_95687940._.js:3132
[  835686ms] [ERROR] IntlError: MISSING_MESSAGE: Cannot read properties of undefined (reading 'split')
    at getFallbackFromErrorAndNotify (http://localhost:3001/_next/static/chunks/node_modules__pnpm_a92eadf3._.js:7251:23)
    at translateBaseFn (http://localhost:3001/_next/static/chunks/node_modules__pnpm_a92eadf3._.js:7281:28)
    at translateFn (http://localhost:3001/_next/static/chunks/node_modules__pnpm_a92eadf3._.js:7343:24)
    at labelFor (http://localhost:3001/_next/static/chunks/_af79dd3a._.js:633:30)
    at http://localhost:3001/_next/static/chunks/_af79dd3a._.js:142:34
    at Array.map (<anonymous>)
    at RegionChoropleth (http://localhost:3001/_next/static/chunks/_af79dd3a._.js:134:43)
    at Object.react_stack_bottom_frame (http://localhost:3001/_next/static/chunks/f12ff_next_dist_compiled_react-dom_7b2f6d3d._.js:14826:24)
    at renderWithHooksAgain (http://localhost:3001/_next/static/chunks/f12ff_next_dist_compiled_react-dom_7b2f6d3d._.js:4706:24)
    at renderWithHooks (http://localhost:3001/_next/static/chunks/f12ff_next_dist_compiled_react-dom_7b2f6d3d._.js:4657:28)
    at updateFunctionComponent (http://localhost:3001/_next/static/chunks/f12ff_next_dist_compiled_react-dom_7b2f6d3d._.js:6112:21)
    at beginWork (http://localhost:3001/_next/static/chunks/f12ff_next_dist_compiled_react-dom_7b2f6d3d._.js:6708:24)
    at runWithFiberInDEV (http://localhost:3001/_next/static/chunks/f12ff_next_dist_compiled_react-dom_7b2f6d3d._.js:965:74)
    at performUnitOfWork (http://localhost:3001/_next/static/chunks/f12ff_next_dist_compiled_react-dom_7b2f6d3d._.js:9562:97)
    at workLoopSync (http://localhost:3001/_next/static/chunks/f12ff_next_dist_compiled_react-dom_7b2f6d3d._.js:9456:40)
    at renderRootSync (http://localhost:3001/_next/static/chunks/f12ff_next_dist_compiled_react-dom_7b2f6d3d._.js:9440:13)
    at performWorkOnRoot (http://localhost:3001/_next/static/chunks/f12ff_next_dist_compiled_react-dom_7b2f6d3d._.js:9068:186)
    at performWorkOnRootViaSchedulerTask (http://localhost:3001/_next/static/chunks/f12ff_next_dist_compiled_react-dom_7b2f6d3d._.js:10230:9)
    at MessagePort.performWorkUntilDeadline (http://localhost:3001/_next/static/chunks/f12ff_next_dist_compiled_cd863794._.js:2647:64) @ http://localhost:3001/_next/static/chunks/f12ff_next_dist_95687940._.js:3132
[  835686ms] [ERROR] IntlError: MISSING_MESSAGE: Cannot read properties of undefined (reading 'split')
    at getFallbackFromErrorAndNotify (http://localhost:3001/_next/static/chunks/node_modules__pnpm_a92eadf3._.js:7251:23)
    at translateBaseFn (http://localhost:3001/_next/static/chunks/node_modules__pnpm_a92eadf3._.js:7281:28)
    at translateFn (http://localhost:3001/_next/static/chunks/node_modules__pnpm_a92eadf3._.js:7343:24)
    at labelFor (http://localhost:3001/_next/static/chunks/_af79dd3a._.js:633:30)
    at http://localhost:3001/_next/static/chunks/_af79dd3a._.js:142:34
    at Array.map (<anonymous>)
    at RegionChoropleth (http://localhost:3001/_next/static/chunks/_af79dd3a._.js:134:43)
    at Object.react_stack_bottom_frame (http://localhost:3001/_next/static/chunks/f12ff_next_dist_compiled_react-dom_7b2f6d3d._.js:14826:24)
    at renderWithHooksAgain (http://localhost:3001/_next/static/chunks/f12ff_next_dist_compiled_react-dom_7b2f6d3d._.js:4706:24)
    at renderWithHooks (http://localhost:3001/_next/static/chunks/f12ff_next_dist_compiled_react-dom_7b2f6d3d._.js:4657:28)
    at updateFunctionComponent (http://localhost:3001/_next/static/chunks/f12ff_next_dist_compiled_react-dom_7b2f6d3d._.js:6112:21)
    at beginWork (http://localhost:3001/_next/static/chunks/f12ff_next_dist_compiled_react-dom_7b2f6d3d._.js:6708:24)
    at runWithFiberInDEV (http://localhost:3001/_next/static/chunks/f12ff_next_dist_compiled_react-dom_7b2f6d3d._.js:965:74)
    at performUnitOfWork (http://localhost:3001/_next/static/chunks/f12ff_next_dist_compiled_react-dom_7b2f6d3d._.js:9562:97)
    at workLoopSync (http://localhost:3001/_next/static/chunks/f12ff_next_dist_compiled_react-dom_7b2f6d3d._.js:9456:40)
    at renderRootSync (http://localhost:3001/_next/static/chunks/f12ff_next_dist_compiled_react-dom_7b2f6d3d._.js:9440:13)
    at performWorkOnRoot (http://localhost:3001/_next/static/chunks/f12ff_next_dist_compiled_react-dom_7b2f6d3d._.js:9068:186)
    at performWorkOnRootViaSchedulerTask (http://localhost:3001/_next/static/chunks/f12ff_next_dist_compiled_react-dom_7b2f6d3d._.js:10230:9)
    at MessagePort.performWorkUntilDeadline (http://localhost:3001/_next/static/chunks/f12ff_next_dist_compiled_cd863794._.js:2647:64) @ http://localhost:3001/_next/static/chunks/f12ff_next_dist_95687940._.js:3132
[  835686ms] [ERROR] IntlError: MISSING_MESSAGE: Cannot read properties of undefined (reading 'split')
    at getFallbackFromErrorAndNotify (http://localhost:3001/_next/static/chunks/node_modules__pnpm_a92eadf3._.js:7251:23)
    at translateBaseFn (http://localhost:3001/_next/static/chunks/node_modules__pnpm_a92eadf3._.js:7281:28)
    at translateFn (http://localhost:3001/_next/static/chunks/node_modules__pnpm_a92eadf3._.js:7343:24)
    at labelFor (http://localhost:3001/_next/static/chunks/_af79dd3a._.js:633:30)
    at http://localhost:3001/_next/static/chunks/_af79dd3a._.js:142:34
    at Array.map (<anonymous>)
    at RegionChoropleth (http://localhost:3001/_next/static/chunks/_af79dd3a._.js:134:43)
    at Object.react_stack_bottom_frame (http://localhost:3001/_next/static/chunks/f12ff_next_dist_compiled_react-dom_7b2f6d3d._.js:14826:24)
    at renderWithHooksAgain (http://localhost:3001/_next/static/chunks/f12ff_next_dist_compiled_react-dom_7b2f6d3d._.js:4706:24)
    at renderWithHooks (http://localhost:3001/_next/static/chunks/f12ff_next_dist_compiled_react-dom_7b2f6d3d._.js:4657:28)
    at updateFunctionComponent (http://localhost:3001/_next/static/chunks/f12ff_next_dist_compiled_react-dom_7b2f6d3d._.js:6112:21)
    at beginWork (http://localhost:3001/_next/static/chunks/f12ff_next_dist_compiled_react-dom_7b2f6d3d._.js:6708:24)
    at runWithFiberInDEV (http://localhost:3001/_next/static/chunks/f12ff_next_dist_compiled_react-dom_7b2f6d3d._.js:965:74)
    at performUnitOfWork (http://localhost:3001/_next/static/chunks/f12ff_next_dist_compiled_react-dom_7b2f6d3d._.js:9562:97)
    at workLoopSync (http://localhost:3001/_next/static/chunks/f12ff_next_dist_compiled_react-dom_7b2f6d3d._.js:9456:40)
    at renderRootSync (http://localhost:3001/_next/static/chunks/f12ff_next_dist_compiled_react-dom_7b2f6d3d._.js:9440:13)
    at performWorkOnRoot (http://localhost:3001/_next/static/chunks/f12ff_next_dist_compiled_react-dom_7b2f6d3d._.js:9068:186)
    at performWorkOnRootViaSchedulerTask (http://localhost:3001/_next/static/chunks/f12ff_next_dist_compiled_react-dom_7b2f6d3d._.js:10230:9)
    at MessagePort.performWorkUntilDeadline (http://localhost:3001/_next/static/chunks/f12ff_next_dist_compiled_cd863794._.js:2647:64) @ http://localhost:3001/_next/static/chunks/f12ff_next_dist_95687940._.js:3132
[  835686ms] [ERROR] IntlError: MISSING_MESSAGE: Cannot read properties of undefined (reading 'split')
    at getFallbackFromErrorAndNotify (http://localhost:3001/_next/static/chunks/node_modules__pnpm_a92eadf3._.js:7251:23)
    at translateBaseFn (http://localhost:3001/_next/static/chunks/node_modules__pnpm_a92eadf3._.js:7281:28)
    at translateFn (http://localhost:3001/_next/static/chunks/node_modules__pnpm_a92eadf3._.js:7343:24)
    at labelFor (http://localhost:3001/_next/static/chunks/_af79dd3a._.js:633:30)
    at http://localhost:3001/_next/static/chunks/_af79dd3a._.js:142:34
    at Array.map (<anonymous>)
    at RegionChoropleth (http://localhost:3001/_next/static/chunks/_af79dd3a._.js:134:43)
    at Object.react_stack_bottom_frame (http://localhost:3001/_next/static/chunks/f12ff_next_dist_compiled_react-dom_7b2f6d3d._.js:14826:24)
    at renderWithHooksAgain (http://localhost:3001/_next/static/chunks/f12ff_next_dist_compiled_react-dom_7b2f6d3d._.js:4706:24)
    at renderWithHooks (http://localhost:3001/_next/static/chunks/f12ff_next_dist_compiled_react-dom_7b2f6d3d._.js:4657:28)
    at updateFunctionComponent (http://localhost:3001/_next/static/chunks/f12ff_next_dist_compiled_react-dom_7b2f6d3d._.js:6112:21)
    at beginWork (http://localhost:3001/_next/static/chunks/f12ff_next_dist_compiled_react-dom_7b2f6d3d._.js:6708:24)
    at runWithFiberInDEV (http://localhost:3001/_next/static/chunks/f12ff_next_dist_compiled_react-dom_7b2f6d3d._.js:965:74)
    at performUnitOfWork (http://localhost:3001/_next/static/chunks/f12ff_next_dist_compiled_react-dom_7b2f6d3d._.js:9562:97)
    at workLoopSync (http://localhost:3001/_next/static/chunks/f12ff_next_dist_compiled_react-dom_7b2f6d3d._.js:9456:40)
    at renderRootSync (http://localhost:3001/_next/static/chunks/f12ff_next_dist_compiled_react-dom_7b2f6d3d._.js:9440:13)
    at performWorkOnRoot (http://localhost:3001/_next/static/chunks/f12ff_next_dist_compiled_react-dom_7b2f6d3d._.js:9068:186)
    at performWorkOnRootViaSchedulerTask (http://localhost:3001/_next/static/chunks/f12ff_next_dist_compiled_react-dom_7b2f6d3d._.js:10230:9)
    at MessagePort.performWorkUntilDeadline (http://localhost:3001/_next/static/chunks/f12ff_next_dist_compiled_cd863794._.js:2647:64) @ http://localhost:3001/_next/static/chunks/f12ff_next_dist_95687940._.js:3132
[  835686ms] [ERROR] IntlError: MISSING_MESSAGE: Cannot read properties of undefined (reading 'split')
    at getFallbackFromErrorAndNotify (http://localhost:3001/_next/static/chunks/node_modules__pnpm_a92eadf3._.js:7251:23)
    at translateBaseFn (http://localhost:3001/_next/static/chunks/node_modules__pnpm_a92eadf3._.js:7281:28)
    at translateFn (http://localhost:3001/_next/static/chunks/node_modules__pnpm_a92eadf3._.js:7343:24)
    at labelFor (http://localhost:3001/_next/static/chunks/_af79dd3a._.js:633:30)
    at http://localhost:3001/_next/static/chunks/_af79dd3a._.js:142:34
    at Array.map (<anonymous>)
    at RegionChoropleth (http://localhost:3001/_next/static/chunks/_af79dd3a._.js:134:43)
    at Object.react_stack_bottom_frame (http://localhost:3001/_next/static/chunks/f12ff_next_dist_compiled_react-dom_7b2f6d3d._.js:14826:24)
    at renderWithHooksAgain (http://localhost:3001/_next/static/chunks/f12ff_next_dist_compiled_react-dom_7b2f6d3d._.js:4706:24)
    at renderWithHooks (http://localhost:3001/_next/static/chunks/f12ff_next_dist_compiled_react-dom_7b2f6d3d._.js:4657:28)
    at updateFunctionComponent (http://localhost:3001/_next/static/chunks/f12ff_next_dist_compiled_react-dom_7b2f6d3d._.js:6112:21)
    at beginWork (http://localhost:3001/_next/static/chunks/f12ff_next_dist_compiled_react-dom_7b2f6d3d._.js:6708:24)
    at runWithFiberInDEV (http://localhost:3001/_next/static/chunks/f12ff_next_dist_compiled_react-dom_7b2f6d3d._.js:965:74)
    at performUnitOfWork (http://localhost:3001/_next/static/chunks/f12ff_next_dist_compiled_react-dom_7b2f6d3d._.js:9562:97)
    at workLoopSync (http://localhost:3001/_next/static/chunks/f12ff_next_dist_compiled_react-dom_7b2f6d3d._.js:9456:40)
    at renderRootSync (http://localhost:3001/_next/static/chunks/f12ff_next_dist_compiled_react-dom_7b2f6d3d._.js:9440:13)
    at performWorkOnRoot (http://localhost:3001/_next/static/chunks/f12ff_next_dist_compiled_react-dom_7b2f6d3d._.js:9068:186)
    at performWorkOnRootViaSchedulerTask (http://localhost:3001/_next/static/chunks/f12ff_next_dist_compiled_react-dom_7b2f6d3d._.js:10230:9)
    at MessagePort.performWorkUntilDeadline (http://localhost:3001/_next/static/chunks/f12ff_next_dist_compiled_cd863794._.js:2647:64) @ http://localhost:3001/_next/static/chunks/f12ff_next_dist_95687940._.js:3132
[  835724ms] [ERROR] IntlError: MISSING_MESSAGE: Cannot read properties of undefined (reading 'split')
    at getFallbackFromErrorAndNotify (http://localhost:3001/_next/static/chunks/node_modules__pnpm_a92eadf3._.js:7251:23)
    at translateBaseFn (http://localhost:3001/_next/static/chunks/node_modules__pnpm_a92eadf3._.js:7281:28)
    at translateFn (http://localhost:3001/_next/static/chunks/node_modules__pnpm_a92eadf3._.js:7343:24)
    at labelFor (http://localhost:3001/_next/static/chunks/_af79dd3a._.js:633:30)
    at http://localhost:3001/_next/static/chunks/_af79dd3a._.js:142:34
    at Array.map (<anonymous>)
    at RegionChoropleth (http://localhost:3001/_next/static/chunks/_af79dd3a._.js:134:43)
    at Object.react_stack_bottom_frame (http://localhost:3001/_next/static/chunks/f12ff_next_dist_compiled_react-dom_7b2f6d3d._.js:14826:24)
    at renderWithHooks (http://localhost:3001/_next/static/chunks/f12ff_next_dist_compiled_react-dom_7b2f6d3d._.js:4651:24)
    at updateFunctionComponent (http://localhost:3001/_next/static/chunks/f12ff_next_dist_compiled_react-dom_7b2f6d3d._.js:6112:21)
    at beginWork (http://localhost:3001/_next/static/chunks/f12ff_next_dist_compiled_react-dom_7b2f6d3d._.js:6708:24)
    at runWithFiberInDEV (http://localhost:3001/_next/static/chunks/f12ff_next_dist_compiled_react-dom_7b2f6d3d._.js:965:74)
    at performUnitOfWork (http://localhost:3001/_next/static/chunks/f12ff_next_dist_compiled_react-dom_7b2f6d3d._.js:9562:97)
    at workLoopSync (http://localhost:3001/_next/static/chunks/f12ff_next_dist_compiled_react-dom_7b2f6d3d._.js:9456:40)
    at renderRootSync (http://localhost:3001/_next/static/chunks/f12ff_next_dist_compiled_react-dom_7b2f6d3d._.js:9440:13)
    at performWorkOnRoot (http://localhost:3001/_next/static/chunks/f12ff_next_dist_compiled_react-dom_7b2f6d3d._.js:9068:186)
    at performWorkOnRootViaSchedulerTask (http://localhost:3001/_next/static/chunks/f12ff_next_dist_compiled_react-dom_7b2f6d3d._.js:10230:9)
    at MessagePort.performWorkUntilDeadline (http://localhost:3001/_next/static/chunks/f12ff_next_dist_compiled_cd863794._.js:2647:64) @ http://localhost:3001/_next/static/chunks/f12ff_next_dist_95687940._.js:3132
[  835725ms] [ERROR] IntlError: MISSING_MESSAGE: Cannot read properties of undefined (reading 'split')
    at getFallbackFromErrorAndNotify (http://localhost:3001/_next/static/chunks/node_modules__pnpm_a92eadf3._.js:7251:23)
    at translateBaseFn (http://localhost:3001/_next/static/chunks/node_modules__pnpm_a92eadf3._.js:7281:28)
    at translateFn (http://localhost:3001/_next/static/chunks/node_modules__pnpm_a92eadf3._.js:7343:24)
    at labelFor (http://localhost:3001/_next/static/chunks/_af79dd3a._.js:633:30)
    at http://localhost:3001/_next/static/chunks/_af79dd3a._.js:142:34
    at Array.map (<anonymous>)
    at RegionChoropleth (http://localhost:3001/_next/static/chunks/_af79dd3a._.js:134:43)
    at Object.react_stack_bottom_frame (http://localhost:3001/_next/static/chunks/f12ff_next_dist_compiled_react-dom_7b2f6d3d._.js:14826:24)
    at renderWithHooks (http://localhost:3001/_next/static/chunks/f12ff_next_dist_compiled_react-dom_7b2f6d3d._.js:4651:24)
    at updateFunctionComponent (http://localhost:3001/_next/static/chunks/f12ff_next_dist_compiled_react-dom_7b2f6d3d._.js:6112:21)
    at beginWork (http://localhost:3001/_next/static/chunks/f12ff_next_dist_compiled_react-dom_7b2f6d3d._.js:6708:24)
    at runWithFiberInDEV (http://localhost:3001/_next/static/chunks/f12ff_next_dist_compiled_react-dom_7b2f6d3d._.js:965:74)
    at performUnitOfWork (http://localhost:3001/_next/static/chunks/f12ff_next_dist_compiled_react-dom_7b2f6d3d._.js:9562:97)
    at workLoopSync (http://localhost:3001/_next/static/chunks/f12ff_next_dist_compiled_react-dom_7b2f6d3d._.js:9456:40)
    at renderRootSync (http://localhost:3001/_next/static/chunks/f12ff_next_dist_compiled_react-dom_7b2f6d3d._.js:9440:13)
    at performWorkOnRoot (http://localhost:3001/_next/static/chunks/f12ff_next_dist_compiled_react-dom_7b2f6d3d._.js:9068:186)
    at performWorkOnRootViaSchedulerTask (http://localhost:3001/_next/static/chunks/f12ff_next_dist_compiled_react-dom_7b2f6d3d._.js:10230:9)
    at MessagePort.performWorkUntilDeadline (http://localhost:3001/_next/static/chunks/f12ff_next_dist_compiled_cd863794._.js:2647:64) @ http://localhost:3001/_next/static/chunks/f12ff_next_dist_95687940._.js:3132
[  835726ms] [ERROR] IntlError: MISSING_MESSAGE: Cannot read properties of undefined (reading 'split')
    at getFallbackFromErrorAndNotify (http://localhost:3001/_next/static/chunks/node_modules__pnpm_a92eadf3._.js:7251:23)
    at translateBaseFn (http://localhost:3001/_next/static/chunks/node_modules__pnpm_a92eadf3._.js:7281:28)
    at translateFn (http://localhost:3001/_next/static/chunks/node_modules__pnpm_a92eadf3._.js:7343:24)
    at labelFor (http://localhost:3001/_next/static/chunks/_af79dd3a._.js:633:30)
    at http://localhost:3001/_next/static/chunks/_af79dd3a._.js:142:34
    at Array.map (<anonymous>)
    at RegionChoropleth (http://localhost:3001/_next/static/chunks/_af79dd3a._.js:134:43)
    at Object.react_stack_bottom_frame (http://localhost:3001/_next/static/chunks/f12ff_next_dist_compiled_react-dom_7b2f6d3d._.js:14826:24)
    at renderWithHooks (http://localhost:3001/_next/static/chunks/f12ff_next_dist_compiled_react-dom_7b2f6d3d._.js:4651:24)
    at updateFunctionComponent (http://localhost:3001/_next/static/chunks/f12ff_next_dist_compiled_react-dom_7b2f6d3d._.js:6112:21)
    at beginWork (http://localhost:3001/_next/static/chunks/f12ff_next_dist_compiled_react-dom_7b2f6d3d._.js:6708:24)
    at runWithFiberInDEV (http://localhost:3001/_next/static/chunks/f12ff_next_dist_compiled_react-dom_7b2f6d3d._.js:965:74)
    at performUnitOfWork (http://localhost:3001/_next/static/chunks/f12ff_next_dist_compiled_react-dom_7b2f6d3d._.js:9562:97)
    at workLoopSync (http://localhost:3001/_next/static/chunks/f12ff_next_dist_compiled_react-dom_7b2f6d3d._.js:9456:40)
    at renderRootSync (http://localhost:3001/_next/static/chunks/f12ff_next_dist_compiled_react-dom_7b2f6d3d._.js:9440:13)
    at performWorkOnRoot (http://localhost:3001/_next/static/chunks/f12ff_next_dist_compiled_react-dom_7b2f6d3d._.js:9068:186)
    at performWorkOnRootViaSchedulerTask (http://localhost:3001/_next/static/chunks/f12ff_next_dist_compiled_react-dom_7b2f6d3d._.js:10230:9)
    at MessagePort.performWorkUntilDeadline (http://localhost:3001/_next/static/chunks/f12ff_next_dist_compiled_cd863794._.js:2647:64) @ http://localhost:3001/_next/static/chunks/f12ff_next_dist_95687940._.js:3132
[  835726ms] [ERROR] IntlError: MISSING_MESSAGE: Cannot read properties of undefined (reading 'split')
    at getFallbackFromErrorAndNotify (http://localhost:3001/_next/static/chunks/node_modules__pnpm_a92eadf3._.js:7251:23)
    at translateBaseFn (http://localhost:3001/_next/static/chunks/node_modules__pnpm_a92eadf3._.js:7281:28)
    at translateFn (http://localhost:3001/_next/static/chunks/node_modules__pnpm_a92eadf3._.js:7343:24)
    at labelFor (http://localhost:3001/_next/static/chunks/_af79dd3a._.js:633:30)
    at http://localhost:3001/_next/static/chunks/_af79dd3a._.js:142:34
    at Array.map (<anonymous>)
    at RegionChoropleth (http://localhost:3001/_next/static/chunks/_af79dd3a._.js:134:43)
    at Object.react_stack_bottom_frame (http://localhost:3001/_next/static/chunks/f12ff_next_dist_compiled_react-dom_7b2f6d3d._.js:14826:24)
    at renderWithHooks (http://localhost:3001/_next/static/chunks/f12ff_next_dist_compiled_react-dom_7b2f6d3d._.js:4651:24)
    at updateFunctionComponent (http://localhost:3001/_next/static/chunks/f12ff_next_dist_compiled_react-dom_7b2f6d3d._.js:6112:21)
    at beginWork (http://localhost:3001/_next/static/chunks/f12ff_next_dist_compiled_react-dom_7b2f6d3d._.js:6708:24)
    at runWithFiberInDEV (http://localhost:3001/_next/static/chunks/f12ff_next_dist_compiled_react-dom_7b2f6d3d._.js:965:74)
    at performUnitOfWork (http://localhost:3001/_next/static/chunks/f12ff_next_dist_compiled_react-dom_7b2f6d3d._.js:9562:97)
    at workLoopSync (http://localhost:3001/_next/static/chunks/f12ff_next_dist_compiled_react-dom_7b2f6d3d._.js:9456:40)
    at renderRootSync (http://localhost:3001/_next/static/chunks/f12ff_next_dist_compiled_react-dom_7b2f6d3d._.js:9440:13)
    at performWorkOnRoot (http://localhost:3001/_next/static/chunks/f12ff_next_dist_compiled_react-dom_7b2f6d3d._.js:9068:186)
    at performWorkOnRootViaSchedulerTask (http://localhost:3001/_next/static/chunks/f12ff_next_dist_compiled_react-dom_7b2f6d3d._.js:10230:9)
    at MessagePort.performWorkUntilDeadline (http://localhost:3001/_next/static/chunks/f12ff_next_dist_compiled_cd863794._.js:2647:64) @ http://localhost:3001/_next/static/chunks/f12ff_next_dist_95687940._.js:3132
[  835726ms] [ERROR] IntlError: MISSING_MESSAGE: Cannot read properties of undefined (reading 'split')
    at getFallbackFromErrorAndNotify (http://localhost:3001/_next/static/chunks/node_modules__pnpm_a92eadf3._.js:7251:23)
    at translateBaseFn (http://localhost:3001/_next/static/chunks/node_modules__pnpm_a92eadf3._.js:7281:28)
    at translateFn (http://localhost:3001/_next/static/chunks/node_modules__pnpm_a92eadf3._.js:7343:24)
    at labelFor (http://localhost:3001/_next/static/chunks/_af79dd3a._.js:633:30)
    at http://localhost:3001/_next/static/chunks/_af79dd3a._.js:142:34
    at Array.map (<anonymous>)
    at RegionChoropleth (http://localhost:3001/_next/static/chunks/_af79dd3a._.js:134:43)
    at Object.react_stack_bottom_frame (http://localhost:3001/_next/static/chunks/f12ff_next_dist_compiled_react-dom_7b2f6d3d._.js:14826:24)
    at renderWithHooks (http://localhost:3001/_next/static/chunks/f12ff_next_dist_compiled_react-dom_7b2f6d3d._.js:4651:24)
    at updateFunctionComponent (http://localhost:3001/_next/static/chunks/f12ff_next_dist_compiled_react-dom_7b2f6d3d._.js:6112:21)
    at beginWork (http://localhost:3001/_next/static/chunks/f12ff_next_dist_compiled_react-dom_7b2f6d3d._.js:6708:24)
    at runWithFiberInDEV (http://localhost:3001/_next/static/chunks/f12ff_next_dist_compiled_react-dom_7b2f6d3d._.js:965:74)
    at performUnitOfWork (http://localhost:3001/_next/static/chunks/f12ff_next_dist_compiled_react-dom_7b2f6d3d._.js:9562:97)
    at workLoopSync (http://localhost:3001/_next/static/chunks/f12ff_next_dist_compiled_react-dom_7b2f6d3d._.js:9456:40)
    at renderRootSync (http://localhost:3001/_next/static/chunks/f12ff_next_dist_compiled_react-dom_7b2f6d3d._.js:9440:13)
    at performWorkOnRoot (http://localhost:3001/_next/static/chunks/f12ff_next_dist_compiled_react-dom_7b2f6d3d._.js:9068:186)
    at performWorkOnRootViaSchedulerTask (http://localhost:3001/_next/static/chunks/f12ff_next_dist_compiled_react-dom_7b2f6d3d._.js:10230:9)
    at MessagePort.performWorkUntilDeadline (http://localhost:3001/_next/static/chunks/f12ff_next_dist_compiled_cd863794._.js:2647:64) @ http://localhost:3001/_next/static/chunks/f12ff_next_dist_95687940._.js:3132
[  835727ms] [ERROR] IntlError: MISSING_MESSAGE: Cannot read properties of undefined (reading 'split')
    at getFallbackFromErrorAndNotify (http://localhost:3001/_next/static/chunks/node_modules__pnpm_a92eadf3._.js:7251:23)
    at translateBaseFn (http://localhost:3001/_next/static/chunks/node_modules__pnpm_a92eadf3._.js:7281:28)
    at translateFn (http://localhost:3001/_next/static/chunks/node_modules__pnpm_a92eadf3._.js:7343:24)
    at labelFor (http://localhost:3001/_next/static/chunks/_af79dd3a._.js:633:30)
    at http://localhost:3001/_next/static/chunks/_af79dd3a._.js:142:34
    at Array.map (<anonymous>)
    at RegionChoropleth (http://localhost:3001/_next/static/chunks/_af79dd3a._.js:134:43)
    at Object.react_stack_bottom_frame (http://localhost:3001/_next/static/chunks/f12ff_next_dist_compiled_react-dom_7b2f6d3d._.js:14826:24)
    at renderWithHooks (http://localhost:3001/_next/static/chunks/f12ff_next_dist_compiled_react-dom_7b2f6d3d._.js:4651:24)
    at updateFunctionComponent (http://localhost:3001/_next/static/chunks/f12ff_next_dist_compiled_react-dom_7b2f6d3d._.js:6112:21)
    at beginWork (http://localhost:3001/_next/static/chunks/f12ff_next_dist_compiled_react-dom_7b2f6d3d._.js:6708:24)
    at runWithFiberInDEV (http://localhost:3001/_next/static/chunks/f12ff_next_dist_compiled_react-dom_7b2f6d3d._.js:965:74)
    at performUnitOfWork (http://localhost:3001/_next/static/chunks/f12ff_next_dist_compiled_react-dom_7b2f6d3d._.js:9562:97)
    at workLoopSync (http://localhost:3001/_next/static/chunks/f12ff_next_dist_compiled_react-dom_7b2f6d3d._.js:9456:40)
    at renderRootSync (http://localhost:3001/_next/static/chunks/f12ff_next_dist_compiled_react-dom_7b2f6d3d._.js:9440:13)
    at performWorkOnRoot (http://localhost:3001/_next/static/chunks/f12ff_next_dist_compiled_react-dom_7b2f6d3d._.js:9068:186)
    at performWorkOnRootViaSchedulerTask (http://localhost:3001/_next/static/chunks/f12ff_next_dist_compiled_react-dom_7b2f6d3d._.js:10230:9)
    at MessagePort.performWorkUntilDeadline (http://localhost:3001/_next/static/chunks/f12ff_next_dist_compiled_cd863794._.js:2647:64) @ http://localhost:3001/_next/static/chunks/f12ff_next_dist_95687940._.js:3132
[  835727ms] [ERROR] IntlError: MISSING_MESSAGE: Cannot read properties of undefined (reading 'split')
    at getFallbackFromErrorAndNotify (http://localhost:3001/_next/static/chunks/node_modules__pnpm_a92eadf3._.js:7251:23)
    at translateBaseFn (http://localhost:3001/_next/static/chunks/node_modules__pnpm_a92eadf3._.js:7281:28)
    at translateFn (http://localhost:3001/_next/static/chunks/node_modules__pnpm_a92eadf3._.js:7343:24)
    at labelFor (http://localhost:3001/_next/static/chunks/_af79dd3a._.js:633:30)
    at http://localhost:3001/_next/static/chunks/_af79dd3a._.js:142:34
    at Array.map (<anonymous>)
    at RegionChoropleth (http://localhost:3001/_next/static/chunks/_af79dd3a._.js:134:43)
    at Object.react_stack_bottom_frame (http://localhost:3001/_next/static/chunks/f12ff_next_dist_compiled_react-dom_7b2f6d3d._.js:14826:24)
    at renderWithHooks (http://localhost:3001/_next/static/chunks/f12ff_next_dist_compiled_react-dom_7b2f6d3d._.js:4651:24)
    at updateFunctionComponent (http://localhost:3001/_next/static/chunks/f12ff_next_dist_compiled_react-dom_7b2f6d3d._.js:6112:21)
    at beginWork (http://localhost:3001/_next/static/chunks/f12ff_next_dist_compiled_react-dom_7b2f6d3d._.js:6708:24)
    at runWithFiberInDEV (http://localhost:3001/_next/static/chunks/f12ff_next_dist_compiled_react-dom_7b2f6d3d._.js:965:74)
    at performUnitOfWork (http://localhost:3001/_next/static/chunks/f12ff_next_dist_compiled_react-dom_7b2f6d3d._.js:9562:97)
    at workLoopSync (http://localhost:3001/_next/static/chunks/f12ff_next_dist_compiled_react-dom_7b2f6d3d._.js:9456:40)
    at renderRootSync (http://localhost:3001/_next/static/chunks/f12ff_next_dist_compiled_react-dom_7b2f6d3d._.js:9440:13)
    at performWorkOnRoot (http://localhost:3001/_next/static/chunks/f12ff_next_dist_compiled_react-dom_7b2f6d3d._.js:9068:186)
    at performWorkOnRootViaSchedulerTask (http://localhost:3001/_next/static/chunks/f12ff_next_dist_compiled_react-dom_7b2f6d3d._.js:10230:9)
    at MessagePort.performWorkUntilDeadline (http://localhost:3001/_next/static/chunks/f12ff_next_dist_compiled_cd863794._.js:2647:64) @ http://localhost:3001/_next/static/chunks/f12ff_next_dist_95687940._.js:3132
[  835727ms] [ERROR] IntlError: MISSING_MESSAGE: Cannot read properties of undefined (reading 'split')
    at getFallbackFromErrorAndNotify (http://localhost:3001/_next/static/chunks/node_modules__pnpm_a92eadf3._.js:7251:23)
    at translateBaseFn (http://localhost:3001/_next/static/chunks/node_modules__pnpm_a92eadf3._.js:7281:28)
    at translateFn (http://localhost:3001/_next/static/chunks/node_modules__pnpm_a92eadf3._.js:7343:24)
    at labelFor (http://localhost:3001/_next/static/chunks/_af79dd3a._.js:633:30)
    at http://localhost:3001/_next/static/chunks/_af79dd3a._.js:142:34
    at Array.map (<anonymous>)
    at RegionChoropleth (http://localhost:3001/_next/static/chunks/_af79dd3a._.js:134:43)
    at Object.react_stack_bottom_frame (http://localhost:3001/_next/static/chunks/f12ff_next_dist_compiled_react-dom_7b2f6d3d._.js:14826:24)
    at renderWithHooksAgain (http://localhost:3001/_next/static/chunks/f12ff_next_dist_compiled_react-dom_7b2f6d3d._.js:4706:24)
    at renderWithHooks (http://localhost:3001/_next/static/chunks/f12ff_next_dist_compiled_react-dom_7b2f6d3d._.js:4657:28)
    at updateFunctionComponent (http://localhost:3001/_next/static/chunks/f12ff_next_dist_compiled_react-dom_7b2f6d3d._.js:6112:21)
    at beginWork (http://localhost:3001/_next/static/chunks/f12ff_next_dist_compiled_react-dom_7b2f6d3d._.js:6708:24)
    at runWithFiberInDEV (http://localhost:3001/_next/static/chunks/f12ff_next_dist_compiled_react-dom_7b2f6d3d._.js:965:74)
    at performUnitOfWork (http://localhost:3001/_next/static/chunks/f12ff_next_dist_compiled_react-dom_7b2f6d3d._.js:9562:97)
    at workLoopSync (http://localhost:3001/_next/static/chunks/f12ff_next_dist_compiled_react-dom_7b2f6d3d._.js:9456:40)
    at renderRootSync (http://localhost:3001/_next/static/chunks/f12ff_next_dist_compiled_react-dom_7b2f6d3d._.js:9440:13)
    at performWorkOnRoot (http://localhost:3001/_next/static/chunks/f12ff_next_dist_compiled_react-dom_7b2f6d3d._.js:9068:186)
    at performWorkOnRootViaSchedulerTask (http://localhost:3001/_next/static/chunks/f12ff_next_dist_compiled_react-dom_7b2f6d3d._.js:10230:9)
    at MessagePort.performWorkUntilDeadline (http://localhost:3001/_next/static/chunks/f12ff_next_dist_compiled_cd863794._.js:2647:64) @ http://localhost:3001/_next/static/chunks/f12ff_next_dist_95687940._.js:3132
[  835727ms] [ERROR] IntlError: MISSING_MESSAGE: Cannot read properties of undefined (reading 'split')
    at getFallbackFromErrorAndNotify (http://localhost:3001/_next/static/chunks/node_modules__pnpm_a92eadf3._.js:7251:23)
    at translateBaseFn (http://localhost:3001/_next/static/chunks/node_modules__pnpm_a92eadf3._.js:7281:28)
    at translateFn (http://localhost:3001/_next/static/chunks/node_modules__pnpm_a92eadf3._.js:7343:24)
    at labelFor (http://localhost:3001/_next/static/chunks/_af79dd3a._.js:633:30)
    at http://localhost:3001/_next/static/chunks/_af79dd3a._.js:142:34
    at Array.map (<anonymous>)
    at RegionChoropleth (http://localhost:3001/_next/static/chunks/_af79dd3a._.js:134:43)
    at Object.react_stack_bottom_frame (http://localhost:3001/_next/static/chunks/f12ff_next_dist_compiled_react-dom_7b2f6d3d._.js:14826:24)
    at renderWithHooksAgain (http://localhost:3001/_next/static/chunks/f12ff_next_dist_compiled_react-dom_7b2f6d3d._.js:4706:24)
    at renderWithHooks (http://localhost:3001/_next/static/chunks/f12ff_next_dist_compiled_react-dom_7b2f6d3d._.js:4657:28)
    at updateFunctionComponent (http://localhost:3001/_next/static/chunks/f12ff_next_dist_compiled_react-dom_7b2f6d3d._.js:6112:21)
    at beginWork (http://localhost:3001/_next/static/chunks/f12ff_next_dist_compiled_react-dom_7b2f6d3d._.js:6708:24)
    at runWithFiberInDEV (http://localhost:3001/_next/static/chunks/f12ff_next_dist_compiled_react-dom_7b2f6d3d._.js:965:74)
    at performUnitOfWork (http://localhost:3001/_next/static/chunks/f12ff_next_dist_compiled_react-dom_7b2f6d3d._.js:9562:97)
    at workLoopSync (http://localhost:3001/_next/static/chunks/f12ff_next_dist_compiled_react-dom_7b2f6d3d._.js:9456:40)
    at renderRootSync (http://localhost:3001/_next/static/chunks/f12ff_next_dist_compiled_react-dom_7b2f6d3d._.js:9440:13)
    at performWorkOnRoot (http://localhost:3001/_next/static/chunks/f12ff_next_dist_compiled_react-dom_7b2f6d3d._.js:9068:186)
    at performWorkOnRootViaSchedulerTask (http://localhost:3001/_next/static/chunks/f12ff_next_dist_compiled_react-dom_7b2f6d3d._.js:10230:9)
    at MessagePort.performWorkUntilDeadline (http://localhost:3001/_next/static/chunks/f12ff_next_dist_compiled_cd863794._.js:2647:64) @ http://localhost:3001/_next/static/chunks/f12ff_next_dist_95687940._.js:3132
[  835727ms] [ERROR] IntlError: MISSING_MESSAGE: Cannot read properties of undefined (reading 'split')
    at getFallbackFromErrorAndNotify (http://localhost:3001/_next/static/chunks/node_modules__pnpm_a92eadf3._.js:7251:23)
    at translateBaseFn (http://localhost:3001/_next/static/chunks/node_modules__pnpm_a92eadf3._.js:7281:28)
    at translateFn (http://localhost:3001/_next/static/chunks/node_modules__pnpm_a92eadf3._.js:7343:24)
    at labelFor (http://localhost:3001/_next/static/chunks/_af79dd3a._.js:633:30)
    at http://localhost:3001/_next/static/chunks/_af79dd3a._.js:142:34
    at Array.map (<anonymous>)
    at RegionChoropleth (http://localhost:3001/_next/static/chunks/_af79dd3a._.js:134:43)
    at Object.react_stack_bottom_frame (http://localhost:3001/_next/static/chunks/f12ff_next_dist_compiled_react-dom_7b2f6d3d._.js:14826:24)
    at renderWithHooksAgain (http://localhost:3001/_next/static/chunks/f12ff_next_dist_compiled_react-dom_7b2f6d3d._.js:4706:24)
    at renderWithHooks (http://localhost:3001/_next/static/chunks/f12ff_next_dist_compiled_react-dom_7b2f6d3d._.js:4657:28)
    at updateFunctionComponent (http://localhost:3001/_next/static/chunks/f12ff_next_dist_compiled_react-dom_7b2f6d3d._.js:6112:21)
    at beginWork (http://localhost:3001/_next/static/chunks/f12ff_next_dist_compiled_react-dom_7b2f6d3d._.js:6708:24)
    at runWithFiberInDEV (http://localhost:3001/_next/static/chunks/f12ff_next_dist_compiled_react-dom_7b2f6d3d._.js:965:74)
    at performUnitOfWork (http://localhost:3001/_next/static/chunks/f12ff_next_dist_compiled_react-dom_7b2f6d3d._.js:9562:97)
    at workLoopSync (http://localhost:3001/_next/static/chunks/f12ff_next_dist_compiled_react-dom_7b2f6d3d._.js:9456:40)
    at renderRootSync (http://localhost:3001/_next/static/chunks/f12ff_next_dist_compiled_react-dom_7b2f6d3d._.js:9440:13)
    at performWorkOnRoot (http://localhost:3001/_next/static/chunks/f12ff_next_dist_compiled_react-dom_7b2f6d3d._.js:9068:186)
    at performWorkOnRootViaSchedulerTask (http://localhost:3001/_next/static/chunks/f12ff_next_dist_compiled_react-dom_7b2f6d3d._.js:10230:9)
    at MessagePort.performWorkUntilDeadline (http://localhost:3001/_next/static/chunks/f12ff_next_dist_compiled_cd863794._.js:2647:64) @ http://localhost:3001/_next/static/chunks/f12ff_next_dist_95687940._.js:3132
[  835728ms] [ERROR] IntlError: MISSING_MESSAGE: Cannot read properties of undefined (reading 'split')
    at getFallbackFromErrorAndNotify (http://localhost:3001/_next/static/chunks/node_modules__pnpm_a92eadf3._.js:7251:23)
    at translateBaseFn (http://localhost:3001/_next/static/chunks/node_modules__pnpm_a92eadf3._.js:7281:28)
    at translateFn (http://localhost:3001/_next/static/chunks/node_modules__pnpm_a92eadf3._.js:7343:24)
    at labelFor (http://localhost:3001/_next/static/chunks/_af79dd3a._.js:633:30)
    at http://localhost:3001/_next/static/chunks/_af79dd3a._.js:142:34
    at Array.map (<anonymous>)
    at RegionChoropleth (http://localhost:3001/_next/static/chunks/_af79dd3a._.js:134:43)
    at Object.react_stack_bottom_frame (http://localhost:3001/_next/static/chunks/f12ff_next_dist_compiled_react-dom_7b2f6d3d._.js:14826:24)
    at renderWithHooksAgain (http://localhost:3001/_next/static/chunks/f12ff_next_dist_compiled_react-dom_7b2f6d3d._.js:4706:24)
    at renderWithHooks (http://localhost:3001/_next/static/chunks/f12ff_next_dist_compiled_react-dom_7b2f6d3d._.js:4657:28)
    at updateFunctionComponent (http://localhost:3001/_next/static/chunks/f12ff_next_dist_compiled_react-dom_7b2f6d3d._.js:6112:21)
    at beginWork (http://localhost:3001/_next/static/chunks/f12ff_next_dist_compiled_react-dom_7b2f6d3d._.js:6708:24)
    at runWithFiberInDEV (http://localhost:3001/_next/static/chunks/f12ff_next_dist_compiled_react-dom_7b2f6d3d._.js:965:74)
    at performUnitOfWork (http://localhost:3001/_next/static/chunks/f12ff_next_dist_compiled_react-dom_7b2f6d3d._.js:9562:97)
    at workLoopSync (http://localhost:3001/_next/static/chunks/f12ff_next_dist_compiled_react-dom_7b2f6d3d._.js:9456:40)
    at renderRootSync (http://localhost:3001/_next/static/chunks/f12ff_next_dist_compiled_react-dom_7b2f6d3d._.js:9440:13)
    at performWorkOnRoot (http://localhost:3001/_next/static/chunks/f12ff_next_dist_compiled_react-dom_7b2f6d3d._.js:9068:186)
    at performWorkOnRootViaSchedulerTask (http://localhost:3001/_next/static/chunks/f12ff_next_dist_compiled_react-dom_7b2f6d3d._.js:10230:9)
    at MessagePort.performWorkUntilDeadline (http://localhost:3001/_next/static/chunks/f12ff_next_dist_compiled_cd863794._.js:2647:64) @ http://localhost:3001/_next/static/chunks/f12ff_next_dist_95687940._.js:3132
[  835728ms] [ERROR] IntlError: MISSING_MESSAGE: Cannot read properties of undefined (reading 'split')
    at getFallbackFromErrorAndNotify (http://localhost:3001/_next/static/chunks/node_modules__pnpm_a92eadf3._.js:7251:23)
    at translateBaseFn (http://localhost:3001/_next/static/chunks/node_modules__pnpm_a92eadf3._.js:7281:28)
    at translateFn (http://localhost:3001/_next/static/chunks/node_modules__pnpm_a92eadf3._.js:7343:24)
    at labelFor (http://localhost:3001/_next/static/chunks/_af79dd3a._.js:633:30)
    at http://localhost:3001/_next/static/chunks/_af79dd3a._.js:142:34
    at Array.map (<anonymous>)
    at RegionChoropleth (http://localhost:3001/_next/static/chunks/_af79dd3a._.js:134:43)
    at Object.react_stack_bottom_frame (http://localhost:3001/_next/static/chunks/f12ff_next_dist_compiled_react-dom_7b2f6d3d._.js:14826:24)
    at renderWithHooksAgain (http://localhost:3001/_next/static/chunks/f12ff_next_dist_compiled_react-dom_7b2f6d3d._.js:4706:24)
    at renderWithHooks (http://localhost:3001/_next/static/chunks/f12ff_next_dist_compiled_react-dom_7b2f6d3d._.js:4657:28)
    at updateFunctionComponent (http://localhost:3001/_next/static/chunks/f12ff_next_dist_compiled_react-dom_7b2f6d3d._.js:6112:21)
    at beginWork (http://localhost:3001/_next/static/chunks/f12ff_next_dist_compiled_react-dom_7b2f6d3d._.js:6708:24)
    at runWithFiberInDEV (http://localhost:3001/_next/static/chunks/f12ff_next_dist_compiled_react-dom_7b2f6d3d._.js:965:74)
    at performUnitOfWork (http://localhost:3001/_next/static/chunks/f12ff_next_dist_compiled_react-dom_7b2f6d3d._.js:9562:97)
    at workLoopSync (http://localhost:3001/_next/static/chunks/f12ff_next_dist_compiled_react-dom_7b2f6d3d._.js:9456:40)
    at renderRootSync (http://localhost:3001/_next/static/chunks/f12ff_next_dist_compiled_react-dom_7b2f6d3d._.js:9440:13)
    at performWorkOnRoot (http://localhost:3001/_next/static/chunks/f12ff_next_dist_compiled_react-dom_7b2f6d3d._.js:9068:186)
    at performWorkOnRootViaSchedulerTask (http://localhost:3001/_next/static/chunks/f12ff_next_dist_compiled_react-dom_7b2f6d3d._.js:10230:9)
    at MessagePort.performWorkUntilDeadline (http://localhost:3001/_next/static/chunks/f12ff_next_dist_compiled_cd863794._.js:2647:64) @ http://localhost:3001/_next/static/chunks/f12ff_next_dist_95687940._.js:3132
[  835728ms] [ERROR] IntlError: MISSING_MESSAGE: Cannot read properties of undefined (reading 'split')
    at getFallbackFromErrorAndNotify (http://localhost:3001/_next/static/chunks/node_modules__pnpm_a92eadf3._.js:7251:23)
    at translateBaseFn (http://localhost:3001/_next/static/chunks/node_modules__pnpm_a92eadf3._.js:7281:28)
    at translateFn (http://localhost:3001/_next/static/chunks/node_modules__pnpm_a92eadf3._.js:7343:24)
    at labelFor (http://localhost:3001/_next/static/chunks/_af79dd3a._.js:633:30)
    at http://localhost:3001/_next/static/chunks/_af79dd3a._.js:142:34
    at Array.map (<anonymous>)
    at RegionChoropleth (http://localhost:3001/_next/static/chunks/_af79dd3a._.js:134:43)
    at Object.react_stack_bottom_frame (http://localhost:3001/_next/static/chunks/f12ff_next_dist_compiled_react-dom_7b2f6d3d._.js:14826:24)
    at renderWithHooksAgain (http://localhost:3001/_next/static/chunks/f12ff_next_dist_compiled_react-dom_7b2f6d3d._.js:4706:24)
    at renderWithHooks (http://localhost:3001/_next/static/chunks/f12ff_next_dist_compiled_react-dom_7b2f6d3d._.js:4657:28)
    at updateFunctionComponent (http://localhost:3001/_next/static/chunks/f12ff_next_dist_compiled_react-dom_7b2f6d3d._.js:6112:21)
    at beginWork (http://localhost:3001/_next/static/chunks/f12ff_next_dist_compiled_react-dom_7b2f6d3d._.js:6708:24)
    at runWithFiberInDEV (http://localhost:3001/_next/static/chunks/f12ff_next_dist_compiled_react-dom_7b2f6d3d._.js:965:74)
    at performUnitOfWork (http://localhost:3001/_next/static/chunks/f12ff_next_dist_compiled_react-dom_7b2f6d3d._.js:9562:97)
    at workLoopSync (http://localhost:3001/_next/static/chunks/f12ff_next_dist_compiled_react-dom_7b2f6d3d._.js:9456:40)
    at renderRootSync (http://localhost:3001/_next/static/chunks/f12ff_next_dist_compiled_react-dom_7b2f6d3d._.js:9440:13)
    at performWorkOnRoot (http://localhost:3001/_next/static/chunks/f12ff_next_dist_compiled_react-dom_7b2f6d3d._.js:9068:186)
    at performWorkOnRootViaSchedulerTask (http://localhost:3001/_next/static/chunks/f12ff_next_dist_compiled_react-dom_7b2f6d3d._.js:10230:9)
    at MessagePort.performWorkUntilDeadline (http://localhost:3001/_next/static/chunks/f12ff_next_dist_compiled_cd863794._.js:2647:64) @ http://localhost:3001/_next/static/chunks/f12ff_next_dist_95687940._.js:3132
[  835728ms] [ERROR] IntlError: MISSING_MESSAGE: Cannot read properties of undefined (reading 'split')
    at getFallbackFromErrorAndNotify (http://localhost:3001/_next/static/chunks/node_modules__pnpm_a92eadf3._.js:7251:23)
    at translateBaseFn (http://localhost:3001/_next/static/chunks/node_modules__pnpm_a92eadf3._.js:7281:28)
    at translateFn (http://localhost:3001/_next/static/chunks/node_modules__pnpm_a92eadf3._.js:7343:24)
    at labelFor (http://localhost:3001/_next/static/chunks/_af79dd3a._.js:633:30)
    at http://localhost:3001/_next/static/chunks/_af79dd3a._.js:142:34
    at Array.map (<anonymous>)
    at RegionChoropleth (http://localhost:3001/_next/static/chunks/_af79dd3a._.js:134:43)
    at Object.react_stack_bottom_frame (http://localhost:3001/_next/static/chunks/f12ff_next_dist_compiled_react-dom_7b2f6d3d._.js:14826:24)
    at renderWithHooksAgain (http://localhost:3001/_next/static/chunks/f12ff_next_dist_compiled_react-dom_7b2f6d3d._.js:4706:24)
    at renderWithHooks (http://localhost:3001/_next/static/chunks/f12ff_next_dist_compiled_react-dom_7b2f6d3d._.js:4657:28)
    at updateFunctionComponent (http://localhost:3001/_next/static/chunks/f12ff_next_dist_compiled_react-dom_7b2f6d3d._.js:6112:21)
    at beginWork (http://localhost:3001/_next/static/chunks/f12ff_next_dist_compiled_react-dom_7b2f6d3d._.js:6708:24)
    at runWithFiberInDEV (http://localhost:3001/_next/static/chunks/f12ff_next_dist_compiled_react-dom_7b2f6d3d._.js:965:74)
    at performUnitOfWork (http://localhost:3001/_next/static/chunks/f12ff_next_dist_compiled_react-dom_7b2f6d3d._.js:9562:97)
    at workLoopSync (http://localhost:3001/_next/static/chunks/f12ff_next_dist_compiled_react-dom_7b2f6d3d._.js:9456:40)
    at renderRootSync (http://localhost:3001/_next/static/chunks/f12ff_next_dist_compiled_react-dom_7b2f6d3d._.js:9440:13)
    at performWorkOnRoot (http://localhost:3001/_next/static/chunks/f12ff_next_dist_compiled_react-dom_7b2f6d3d._.js:9068:186)
    at performWorkOnRootViaSchedulerTask (http://localhost:3001/_next/static/chunks/f12ff_next_dist_compiled_react-dom_7b2f6d3d._.js:10230:9)
    at MessagePort.performWorkUntilDeadline (http://localhost:3001/_next/static/chunks/f12ff_next_dist_compiled_cd863794._.js:2647:64) @ http://localhost:3001/_next/static/chunks/f12ff_next_dist_95687940._.js:3132
[  836264ms] [ERROR] IntlError: MISSING_MESSAGE: Cannot read properties of undefined (reading 'split')
    at getFallbackFromErrorAndNotify (http://localhost:3001/_next/static/chunks/node_modules__pnpm_a92eadf3._.js:7251:23)
    at translateBaseFn (http://localhost:3001/_next/static/chunks/node_modules__pnpm_a92eadf3._.js:7281:28)
    at translateFn (http://localhost:3001/_next/static/chunks/node_modules__pnpm_a92eadf3._.js:7343:24)
    at labelFor (http://localhost:3001/_next/static/chunks/_af79dd3a._.js:633:30)
    at http://localhost:3001/_next/static/chunks/_af79dd3a._.js:142:34
    at Array.map (<anonymous>)
    at RegionChoropleth (http://localhost:3001/_next/static/chunks/_af79dd3a._.js:134:43)
    at Object.react_stack_bottom_frame (http://localhost:3001/_next/static/chunks/f12ff_next_dist_compiled_react-dom_7b2f6d3d._.js:14826:24)
    at renderWithHooks (http://localhost:3001/_next/static/chunks/f12ff_next_dist_compiled_react-dom_7b2f6d3d._.js:4651:24)
    at updateFunctionComponent (http://localhost:3001/_next/static/chunks/f12ff_next_dist_compiled_react-dom_7b2f6d3d._.js:6112:21)
    at beginWork (http://localhost:3001/_next/static/chunks/f12ff_next_dist_compiled_react-dom_7b2f6d3d._.js:6708:24)
    at runWithFiberInDEV (http://localhost:3001/_next/static/chunks/f12ff_next_dist_compiled_react-dom_7b2f6d3d._.js:965:74)
    at performUnitOfWork (http://localhost:3001/_next/static/chunks/f12ff_next_dist_compiled_react-dom_7b2f6d3d._.js:9562:97)
    at workLoopSync (http://localhost:3001/_next/static/chunks/f12ff_next_dist_compiled_react-dom_7b2f6d3d._.js:9456:40)
    at renderRootSync (http://localhost:3001/_next/static/chunks/f12ff_next_dist_compiled_react-dom_7b2f6d3d._.js:9440:13)
    at performWorkOnRoot (http://localhost:3001/_next/static/chunks/f12ff_next_dist_compiled_react-dom_7b2f6d3d._.js:9068:186)
    at performWorkOnRootViaSchedulerTask (http://localhost:3001/_next/static/chunks/f12ff_next_dist_compiled_react-dom_7b2f6d3d._.js:10230:9)
    at MessagePort.performWorkUntilDeadline (http://localhost:3001/_next/static/chunks/f12ff_next_dist_compiled_cd863794._.js:2647:64) @ http://localhost:3001/_next/static/chunks/f12ff_next_dist_95687940._.js:3132
[  836264ms] [ERROR] IntlError: MISSING_MESSAGE: Cannot read properties of undefined (reading 'split')
    at getFallbackFromErrorAndNotify (http://localhost:3001/_next/static/chunks/node_modules__pnpm_a92eadf3._.js:7251:23)
    at translateBaseFn (http://localhost:3001/_next/static/chunks/node_modules__pnpm_a92eadf3._.js:7281:28)
    at translateFn (http://localhost:3001/_next/static/chunks/node_modules__pnpm_a92eadf3._.js:7343:24)
    at labelFor (http://localhost:3001/_next/static/chunks/_af79dd3a._.js:633:30)
    at http://localhost:3001/_next/static/chunks/_af79dd3a._.js:142:34
    at Array.map (<anonymous>)
    at RegionChoropleth (http://localhost:3001/_next/static/chunks/_af79dd3a._.js:134:43)
    at Object.react_stack_bottom_frame (http://localhost:3001/_next/static/chunks/f12ff_next_dist_compiled_react-dom_7b2f6d3d._.js:14826:24)
    at renderWithHooks (http://localhost:3001/_next/static/chunks/f12ff_next_dist_compiled_react-dom_7b2f6d3d._.js:4651:24)
    at updateFunctionComponent (http://localhost:3001/_next/static/chunks/f12ff_next_dist_compiled_react-dom_7b2f6d3d._.js:6112:21)
    at beginWork (http://localhost:3001/_next/static/chunks/f12ff_next_dist_compiled_react-dom_7b2f6d3d._.js:6708:24)
    at runWithFiberInDEV (http://localhost:3001/_next/static/chunks/f12ff_next_dist_compiled_react-dom_7b2f6d3d._.js:965:74)
    at performUnitOfWork (http://localhost:3001/_next/static/chunks/f12ff_next_dist_compiled_react-dom_7b2f6d3d._.js:9562:97)
    at workLoopSync (http://localhost:3001/_next/static/chunks/f12ff_next_dist_compiled_react-dom_7b2f6d3d._.js:9456:40)
    at renderRootSync (http://localhost:3001/_next/static/chunks/f12ff_next_dist_compiled_react-dom_7b2f6d3d._.js:9440:13)
    at performWorkOnRoot (http://localhost:3001/_next/static/chunks/f12ff_next_dist_compiled_react-dom_7b2f6d3d._.js:9068:186)
    at performWorkOnRootViaSchedulerTask (http://localhost:3001/_next/static/chunks/f12ff_next_dist_compiled_react-dom_7b2f6d3d._.js:10230:9)
    at MessagePort.performWorkUntilDeadline (http://localhost:3001/_next/static/chunks/f12ff_next_dist_compiled_cd863794._.js:2647:64) @ http://localhost:3001/_next/static/chunks/f12ff_next_dist_95687940._.js:3132
[  836264ms] [ERROR] IntlError: MISSING_MESSAGE: Cannot read properties of undefined (reading 'split')
    at getFallbackFromErrorAndNotify (http://localhost:3001/_next/static/chunks/node_modules__pnpm_a92eadf3._.js:7251:23)
    at translateBaseFn (http://localhost:3001/_next/static/chunks/node_modules__pnpm_a92eadf3._.js:7281:28)
    at translateFn (http://localhost:3001/_next/static/chunks/node_modules__pnpm_a92eadf3._.js:7343:24)
    at labelFor (http://localhost:3001/_next/static/chunks/_af79dd3a._.js:633:30)
    at http://localhost:3001/_next/static/chunks/_af79dd3a._.js:142:34
    at Array.map (<anonymous>)
    at RegionChoropleth (http://localhost:3001/_next/static/chunks/_af79dd3a._.js:134:43)
    at Object.react_stack_bottom_frame (http://localhost:3001/_next/static/chunks/f12ff_next_dist_compiled_react-dom_7b2f6d3d._.js:14826:24)
    at renderWithHooks (http://localhost:3001/_next/static/chunks/f12ff_next_dist_compiled_react-dom_7b2f6d3d._.js:4651:24)
    at updateFunctionComponent (http://localhost:3001/_next/static/chunks/f12ff_next_dist_compiled_react-dom_7b2f6d3d._.js:6112:21)
    at beginWork (http://localhost:3001/_next/static/chunks/f12ff_next_dist_compiled_react-dom_7b2f6d3d._.js:6708:24)
    at runWithFiberInDEV (http://localhost:3001/_next/static/chunks/f12ff_next_dist_compiled_react-dom_7b2f6d3d._.js:965:74)
    at performUnitOfWork (http://localhost:3001/_next/static/chunks/f12ff_next_dist_compiled_react-dom_7b2f6d3d._.js:9562:97)
    at workLoopSync (http://localhost:3001/_next/static/chunks/f12ff_next_dist_compiled_react-dom_7b2f6d3d._.js:9456:40)
    at renderRootSync (http://localhost:3001/_next/static/chunks/f12ff_next_dist_compiled_react-dom_7b2f6d3d._.js:9440:13)
    at performWorkOnRoot (http://localhost:3001/_next/static/chunks/f12ff_next_dist_compiled_react-dom_7b2f6d3d._.js:9068:186)
    at performWorkOnRootViaSchedulerTask (http://localhost:3001/_next/static/chunks/f12ff_next_dist_compiled_react-dom_7b2f6d3d._.js:10230:9)
    at MessagePort.performWorkUntilDeadline (http://localhost:3001/_next/static/chunks/f12ff_next_dist_compiled_cd863794._.js:2647:64) @ http://localhost:3001/_next/static/chunks/f12ff_next_dist_95687940._.js:3132
[  836264ms] [ERROR] IntlError: MISSING_MESSAGE: Cannot read properties of undefined (reading 'split')
    at getFallbackFromErrorAndNotify (http://localhost:3001/_next/static/chunks/node_modules__pnpm_a92eadf3._.js:7251:23)
    at translateBaseFn (http://localhost:3001/_next/static/chunks/node_modules__pnpm_a92eadf3._.js:7281:28)
    at translateFn (http://localhost:3001/_next/static/chunks/node_modules__pnpm_a92eadf3._.js:7343:24)
    at labelFor (http://localhost:3001/_next/static/chunks/_af79dd3a._.js:633:30)
    at http://localhost:3001/_next/static/chunks/_af79dd3a._.js:142:34
    at Array.map (<anonymous>)
    at RegionChoropleth (http://localhost:3001/_next/static/chunks/_af79dd3a._.js:134:43)
    at Object.react_stack_bottom_frame (http://localhost:3001/_next/static/chunks/f12ff_next_dist_compiled_react-dom_7b2f6d3d._.js:14826:24)
    at renderWithHooks (http://localhost:3001/_next/static/chunks/f12ff_next_dist_compiled_react-dom_7b2f6d3d._.js:4651:24)
    at updateFunctionComponent (http://localhost:3001/_next/static/chunks/f12ff_next_dist_compiled_react-dom_7b2f6d3d._.js:6112:21)
    at beginWork (http://localhost:3001/_next/static/chunks/f12ff_next_dist_compiled_react-dom_7b2f6d3d._.js:6708:24)
    at runWithFiberInDEV (http://localhost:3001/_next/static/chunks/f12ff_next_dist_compiled_react-dom_7b2f6d3d._.js:965:74)
    at performUnitOfWork (http://localhost:3001/_next/static/chunks/f12ff_next_dist_compiled_react-dom_7b2f6d3d._.js:9562:97)
    at workLoopSync (http://localhost:3001/_next/static/chunks/f12ff_next_dist_compiled_react-dom_7b2f6d3d._.js:9456:40)
    at renderRootSync (http://localhost:3001/_next/static/chunks/f12ff_next_dist_compiled_react-dom_7b2f6d3d._.js:9440:13)
    at performWorkOnRoot (http://localhost:3001/_next/static/chunks/f12ff_next_dist_compiled_react-dom_7b2f6d3d._.js:9068:186)
    at performWorkOnRootViaSchedulerTask (http://localhost:3001/_next/static/chunks/f12ff_next_dist_compiled_react-dom_7b2f6d3d._.js:10230:9)
    at MessagePort.performWorkUntilDeadline (http://localhost:3001/_next/static/chunks/f12ff_next_dist_compiled_cd863794._.js:2647:64) @ http://localhost:3001/_next/static/chunks/f12ff_next_dist_95687940._.js:3132
[  836264ms] [ERROR] IntlError: MISSING_MESSAGE: Cannot read properties of undefined (reading 'split')
    at getFallbackFromErrorAndNotify (http://localhost:3001/_next/static/chunks/node_modules__pnpm_a92eadf3._.js:7251:23)
    at translateBaseFn (http://localhost:3001/_next/static/chunks/node_modules__pnpm_a92eadf3._.js:7281:28)
    at translateFn (http://localhost:3001/_next/static/chunks/node_modules__pnpm_a92eadf3._.js:7343:24)
    at labelFor (http://localhost:3001/_next/static/chunks/_af79dd3a._.js:633:30)
    at http://localhost:3001/_next/static/chunks/_af79dd3a._.js:142:34
    at Array.map (<anonymous>)
    at RegionChoropleth (http://localhost:3001/_next/static/chunks/_af79dd3a._.js:134:43)
    at Object.react_stack_bottom_frame (http://localhost:3001/_next/static/chunks/f12ff_next_dist_compiled_react-dom_7b2f6d3d._.js:14826:24)
    at renderWithHooks (http://localhost:3001/_next/static/chunks/f12ff_next_dist_compiled_react-dom_7b2f6d3d._.js:4651:24)
    at updateFunctionComponent (http://localhost:3001/_next/static/chunks/f12ff_next_dist_compiled_react-dom_7b2f6d3d._.js:6112:21)
    at beginWork (http://localhost:3001/_next/static/chunks/f12ff_next_dist_compiled_react-dom_7b2f6d3d._.js:6708:24)
    at runWithFiberInDEV (http://localhost:3001/_next/static/chunks/f12ff_next_dist_compiled_react-dom_7b2f6d3d._.js:965:74)
    at performUnitOfWork (http://localhost:3001/_next/static/chunks/f12ff_next_dist_compiled_react-dom_7b2f6d3d._.js:9562:97)
    at workLoopSync (http://localhost:3001/_next/static/chunks/f12ff_next_dist_compiled_react-dom_7b2f6d3d._.js:9456:40)
    at renderRootSync (http://localhost:3001/_next/static/chunks/f12ff_next_dist_compiled_react-dom_7b2f6d3d._.js:9440:13)
    at performWorkOnRoot (http://localhost:3001/_next/static/chunks/f12ff_next_dist_compiled_react-dom_7b2f6d3d._.js:9068:186)
    at performWorkOnRootViaSchedulerTask (http://localhost:3001/_next/static/chunks/f12ff_next_dist_compiled_react-dom_7b2f6d3d._.js:10230:9)
    at MessagePort.performWorkUntilDeadline (http://localhost:3001/_next/static/chunks/f12ff_next_dist_compiled_cd863794._.js:2647:64) @ http://localhost:3001/_next/static/chunks/f12ff_next_dist_95687940._.js:3132
[  836265ms] [ERROR] IntlError: MISSING_MESSAGE: Cannot read properties of undefined (reading 'split')
    at getFallbackFromErrorAndNotify (http://localhost:3001/_next/static/chunks/node_modules__pnpm_a92eadf3._.js:7251:23)
    at translateBaseFn (http://localhost:3001/_next/static/chunks/node_modules__pnpm_a92eadf3._.js:7281:28)
    at translateFn (http://localhost:3001/_next/static/chunks/node_modules__pnpm_a92eadf3._.js:7343:24)
    at labelFor (http://localhost:3001/_next/static/chunks/_af79dd3a._.js:633:30)
    at http://localhost:3001/_next/static/chunks/_af79dd3a._.js:142:34
    at Array.map (<anonymous>)
    at RegionChoropleth (http://localhost:3001/_next/static/chunks/_af79dd3a._.js:134:43)
    at Object.react_stack_bottom_frame (http://localhost:3001/_next/static/chunks/f12ff_next_dist_compiled_react-dom_7b2f6d3d._.js:14826:24)
    at renderWithHooks (http://localhost:3001/_next/static/chunks/f12ff_next_dist_compiled_react-dom_7b2f6d3d._.js:4651:24)
    at updateFunctionComponent (http://localhost:3001/_next/static/chunks/f12ff_next_dist_compiled_react-dom_7b2f6d3d._.js:6112:21)
    at beginWork (http://localhost:3001/_next/static/chunks/f12ff_next_dist_compiled_react-dom_7b2f6d3d._.js:6708:24)
    at runWithFiberInDEV (http://localhost:3001/_next/static/chunks/f12ff_next_dist_compiled_react-dom_7b2f6d3d._.js:965:74)
    at performUnitOfWork (http://localhost:3001/_next/static/chunks/f12ff_next_dist_compiled_react-dom_7b2f6d3d._.js:9562:97)
    at workLoopSync (http://localhost:3001/_next/static/chunks/f12ff_next_dist_compiled_react-dom_7b2f6d3d._.js:9456:40)
    at renderRootSync (http://localhost:3001/_next/static/chunks/f12ff_next_dist_compiled_react-dom_7b2f6d3d._.js:9440:13)
    at performWorkOnRoot (http://localhost:3001/_next/static/chunks/f12ff_next_dist_compiled_react-dom_7b2f6d3d._.js:9068:186)
    at performWorkOnRootViaSchedulerTask (http://localhost:3001/_next/static/chunks/f12ff_next_dist_compiled_react-dom_7b2f6d3d._.js:10230:9)
    at MessagePort.performWorkUntilDeadline (http://localhost:3001/_next/static/chunks/f12ff_next_dist_compiled_cd863794._.js:2647:64) @ http://localhost:3001/_next/static/chunks/f12ff_next_dist_95687940._.js:3132
[  836265ms] [ERROR] IntlError: MISSING_MESSAGE: Cannot read properties of undefined (reading 'split')
    at getFallbackFromErrorAndNotify (http://localhost:3001/_next/static/chunks/node_modules__pnpm_a92eadf3._.js:7251:23)
    at translateBaseFn (http://localhost:3001/_next/static/chunks/node_modules__pnpm_a92eadf3._.js:7281:28)
    at translateFn (http://localhost:3001/_next/static/chunks/node_modules__pnpm_a92eadf3._.js:7343:24)
    at labelFor (http://localhost:3001/_next/static/chunks/_af79dd3a._.js:633:30)
    at http://localhost:3001/_next/static/chunks/_af79dd3a._.js:142:34
    at Array.map (<anonymous>)
    at RegionChoropleth (http://localhost:3001/_next/static/chunks/_af79dd3a._.js:134:43)
    at Object.react_stack_bottom_frame (http://localhost:3001/_next/static/chunks/f12ff_next_dist_compiled_react-dom_7b2f6d3d._.js:14826:24)
    at renderWithHooks (http://localhost:3001/_next/static/chunks/f12ff_next_dist_compiled_react-dom_7b2f6d3d._.js:4651:24)
    at updateFunctionComponent (http://localhost:3001/_next/static/chunks/f12ff_next_dist_compiled_react-dom_7b2f6d3d._.js:6112:21)
    at beginWork (http://localhost:3001/_next/static/chunks/f12ff_next_dist_compiled_react-dom_7b2f6d3d._.js:6708:24)
    at runWithFiberInDEV (http://localhost:3001/_next/static/chunks/f12ff_next_dist_compiled_react-dom_7b2f6d3d._.js:965:74)
    at performUnitOfWork (http://localhost:3001/_next/static/chunks/f12ff_next_dist_compiled_react-dom_7b2f6d3d._.js:9562:97)
    at workLoopSync (http://localhost:3001/_next/static/chunks/f12ff_next_dist_compiled_react-dom_7b2f6d3d._.js:9456:40)
    at renderRootSync (http://localhost:3001/_next/static/chunks/f12ff_next_dist_compiled_react-dom_7b2f6d3d._.js:9440:13)
    at performWorkOnRoot (http://localhost:3001/_next/static/chunks/f12ff_next_dist_compiled_react-dom_7b2f6d3d._.js:9068:186)
    at performWorkOnRootViaSchedulerTask (http://localhost:3001/_next/static/chunks/f12ff_next_dist_compiled_react-dom_7b2f6d3d._.js:10230:9)
    at MessagePort.performWorkUntilDeadline (http://localhost:3001/_next/static/chunks/f12ff_next_dist_compiled_cd863794._.js:2647:64) @ http://localhost:3001/_next/static/chunks/f12ff_next_dist_95687940._.js:3132
[  836265ms] [ERROR] IntlError: MISSING_MESSAGE: Cannot read properties of undefined (reading 'split')
    at getFallbackFromErrorAndNotify (http://localhost:3001/_next/static/chunks/node_modules__pnpm_a92eadf3._.js:7251:23)
    at translateBaseFn (http://localhost:3001/_next/static/chunks/node_modules__pnpm_a92eadf3._.js:7281:28)
    at translateFn (http://localhost:3001/_next/static/chunks/node_modules__pnpm_a92eadf3._.js:7343:24)
    at labelFor (http://localhost:3001/_next/static/chunks/_af79dd3a._.js:633:30)
    at http://localhost:3001/_next/static/chunks/_af79dd3a._.js:142:34
    at Array.map (<anonymous>)
    at RegionChoropleth (http://localhost:3001/_next/static/chunks/_af79dd3a._.js:134:43)
    at Object.react_stack_bottom_frame (http://localhost:3001/_next/static/chunks/f12ff_next_dist_compiled_react-dom_7b2f6d3d._.js:14826:24)
    at renderWithHooksAgain (http://localhost:3001/_next/static/chunks/f12ff_next_dist_compiled_react-dom_7b2f6d3d._.js:4706:24)
    at renderWithHooks (http://localhost:3001/_next/static/chunks/f12ff_next_dist_compiled_react-dom_7b2f6d3d._.js:4657:28)
    at updateFunctionComponent (http://localhost:3001/_next/static/chunks/f12ff_next_dist_compiled_react-dom_7b2f6d3d._.js:6112:21)
    at beginWork (http://localhost:3001/_next/static/chunks/f12ff_next_dist_compiled_react-dom_7b2f6d3d._.js:6708:24)
    at runWithFiberInDEV (http://localhost:3001/_next/static/chunks/f12ff_next_dist_compiled_react-dom_7b2f6d3d._.js:965:74)
    at performUnitOfWork (http://localhost:3001/_next/static/chunks/f12ff_next_dist_compiled_react-dom_7b2f6d3d._.js:9562:97)
    at workLoopSync (http://localhost:3001/_next/static/chunks/f12ff_next_dist_compiled_react-dom_7b2f6d3d._.js:9456:40)
    at renderRootSync (http://localhost:3001/_next/static/chunks/f12ff_next_dist_compiled_react-dom_7b2f6d3d._.js:9440:13)
    at performWorkOnRoot (http://localhost:3001/_next/static/chunks/f12ff_next_dist_compiled_react-dom_7b2f6d3d._.js:9068:186)
    at performWorkOnRootViaSchedulerTask (http://localhost:3001/_next/static/chunks/f12ff_next_dist_compiled_react-dom_7b2f6d3d._.js:10230:9)
    at MessagePort.performWorkUntilDeadline (http://localhost:3001/_next/static/chunks/f12ff_next_dist_compiled_cd863794._.js:2647:64) @ http://localhost:3001/_next/static/chunks/f12ff_next_dist_95687940._.js:3132
[  836265ms] [ERROR] IntlError: MISSING_MESSAGE: Cannot read properties of undefined (reading 'split')
    at getFallbackFromErrorAndNotify (http://localhost:3001/_next/static/chunks/node_modules__pnpm_a92eadf3._.js:7251:23)
    at translateBaseFn (http://localhost:3001/_next/static/chunks/node_modules__pnpm_a92eadf3._.js:7281:28)
    at translateFn (http://localhost:3001/_next/static/chunks/node_modules__pnpm_a92eadf3._.js:7343:24)
    at labelFor (http://localhost:3001/_next/static/chunks/_af79dd3a._.js:633:30)
    at http://localhost:3001/_next/static/chunks/_af79dd3a._.js:142:34
    at Array.map (<anonymous>)
    at RegionChoropleth (http://localhost:3001/_next/static/chunks/_af79dd3a._.js:134:43)
    at Object.react_stack_bottom_frame (http://localhost:3001/_next/static/chunks/f12ff_next_dist_compiled_react-dom_7b2f6d3d._.js:14826:24)
    at renderWithHooksAgain (http://localhost:3001/_next/static/chunks/f12ff_next_dist_compiled_react-dom_7b2f6d3d._.js:4706:24)
    at renderWithHooks (http://localhost:3001/_next/static/chunks/f12ff_next_dist_compiled_react-dom_7b2f6d3d._.js:4657:28)
    at updateFunctionComponent (http://localhost:3001/_next/static/chunks/f12ff_next_dist_compiled_react-dom_7b2f6d3d._.js:6112:21)
    at beginWork (http://localhost:3001/_next/static/chunks/f12ff_next_dist_compiled_react-dom_7b2f6d3d._.js:6708:24)
    at runWithFiberInDEV (http://localhost:3001/_next/static/chunks/f12ff_next_dist_compiled_react-dom_7b2f6d3d._.js:965:74)
    at performUnitOfWork (http://localhost:3001/_next/static/chunks/f12ff_next_dist_compiled_react-dom_7b2f6d3d._.js:9562:97)
    at workLoopSync (http://localhost:3001/_next/static/chunks/f12ff_next_dist_compiled_react-dom_7b2f6d3d._.js:9456:40)
    at renderRootSync (http://localhost:3001/_next/static/chunks/f12ff_next_dist_compiled_react-dom_7b2f6d3d._.js:9440:13)
    at performWorkOnRoot (http://localhost:3001/_next/static/chunks/f12ff_next_dist_compiled_react-dom_7b2f6d3d._.js:9068:186)
    at performWorkOnRootViaSchedulerTask (http://localhost:3001/_next/static/chunks/f12ff_next_dist_compiled_react-dom_7b2f6d3d._.js:10230:9)
    at MessagePort.performWorkUntilDeadline (http://localhost:3001/_next/static/chunks/f12ff_next_dist_compiled_cd863794._.js:2647:64) @ http://localhost:3001/_next/static/chunks/f12ff_next_dist_95687940._.js:3132
[  836265ms] [ERROR] IntlError: MISSING_MESSAGE: Cannot read properties of undefined (reading 'split')
    at getFallbackFromErrorAndNotify (http://localhost:3001/_next/static/chunks/node_modules__pnpm_a92eadf3._.js:7251:23)
    at translateBaseFn (http://localhost:3001/_next/static/chunks/node_modules__pnpm_a92eadf3._.js:7281:28)
    at translateFn (http://localhost:3001/_next/static/chunks/node_modules__pnpm_a92eadf3._.js:7343:24)
    at labelFor (http://localhost:3001/_next/static/chunks/_af79dd3a._.js:633:30)
    at http://localhost:3001/_next/static/chunks/_af79dd3a._.js:142:34
    at Array.map (<anonymous>)
    at RegionChoropleth (http://localhost:3001/_next/static/chunks/_af79dd3a._.js:134:43)
    at Object.react_stack_bottom_frame (http://localhost:3001/_next/static/chunks/f12ff_next_dist_compiled_react-dom_7b2f6d3d._.js:14826:24)
    at renderWithHooksAgain (http://localhost:3001/_next/static/chunks/f12ff_next_dist_compiled_react-dom_7b2f6d3d._.js:4706:24)
    at renderWithHooks (http://localhost:3001/_next/static/chunks/f12ff_next_dist_compiled_react-dom_7b2f6d3d._.js:4657:28)
    at updateFunctionComponent (http://localhost:3001/_next/static/chunks/f12ff_next_dist_compiled_react-dom_7b2f6d3d._.js:6112:21)
    at beginWork (http://localhost:3001/_next/static/chunks/f12ff_next_dist_compiled_react-dom_7b2f6d3d._.js:6708:24)
    at runWithFiberInDEV (http://localhost:3001/_next/static/chunks/f12ff_next_dist_compiled_react-dom_7b2f6d3d._.js:965:74)
    at performUnitOfWork (http://localhost:3001/_next/static/chunks/f12ff_next_dist_compiled_react-dom_7b2f6d3d._.js:9562:97)
    at workLoopSync (http://localhost:3001/_next/static/chunks/f12ff_next_dist_compiled_react-dom_7b2f6d3d._.js:9456:40)
    at renderRootSync (http://localhost:3001/_next/static/chunks/f12ff_next_dist_compiled_react-dom_7b2f6d3d._.js:9440:13)
    at performWorkOnRoot (http://localhost:3001/_next/static/chunks/f12ff_next_dist_compiled_react-dom_7b2f6d3d._.js:9068:186)
    at performWorkOnRootViaSchedulerTask (http://localhost:3001/_next/static/chunks/f12ff_next_dist_compiled_react-dom_7b2f6d3d._.js:10230:9)
    at MessagePort.performWorkUntilDeadline (http://localhost:3001/_next/static/chunks/f12ff_next_dist_compiled_cd863794._.js:2647:64) @ http://localhost:3001/_next/static/chunks/f12ff_next_dist_95687940._.js:3132
[  836265ms] [ERROR] IntlError: MISSING_MESSAGE: Cannot read properties of undefined (reading 'split')
    at getFallbackFromErrorAndNotify (http://localhost:3001/_next/static/chunks/node_modules__pnpm_a92eadf3._.js:7251:23)
    at translateBaseFn (http://localhost:3001/_next/static/chunks/node_modules__pnpm_a92eadf3._.js:7281:28)
    at translateFn (http://localhost:3001/_next/static/chunks/node_modules__pnpm_a92eadf3._.js:7343:24)
    at labelFor (http://localhost:3001/_next/static/chunks/_af79dd3a._.js:633:30)
    at http://localhost:3001/_next/static/chunks/_af79dd3a._.js:142:34
    at Array.map (<anonymous>)
    at RegionChoropleth (http://localhost:3001/_next/static/chunks/_af79dd3a._.js:134:43)
    at Object.react_stack_bottom_frame (http://localhost:3001/_next/static/chunks/f12ff_next_dist_compiled_react-dom_7b2f6d3d._.js:14826:24)
    at renderWithHooksAgain (http://localhost:3001/_next/static/chunks/f12ff_next_dist_compiled_react-dom_7b2f6d3d._.js:4706:24)
    at renderWithHooks (http://localhost:3001/_next/static/chunks/f12ff_next_dist_compiled_react-dom_7b2f6d3d._.js:4657:28)
    at updateFunctionComponent (http://localhost:3001/_next/static/chunks/f12ff_next_dist_compiled_react-dom_7b2f6d3d._.js:6112:21)
    at beginWork (http://localhost:3001/_next/static/chunks/f12ff_next_dist_compiled_react-dom_7b2f6d3d._.js:6708:24)
    at runWithFiberInDEV (http://localhost:3001/_next/static/chunks/f12ff_next_dist_compiled_react-dom_7b2f6d3d._.js:965:74)
    at performUnitOfWork (http://localhost:3001/_next/static/chunks/f12ff_next_dist_compiled_react-dom_7b2f6d3d._.js:9562:97)
    at workLoopSync (http://localhost:3001/_next/static/chunks/f12ff_next_dist_compiled_react-dom_7b2f6d3d._.js:9456:40)
    at renderRootSync (http://localhost:3001/_next/static/chunks/f12ff_next_dist_compiled_react-dom_7b2f6d3d._.js:9440:13)
    at performWorkOnRoot (http://localhost:3001/_next/static/chunks/f12ff_next_dist_compiled_react-dom_7b2f6d3d._.js:9068:186)
    at performWorkOnRootViaSchedulerTask (http://localhost:3001/_next/static/chunks/f12ff_next_dist_compiled_react-dom_7b2f6d3d._.js:10230:9)
    at MessagePort.performWorkUntilDeadline (http://localhost:3001/_next/static/chunks/f12ff_next_dist_compiled_cd863794._.js:2647:64) @ http://localhost:3001/_next/static/chunks/f12ff_next_dist_95687940._.js:3132
[  836267ms] [ERROR] IntlError: MISSING_MESSAGE: Cannot read properties of undefined (reading 'split')
    at getFallbackFromErrorAndNotify (http://localhost:3001/_next/static/chunks/node_modules__pnpm_a92eadf3._.js:7251:23)
    at translateBaseFn (http://localhost:3001/_next/static/chunks/node_modules__pnpm_a92eadf3._.js:7281:28)
    at translateFn (http://localhost:3001/_next/static/chunks/node_modules__pnpm_a92eadf3._.js:7343:24)
    at labelFor (http://localhost:3001/_next/static/chunks/_af79dd3a._.js:633:30)
    at http://localhost:3001/_next/static/chunks/_af79dd3a._.js:142:34
    at Array.map (<anonymous>)
    at RegionChoropleth (http://localhost:3001/_next/static/chunks/_af79dd3a._.js:134:43)
    at Object.react_stack_bottom_frame (http://localhost:3001/_next/static/chunks/f12ff_next_dist_compiled_react-dom_7b2f6d3d._.js:14826:24)
    at renderWithHooksAgain (http://localhost:3001/_next/static/chunks/f12ff_next_dist_compiled_react-dom_7b2f6d3d._.js:4706:24)
    at renderWithHooks (http://localhost:3001/_next/static/chunks/f12ff_next_dist_compiled_react-dom_7b2f6d3d._.js:4657:28)
    at updateFunctionComponent (http://localhost:3001/_next/static/chunks/f12ff_next_dist_compiled_react-dom_7b2f6d3d._.js:6112:21)
    at beginWork (http://localhost:3001/_next/static/chunks/f12ff_next_dist_compiled_react-dom_7b2f6d3d._.js:6708:24)
    at runWithFiberInDEV (http://localhost:3001/_next/static/chunks/f12ff_next_dist_compiled_react-dom_7b2f6d3d._.js:965:74)
    at performUnitOfWork (http://localhost:3001/_next/static/chunks/f12ff_next_dist_compiled_react-dom_7b2f6d3d._.js:9562:97)
    at workLoopSync (http://localhost:3001/_next/static/chunks/f12ff_next_dist_compiled_react-dom_7b2f6d3d._.js:9456:40)
    at renderRootSync (http://localhost:3001/_next/static/chunks/f12ff_next_dist_compiled_react-dom_7b2f6d3d._.js:9440:13)
    at performWorkOnRoot (http://localhost:3001/_next/static/chunks/f12ff_next_dist_compiled_react-dom_7b2f6d3d._.js:9068:186)
    at performWorkOnRootViaSchedulerTask (http://localhost:3001/_next/static/chunks/f12ff_next_dist_compiled_react-dom_7b2f6d3d._.js:10230:9)
    at MessagePort.performWorkUntilDeadline (http://localhost:3001/_next/static/chunks/f12ff_next_dist_compiled_cd863794._.js:2647:64) @ http://localhost:3001/_next/static/chunks/f12ff_next_dist_95687940._.js:3132
[  836267ms] [ERROR] IntlError: MISSING_MESSAGE: Cannot read properties of undefined (reading 'split')
    at getFallbackFromErrorAndNotify (http://localhost:3001/_next/static/chunks/node_modules__pnpm_a92eadf3._.js:7251:23)
    at translateBaseFn (http://localhost:3001/_next/static/chunks/node_modules__pnpm_a92eadf3._.js:7281:28)
    at translateFn (http://localhost:3001/_next/static/chunks/node_modules__pnpm_a92eadf3._.js:7343:24)
    at labelFor (http://localhost:3001/_next/static/chunks/_af79dd3a._.js:633:30)
    at http://localhost:3001/_next/static/chunks/_af79dd3a._.js:142:34
    at Array.map (<anonymous>)
    at RegionChoropleth (http://localhost:3001/_next/static/chunks/_af79dd3a._.js:134:43)
    at Object.react_stack_bottom_frame (http://localhost:3001/_next/static/chunks/f12ff_next_dist_compiled_react-dom_7b2f6d3d._.js:14826:24)
    at renderWithHooksAgain (http://localhost:3001/_next/static/chunks/f12ff_next_dist_compiled_react-dom_7b2f6d3d._.js:4706:24)
    at renderWithHooks (http://localhost:3001/_next/static/chunks/f12ff_next_dist_compiled_react-dom_7b2f6d3d._.js:4657:28)
    at updateFunctionComponent (http://localhost:3001/_next/static/chunks/f12ff_next_dist_compiled_react-dom_7b2f6d3d._.js:6112:21)
    at beginWork (http://localhost:3001/_next/static/chunks/f12ff_next_dist_compiled_react-dom_7b2f6d3d._.js:6708:24)
    at runWithFiberInDEV (http://localhost:3001/_next/static/chunks/f12ff_next_dist_compiled_react-dom_7b2f6d3d._.js:965:74)
    at performUnitOfWork (http://localhost:3001/_next/static/chunks/f12ff_next_dist_compiled_react-dom_7b2f6d3d._.js:9562:97)
    at workLoopSync (http://localhost:3001/_next/static/chunks/f12ff_next_dist_compiled_react-dom_7b2f6d3d._.js:9456:40)
    at renderRootSync (http://localhost:3001/_next/static/chunks/f12ff_next_dist_compiled_react-dom_7b2f6d3d._.js:9440:13)
    at performWorkOnRoot (http://localhost:3001/_next/static/chunks/f12ff_next_dist_compiled_react-dom_7b2f6d3d._.js:9068:186)
    at performWorkOnRootViaSchedulerTask (http://localhost:3001/_next/static/chunks/f12ff_next_dist_compiled_react-dom_7b2f6d3d._.js:10230:9)
    at MessagePort.performWorkUntilDeadline (http://localhost:3001/_next/static/chunks/f12ff_next_dist_compiled_cd863794._.js:2647:64) @ http://localhost:3001/_next/static/chunks/f12ff_next_dist_95687940._.js:3132
[  836267ms] [ERROR] IntlError: MISSING_MESSAGE: Cannot read properties of undefined (reading 'split')
    at getFallbackFromErrorAndNotify (http://localhost:3001/_next/static/chunks/node_modules__pnpm_a92eadf3._.js:7251:23)
    at translateBaseFn (http://localhost:3001/_next/static/chunks/node_modules__pnpm_a92eadf3._.js:7281:28)
    at translateFn (http://localhost:3001/_next/static/chunks/node_modules__pnpm_a92eadf3._.js:7343:24)
    at labelFor (http://localhost:3001/_next/static/chunks/_af79dd3a._.js:633:30)
    at http://localhost:3001/_next/static/chunks/_af79dd3a._.js:142:34
    at Array.map (<anonymous>)
    at RegionChoropleth (http://localhost:3001/_next/static/chunks/_af79dd3a._.js:134:43)
    at Object.react_stack_bottom_frame (http://localhost:3001/_next/static/chunks/f12ff_next_dist_compiled_react-dom_7b2f6d3d._.js:14826:24)
    at renderWithHooksAgain (http://localhost:3001/_next/static/chunks/f12ff_next_dist_compiled_react-dom_7b2f6d3d._.js:4706:24)
    at renderWithHooks (http://localhost:3001/_next/static/chunks/f12ff_next_dist_compiled_react-dom_7b2f6d3d._.js:4657:28)
    at updateFunctionComponent (http://localhost:3001/_next/static/chunks/f12ff_next_dist_compiled_react-dom_7b2f6d3d._.js:6112:21)
    at beginWork (http://localhost:3001/_next/static/chunks/f12ff_next_dist_compiled_react-dom_7b2f6d3d._.js:6708:24)
    at runWithFiberInDEV (http://localhost:3001/_next/static/chunks/f12ff_next_dist_compiled_react-dom_7b2f6d3d._.js:965:74)
    at performUnitOfWork (http://localhost:3001/_next/static/chunks/f12ff_next_dist_compiled_react-dom_7b2f6d3d._.js:9562:97)
    at workLoopSync (http://localhost:3001/_next/static/chunks/f12ff_next_dist_compiled_react-dom_7b2f6d3d._.js:9456:40)
    at renderRootSync (http://localhost:3001/_next/static/chunks/f12ff_next_dist_compiled_react-dom_7b2f6d3d._.js:9440:13)
    at performWorkOnRoot (http://localhost:3001/_next/static/chunks/f12ff_next_dist_compiled_react-dom_7b2f6d3d._.js:9068:186)
    at performWorkOnRootViaSchedulerTask (http://localhost:3001/_next/static/chunks/f12ff_next_dist_compiled_react-dom_7b2f6d3d._.js:10230:9)
    at MessagePort.performWorkUntilDeadline (http://localhost:3001/_next/static/chunks/f12ff_next_dist_compiled_cd863794._.js:2647:64) @ http://localhost:3001/_next/static/chunks/f12ff_next_dist_95687940._.js:3132
[  836303ms] [ERROR] IntlError: MISSING_MESSAGE: Cannot read properties of undefined (reading 'split')
    at getFallbackFromErrorAndNotify (http://localhost:3001/_next/static/chunks/node_modules__pnpm_a92eadf3._.js:7251:23)
    at translateBaseFn (http://localhost:3001/_next/static/chunks/node_modules__pnpm_a92eadf3._.js:7281:28)
    at translateFn (http://localhost:3001/_next/static/chunks/node_modules__pnpm_a92eadf3._.js:7343:24)
    at labelFor (http://localhost:3001/_next/static/chunks/_af79dd3a._.js:633:30)
    at http://localhost:3001/_next/static/chunks/_af79dd3a._.js:142:34
    at Array.map (<anonymous>)
    at RegionChoropleth (http://localhost:3001/_next/static/chunks/_af79dd3a._.js:134:43)
    at Object.react_stack_bottom_frame (http://localhost:3001/_next/static/chunks/f12ff_next_dist_compiled_react-dom_7b2f6d3d._.js:14826:24)
    at renderWithHooks (http://localhost:3001/_next/static/chunks/f12ff_next_dist_compiled_react-dom_7b2f6d3d._.js:4651:24)
    at updateFunctionComponent (http://localhost:3001/_next/static/chunks/f12ff_next_dist_compiled_react-dom_7b2f6d3d._.js:6112:21)
    at beginWork (http://localhost:3001/_next/static/chunks/f12ff_next_dist_compiled_react-dom_7b2f6d3d._.js:6708:24)
    at runWithFiberInDEV (http://localhost:3001/_next/static/chunks/f12ff_next_dist_compiled_react-dom_7b2f6d3d._.js:965:74)
    at performUnitOfWork (http://localhost:3001/_next/static/chunks/f12ff_next_dist_compiled_react-dom_7b2f6d3d._.js:9562:97)
    at workLoopSync (http://localhost:3001/_next/static/chunks/f12ff_next_dist_compiled_react-dom_7b2f6d3d._.js:9456:40)
    at renderRootSync (http://localhost:3001/_next/static/chunks/f12ff_next_dist_compiled_react-dom_7b2f6d3d._.js:9440:13)
    at performWorkOnRoot (http://localhost:3001/_next/static/chunks/f12ff_next_dist_compiled_react-dom_7b2f6d3d._.js:9068:186)
    at performWorkOnRootViaSchedulerTask (http://localhost:3001/_next/static/chunks/f12ff_next_dist_compiled_react-dom_7b2f6d3d._.js:10230:9)
    at MessagePort.performWorkUntilDeadline (http://localhost:3001/_next/static/chunks/f12ff_next_dist_compiled_cd863794._.js:2647:64) @ http://localhost:3001/_next/static/chunks/f12ff_next_dist_95687940._.js:3132
[  836304ms] [ERROR] IntlError: MISSING_MESSAGE: Cannot read properties of undefined (reading 'split')
    at getFallbackFromErrorAndNotify (http://localhost:3001/_next/static/chunks/node_modules__pnpm_a92eadf3._.js:7251:23)
    at translateBaseFn (http://localhost:3001/_next/static/chunks/node_modules__pnpm_a92eadf3._.js:7281:28)
    at translateFn (http://localhost:3001/_next/static/chunks/node_modules__pnpm_a92eadf3._.js:7343:24)
    at labelFor (http://localhost:3001/_next/static/chunks/_af79dd3a._.js:633:30)
    at http://localhost:3001/_next/static/chunks/_af79dd3a._.js:142:34
    at Array.map (<anonymous>)
    at RegionChoropleth (http://localhost:3001/_next/static/chunks/_af79dd3a._.js:134:43)
    at Object.react_stack_bottom_frame (http://localhost:3001/_next/static/chunks/f12ff_next_dist_compiled_react-dom_7b2f6d3d._.js:14826:24)
    at renderWithHooks (http://localhost:3001/_next/static/chunks/f12ff_next_dist_compiled_react-dom_7b2f6d3d._.js:4651:24)
    at updateFunctionComponent (http://localhost:3001/_next/static/chunks/f12ff_next_dist_compiled_react-dom_7b2f6d3d._.js:6112:21)
    at beginWork (http://localhost:3001/_next/static/chunks/f12ff_next_dist_compiled_react-dom_7b2f6d3d._.js:6708:24)
    at runWithFiberInDEV (http://localhost:3001/_next/static/chunks/f12ff_next_dist_compiled_react-dom_7b2f6d3d._.js:965:74)
    at performUnitOfWork (http://localhost:3001/_next/static/chunks/f12ff_next_dist_compiled_react-dom_7b2f6d3d._.js:9562:97)
    at workLoopSync (http://localhost:3001/_next/static/chunks/f12ff_next_dist_compiled_react-dom_7b2f6d3d._.js:9456:40)
    at renderRootSync (http://localhost:3001/_next/static/chunks/f12ff_next_dist_compiled_react-dom_7b2f6d3d._.js:9440:13)
    at performWorkOnRoot (http://localhost:3001/_next/static/chunks/f12ff_next_dist_compiled_react-dom_7b2f6d3d._.js:9068:186)
    at performWorkOnRootViaSchedulerTask (http://localhost:3001/_next/static/chunks/f12ff_next_dist_compiled_react-dom_7b2f6d3d._.js:10230:9)
    at MessagePort.performWorkUntilDeadline (http://localhost:3001/_next/static/chunks/f12ff_next_dist_compiled_cd863794._.js:2647:64) @ http://localhost:3001/_next/static/chunks/f12ff_next_dist_95687940._.js:3132
[  836304ms] [ERROR] IntlError: MISSING_MESSAGE: Cannot read properties of undefined (reading 'split')
    at getFallbackFromErrorAndNotify (http://localhost:3001/_next/static/chunks/node_modules__pnpm_a92eadf3._.js:7251:23)
    at translateBaseFn (http://localhost:3001/_next/static/chunks/node_modules__pnpm_a92eadf3._.js:7281:28)
    at translateFn (http://localhost:3001/_next/static/chunks/node_modules__pnpm_a92eadf3._.js:7343:24)
    at labelFor (http://localhost:3001/_next/static/chunks/_af79dd3a._.js:633:30)
    at http://localhost:3001/_next/static/chunks/_af79dd3a._.js:142:34
    at Array.map (<anonymous>)
    at RegionChoropleth (http://localhost:3001/_next/static/chunks/_af79dd3a._.js:134:43)
    at Object.react_stack_bottom_frame (http://localhost:3001/_next/static/chunks/f12ff_next_dist_compiled_react-dom_7b2f6d3d._.js:14826:24)
    at renderWithHooks (http://localhost:3001/_next/static/chunks/f12ff_next_dist_compiled_react-dom_7b2f6d3d._.js:4651:24)
    at updateFunctionComponent (http://localhost:3001/_next/static/chunks/f12ff_next_dist_compiled_react-dom_7b2f6d3d._.js:6112:21)
    at beginWork (http://localhost:3001/_next/static/chunks/f12ff_next_dist_compiled_react-dom_7b2f6d3d._.js:6708:24)
    at runWithFiberInDEV (http://localhost:3001/_next/static/chunks/f12ff_next_dist_compiled_react-dom_7b2f6d3d._.js:965:74)
    at performUnitOfWork (http://localhost:3001/_next/static/chunks/f12ff_next_dist_compiled_react-dom_7b2f6d3d._.js:9562:97)
    at workLoopSync (http://localhost:3001/_next/static/chunks/f12ff_next_dist_compiled_react-dom_7b2f6d3d._.js:9456:40)
    at renderRootSync (http://localhost:3001/_next/static/chunks/f12ff_next_dist_compiled_react-dom_7b2f6d3d._.js:9440:13)
    at performWorkOnRoot (http://localhost:3001/_next/static/chunks/f12ff_next_dist_compiled_react-dom_7b2f6d3d._.js:9068:186)
    at performWorkOnRootViaSchedulerTask (http://localhost:3001/_next/static/chunks/f12ff_next_dist_compiled_react-dom_7b2f6d3d._.js:10230:9)
    at MessagePort.performWorkUntilDeadline (http://localhost:3001/_next/static/chunks/f12ff_next_dist_compiled_cd863794._.js:2647:64) @ http://localhost:3001/_next/static/chunks/f12ff_next_dist_95687940._.js:3132
[  836304ms] [ERROR] IntlError: MISSING_MESSAGE: Cannot read properties of undefined (reading 'split')
    at getFallbackFromErrorAndNotify (http://localhost:3001/_next/static/chunks/node_modules__pnpm_a92eadf3._.js:7251:23)
    at translateBaseFn (http://localhost:3001/_next/static/chunks/node_modules__pnpm_a92eadf3._.js:7281:28)
    at translateFn (http://localhost:3001/_next/static/chunks/node_modules__pnpm_a92eadf3._.js:7343:24)
    at labelFor (http://localhost:3001/_next/static/chunks/_af79dd3a._.js:633:30)
    at http://localhost:3001/_next/static/chunks/_af79dd3a._.js:142:34
    at Array.map (<anonymous>)
    at RegionChoropleth (http://localhost:3001/_next/static/chunks/_af79dd3a._.js:134:43)
    at Object.react_stack_bottom_frame (http://localhost:3001/_next/static/chunks/f12ff_next_dist_compiled_react-dom_7b2f6d3d._.js:14826:24)
    at renderWithHooks (http://localhost:3001/_next/static/chunks/f12ff_next_dist_compiled_react-dom_7b2f6d3d._.js:4651:24)
    at updateFunctionComponent (http://localhost:3001/_next/static/chunks/f12ff_next_dist_compiled_react-dom_7b2f6d3d._.js:6112:21)
    at beginWork (http://localhost:3001/_next/static/chunks/f12ff_next_dist_compiled_react-dom_7b2f6d3d._.js:6708:24)
    at runWithFiberInDEV (http://localhost:3001/_next/static/chunks/f12ff_next_dist_compiled_react-dom_7b2f6d3d._.js:965:74)
    at performUnitOfWork (http://localhost:3001/_next/static/chunks/f12ff_next_dist_compiled_react-dom_7b2f6d3d._.js:9562:97)
    at workLoopSync (http://localhost:3001/_next/static/chunks/f12ff_next_dist_compiled_react-dom_7b2f6d3d._.js:9456:40)
    at renderRootSync (http://localhost:3001/_next/static/chunks/f12ff_next_dist_compiled_react-dom_7b2f6d3d._.js:9440:13)
    at performWorkOnRoot (http://localhost:3001/_next/static/chunks/f12ff_next_dist_compiled_react-dom_7b2f6d3d._.js:9068:186)
    at performWorkOnRootViaSchedulerTask (http://localhost:3001/_next/static/chunks/f12ff_next_dist_compiled_react-dom_7b2f6d3d._.js:10230:9)
    at MessagePort.performWorkUntilDeadline (http://localhost:3001/_next/static/chunks/f12ff_next_dist_compiled_cd863794._.js:2647:64) @ http://localhost:3001/_next/static/chunks/f12ff_next_dist_95687940._.js:3132
[  836304ms] [ERROR] IntlError: MISSING_MESSAGE: Cannot read properties of undefined (reading 'split')
    at getFallbackFromErrorAndNotify (http://localhost:3001/_next/static/chunks/node_modules__pnpm_a92eadf3._.js:7251:23)
    at translateBaseFn (http://localhost:3001/_next/static/chunks/node_modules__pnpm_a92eadf3._.js:7281:28)
    at translateFn (http://localhost:3001/_next/static/chunks/node_modules__pnpm_a92eadf3._.js:7343:24)
    at labelFor (http://localhost:3001/_next/static/chunks/_af79dd3a._.js:633:30)
    at http://localhost:3001/_next/static/chunks/_af79dd3a._.js:142:34
    at Array.map (<anonymous>)
    at RegionChoropleth (http://localhost:3001/_next/static/chunks/_af79dd3a._.js:134:43)
    at Object.react_stack_bottom_frame (http://localhost:3001/_next/static/chunks/f12ff_next_dist_compiled_react-dom_7b2f6d3d._.js:14826:24)
    at renderWithHooks (http://localhost:3001/_next/static/chunks/f12ff_next_dist_compiled_react-dom_7b2f6d3d._.js:4651:24)
    at updateFunctionComponent (http://localhost:3001/_next/static/chunks/f12ff_next_dist_compiled_react-dom_7b2f6d3d._.js:6112:21)
    at beginWork (http://localhost:3001/_next/static/chunks/f12ff_next_dist_compiled_react-dom_7b2f6d3d._.js:6708:24)
    at runWithFiberInDEV (http://localhost:3001/_next/static/chunks/f12ff_next_dist_compiled_react-dom_7b2f6d3d._.js:965:74)
    at performUnitOfWork (http://localhost:3001/_next/static/chunks/f12ff_next_dist_compiled_react-dom_7b2f6d3d._.js:9562:97)
    at workLoopSync (http://localhost:3001/_next/static/chunks/f12ff_next_dist_compiled_react-dom_7b2f6d3d._.js:9456:40)
    at renderRootSync (http://localhost:3001/_next/static/chunks/f12ff_next_dist_compiled_react-dom_7b2f6d3d._.js:9440:13)
    at performWorkOnRoot (http://localhost:3001/_next/static/chunks/f12ff_next_dist_compiled_react-dom_7b2f6d3d._.js:9068:186)
    at performWorkOnRootViaSchedulerTask (http://localhost:3001/_next/static/chunks/f12ff_next_dist_compiled_react-dom_7b2f6d3d._.js:10230:9)
    at MessagePort.performWorkUntilDeadline (http://localhost:3001/_next/static/chunks/f12ff_next_dist_compiled_cd863794._.js:2647:64) @ http://localhost:3001/_next/static/chunks/f12ff_next_dist_95687940._.js:3132
[  836304ms] [ERROR] IntlError: MISSING_MESSAGE: Cannot read properties of undefined (reading 'split')
    at getFallbackFromErrorAndNotify (http://localhost:3001/_next/static/chunks/node_modules__pnpm_a92eadf3._.js:7251:23)
    at translateBaseFn (http://localhost:3001/_next/static/chunks/node_modules__pnpm_a92eadf3._.js:7281:28)
    at translateFn (http://localhost:3001/_next/static/chunks/node_modules__pnpm_a92eadf3._.js:7343:24)
    at labelFor (http://localhost:3001/_next/static/chunks/_af79dd3a._.js:633:30)
    at http://localhost:3001/_next/static/chunks/_af79dd3a._.js:142:34
    at Array.map (<anonymous>)
    at RegionChoropleth (http://localhost:3001/_next/static/chunks/_af79dd3a._.js:134:43)
    at Object.react_stack_bottom_frame (http://localhost:3001/_next/static/chunks/f12ff_next_dist_compiled_react-dom_7b2f6d3d._.js:14826:24)
    at renderWithHooks (http://localhost:3001/_next/static/chunks/f12ff_next_dist_compiled_react-dom_7b2f6d3d._.js:4651:24)
    at updateFunctionComponent (http://localhost:3001/_next/static/chunks/f12ff_next_dist_compiled_react-dom_7b2f6d3d._.js:6112:21)
    at beginWork (http://localhost:3001/_next/static/chunks/f12ff_next_dist_compiled_react-dom_7b2f6d3d._.js:6708:24)
    at runWithFiberInDEV (http://localhost:3001/_next/static/chunks/f12ff_next_dist_compiled_react-dom_7b2f6d3d._.js:965:74)
    at performUnitOfWork (http://localhost:3001/_next/static/chunks/f12ff_next_dist_compiled_react-dom_7b2f6d3d._.js:9562:97)
    at workLoopSync (http://localhost:3001/_next/static/chunks/f12ff_next_dist_compiled_react-dom_7b2f6d3d._.js:9456:40)
    at renderRootSync (http://localhost:3001/_next/static/chunks/f12ff_next_dist_compiled_react-dom_7b2f6d3d._.js:9440:13)
    at performWorkOnRoot (http://localhost:3001/_next/static/chunks/f12ff_next_dist_compiled_react-dom_7b2f6d3d._.js:9068:186)
    at performWorkOnRootViaSchedulerTask (http://localhost:3001/_next/static/chunks/f12ff_next_dist_compiled_react-dom_7b2f6d3d._.js:10230:9)
    at MessagePort.performWorkUntilDeadline (http://localhost:3001/_next/static/chunks/f12ff_next_dist_compiled_cd863794._.js:2647:64) @ http://localhost:3001/_next/static/chunks/f12ff_next_dist_95687940._.js:3132
[  836304ms] [ERROR] IntlError: MISSING_MESSAGE: Cannot read properties of undefined (reading 'split')
    at getFallbackFromErrorAndNotify (http://localhost:3001/_next/static/chunks/node_modules__pnpm_a92eadf3._.js:7251:23)
    at translateBaseFn (http://localhost:3001/_next/static/chunks/node_modules__pnpm_a92eadf3._.js:7281:28)
    at translateFn (http://localhost:3001/_next/static/chunks/node_modules__pnpm_a92eadf3._.js:7343:24)
    at labelFor (http://localhost:3001/_next/static/chunks/_af79dd3a._.js:633:30)
    at http://localhost:3001/_next/static/chunks/_af79dd3a._.js:142:34
    at Array.map (<anonymous>)
    at RegionChoropleth (http://localhost:3001/_next/static/chunks/_af79dd3a._.js:134:43)
    at Object.react_stack_bottom_frame (http://localhost:3001/_next/static/chunks/f12ff_next_dist_compiled_react-dom_7b2f6d3d._.js:14826:24)
    at renderWithHooks (http://localhost:3001/_next/static/chunks/f12ff_next_dist_compiled_react-dom_7b2f6d3d._.js:4651:24)
    at updateFunctionComponent (http://localhost:3001/_next/static/chunks/f12ff_next_dist_compiled_react-dom_7b2f6d3d._.js:6112:21)
    at beginWork (http://localhost:3001/_next/static/chunks/f12ff_next_dist_compiled_react-dom_7b2f6d3d._.js:6708:24)
    at runWithFiberInDEV (http://localhost:3001/_next/static/chunks/f12ff_next_dist_compiled_react-dom_7b2f6d3d._.js:965:74)
    at performUnitOfWork (http://localhost:3001/_next/static/chunks/f12ff_next_dist_compiled_react-dom_7b2f6d3d._.js:9562:97)
    at workLoopSync (http://localhost:3001/_next/static/chunks/f12ff_next_dist_compiled_react-dom_7b2f6d3d._.js:9456:40)
    at renderRootSync (http://localhost:3001/_next/static/chunks/f12ff_next_dist_compiled_react-dom_7b2f6d3d._.js:9440:13)
    at performWorkOnRoot (http://localhost:3001/_next/static/chunks/f12ff_next_dist_compiled_react-dom_7b2f6d3d._.js:9068:186)
    at performWorkOnRootViaSchedulerTask (http://localhost:3001/_next/static/chunks/f12ff_next_dist_compiled_react-dom_7b2f6d3d._.js:10230:9)
    at MessagePort.performWorkUntilDeadline (http://localhost:3001/_next/static/chunks/f12ff_next_dist_compiled_cd863794._.js:2647:64) @ http://localhost:3001/_next/static/chunks/f12ff_next_dist_95687940._.js:3132
[  836304ms] [ERROR] IntlError: MISSING_MESSAGE: Cannot read properties of undefined (reading 'split')
    at getFallbackFromErrorAndNotify (http://localhost:3001/_next/static/chunks/node_modules__pnpm_a92eadf3._.js:7251:23)
    at translateBaseFn (http://localhost:3001/_next/static/chunks/node_modules__pnpm_a92eadf3._.js:7281:28)
    at translateFn (http://localhost:3001/_next/static/chunks/node_modules__pnpm_a92eadf3._.js:7343:24)
    at labelFor (http://localhost:3001/_next/static/chunks/_af79dd3a._.js:633:30)
    at http://localhost:3001/_next/static/chunks/_af79dd3a._.js:142:34
    at Array.map (<anonymous>)
    at RegionChoropleth (http://localhost:3001/_next/static/chunks/_af79dd3a._.js:134:43)
    at Object.react_stack_bottom_frame (http://localhost:3001/_next/static/chunks/f12ff_next_dist_compiled_react-dom_7b2f6d3d._.js:14826:24)
    at renderWithHooksAgain (http://localhost:3001/_next/static/chunks/f12ff_next_dist_compiled_react-dom_7b2f6d3d._.js:4706:24)
    at renderWithHooks (http://localhost:3001/_next/static/chunks/f12ff_next_dist_compiled_react-dom_7b2f6d3d._.js:4657:28)
    at updateFunctionComponent (http://localhost:3001/_next/static/chunks/f12ff_next_dist_compiled_react-dom_7b2f6d3d._.js:6112:21)
    at beginWork (http://localhost:3001/_next/static/chunks/f12ff_next_dist_compiled_react-dom_7b2f6d3d._.js:6708:24)
    at runWithFiberInDEV (http://localhost:3001/_next/static/chunks/f12ff_next_dist_compiled_react-dom_7b2f6d3d._.js:965:74)
    at performUnitOfWork (http://localhost:3001/_next/static/chunks/f12ff_next_dist_compiled_react-dom_7b2f6d3d._.js:9562:97)
    at workLoopSync (http://localhost:3001/_next/static/chunks/f12ff_next_dist_compiled_react-dom_7b2f6d3d._.js:9456:40)
    at renderRootSync (http://localhost:3001/_next/static/chunks/f12ff_next_dist_compiled_react-dom_7b2f6d3d._.js:9440:13)
    at performWorkOnRoot (http://localhost:3001/_next/static/chunks/f12ff_next_dist_compiled_react-dom_7b2f6d3d._.js:9068:186)
    at performWorkOnRootViaSchedulerTask (http://localhost:3001/_next/static/chunks/f12ff_next_dist_compiled_react-dom_7b2f6d3d._.js:10230:9)
    at MessagePort.performWorkUntilDeadline (http://localhost:3001/_next/static/chunks/f12ff_next_dist_compiled_cd863794._.js:2647:64) @ http://localhost:3001/_next/static/chunks/f12ff_next_dist_95687940._.js:3132
[  836304ms] [ERROR] IntlError: MISSING_MESSAGE: Cannot read properties of undefined (reading 'split')
    at getFallbackFromErrorAndNotify (http://localhost:3001/_next/static/chunks/node_modules__pnpm_a92eadf3._.js:7251:23)
    at translateBaseFn (http://localhost:3001/_next/static/chunks/node_modules__pnpm_a92eadf3._.js:7281:28)
    at translateFn (http://localhost:3001/_next/static/chunks/node_modules__pnpm_a92eadf3._.js:7343:24)
    at labelFor (http://localhost:3001/_next/static/chunks/_af79dd3a._.js:633:30)
    at http://localhost:3001/_next/static/chunks/_af79dd3a._.js:142:34
    at Array.map (<anonymous>)
    at RegionChoropleth (http://localhost:3001/_next/static/chunks/_af79dd3a._.js:134:43)
    at Object.react_stack_bottom_frame (http://localhost:3001/_next/static/chunks/f12ff_next_dist_compiled_react-dom_7b2f6d3d._.js:14826:24)
    at renderWithHooksAgain (http://localhost:3001/_next/static/chunks/f12ff_next_dist_compiled_react-dom_7b2f6d3d._.js:4706:24)
    at renderWithHooks (http://localhost:3001/_next/static/chunks/f12ff_next_dist_compiled_react-dom_7b2f6d3d._.js:4657:28)
    at updateFunctionComponent (http://localhost:3001/_next/static/chunks/f12ff_next_dist_compiled_react-dom_7b2f6d3d._.js:6112:21)
    at beginWork (http://localhost:3001/_next/static/chunks/f12ff_next_dist_compiled_react-dom_7b2f6d3d._.js:6708:24)
    at runWithFiberInDEV (http://localhost:3001/_next/static/chunks/f12ff_next_dist_compiled_react-dom_7b2f6d3d._.js:965:74)
    at performUnitOfWork (http://localhost:3001/_next/static/chunks/f12ff_next_dist_compiled_react-dom_7b2f6d3d._.js:9562:97)
    at workLoopSync (http://localhost:3001/_next/static/chunks/f12ff_next_dist_compiled_react-dom_7b2f6d3d._.js:9456:40)
    at renderRootSync (http://localhost:3001/_next/static/chunks/f12ff_next_dist_compiled_react-dom_7b2f6d3d._.js:9440:13)
    at performWorkOnRoot (http://localhost:3001/_next/static/chunks/f12ff_next_dist_compiled_react-dom_7b2f6d3d._.js:9068:186)
    at performWorkOnRootViaSchedulerTask (http://localhost:3001/_next/static/chunks/f12ff_next_dist_compiled_react-dom_7b2f6d3d._.js:10230:9)
    at MessagePort.performWorkUntilDeadline (http://localhost:3001/_next/static/chunks/f12ff_next_dist_compiled_cd863794._.js:2647:64) @ http://localhost:3001/_next/static/chunks/f12ff_next_dist_95687940._.js:3132
[  836305ms] [ERROR] IntlError: MISSING_MESSAGE: Cannot read properties of undefined (reading 'split')
    at getFallbackFromErrorAndNotify (http://localhost:3001/_next/static/chunks/node_modules__pnpm_a92eadf3._.js:7251:23)
    at translateBaseFn (http://localhost:3001/_next/static/chunks/node_modules__pnpm_a92eadf3._.js:7281:28)
    at translateFn (http://localhost:3001/_next/static/chunks/node_modules__pnpm_a92eadf3._.js:7343:24)
    at labelFor (http://localhost:3001/_next/static/chunks/_af79dd3a._.js:633:30)
    at http://localhost:3001/_next/static/chunks/_af79dd3a._.js:142:34
    at Array.map (<anonymous>)
    at RegionChoropleth (http://localhost:3001/_next/static/chunks/_af79dd3a._.js:134:43)
    at Object.react_stack_bottom_frame (http://localhost:3001/_next/static/chunks/f12ff_next_dist_compiled_react-dom_7b2f6d3d._.js:14826:24)
    at renderWithHooksAgain (http://localhost:3001/_next/static/chunks/f12ff_next_dist_compiled_react-dom_7b2f6d3d._.js:4706:24)
    at renderWithHooks (http://localhost:3001/_next/static/chunks/f12ff_next_dist_compiled_react-dom_7b2f6d3d._.js:4657:28)
    at updateFunctionComponent (http://localhost:3001/_next/static/chunks/f12ff_next_dist_compiled_react-dom_7b2f6d3d._.js:6112:21)
    at beginWork (http://localhost:3001/_next/static/chunks/f12ff_next_dist_compiled_react-dom_7b2f6d3d._.js:6708:24)
    at runWithFiberInDEV (http://localhost:3001/_next/static/chunks/f12ff_next_dist_compiled_react-dom_7b2f6d3d._.js:965:74)
    at performUnitOfWork (http://localhost:3001/_next/static/chunks/f12ff_next_dist_compiled_react-dom_7b2f6d3d._.js:9562:97)
    at workLoopSync (http://localhost:3001/_next/static/chunks/f12ff_next_dist_compiled_react-dom_7b2f6d3d._.js:9456:40)
    at renderRootSync (http://localhost:3001/_next/static/chunks/f12ff_next_dist_compiled_react-dom_7b2f6d3d._.js:9440:13)
    at performWorkOnRoot (http://localhost:3001/_next/static/chunks/f12ff_next_dist_compiled_react-dom_7b2f6d3d._.js:9068:186)
    at performWorkOnRootViaSchedulerTask (http://localhost:3001/_next/static/chunks/f12ff_next_dist_compiled_react-dom_7b2f6d3d._.js:10230:9)
    at MessagePort.performWorkUntilDeadline (http://localhost:3001/_next/static/chunks/f12ff_next_dist_compiled_cd863794._.js:2647:64) @ http://localhost:3001/_next/static/chunks/f12ff_next_dist_95687940._.js:3132
[  836305ms] [ERROR] IntlError: MISSING_MESSAGE: Cannot read properties of undefined (reading 'split')
    at getFallbackFromErrorAndNotify (http://localhost:3001/_next/static/chunks/node_modules__pnpm_a92eadf3._.js:7251:23)
    at translateBaseFn (http://localhost:3001/_next/static/chunks/node_modules__pnpm_a92eadf3._.js:7281:28)
    at translateFn (http://localhost:3001/_next/static/chunks/node_modules__pnpm_a92eadf3._.js:7343:24)
    at labelFor (http://localhost:3001/_next/static/chunks/_af79dd3a._.js:633:30)
    at http://localhost:3001/_next/static/chunks/_af79dd3a._.js:142:34
    at Array.map (<anonymous>)
    at RegionChoropleth (http://localhost:3001/_next/static/chunks/_af79dd3a._.js:134:43)
    at Object.react_stack_bottom_frame (http://localhost:3001/_next/static/chunks/f12ff_next_dist_compiled_react-dom_7b2f6d3d._.js:14826:24)
    at renderWithHooksAgain (http://localhost:3001/_next/static/chunks/f12ff_next_dist_compiled_react-dom_7b2f6d3d._.js:4706:24)
    at renderWithHooks (http://localhost:3001/_next/static/chunks/f12ff_next_dist_compiled_react-dom_7b2f6d3d._.js:4657:28)
    at updateFunctionComponent (http://localhost:3001/_next/static/chunks/f12ff_next_dist_compiled_react-dom_7b2f6d3d._.js:6112:21)
    at beginWork (http://localhost:3001/_next/static/chunks/f12ff_next_dist_compiled_react-dom_7b2f6d3d._.js:6708:24)
    at runWithFiberInDEV (http://localhost:3001/_next/static/chunks/f12ff_next_dist_compiled_react-dom_7b2f6d3d._.js:965:74)
    at performUnitOfWork (http://localhost:3001/_next/static/chunks/f12ff_next_dist_compiled_react-dom_7b2f6d3d._.js:9562:97)
    at workLoopSync (http://localhost:3001/_next/static/chunks/f12ff_next_dist_compiled_react-dom_7b2f6d3d._.js:9456:40)
    at renderRootSync (http://localhost:3001/_next/static/chunks/f12ff_next_dist_compiled_react-dom_7b2f6d3d._.js:9440:13)
    at performWorkOnRoot (http://localhost:3001/_next/static/chunks/f12ff_next_dist_compiled_react-dom_7b2f6d3d._.js:9068:186)
    at performWorkOnRootViaSchedulerTask (http://localhost:3001/_next/static/chunks/f12ff_next_dist_compiled_react-dom_7b2f6d3d._.js:10230:9)
    at MessagePort.performWorkUntilDeadline (http://localhost:3001/_next/static/chunks/f12ff_next_dist_compiled_cd863794._.js:2647:64) @ http://localhost:3001/_next/static/chunks/f12ff_next_dist_95687940._.js:3132
[  836305ms] [ERROR] IntlError: MISSING_MESSAGE: Cannot read properties of undefined (reading 'split')
    at getFallbackFromErrorAndNotify (http://localhost:3001/_next/static/chunks/node_modules__pnpm_a92eadf3._.js:7251:23)
    at translateBaseFn (http://localhost:3001/_next/static/chunks/node_modules__pnpm_a92eadf3._.js:7281:28)
    at translateFn (http://localhost:3001/_next/static/chunks/node_modules__pnpm_a92eadf3._.js:7343:24)
    at labelFor (http://localhost:3001/_next/static/chunks/_af79dd3a._.js:633:30)
    at http://localhost:3001/_next/static/chunks/_af79dd3a._.js:142:34
    at Array.map (<anonymous>)
    at RegionChoropleth (http://localhost:3001/_next/static/chunks/_af79dd3a._.js:134:43)
    at Object.react_stack_bottom_frame (http://localhost:3001/_next/static/chunks/f12ff_next_dist_compiled_react-dom_7b2f6d3d._.js:14826:24)
    at renderWithHooksAgain (http://localhost:3001/_next/static/chunks/f12ff_next_dist_compiled_react-dom_7b2f6d3d._.js:4706:24)
    at renderWithHooks (http://localhost:3001/_next/static/chunks/f12ff_next_dist_compiled_react-dom_7b2f6d3d._.js:4657:28)
    at updateFunctionComponent (http://localhost:3001/_next/static/chunks/f12ff_next_dist_compiled_react-dom_7b2f6d3d._.js:6112:21)
    at beginWork (http://localhost:3001/_next/static/chunks/f12ff_next_dist_compiled_react-dom_7b2f6d3d._.js:6708:24)
    at runWithFiberInDEV (http://localhost:3001/_next/static/chunks/f12ff_next_dist_compiled_react-dom_7b2f6d3d._.js:965:74)
    at performUnitOfWork (http://localhost:3001/_next/static/chunks/f12ff_next_dist_compiled_react-dom_7b2f6d3d._.js:9562:97)
    at workLoopSync (http://localhost:3001/_next/static/chunks/f12ff_next_dist_compiled_react-dom_7b2f6d3d._.js:9456:40)
    at renderRootSync (http://localhost:3001/_next/static/chunks/f12ff_next_dist_compiled_react-dom_7b2f6d3d._.js:9440:13)
    at performWorkOnRoot (http://localhost:3001/_next/static/chunks/f12ff_next_dist_compiled_react-dom_7b2f6d3d._.js:9068:186)
    at performWorkOnRootViaSchedulerTask (http://localhost:3001/_next/static/chunks/f12ff_next_dist_compiled_react-dom_7b2f6d3d._.js:10230:9)
    at MessagePort.performWorkUntilDeadline (http://localhost:3001/_next/static/chunks/f12ff_next_dist_compiled_cd863794._.js:2647:64) @ http://localhost:3001/_next/static/chunks/f12ff_next_dist_95687940._.js:3132
[  836305ms] [ERROR] IntlError: MISSING_MESSAGE: Cannot read properties of undefined (reading 'split')
    at getFallbackFromErrorAndNotify (http://localhost:3001/_next/static/chunks/node_modules__pnpm_a92eadf3._.js:7251:23)
    at translateBaseFn (http://localhost:3001/_next/static/chunks/node_modules__pnpm_a92eadf3._.js:7281:28)
    at translateFn (http://localhost:3001/_next/static/chunks/node_modules__pnpm_a92eadf3._.js:7343:24)
    at labelFor (http://localhost:3001/_next/static/chunks/_af79dd3a._.js:633:30)
    at http://localhost:3001/_next/static/chunks/_af79dd3a._.js:142:34
    at Array.map (<anonymous>)
    at RegionChoropleth (http://localhost:3001/_next/static/chunks/_af79dd3a._.js:134:43)
    at Object.react_stack_bottom_frame (http://localhost:3001/_next/static/chunks/f12ff_next_dist_compiled_react-dom_7b2f6d3d._.js:14826:24)
    at renderWithHooksAgain (http://localhost:3001/_next/static/chunks/f12ff_next_dist_compiled_react-dom_7b2f6d3d._.js:4706:24)
    at renderWithHooks (http://localhost:3001/_next/static/chunks/f12ff_next_dist_compiled_react-dom_7b2f6d3d._.js:4657:28)
    at updateFunctionComponent (http://localhost:3001/_next/static/chunks/f12ff_next_dist_compiled_react-dom_7b2f6d3d._.js:6112:21)
    at beginWork (http://localhost:3001/_next/static/chunks/f12ff_next_dist_compiled_react-dom_7b2f6d3d._.js:6708:24)
    at runWithFiberInDEV (http://localhost:3001/_next/static/chunks/f12ff_next_dist_compiled_react-dom_7b2f6d3d._.js:965:74)
    at performUnitOfWork (http://localhost:3001/_next/static/chunks/f12ff_next_dist_compiled_react-dom_7b2f6d3d._.js:9562:97)
    at workLoopSync (http://localhost:3001/_next/static/chunks/f12ff_next_dist_compiled_react-dom_7b2f6d3d._.js:9456:40)
    at renderRootSync (http://localhost:3001/_next/static/chunks/f12ff_next_dist_compiled_react-dom_7b2f6d3d._.js:9440:13)
    at performWorkOnRoot (http://localhost:3001/_next/static/chunks/f12ff_next_dist_compiled_react-dom_7b2f6d3d._.js:9068:186)
    at performWorkOnRootViaSchedulerTask (http://localhost:3001/_next/static/chunks/f12ff_next_dist_compiled_react-dom_7b2f6d3d._.js:10230:9)
    at MessagePort.performWorkUntilDeadline (http://localhost:3001/_next/static/chunks/f12ff_next_dist_compiled_cd863794._.js:2647:64) @ http://localhost:3001/_next/static/chunks/f12ff_next_dist_95687940._.js:3132
[  836305ms] [ERROR] IntlError: MISSING_MESSAGE: Cannot read properties of undefined (reading 'split')
    at getFallbackFromErrorAndNotify (http://localhost:3001/_next/static/chunks/node_modules__pnpm_a92eadf3._.js:7251:23)
    at translateBaseFn (http://localhost:3001/_next/static/chunks/node_modules__pnpm_a92eadf3._.js:7281:28)
    at translateFn (http://localhost:3001/_next/static/chunks/node_modules__pnpm_a92eadf3._.js:7343:24)
    at labelFor (http://localhost:3001/_next/static/chunks/_af79dd3a._.js:633:30)
    at http://localhost:3001/_next/static/chunks/_af79dd3a._.js:142:34
    at Array.map (<anonymous>)
    at RegionChoropleth (http://localhost:3001/_next/static/chunks/_af79dd3a._.js:134:43)
    at Object.react_stack_bottom_frame (http://localhost:3001/_next/static/chunks/f12ff_next_dist_compiled_react-dom_7b2f6d3d._.js:14826:24)
    at renderWithHooksAgain (http://localhost:3001/_next/static/chunks/f12ff_next_dist_compiled_react-dom_7b2f6d3d._.js:4706:24)
    at renderWithHooks (http://localhost:3001/_next/static/chunks/f12ff_next_dist_compiled_react-dom_7b2f6d3d._.js:4657:28)
    at updateFunctionComponent (http://localhost:3001/_next/static/chunks/f12ff_next_dist_compiled_react-dom_7b2f6d3d._.js:6112:21)
    at beginWork (http://localhost:3001/_next/static/chunks/f12ff_next_dist_compiled_react-dom_7b2f6d3d._.js:6708:24)
    at runWithFiberInDEV (http://localhost:3001/_next/static/chunks/f12ff_next_dist_compiled_react-dom_7b2f6d3d._.js:965:74)
    at performUnitOfWork (http://localhost:3001/_next/static/chunks/f12ff_next_dist_compiled_react-dom_7b2f6d3d._.js:9562:97)
    at workLoopSync (http://localhost:3001/_next/static/chunks/f12ff_next_dist_compiled_react-dom_7b2f6d3d._.js:9456:40)
    at renderRootSync (http://localhost:3001/_next/static/chunks/f12ff_next_dist_compiled_react-dom_7b2f6d3d._.js:9440:13)
    at performWorkOnRoot (http://localhost:3001/_next/static/chunks/f12ff_next_dist_compiled_react-dom_7b2f6d3d._.js:9068:186)
    at performWorkOnRootViaSchedulerTask (http://localhost:3001/_next/static/chunks/f12ff_next_dist_compiled_react-dom_7b2f6d3d._.js:10230:9)
    at MessagePort.performWorkUntilDeadline (http://localhost:3001/_next/static/chunks/f12ff_next_dist_compiled_cd863794._.js:2647:64) @ http://localhost:3001/_next/static/chunks/f12ff_next_dist_95687940._.js:3132
[  836313ms] [ERROR] IntlError: MISSING_MESSAGE: Cannot read properties of undefined (reading 'split')
    at getFallbackFromErrorAndNotify (http://localhost:3001/_next/static/chunks/node_modules__pnpm_a92eadf3._.js:7251:23)
    at translateBaseFn (http://localhost:3001/_next/static/chunks/node_modules__pnpm_a92eadf3._.js:7281:28)
    at translateFn (http://localhost:3001/_next/static/chunks/node_modules__pnpm_a92eadf3._.js:7343:24)
    at labelFor (http://localhost:3001/_next/static/chunks/_af79dd3a._.js:633:30)
    at http://localhost:3001/_next/static/chunks/_af79dd3a._.js:142:34
    at Array.map (<anonymous>)
    at RegionChoropleth (http://localhost:3001/_next/static/chunks/_af79dd3a._.js:134:43)
    at Object.react_stack_bottom_frame (http://localhost:3001/_next/static/chunks/f12ff_next_dist_compiled_react-dom_7b2f6d3d._.js:14826:24)
    at renderWithHooks (http://localhost:3001/_next/static/chunks/f12ff_next_dist_compiled_react-dom_7b2f6d3d._.js:4651:24)
    at updateFunctionComponent (http://localhost:3001/_next/static/chunks/f12ff_next_dist_compiled_react-dom_7b2f6d3d._.js:6112:21)
    at beginWork (http://localhost:3001/_next/static/chunks/f12ff_next_dist_compiled_react-dom_7b2f6d3d._.js:6708:24)
    at runWithFiberInDEV (http://localhost:3001/_next/static/chunks/f12ff_next_dist_compiled_react-dom_7b2f6d3d._.js:965:74)
    at performUnitOfWork (http://localhost:3001/_next/static/chunks/f12ff_next_dist_compiled_react-dom_7b2f6d3d._.js:9562:97)
    at workLoopSync (http://localhost:3001/_next/static/chunks/f12ff_next_dist_compiled_react-dom_7b2f6d3d._.js:9456:40)
    at renderRootSync (http://localhost:3001/_next/static/chunks/f12ff_next_dist_compiled_react-dom_7b2f6d3d._.js:9440:13)
    at performWorkOnRoot (http://localhost:3001/_next/static/chunks/f12ff_next_dist_compiled_react-dom_7b2f6d3d._.js:9068:186)
    at performWorkOnRootViaSchedulerTask (http://localhost:3001/_next/static/chunks/f12ff_next_dist_compiled_react-dom_7b2f6d3d._.js:10230:9)
    at MessagePort.performWorkUntilDeadline (http://localhost:3001/_next/static/chunks/f12ff_next_dist_compiled_cd863794._.js:2647:64) @ http://localhost:3001/_next/static/chunks/f12ff_next_dist_95687940._.js:3132
[  836314ms] [ERROR] IntlError: MISSING_MESSAGE: Cannot read properties of undefined (reading 'split')
    at getFallbackFromErrorAndNotify (http://localhost:3001/_next/static/chunks/node_modules__pnpm_a92eadf3._.js:7251:23)
    at translateBaseFn (http://localhost:3001/_next/static/chunks/node_modules__pnpm_a92eadf3._.js:7281:28)
    at translateFn (http://localhost:3001/_next/static/chunks/node_modules__pnpm_a92eadf3._.js:7343:24)
    at labelFor (http://localhost:3001/_next/static/chunks/_af79dd3a._.js:633:30)
    at http://localhost:3001/_next/static/chunks/_af79dd3a._.js:142:34
    at Array.map (<anonymous>)
    at RegionChoropleth (http://localhost:3001/_next/static/chunks/_af79dd3a._.js:134:43)
    at Object.react_stack_bottom_frame (http://localhost:3001/_next/static/chunks/f12ff_next_dist_compiled_react-dom_7b2f6d3d._.js:14826:24)
    at renderWithHooks (http://localhost:3001/_next/static/chunks/f12ff_next_dist_compiled_react-dom_7b2f6d3d._.js:4651:24)
    at updateFunctionComponent (http://localhost:3001/_next/static/chunks/f12ff_next_dist_compiled_react-dom_7b2f6d3d._.js:6112:21)
    at beginWork (http://localhost:3001/_next/static/chunks/f12ff_next_dist_compiled_react-dom_7b2f6d3d._.js:6708:24)
    at runWithFiberInDEV (http://localhost:3001/_next/static/chunks/f12ff_next_dist_compiled_react-dom_7b2f6d3d._.js:965:74)
    at performUnitOfWork (http://localhost:3001/_next/static/chunks/f12ff_next_dist_compiled_react-dom_7b2f6d3d._.js:9562:97)
    at workLoopSync (http://localhost:3001/_next/static/chunks/f12ff_next_dist_compiled_react-dom_7b2f6d3d._.js:9456:40)
    at renderRootSync (http://localhost:3001/_next/static/chunks/f12ff_next_dist_compiled_react-dom_7b2f6d3d._.js:9440:13)
    at performWorkOnRoot (http://localhost:3001/_next/static/chunks/f12ff_next_dist_compiled_react-dom_7b2f6d3d._.js:9068:186)
    at performWorkOnRootViaSchedulerTask (http://localhost:3001/_next/static/chunks/f12ff_next_dist_compiled_react-dom_7b2f6d3d._.js:10230:9)
    at MessagePort.performWorkUntilDeadline (http://localhost:3001/_next/static/chunks/f12ff_next_dist_compiled_cd863794._.js:2647:64) @ http://localhost:3001/_next/static/chunks/f12ff_next_dist_95687940._.js:3132
[  836314ms] [ERROR] IntlError: MISSING_MESSAGE: Cannot read properties of undefined (reading 'split')
    at getFallbackFromErrorAndNotify (http://localhost:3001/_next/static/chunks/node_modules__pnpm_a92eadf3._.js:7251:23)
    at translateBaseFn (http://localhost:3001/_next/static/chunks/node_modules__pnpm_a92eadf3._.js:7281:28)
    at translateFn (http://localhost:3001/_next/static/chunks/node_modules__pnpm_a92eadf3._.js:7343:24)
    at labelFor (http://localhost:3001/_next/static/chunks/_af79dd3a._.js:633:30)
    at http://localhost:3001/_next/static/chunks/_af79dd3a._.js:142:34
    at Array.map (<anonymous>)
    at RegionChoropleth (http://localhost:3001/_next/static/chunks/_af79dd3a._.js:134:43)
    at Object.react_stack_bottom_frame (http://localhost:3001/_next/static/chunks/f12ff_next_dist_compiled_react-dom_7b2f6d3d._.js:14826:24)
    at renderWithHooks (http://localhost:3001/_next/static/chunks/f12ff_next_dist_compiled_react-dom_7b2f6d3d._.js:4651:24)
    at updateFunctionComponent (http://localhost:3001/_next/static/chunks/f12ff_next_dist_compiled_react-dom_7b2f6d3d._.js:6112:21)
    at beginWork (http://localhost:3001/_next/static/chunks/f12ff_next_dist_compiled_react-dom_7b2f6d3d._.js:6708:24)
    at runWithFiberInDEV (http://localhost:3001/_next/static/chunks/f12ff_next_dist_compiled_react-dom_7b2f6d3d._.js:965:74)
    at performUnitOfWork (http://localhost:3001/_next/static/chunks/f12ff_next_dist_compiled_react-dom_7b2f6d3d._.js:9562:97)
    at workLoopSync (http://localhost:3001/_next/static/chunks/f12ff_next_dist_compiled_react-dom_7b2f6d3d._.js:9456:40)
    at renderRootSync (http://localhost:3001/_next/static/chunks/f12ff_next_dist_compiled_react-dom_7b2f6d3d._.js:9440:13)
    at performWorkOnRoot (http://localhost:3001/_next/static/chunks/f12ff_next_dist_compiled_react-dom_7b2f6d3d._.js:9068:186)
    at performWorkOnRootViaSchedulerTask (http://localhost:3001/_next/static/chunks/f12ff_next_dist_compiled_react-dom_7b2f6d3d._.js:10230:9)
    at MessagePort.performWorkUntilDeadline (http://localhost:3001/_next/static/chunks/f12ff_next_dist_compiled_cd863794._.js:2647:64) @ http://localhost:3001/_next/static/chunks/f12ff_next_dist_95687940._.js:3132
[  836314ms] [ERROR] IntlError: MISSING_MESSAGE: Cannot read properties of undefined (reading 'split')
    at getFallbackFromErrorAndNotify (http://localhost:3001/_next/static/chunks/node_modules__pnpm_a92eadf3._.js:7251:23)
    at translateBaseFn (http://localhost:3001/_next/static/chunks/node_modules__pnpm_a92eadf3._.js:7281:28)
    at translateFn (http://localhost:3001/_next/static/chunks/node_modules__pnpm_a92eadf3._.js:7343:24)
    at labelFor (http://localhost:3001/_next/static/chunks/_af79dd3a._.js:633:30)
    at http://localhost:3001/_next/static/chunks/_af79dd3a._.js:142:34
    at Array.map (<anonymous>)
    at RegionChoropleth (http://localhost:3001/_next/static/chunks/_af79dd3a._.js:134:43)
    at Object.react_stack_bottom_frame (http://localhost:3001/_next/static/chunks/f12ff_next_dist_compiled_react-dom_7b2f6d3d._.js:14826:24)
    at renderWithHooks (http://localhost:3001/_next/static/chunks/f12ff_next_dist_compiled_react-dom_7b2f6d3d._.js:4651:24)
    at updateFunctionComponent (http://localhost:3001/_next/static/chunks/f12ff_next_dist_compiled_react-dom_7b2f6d3d._.js:6112:21)
    at beginWork (http://localhost:3001/_next/static/chunks/f12ff_next_dist_compiled_react-dom_7b2f6d3d._.js:6708:24)
    at runWithFiberInDEV (http://localhost:3001/_next/static/chunks/f12ff_next_dist_compiled_react-dom_7b2f6d3d._.js:965:74)
    at performUnitOfWork (http://localhost:3001/_next/static/chunks/f12ff_next_dist_compiled_react-dom_7b2f6d3d._.js:9562:97)
    at workLoopSync (http://localhost:3001/_next/static/chunks/f12ff_next_dist_compiled_react-dom_7b2f6d3d._.js:9456:40)
    at renderRootSync (http://localhost:3001/_next/static/chunks/f12ff_next_dist_compiled_react-dom_7b2f6d3d._.js:9440:13)
    at performWorkOnRoot (http://localhost:3001/_next/static/chunks/f12ff_next_dist_compiled_react-dom_7b2f6d3d._.js:9068:186)
    at performWorkOnRootViaSchedulerTask (http://localhost:3001/_next/static/chunks/f12ff_next_dist_compiled_react-dom_7b2f6d3d._.js:10230:9)
    at MessagePort.performWorkUntilDeadline (http://localhost:3001/_next/static/chunks/f12ff_next_dist_compiled_cd863794._.js:2647:64) @ http://localhost:3001/_next/static/chunks/f12ff_next_dist_95687940._.js:3132
[  836314ms] [ERROR] IntlError: MISSING_MESSAGE: Cannot read properties of undefined (reading 'split')
    at getFallbackFromErrorAndNotify (http://localhost:3001/_next/static/chunks/node_modules__pnpm_a92eadf3._.js:7251:23)
    at translateBaseFn (http://localhost:3001/_next/static/chunks/node_modules__pnpm_a92eadf3._.js:7281:28)
    at translateFn (http://localhost:3001/_next/static/chunks/node_modules__pnpm_a92eadf3._.js:7343:24)
    at labelFor (http://localhost:3001/_next/static/chunks/_af79dd3a._.js:633:30)
    at http://localhost:3001/_next/static/chunks/_af79dd3a._.js:142:34
    at Array.map (<anonymous>)
    at RegionChoropleth (http://localhost:3001/_next/static/chunks/_af79dd3a._.js:134:43)
    at Object.react_stack_bottom_frame (http://localhost:3001/_next/static/chunks/f12ff_next_dist_compiled_react-dom_7b2f6d3d._.js:14826:24)
    at renderWithHooks (http://localhost:3001/_next/static/chunks/f12ff_next_dist_compiled_react-dom_7b2f6d3d._.js:4651:24)
    at updateFunctionComponent (http://localhost:3001/_next/static/chunks/f12ff_next_dist_compiled_react-dom_7b2f6d3d._.js:6112:21)
    at beginWork (http://localhost:3001/_next/static/chunks/f12ff_next_dist_compiled_react-dom_7b2f6d3d._.js:6708:24)
    at runWithFiberInDEV (http://localhost:3001/_next/static/chunks/f12ff_next_dist_compiled_react-dom_7b2f6d3d._.js:965:74)
    at performUnitOfWork (http://localhost:3001/_next/static/chunks/f12ff_next_dist_compiled_react-dom_7b2f6d3d._.js:9562:97)
    at workLoopSync (http://localhost:3001/_next/static/chunks/f12ff_next_dist_compiled_react-dom_7b2f6d3d._.js:9456:40)
    at renderRootSync (http://localhost:3001/_next/static/chunks/f12ff_next_dist_compiled_react-dom_7b2f6d3d._.js:9440:13)
    at performWorkOnRoot (http://localhost:3001/_next/static/chunks/f12ff_next_dist_compiled_react-dom_7b2f6d3d._.js:9068:186)
    at performWorkOnRootViaSchedulerTask (http://localhost:3001/_next/static/chunks/f12ff_next_dist_compiled_react-dom_7b2f6d3d._.js:10230:9)
    at MessagePort.performWorkUntilDeadline (http://localhost:3001/_next/static/chunks/f12ff_next_dist_compiled_cd863794._.js:2647:64) @ http://localhost:3001/_next/static/chunks/f12ff_next_dist_95687940._.js:3132
[  836314ms] [ERROR] IntlError: MISSING_MESSAGE: Cannot read properties of undefined (reading 'split')
    at getFallbackFromErrorAndNotify (http://localhost:3001/_next/static/chunks/node_modules__pnpm_a92eadf3._.js:7251:23)
    at translateBaseFn (http://localhost:3001/_next/static/chunks/node_modules__pnpm_a92eadf3._.js:7281:28)
    at translateFn (http://localhost:3001/_next/static/chunks/node_modules__pnpm_a92eadf3._.js:7343:24)
    at labelFor (http://localhost:3001/_next/static/chunks/_af79dd3a._.js:633:30)
    at http://localhost:3001/_next/static/chunks/_af79dd3a._.js:142:34
    at Array.map (<anonymous>)
    at RegionChoropleth (http://localhost:3001/_next/static/chunks/_af79dd3a._.js:134:43)
    at Object.react_stack_bottom_frame (http://localhost:3001/_next/static/chunks/f12ff_next_dist_compiled_react-dom_7b2f6d3d._.js:14826:24)
    at renderWithHooks (http://localhost:3001/_next/static/chunks/f12ff_next_dist_compiled_react-dom_7b2f6d3d._.js:4651:24)
    at updateFunctionComponent (http://localhost:3001/_next/static/chunks/f12ff_next_dist_compiled_react-dom_7b2f6d3d._.js:6112:21)
    at beginWork (http://localhost:3001/_next/static/chunks/f12ff_next_dist_compiled_react-dom_7b2f6d3d._.js:6708:24)
    at runWithFiberInDEV (http://localhost:3001/_next/static/chunks/f12ff_next_dist_compiled_react-dom_7b2f6d3d._.js:965:74)
    at performUnitOfWork (http://localhost:3001/_next/static/chunks/f12ff_next_dist_compiled_react-dom_7b2f6d3d._.js:9562:97)
    at workLoopSync (http://localhost:3001/_next/static/chunks/f12ff_next_dist_compiled_react-dom_7b2f6d3d._.js:9456:40)
    at renderRootSync (http://localhost:3001/_next/static/chunks/f12ff_next_dist_compiled_react-dom_7b2f6d3d._.js:9440:13)
    at performWorkOnRoot (http://localhost:3001/_next/static/chunks/f12ff_next_dist_compiled_react-dom_7b2f6d3d._.js:9068:186)
    at performWorkOnRootViaSchedulerTask (http://localhost:3001/_next/static/chunks/f12ff_next_dist_compiled_react-dom_7b2f6d3d._.js:10230:9)
    at MessagePort.performWorkUntilDeadline (http://localhost:3001/_next/static/chunks/f12ff_next_dist_compiled_cd863794._.js:2647:64) @ http://localhost:3001/_next/static/chunks/f12ff_next_dist_95687940._.js:3132
[  836314ms] [ERROR] IntlError: MISSING_MESSAGE: Cannot read properties of undefined (reading 'split')
    at getFallbackFromErrorAndNotify (http://localhost:3001/_next/static/chunks/node_modules__pnpm_a92eadf3._.js:7251:23)
    at translateBaseFn (http://localhost:3001/_next/static/chunks/node_modules__pnpm_a92eadf3._.js:7281:28)
    at translateFn (http://localhost:3001/_next/static/chunks/node_modules__pnpm_a92eadf3._.js:7343:24)
    at labelFor (http://localhost:3001/_next/static/chunks/_af79dd3a._.js:633:30)
    at http://localhost:3001/_next/static/chunks/_af79dd3a._.js:142:34
    at Array.map (<anonymous>)
    at RegionChoropleth (http://localhost:3001/_next/static/chunks/_af79dd3a._.js:134:43)
    at Object.react_stack_bottom_frame (http://localhost:3001/_next/static/chunks/f12ff_next_dist_compiled_react-dom_7b2f6d3d._.js:14826:24)
    at renderWithHooks (http://localhost:3001/_next/static/chunks/f12ff_next_dist_compiled_react-dom_7b2f6d3d._.js:4651:24)
    at updateFunctionComponent (http://localhost:3001/_next/static/chunks/f12ff_next_dist_compiled_react-dom_7b2f6d3d._.js:6112:21)
    at beginWork (http://localhost:3001/_next/static/chunks/f12ff_next_dist_compiled_react-dom_7b2f6d3d._.js:6708:24)
    at runWithFiberInDEV (http://localhost:3001/_next/static/chunks/f12ff_next_dist_compiled_react-dom_7b2f6d3d._.js:965:74)
    at performUnitOfWork (http://localhost:3001/_next/static/chunks/f12ff_next_dist_compiled_react-dom_7b2f6d3d._.js:9562:97)
    at workLoopSync (http://localhost:3001/_next/static/chunks/f12ff_next_dist_compiled_react-dom_7b2f6d3d._.js:9456:40)
    at renderRootSync (http://localhost:3001/_next/static/chunks/f12ff_next_dist_compiled_react-dom_7b2f6d3d._.js:9440:13)
    at performWorkOnRoot (http://localhost:3001/_next/static/chunks/f12ff_next_dist_compiled_react-dom_7b2f6d3d._.js:9068:186)
    at performWorkOnRootViaSchedulerTask (http://localhost:3001/_next/static/chunks/f12ff_next_dist_compiled_react-dom_7b2f6d3d._.js:10230:9)
    at MessagePort.performWorkUntilDeadline (http://localhost:3001/_next/static/chunks/f12ff_next_dist_compiled_cd863794._.js:2647:64) @ http://localhost:3001/_next/static/chunks/f12ff_next_dist_95687940._.js:3132
[  836316ms] [ERROR] IntlError: MISSING_MESSAGE: Cannot read properties of undefined (reading 'split')
    at getFallbackFromErrorAndNotify (http://localhost:3001/_next/static/chunks/node_modules__pnpm_a92eadf3._.js:7251:23)
    at translateBaseFn (http://localhost:3001/_next/static/chunks/node_modules__pnpm_a92eadf3._.js:7281:28)
    at translateFn (http://localhost:3001/_next/static/chunks/node_modules__pnpm_a92eadf3._.js:7343:24)
    at labelFor (http://localhost:3001/_next/static/chunks/_af79dd3a._.js:633:30)
    at http://localhost:3001/_next/static/chunks/_af79dd3a._.js:142:34
    at Array.map (<anonymous>)
    at RegionChoropleth (http://localhost:3001/_next/static/chunks/_af79dd3a._.js:134:43)
    at Object.react_stack_bottom_frame (http://localhost:3001/_next/static/chunks/f12ff_next_dist_compiled_react-dom_7b2f6d3d._.js:14826:24)
    at renderWithHooksAgain (http://localhost:3001/_next/static/chunks/f12ff_next_dist_compiled_react-dom_7b2f6d3d._.js:4706:24)
    at renderWithHooks (http://localhost:3001/_next/static/chunks/f12ff_next_dist_compiled_react-dom_7b2f6d3d._.js:4657:28)
    at updateFunctionComponent (http://localhost:3001/_next/static/chunks/f12ff_next_dist_compiled_react-dom_7b2f6d3d._.js:6112:21)
    at beginWork (http://localhost:3001/_next/static/chunks/f12ff_next_dist_compiled_react-dom_7b2f6d3d._.js:6708:24)
    at runWithFiberInDEV (http://localhost:3001/_next/static/chunks/f12ff_next_dist_compiled_react-dom_7b2f6d3d._.js:965:74)
    at performUnitOfWork (http://localhost:3001/_next/static/chunks/f12ff_next_dist_compiled_react-dom_7b2f6d3d._.js:9562:97)
    at workLoopSync (http://localhost:3001/_next/static/chunks/f12ff_next_dist_compiled_react-dom_7b2f6d3d._.js:9456:40)
    at renderRootSync (http://localhost:3001/_next/static/chunks/f12ff_next_dist_compiled_react-dom_7b2f6d3d._.js:9440:13)
    at performWorkOnRoot (http://localhost:3001/_next/static/chunks/f12ff_next_dist_compiled_react-dom_7b2f6d3d._.js:9068:186)
    at performWorkOnRootViaSchedulerTask (http://localhost:3001/_next/static/chunks/f12ff_next_dist_compiled_react-dom_7b2f6d3d._.js:10230:9)
    at MessagePort.performWorkUntilDeadline (http://localhost:3001/_next/static/chunks/f12ff_next_dist_compiled_cd863794._.js:2647:64) @ http://localhost:3001/_next/static/chunks/f12ff_next_dist_95687940._.js:3132
[  836316ms] [ERROR] IntlError: MISSING_MESSAGE: Cannot read properties of undefined (reading 'split')
    at getFallbackFromErrorAndNotify (http://localhost:3001/_next/static/chunks/node_modules__pnpm_a92eadf3._.js:7251:23)
    at translateBaseFn (http://localhost:3001/_next/static/chunks/node_modules__pnpm_a92eadf3._.js:7281:28)
    at translateFn (http://localhost:3001/_next/static/chunks/node_modules__pnpm_a92eadf3._.js:7343:24)
    at labelFor (http://localhost:3001/_next/static/chunks/_af79dd3a._.js:633:30)
    at http://localhost:3001/_next/static/chunks/_af79dd3a._.js:142:34
    at Array.map (<anonymous>)
    at RegionChoropleth (http://localhost:3001/_next/static/chunks/_af79dd3a._.js:134:43)
    at Object.react_stack_bottom_frame (http://localhost:3001/_next/static/chunks/f12ff_next_dist_compiled_react-dom_7b2f6d3d._.js:14826:24)
    at renderWithHooksAgain (http://localhost:3001/_next/static/chunks/f12ff_next_dist_compiled_react-dom_7b2f6d3d._.js:4706:24)
    at renderWithHooks (http://localhost:3001/_next/static/chunks/f12ff_next_dist_compiled_react-dom_7b2f6d3d._.js:4657:28)
    at updateFunctionComponent (http://localhost:3001/_next/static/chunks/f12ff_next_dist_compiled_react-dom_7b2f6d3d._.js:6112:21)
    at beginWork (http://localhost:3001/_next/static/chunks/f12ff_next_dist_compiled_react-dom_7b2f6d3d._.js:6708:24)
    at runWithFiberInDEV (http://localhost:3001/_next/static/chunks/f12ff_next_dist_compiled_react-dom_7b2f6d3d._.js:965:74)
    at performUnitOfWork (http://localhost:3001/_next/static/chunks/f12ff_next_dist_compiled_react-dom_7b2f6d3d._.js:9562:97)
    at workLoopSync (http://localhost:3001/_next/static/chunks/f12ff_next_dist_compiled_react-dom_7b2f6d3d._.js:9456:40)
    at renderRootSync (http://localhost:3001/_next/static/chunks/f12ff_next_dist_compiled_react-dom_7b2f6d3d._.js:9440:13)
    at performWorkOnRoot (http://localhost:3001/_next/static/chunks/f12ff_next_dist_compiled_react-dom_7b2f6d3d._.js:9068:186)
    at performWorkOnRootViaSchedulerTask (http://localhost:3001/_next/static/chunks/f12ff_next_dist_compiled_react-dom_7b2f6d3d._.js:10230:9)
    at MessagePort.performWorkUntilDeadline (http://localhost:3001/_next/static/chunks/f12ff_next_dist_compiled_cd863794._.js:2647:64) @ http://localhost:3001/_next/static/chunks/f12ff_next_dist_95687940._.js:3132
[  836316ms] [ERROR] IntlError: MISSING_MESSAGE: Cannot read properties of undefined (reading 'split')
    at getFallbackFromErrorAndNotify (http://localhost:3001/_next/static/chunks/node_modules__pnpm_a92eadf3._.js:7251:23)
    at translateBaseFn (http://localhost:3001/_next/static/chunks/node_modules__pnpm_a92eadf3._.js:7281:28)
    at translateFn (http://localhost:3001/_next/static/chunks/node_modules__pnpm_a92eadf3._.js:7343:24)
    at labelFor (http://localhost:3001/_next/static/chunks/_af79dd3a._.js:633:30)
    at http://localhost:3001/_next/static/chunks/_af79dd3a._.js:142:34
    at Array.map (<anonymous>)
    at RegionChoropleth (http://localhost:3001/_next/static/chunks/_af79dd3a._.js:134:43)
    at Object.react_stack_bottom_frame (http://localhost:3001/_next/static/chunks/f12ff_next_dist_compiled_react-dom_7b2f6d3d._.js:14826:24)
    at renderWithHooksAgain (http://localhost:3001/_next/static/chunks/f12ff_next_dist_compiled_react-dom_7b2f6d3d._.js:4706:24)
    at renderWithHooks (http://localhost:3001/_next/static/chunks/f12ff_next_dist_compiled_react-dom_7b2f6d3d._.js:4657:28)
    at updateFunctionComponent (http://localhost:3001/_next/static/chunks/f12ff_next_dist_compiled_react-dom_7b2f6d3d._.js:6112:21)
    at beginWork (http://localhost:3001/_next/static/chunks/f12ff_next_dist_compiled_react-dom_7b2f6d3d._.js:6708:24)
    at runWithFiberInDEV (http://localhost:3001/_next/static/chunks/f12ff_next_dist_compiled_react-dom_7b2f6d3d._.js:965:74)
    at performUnitOfWork (http://localhost:3001/_next/static/chunks/f12ff_next_dist_compiled_react-dom_7b2f6d3d._.js:9562:97)
    at workLoopSync (http://localhost:3001/_next/static/chunks/f12ff_next_dist_compiled_react-dom_7b2f6d3d._.js:9456:40)
    at renderRootSync (http://localhost:3001/_next/static/chunks/f12ff_next_dist_compiled_react-dom_7b2f6d3d._.js:9440:13)
    at performWorkOnRoot (http://localhost:3001/_next/static/chunks/f12ff_next_dist_compiled_react-dom_7b2f6d3d._.js:9068:186)
    at performWorkOnRootViaSchedulerTask (http://localhost:3001/_next/static/chunks/f12ff_next_dist_compiled_react-dom_7b2f6d3d._.js:10230:9)
    at MessagePort.performWorkUntilDeadline (http://localhost:3001/_next/static/chunks/f12ff_next_dist_compiled_cd863794._.js:2647:64) @ http://localhost:3001/_next/static/chunks/f12ff_next_dist_95687940._.js:3132
[  836316ms] [ERROR] IntlError: MISSING_MESSAGE: Cannot read properties of undefined (reading 'split')
    at getFallbackFromErrorAndNotify (http://localhost:3001/_next/static/chunks/node_modules__pnpm_a92eadf3._.js:7251:23)
    at translateBaseFn (http://localhost:3001/_next/static/chunks/node_modules__pnpm_a92eadf3._.js:7281:28)
    at translateFn (http://localhost:3001/_next/static/chunks/node_modules__pnpm_a92eadf3._.js:7343:24)
    at labelFor (http://localhost:3001/_next/static/chunks/_af79dd3a._.js:633:30)
    at http://localhost:3001/_next/static/chunks/_af79dd3a._.js:142:34
    at Array.map (<anonymous>)
    at RegionChoropleth (http://localhost:3001/_next/static/chunks/_af79dd3a._.js:134:43)
    at Object.react_stack_bottom_frame (http://localhost:3001/_next/static/chunks/f12ff_next_dist_compiled_react-dom_7b2f6d3d._.js:14826:24)
    at renderWithHooksAgain (http://localhost:3001/_next/static/chunks/f12ff_next_dist_compiled_react-dom_7b2f6d3d._.js:4706:24)
    at renderWithHooks (http://localhost:3001/_next/static/chunks/f12ff_next_dist_compiled_react-dom_7b2f6d3d._.js:4657:28)
    at updateFunctionComponent (http://localhost:3001/_next/static/chunks/f12ff_next_dist_compiled_react-dom_7b2f6d3d._.js:6112:21)
    at beginWork (http://localhost:3001/_next/static/chunks/f12ff_next_dist_compiled_react-dom_7b2f6d3d._.js:6708:24)
    at runWithFiberInDEV (http://localhost:3001/_next/static/chunks/f12ff_next_dist_compiled_react-dom_7b2f6d3d._.js:965:74)
    at performUnitOfWork (http://localhost:3001/_next/static/chunks/f12ff_next_dist_compiled_react-dom_7b2f6d3d._.js:9562:97)
    at workLoopSync (http://localhost:3001/_next/static/chunks/f12ff_next_dist_compiled_react-dom_7b2f6d3d._.js:9456:40)
    at renderRootSync (http://localhost:3001/_next/static/chunks/f12ff_next_dist_compiled_react-dom_7b2f6d3d._.js:9440:13)
    at performWorkOnRoot (http://localhost:3001/_next/static/chunks/f12ff_next_dist_compiled_react-dom_7b2f6d3d._.js:9068:186)
    at performWorkOnRootViaSchedulerTask (http://localhost:3001/_next/static/chunks/f12ff_next_dist_compiled_react-dom_7b2f6d3d._.js:10230:9)
    at MessagePort.performWorkUntilDeadline (http://localhost:3001/_next/static/chunks/f12ff_next_dist_compiled_cd863794._.js:2647:64) @ http://localhost:3001/_next/static/chunks/f12ff_next_dist_95687940._.js:3132
[  836316ms] [ERROR] IntlError: MISSING_MESSAGE: Cannot read properties of undefined (reading 'split')
    at getFallbackFromErrorAndNotify (http://localhost:3001/_next/static/chunks/node_modules__pnpm_a92eadf3._.js:7251:23)
    at translateBaseFn (http://localhost:3001/_next/static/chunks/node_modules__pnpm_a92eadf3._.js:7281:28)
    at translateFn (http://localhost:3001/_next/static/chunks/node_modules__pnpm_a92eadf3._.js:7343:24)
    at labelFor (http://localhost:3001/_next/static/chunks/_af79dd3a._.js:633:30)
    at http://localhost:3001/_next/static/chunks/_af79dd3a._.js:142:34
    at Array.map (<anonymous>)
    at RegionChoropleth (http://localhost:3001/_next/static/chunks/_af79dd3a._.js:134:43)
    at Object.react_stack_bottom_frame (http://localhost:3001/_next/static/chunks/f12ff_next_dist_compiled_react-dom_7b2f6d3d._.js:14826:24)
    at renderWithHooksAgain (http://localhost:3001/_next/static/chunks/f12ff_next_dist_compiled_react-dom_7b2f6d3d._.js:4706:24)
    at renderWithHooks (http://localhost:3001/_next/static/chunks/f12ff_next_dist_compiled_react-dom_7b2f6d3d._.js:4657:28)
    at updateFunctionComponent (http://localhost:3001/_next/static/chunks/f12ff_next_dist_compiled_react-dom_7b2f6d3d._.js:6112:21)
    at beginWork (http://localhost:3001/_next/static/chunks/f12ff_next_dist_compiled_react-dom_7b2f6d3d._.js:6708:24)
    at runWithFiberInDEV (http://localhost:3001/_next/static/chunks/f12ff_next_dist_compiled_react-dom_7b2f6d3d._.js:965:74)
    at performUnitOfWork (http://localhost:3001/_next/static/chunks/f12ff_next_dist_compiled_react-dom_7b2f6d3d._.js:9562:97)
    at workLoopSync (http://localhost:3001/_next/static/chunks/f12ff_next_dist_compiled_react-dom_7b2f6d3d._.js:9456:40)
    at renderRootSync (http://localhost:3001/_next/static/chunks/f12ff_next_dist_compiled_react-dom_7b2f6d3d._.js:9440:13)
    at performWorkOnRoot (http://localhost:3001/_next/static/chunks/f12ff_next_dist_compiled_react-dom_7b2f6d3d._.js:9068:186)
    at performWorkOnRootViaSchedulerTask (http://localhost:3001/_next/static/chunks/f12ff_next_dist_compiled_react-dom_7b2f6d3d._.js:10230:9)
    at MessagePort.performWorkUntilDeadline (http://localhost:3001/_next/static/chunks/f12ff_next_dist_compiled_cd863794._.js:2647:64) @ http://localhost:3001/_next/static/chunks/f12ff_next_dist_95687940._.js:3132
[  836316ms] [ERROR] IntlError: MISSING_MESSAGE: Cannot read properties of undefined (reading 'split')
    at getFallbackFromErrorAndNotify (http://localhost:3001/_next/static/chunks/node_modules__pnpm_a92eadf3._.js:7251:23)
    at translateBaseFn (http://localhost:3001/_next/static/chunks/node_modules__pnpm_a92eadf3._.js:7281:28)
    at translateFn (http://localhost:3001/_next/static/chunks/node_modules__pnpm_a92eadf3._.js:7343:24)
    at labelFor (http://localhost:3001/_next/static/chunks/_af79dd3a._.js:633:30)
    at http://localhost:3001/_next/static/chunks/_af79dd3a._.js:142:34
    at Array.map (<anonymous>)
    at RegionChoropleth (http://localhost:3001/_next/static/chunks/_af79dd3a._.js:134:43)
    at Object.react_stack_bottom_frame (http://localhost:3001/_next/static/chunks/f12ff_next_dist_compiled_react-dom_7b2f6d3d._.js:14826:24)
    at renderWithHooksAgain (http://localhost:3001/_next/static/chunks/f12ff_next_dist_compiled_react-dom_7b2f6d3d._.js:4706:24)
    at renderWithHooks (http://localhost:3001/_next/static/chunks/f12ff_next_dist_compiled_react-dom_7b2f6d3d._.js:4657:28)
    at updateFunctionComponent (http://localhost:3001/_next/static/chunks/f12ff_next_dist_compiled_react-dom_7b2f6d3d._.js:6112:21)
    at beginWork (http://localhost:3001/_next/static/chunks/f12ff_next_dist_compiled_react-dom_7b2f6d3d._.js:6708:24)
    at runWithFiberInDEV (http://localhost:3001/_next/static/chunks/f12ff_next_dist_compiled_react-dom_7b2f6d3d._.js:965:74)
    at performUnitOfWork (http://localhost:3001/_next/static/chunks/f12ff_next_dist_compiled_react-dom_7b2f6d3d._.js:9562:97)
    at workLoopSync (http://localhost:3001/_next/static/chunks/f12ff_next_dist_compiled_react-dom_7b2f6d3d._.js:9456:40)
    at renderRootSync (http://localhost:3001/_next/static/chunks/f12ff_next_dist_compiled_react-dom_7b2f6d3d._.js:9440:13)
    at performWorkOnRoot (http://localhost:3001/_next/static/chunks/f12ff_next_dist_compiled_react-dom_7b2f6d3d._.js:9068:186)
    at performWorkOnRootViaSchedulerTask (http://localhost:3001/_next/static/chunks/f12ff_next_dist_compiled_react-dom_7b2f6d3d._.js:10230:9)
    at MessagePort.performWorkUntilDeadline (http://localhost:3001/_next/static/chunks/f12ff_next_dist_compiled_cd863794._.js:2647:64) @ http://localhost:3001/_next/static/chunks/f12ff_next_dist_95687940._.js:3132
[  836317ms] [ERROR] IntlError: MISSING_MESSAGE: Cannot read properties of undefined (reading 'split')
    at getFallbackFromErrorAndNotify (http://localhost:3001/_next/static/chunks/node_modules__pnpm_a92eadf3._.js:7251:23)
    at translateBaseFn (http://localhost:3001/_next/static/chunks/node_modules__pnpm_a92eadf3._.js:7281:28)
    at translateFn (http://localhost:3001/_next/static/chunks/node_modules__pnpm_a92eadf3._.js:7343:24)
    at labelFor (http://localhost:3001/_next/static/chunks/_af79dd3a._.js:633:30)
    at http://localhost:3001/_next/static/chunks/_af79dd3a._.js:142:34
    at Array.map (<anonymous>)
    at RegionChoropleth (http://localhost:3001/_next/static/chunks/_af79dd3a._.js:134:43)
    at Object.react_stack_bottom_frame (http://localhost:3001/_next/static/chunks/f12ff_next_dist_compiled_react-dom_7b2f6d3d._.js:14826:24)
    at renderWithHooksAgain (http://localhost:3001/_next/static/chunks/f12ff_next_dist_compiled_react-dom_7b2f6d3d._.js:4706:24)
    at renderWithHooks (http://localhost:3001/_next/static/chunks/f12ff_next_dist_compiled_react-dom_7b2f6d3d._.js:4657:28)
    at updateFunctionComponent (http://localhost:3001/_next/static/chunks/f12ff_next_dist_compiled_react-dom_7b2f6d3d._.js:6112:21)
    at beginWork (http://localhost:3001/_next/static/chunks/f12ff_next_dist_compiled_react-dom_7b2f6d3d._.js:6708:24)
    at runWithFiberInDEV (http://localhost:3001/_next/static/chunks/f12ff_next_dist_compiled_react-dom_7b2f6d3d._.js:965:74)
    at performUnitOfWork (http://localhost:3001/_next/static/chunks/f12ff_next_dist_compiled_react-dom_7b2f6d3d._.js:9562:97)
    at workLoopSync (http://localhost:3001/_next/static/chunks/f12ff_next_dist_compiled_react-dom_7b2f6d3d._.js:9456:40)
    at renderRootSync (http://localhost:3001/_next/static/chunks/f12ff_next_dist_compiled_react-dom_7b2f6d3d._.js:9440:13)
    at performWorkOnRoot (http://localhost:3001/_next/static/chunks/f12ff_next_dist_compiled_react-dom_7b2f6d3d._.js:9068:186)
    at performWorkOnRootViaSchedulerTask (http://localhost:3001/_next/static/chunks/f12ff_next_dist_compiled_react-dom_7b2f6d3d._.js:10230:9)
    at MessagePort.performWorkUntilDeadline (http://localhost:3001/_next/static/chunks/f12ff_next_dist_compiled_cd863794._.js:2647:64) @ http://localhost:3001/_next/static/chunks/f12ff_next_dist_95687940._.js:3132
[  836323ms] [ERROR] IntlError: MISSING_MESSAGE: Cannot read properties of undefined (reading 'split')
    at getFallbackFromErrorAndNotify (http://localhost:3001/_next/static/chunks/node_modules__pnpm_a92eadf3._.js:7251:23)
    at translateBaseFn (http://localhost:3001/_next/static/chunks/node_modules__pnpm_a92eadf3._.js:7281:28)
    at translateFn (http://localhost:3001/_next/static/chunks/node_modules__pnpm_a92eadf3._.js:7343:24)
    at labelFor (http://localhost:3001/_next/static/chunks/_af79dd3a._.js:633:30)
    at http://localhost:3001/_next/static/chunks/_af79dd3a._.js:142:34
    at Array.map (<anonymous>)
    at RegionChoropleth (http://localhost:3001/_next/static/chunks/_af79dd3a._.js:134:43)
    at Object.react_stack_bottom_frame (http://localhost:3001/_next/static/chunks/f12ff_next_dist_compiled_react-dom_7b2f6d3d._.js:14826:24)
    at renderWithHooks (http://localhost:3001/_next/static/chunks/f12ff_next_dist_compiled_react-dom_7b2f6d3d._.js:4651:24)
    at updateFunctionComponent (http://localhost:3001/_next/static/chunks/f12ff_next_dist_compiled_react-dom_7b2f6d3d._.js:6112:21)
    at beginWork (http://localhost:3001/_next/static/chunks/f12ff_next_dist_compiled_react-dom_7b2f6d3d._.js:6708:24)
    at runWithFiberInDEV (http://localhost:3001/_next/static/chunks/f12ff_next_dist_compiled_react-dom_7b2f6d3d._.js:965:74)
    at performUnitOfWork (http://localhost:3001/_next/static/chunks/f12ff_next_dist_compiled_react-dom_7b2f6d3d._.js:9562:97)
    at workLoopSync (http://localhost:3001/_next/static/chunks/f12ff_next_dist_compiled_react-dom_7b2f6d3d._.js:9456:40)
    at renderRootSync (http://localhost:3001/_next/static/chunks/f12ff_next_dist_compiled_react-dom_7b2f6d3d._.js:9440:13)
    at performWorkOnRoot (http://localhost:3001/_next/static/chunks/f12ff_next_dist_compiled_react-dom_7b2f6d3d._.js:9068:186)
    at performWorkOnRootViaSchedulerTask (http://localhost:3001/_next/static/chunks/f12ff_next_dist_compiled_react-dom_7b2f6d3d._.js:10230:9)
    at MessagePort.performWorkUntilDeadline (http://localhost:3001/_next/static/chunks/f12ff_next_dist_compiled_cd863794._.js:2647:64) @ http://localhost:3001/_next/static/chunks/f12ff_next_dist_95687940._.js:3132
[  836323ms] [ERROR] IntlError: MISSING_MESSAGE: Cannot read properties of undefined (reading 'split')
    at getFallbackFromErrorAndNotify (http://localhost:3001/_next/static/chunks/node_modules__pnpm_a92eadf3._.js:7251:23)
    at translateBaseFn (http://localhost:3001/_next/static/chunks/node_modules__pnpm_a92eadf3._.js:7281:28)
    at translateFn (http://localhost:3001/_next/static/chunks/node_modules__pnpm_a92eadf3._.js:7343:24)
    at labelFor (http://localhost:3001/_next/static/chunks/_af79dd3a._.js:633:30)
    at http://localhost:3001/_next/static/chunks/_af79dd3a._.js:142:34
    at Array.map (<anonymous>)
    at RegionChoropleth (http://localhost:3001/_next/static/chunks/_af79dd3a._.js:134:43)
    at Object.react_stack_bottom_frame (http://localhost:3001/_next/static/chunks/f12ff_next_dist_compiled_react-dom_7b2f6d3d._.js:14826:24)
    at renderWithHooks (http://localhost:3001/_next/static/chunks/f12ff_next_dist_compiled_react-dom_7b2f6d3d._.js:4651:24)
    at updateFunctionComponent (http://localhost:3001/_next/static/chunks/f12ff_next_dist_compiled_react-dom_7b2f6d3d._.js:6112:21)
    at beginWork (http://localhost:3001/_next/static/chunks/f12ff_next_dist_compiled_react-dom_7b2f6d3d._.js:6708:24)
    at runWithFiberInDEV (http://localhost:3001/_next/static/chunks/f12ff_next_dist_compiled_react-dom_7b2f6d3d._.js:965:74)
    at performUnitOfWork (http://localhost:3001/_next/static/chunks/f12ff_next_dist_compiled_react-dom_7b2f6d3d._.js:9562:97)
    at workLoopSync (http://localhost:3001/_next/static/chunks/f12ff_next_dist_compiled_react-dom_7b2f6d3d._.js:9456:40)
    at renderRootSync (http://localhost:3001/_next/static/chunks/f12ff_next_dist_compiled_react-dom_7b2f6d3d._.js:9440:13)
    at performWorkOnRoot (http://localhost:3001/_next/static/chunks/f12ff_next_dist_compiled_react-dom_7b2f6d3d._.js:9068:186)
    at performWorkOnRootViaSchedulerTask (http://localhost:3001/_next/static/chunks/f12ff_next_dist_compiled_react-dom_7b2f6d3d._.js:10230:9)
    at MessagePort.performWorkUntilDeadline (http://localhost:3001/_next/static/chunks/f12ff_next_dist_compiled_cd863794._.js:2647:64) @ http://localhost:3001/_next/static/chunks/f12ff_next_dist_95687940._.js:3132
[  836323ms] [ERROR] IntlError: MISSING_MESSAGE: Cannot read properties of undefined (reading 'split')
    at getFallbackFromErrorAndNotify (http://localhost:3001/_next/static/chunks/node_modules__pnpm_a92eadf3._.js:7251:23)
    at translateBaseFn (http://localhost:3001/_next/static/chunks/node_modules__pnpm_a92eadf3._.js:7281:28)
    at translateFn (http://localhost:3001/_next/static/chunks/node_modules__pnpm_a92eadf3._.js:7343:24)
    at labelFor (http://localhost:3001/_next/static/chunks/_af79dd3a._.js:633:30)
    at http://localhost:3001/_next/static/chunks/_af79dd3a._.js:142:34
    at Array.map (<anonymous>)
    at RegionChoropleth (http://localhost:3001/_next/static/chunks/_af79dd3a._.js:134:43)
    at Object.react_stack_bottom_frame (http://localhost:3001/_next/static/chunks/f12ff_next_dist_compiled_react-dom_7b2f6d3d._.js:14826:24)
    at renderWithHooks (http://localhost:3001/_next/static/chunks/f12ff_next_dist_compiled_react-dom_7b2f6d3d._.js:4651:24)
    at updateFunctionComponent (http://localhost:3001/_next/static/chunks/f12ff_next_dist_compiled_react-dom_7b2f6d3d._.js:6112:21)
    at beginWork (http://localhost:3001/_next/static/chunks/f12ff_next_dist_compiled_react-dom_7b2f6d3d._.js:6708:24)
    at runWithFiberInDEV (http://localhost:3001/_next/static/chunks/f12ff_next_dist_compiled_react-dom_7b2f6d3d._.js:965:74)
    at performUnitOfWork (http://localhost:3001/_next/static/chunks/f12ff_next_dist_compiled_react-dom_7b2f6d3d._.js:9562:97)
    at workLoopSync (http://localhost:3001/_next/static/chunks/f12ff_next_dist_compiled_react-dom_7b2f6d3d._.js:9456:40)
    at renderRootSync (http://localhost:3001/_next/static/chunks/f12ff_next_dist_compiled_react-dom_7b2f6d3d._.js:9440:13)
    at performWorkOnRoot (http://localhost:3001/_next/static/chunks/f12ff_next_dist_compiled_react-dom_7b2f6d3d._.js:9068:186)
    at performWorkOnRootViaSchedulerTask (http://localhost:3001/_next/static/chunks/f12ff_next_dist_compiled_react-dom_7b2f6d3d._.js:10230:9)
    at MessagePort.performWorkUntilDeadline (http://localhost:3001/_next/static/chunks/f12ff_next_dist_compiled_cd863794._.js:2647:64) @ http://localhost:3001/_next/static/chunks/f12ff_next_dist_95687940._.js:3132
[  836323ms] [ERROR] IntlError: MISSING_MESSAGE: Cannot read properties of undefined (reading 'split')
    at getFallbackFromErrorAndNotify (http://localhost:3001/_next/static/chunks/node_modules__pnpm_a92eadf3._.js:7251:23)
    at translateBaseFn (http://localhost:3001/_next/static/chunks/node_modules__pnpm_a92eadf3._.js:7281:28)
    at translateFn (http://localhost:3001/_next/static/chunks/node_modules__pnpm_a92eadf3._.js:7343:24)
    at labelFor (http://localhost:3001/_next/static/chunks/_af79dd3a._.js:633:30)
    at http://localhost:3001/_next/static/chunks/_af79dd3a._.js:142:34
    at Array.map (<anonymous>)
    at RegionChoropleth (http://localhost:3001/_next/static/chunks/_af79dd3a._.js:134:43)
    at Object.react_stack_bottom_frame (http://localhost:3001/_next/static/chunks/f12ff_next_dist_compiled_react-dom_7b2f6d3d._.js:14826:24)
    at renderWithHooks (http://localhost:3001/_next/static/chunks/f12ff_next_dist_compiled_react-dom_7b2f6d3d._.js:4651:24)
    at updateFunctionComponent (http://localhost:3001/_next/static/chunks/f12ff_next_dist_compiled_react-dom_7b2f6d3d._.js:6112:21)
    at beginWork (http://localhost:3001/_next/static/chunks/f12ff_next_dist_compiled_react-dom_7b2f6d3d._.js:6708:24)
    at runWithFiberInDEV (http://localhost:3001/_next/static/chunks/f12ff_next_dist_compiled_react-dom_7b2f6d3d._.js:965:74)
    at performUnitOfWork (http://localhost:3001/_next/static/chunks/f12ff_next_dist_compiled_react-dom_7b2f6d3d._.js:9562:97)
    at workLoopSync (http://localhost:3001/_next/static/chunks/f12ff_next_dist_compiled_react-dom_7b2f6d3d._.js:9456:40)
    at renderRootSync (http://localhost:3001/_next/static/chunks/f12ff_next_dist_compiled_react-dom_7b2f6d3d._.js:9440:13)
    at performWorkOnRoot (http://localhost:3001/_next/static/chunks/f12ff_next_dist_compiled_react-dom_7b2f6d3d._.js:9068:186)
    at performWorkOnRootViaSchedulerTask (http://localhost:3001/_next/static/chunks/f12ff_next_dist_compiled_react-dom_7b2f6d3d._.js:10230:9)
    at MessagePort.performWorkUntilDeadline (http://localhost:3001/_next/static/chunks/f12ff_next_dist_compiled_cd863794._.js:2647:64) @ http://localhost:3001/_next/static/chunks/f12ff_next_dist_95687940._.js:3132
[  836324ms] [ERROR] IntlError: MISSING_MESSAGE: Cannot read properties of undefined (reading 'split')
    at getFallbackFromErrorAndNotify (http://localhost:3001/_next/static/chunks/node_modules__pnpm_a92eadf3._.js:7251:23)
    at translateBaseFn (http://localhost:3001/_next/static/chunks/node_modules__pnpm_a92eadf3._.js:7281:28)
    at translateFn (http://localhost:3001/_next/static/chunks/node_modules__pnpm_a92eadf3._.js:7343:24)
    at labelFor (http://localhost:3001/_next/static/chunks/_af79dd3a._.js:633:30)
    at http://localhost:3001/_next/static/chunks/_af79dd3a._.js:142:34
    at Array.map (<anonymous>)
    at RegionChoropleth (http://localhost:3001/_next/static/chunks/_af79dd3a._.js:134:43)
    at Object.react_stack_bottom_frame (http://localhost:3001/_next/static/chunks/f12ff_next_dist_compiled_react-dom_7b2f6d3d._.js:14826:24)
    at renderWithHooks (http://localhost:3001/_next/static/chunks/f12ff_next_dist_compiled_react-dom_7b2f6d3d._.js:4651:24)
    at updateFunctionComponent (http://localhost:3001/_next/static/chunks/f12ff_next_dist_compiled_react-dom_7b2f6d3d._.js:6112:21)
    at beginWork (http://localhost:3001/_next/static/chunks/f12ff_next_dist_compiled_react-dom_7b2f6d3d._.js:6708:24)
    at runWithFiberInDEV (http://localhost:3001/_next/static/chunks/f12ff_next_dist_compiled_react-dom_7b2f6d3d._.js:965:74)
    at performUnitOfWork (http://localhost:3001/_next/static/chunks/f12ff_next_dist_compiled_react-dom_7b2f6d3d._.js:9562:97)
    at workLoopSync (http://localhost:3001/_next/static/chunks/f12ff_next_dist_compiled_react-dom_7b2f6d3d._.js:9456:40)
    at renderRootSync (http://localhost:3001/_next/static/chunks/f12ff_next_dist_compiled_react-dom_7b2f6d3d._.js:9440:13)
    at performWorkOnRoot (http://localhost:3001/_next/static/chunks/f12ff_next_dist_compiled_react-dom_7b2f6d3d._.js:9068:186)
    at performWorkOnRootViaSchedulerTask (http://localhost:3001/_next/static/chunks/f12ff_next_dist_compiled_react-dom_7b2f6d3d._.js:10230:9)
    at MessagePort.performWorkUntilDeadline (http://localhost:3001/_next/static/chunks/f12ff_next_dist_compiled_cd863794._.js:2647:64) @ http://localhost:3001/_next/static/chunks/f12ff_next_dist_95687940._.js:3132
[  836324ms] [ERROR] IntlError: MISSING_MESSAGE: Cannot read properties of undefined (reading 'split')
    at getFallbackFromErrorAndNotify (http://localhost:3001/_next/static/chunks/node_modules__pnpm_a92eadf3._.js:7251:23)
    at translateBaseFn (http://localhost:3001/_next/static/chunks/node_modules__pnpm_a92eadf3._.js:7281:28)
    at translateFn (http://localhost:3001/_next/static/chunks/node_modules__pnpm_a92eadf3._.js:7343:24)
    at labelFor (http://localhost:3001/_next/static/chunks/_af79dd3a._.js:633:30)
    at http://localhost:3001/_next/static/chunks/_af79dd3a._.js:142:34
    at Array.map (<anonymous>)
    at RegionChoropleth (http://localhost:3001/_next/static/chunks/_af79dd3a._.js:134:43)
    at Object.react_stack_bottom_frame (http://localhost:3001/_next/static/chunks/f12ff_next_dist_compiled_react-dom_7b2f6d3d._.js:14826:24)
    at renderWithHooks (http://localhost:3001/_next/static/chunks/f12ff_next_dist_compiled_react-dom_7b2f6d3d._.js:4651:24)
    at updateFunctionComponent (http://localhost:3001/_next/static/chunks/f12ff_next_dist_compiled_react-dom_7b2f6d3d._.js:6112:21)
    at beginWork (http://localhost:3001/_next/static/chunks/f12ff_next_dist_compiled_react-dom_7b2f6d3d._.js:6708:24)
    at runWithFiberInDEV (http://localhost:3001/_next/static/chunks/f12ff_next_dist_compiled_react-dom_7b2f6d3d._.js:965:74)
    at performUnitOfWork (http://localhost:3001/_next/static/chunks/f12ff_next_dist_compiled_react-dom_7b2f6d3d._.js:9562:97)
    at workLoopSync (http://localhost:3001/_next/static/chunks/f12ff_next_dist_compiled_react-dom_7b2f6d3d._.js:9456:40)
    at renderRootSync (http://localhost:3001/_next/static/chunks/f12ff_next_dist_compiled_react-dom_7b2f6d3d._.js:9440:13)
    at performWorkOnRoot (http://localhost:3001/_next/static/chunks/f12ff_next_dist_compiled_react-dom_7b2f6d3d._.js:9068:186)
    at performWorkOnRootViaSchedulerTask (http://localhost:3001/_next/static/chunks/f12ff_next_dist_compiled_react-dom_7b2f6d3d._.js:10230:9)
    at MessagePort.performWorkUntilDeadline (http://localhost:3001/_next/static/chunks/f12ff_next_dist_compiled_cd863794._.js:2647:64) @ http://localhost:3001/_next/static/chunks/f12ff_next_dist_95687940._.js:3132
[  836324ms] [ERROR] IntlError: MISSING_MESSAGE: Cannot read properties of undefined (reading 'split')
    at getFallbackFromErrorAndNotify (http://localhost:3001/_next/static/chunks/node_modules__pnpm_a92eadf3._.js:7251:23)
    at translateBaseFn (http://localhost:3001/_next/static/chunks/node_modules__pnpm_a92eadf3._.js:7281:28)
    at translateFn (http://localhost:3001/_next/static/chunks/node_modules__pnpm_a92eadf3._.js:7343:24)
    at labelFor (http://localhost:3001/_next/static/chunks/_af79dd3a._.js:633:30)
    at http://localhost:3001/_next/static/chunks/_af79dd3a._.js:142:34
    at Array.map (<anonymous>)
    at RegionChoropleth (http://localhost:3001/_next/static/chunks/_af79dd3a._.js:134:43)
    at Object.react_stack_bottom_frame (http://localhost:3001/_next/static/chunks/f12ff_next_dist_compiled_react-dom_7b2f6d3d._.js:14826:24)
    at renderWithHooks (http://localhost:3001/_next/static/chunks/f12ff_next_dist_compiled_react-dom_7b2f6d3d._.js:4651:24)
    at updateFunctionComponent (http://localhost:3001/_next/static/chunks/f12ff_next_dist_compiled_react-dom_7b2f6d3d._.js:6112:21)
    at beginWork (http://localhost:3001/_next/static/chunks/f12ff_next_dist_compiled_react-dom_7b2f6d3d._.js:6708:24)
    at runWithFiberInDEV (http://localhost:3001/_next/static/chunks/f12ff_next_dist_compiled_react-dom_7b2f6d3d._.js:965:74)
    at performUnitOfWork (http://localhost:3001/_next/static/chunks/f12ff_next_dist_compiled_react-dom_7b2f6d3d._.js:9562:97)
    at workLoopSync (http://localhost:3001/_next/static/chunks/f12ff_next_dist_compiled_react-dom_7b2f6d3d._.js:9456:40)
    at renderRootSync (http://localhost:3001/_next/static/chunks/f12ff_next_dist_compiled_react-dom_7b2f6d3d._.js:9440:13)
    at performWorkOnRoot (http://localhost:3001/_next/static/chunks/f12ff_next_dist_compiled_react-dom_7b2f6d3d._.js:9068:186)
    at performWorkOnRootViaSchedulerTask (http://localhost:3001/_next/static/chunks/f12ff_next_dist_compiled_react-dom_7b2f6d3d._.js:10230:9)
    at MessagePort.performWorkUntilDeadline (http://localhost:3001/_next/static/chunks/f12ff_next_dist_compiled_cd863794._.js:2647:64) @ http://localhost:3001/_next/static/chunks/f12ff_next_dist_95687940._.js:3132
[  836324ms] [ERROR] IntlError: MISSING_MESSAGE: Cannot read properties of undefined (reading 'split')
    at getFallbackFromErrorAndNotify (http://localhost:3001/_next/static/chunks/node_modules__pnpm_a92eadf3._.js:7251:23)
    at translateBaseFn (http://localhost:3001/_next/static/chunks/node_modules__pnpm_a92eadf3._.js:7281:28)
    at translateFn (http://localhost:3001/_next/static/chunks/node_modules__pnpm_a92eadf3._.js:7343:24)
    at labelFor (http://localhost:3001/_next/static/chunks/_af79dd3a._.js:633:30)
    at http://localhost:3001/_next/static/chunks/_af79dd3a._.js:142:34
    at Array.map (<anonymous>)
    at RegionChoropleth (http://localhost:3001/_next/static/chunks/_af79dd3a._.js:134:43)
    at Object.react_stack_bottom_frame (http://localhost:3001/_next/static/chunks/f12ff_next_dist_compiled_react-dom_7b2f6d3d._.js:14826:24)
    at renderWithHooksAgain (http://localhost:3001/_next/static/chunks/f12ff_next_dist_compiled_react-dom_7b2f6d3d._.js:4706:24)
    at renderWithHooks (http://localhost:3001/_next/static/chunks/f12ff_next_dist_compiled_react-dom_7b2f6d3d._.js:4657:28)
    at updateFunctionComponent (http://localhost:3001/_next/static/chunks/f12ff_next_dist_compiled_react-dom_7b2f6d3d._.js:6112:21)
    at beginWork (http://localhost:3001/_next/static/chunks/f12ff_next_dist_compiled_react-dom_7b2f6d3d._.js:6708:24)
    at runWithFiberInDEV (http://localhost:3001/_next/static/chunks/f12ff_next_dist_compiled_react-dom_7b2f6d3d._.js:965:74)
    at performUnitOfWork (http://localhost:3001/_next/static/chunks/f12ff_next_dist_compiled_react-dom_7b2f6d3d._.js:9562:97)
    at workLoopSync (http://localhost:3001/_next/static/chunks/f12ff_next_dist_compiled_react-dom_7b2f6d3d._.js:9456:40)
    at renderRootSync (http://localhost:3001/_next/static/chunks/f12ff_next_dist_compiled_react-dom_7b2f6d3d._.js:9440:13)
    at performWorkOnRoot (http://localhost:3001/_next/static/chunks/f12ff_next_dist_compiled_react-dom_7b2f6d3d._.js:9068:186)
    at performWorkOnRootViaSchedulerTask (http://localhost:3001/_next/static/chunks/f12ff_next_dist_compiled_react-dom_7b2f6d3d._.js:10230:9)
    at MessagePort.performWorkUntilDeadline (http://localhost:3001/_next/static/chunks/f12ff_next_dist_compiled_cd863794._.js:2647:64) @ http://localhost:3001/_next/static/chunks/f12ff_next_dist_95687940._.js:3132
[  836324ms] [ERROR] IntlError: MISSING_MESSAGE: Cannot read properties of undefined (reading 'split')
    at getFallbackFromErrorAndNotify (http://localhost:3001/_next/static/chunks/node_modules__pnpm_a92eadf3._.js:7251:23)
    at translateBaseFn (http://localhost:3001/_next/static/chunks/node_modules__pnpm_a92eadf3._.js:7281:28)
    at translateFn (http://localhost:3001/_next/static/chunks/node_modules__pnpm_a92eadf3._.js:7343:24)
    at labelFor (http://localhost:3001/_next/static/chunks/_af79dd3a._.js:633:30)
    at http://localhost:3001/_next/static/chunks/_af79dd3a._.js:142:34
    at Array.map (<anonymous>)
    at RegionChoropleth (http://localhost:3001/_next/static/chunks/_af79dd3a._.js:134:43)
    at Object.react_stack_bottom_frame (http://localhost:3001/_next/static/chunks/f12ff_next_dist_compiled_react-dom_7b2f6d3d._.js:14826:24)
    at renderWithHooksAgain (http://localhost:3001/_next/static/chunks/f12ff_next_dist_compiled_react-dom_7b2f6d3d._.js:4706:24)
    at renderWithHooks (http://localhost:3001/_next/static/chunks/f12ff_next_dist_compiled_react-dom_7b2f6d3d._.js:4657:28)
    at updateFunctionComponent (http://localhost:3001/_next/static/chunks/f12ff_next_dist_compiled_react-dom_7b2f6d3d._.js:6112:21)
    at beginWork (http://localhost:3001/_next/static/chunks/f12ff_next_dist_compiled_react-dom_7b2f6d3d._.js:6708:24)
    at runWithFiberInDEV (http://localhost:3001/_next/static/chunks/f12ff_next_dist_compiled_react-dom_7b2f6d3d._.js:965:74)
    at performUnitOfWork (http://localhost:3001/_next/static/chunks/f12ff_next_dist_compiled_react-dom_7b2f6d3d._.js:9562:97)
    at workLoopSync (http://localhost:3001/_next/static/chunks/f12ff_next_dist_compiled_react-dom_7b2f6d3d._.js:9456:40)
    at renderRootSync (http://localhost:3001/_next/static/chunks/f12ff_next_dist_compiled_react-dom_7b2f6d3d._.js:9440:13)
    at performWorkOnRoot (http://localhost:3001/_next/static/chunks/f12ff_next_dist_compiled_react-dom_7b2f6d3d._.js:9068:186)
    at performWorkOnRootViaSchedulerTask (http://localhost:3001/_next/static/chunks/f12ff_next_dist_compiled_react-dom_7b2f6d3d._.js:10230:9)
    at MessagePort.performWorkUntilDeadline (http://localhost:3001/_next/static/chunks/f12ff_next_dist_compiled_cd863794._.js:2647:64) @ http://localhost:3001/_next/static/chunks/f12ff_next_dist_95687940._.js:3132
[  836324ms] [ERROR] IntlError: MISSING_MESSAGE: Cannot read properties of undefined (reading 'split')
    at getFallbackFromErrorAndNotify (http://localhost:3001/_next/static/chunks/node_modules__pnpm_a92eadf3._.js:7251:23)
    at translateBaseFn (http://localhost:3001/_next/static/chunks/node_modules__pnpm_a92eadf3._.js:7281:28)
    at translateFn (http://localhost:3001/_next/static/chunks/node_modules__pnpm_a92eadf3._.js:7343:24)
    at labelFor (http://localhost:3001/_next/static/chunks/_af79dd3a._.js:633:30)
    at http://localhost:3001/_next/static/chunks/_af79dd3a._.js:142:34
    at Array.map (<anonymous>)
    at RegionChoropleth (http://localhost:3001/_next/static/chunks/_af79dd3a._.js:134:43)
    at Object.react_stack_bottom_frame (http://localhost:3001/_next/static/chunks/f12ff_next_dist_compiled_react-dom_7b2f6d3d._.js:14826:24)
    at renderWithHooksAgain (http://localhost:3001/_next/static/chunks/f12ff_next_dist_compiled_react-dom_7b2f6d3d._.js:4706:24)
    at renderWithHooks (http://localhost:3001/_next/static/chunks/f12ff_next_dist_compiled_react-dom_7b2f6d3d._.js:4657:28)
    at updateFunctionComponent (http://localhost:3001/_next/static/chunks/f12ff_next_dist_compiled_react-dom_7b2f6d3d._.js:6112:21)
    at beginWork (http://localhost:3001/_next/static/chunks/f12ff_next_dist_compiled_react-dom_7b2f6d3d._.js:6708:24)
    at runWithFiberInDEV (http://localhost:3001/_next/static/chunks/f12ff_next_dist_compiled_react-dom_7b2f6d3d._.js:965:74)
    at performUnitOfWork (http://localhost:3001/_next/static/chunks/f12ff_next_dist_compiled_react-dom_7b2f6d3d._.js:9562:97)
    at workLoopSync (http://localhost:3001/_next/static/chunks/f12ff_next_dist_compiled_react-dom_7b2f6d3d._.js:9456:40)
    at renderRootSync (http://localhost:3001/_next/static/chunks/f12ff_next_dist_compiled_react-dom_7b2f6d3d._.js:9440:13)
    at performWorkOnRoot (http://localhost:3001/_next/static/chunks/f12ff_next_dist_compiled_react-dom_7b2f6d3d._.js:9068:186)
    at performWorkOnRootViaSchedulerTask (http://localhost:3001/_next/static/chunks/f12ff_next_dist_compiled_react-dom_7b2f6d3d._.js:10230:9)
    at MessagePort.performWorkUntilDeadline (http://localhost:3001/_next/static/chunks/f12ff_next_dist_compiled_cd863794._.js:2647:64) @ http://localhost:3001/_next/static/chunks/f12ff_next_dist_95687940._.js:3132
[  836325ms] [ERROR] IntlError: MISSING_MESSAGE: Cannot read properties of undefined (reading 'split')
    at getFallbackFromErrorAndNotify (http://localhost:3001/_next/static/chunks/node_modules__pnpm_a92eadf3._.js:7251:23)
    at translateBaseFn (http://localhost:3001/_next/static/chunks/node_modules__pnpm_a92eadf3._.js:7281:28)
    at translateFn (http://localhost:3001/_next/static/chunks/node_modules__pnpm_a92eadf3._.js:7343:24)
    at labelFor (http://localhost:3001/_next/static/chunks/_af79dd3a._.js:633:30)
    at http://localhost:3001/_next/static/chunks/_af79dd3a._.js:142:34
    at Array.map (<anonymous>)
    at RegionChoropleth (http://localhost:3001/_next/static/chunks/_af79dd3a._.js:134:43)
    at Object.react_stack_bottom_frame (http://localhost:3001/_next/static/chunks/f12ff_next_dist_compiled_react-dom_7b2f6d3d._.js:14826:24)
    at renderWithHooksAgain (http://localhost:3001/_next/static/chunks/f12ff_next_dist_compiled_react-dom_7b2f6d3d._.js:4706:24)
    at renderWithHooks (http://localhost:3001/_next/static/chunks/f12ff_next_dist_compiled_react-dom_7b2f6d3d._.js:4657:28)
    at updateFunctionComponent (http://localhost:3001/_next/static/chunks/f12ff_next_dist_compiled_react-dom_7b2f6d3d._.js:6112:21)
    at beginWork (http://localhost:3001/_next/static/chunks/f12ff_next_dist_compiled_react-dom_7b2f6d3d._.js:6708:24)
    at runWithFiberInDEV (http://localhost:3001/_next/static/chunks/f12ff_next_dist_compiled_react-dom_7b2f6d3d._.js:965:74)
    at performUnitOfWork (http://localhost:3001/_next/static/chunks/f12ff_next_dist_compiled_react-dom_7b2f6d3d._.js:9562:97)
    at workLoopSync (http://localhost:3001/_next/static/chunks/f12ff_next_dist_compiled_react-dom_7b2f6d3d._.js:9456:40)
    at renderRootSync (http://localhost:3001/_next/static/chunks/f12ff_next_dist_compiled_react-dom_7b2f6d3d._.js:9440:13)
    at performWorkOnRoot (http://localhost:3001/_next/static/chunks/f12ff_next_dist_compiled_react-dom_7b2f6d3d._.js:9068:186)
    at performWorkOnRootViaSchedulerTask (http://localhost:3001/_next/static/chunks/f12ff_next_dist_compiled_react-dom_7b2f6d3d._.js:10230:9)
    at MessagePort.performWorkUntilDeadline (http://localhost:3001/_next/static/chunks/f12ff_next_dist_compiled_cd863794._.js:2647:64) @ http://localhost:3001/_next/static/chunks/f12ff_next_dist_95687940._.js:3132
[  836325ms] [ERROR] IntlError: MISSING_MESSAGE: Cannot read properties of undefined (reading 'split')
    at getFallbackFromErrorAndNotify (http://localhost:3001/_next/static/chunks/node_modules__pnpm_a92eadf3._.js:7251:23)
    at translateBaseFn (http://localhost:3001/_next/static/chunks/node_modules__pnpm_a92eadf3._.js:7281:28)
    at translateFn (http://localhost:3001/_next/static/chunks/node_modules__pnpm_a92eadf3._.js:7343:24)
    at labelFor (http://localhost:3001/_next/static/chunks/_af79dd3a._.js:633:30)
    at http://localhost:3001/_next/static/chunks/_af79dd3a._.js:142:34
    at Array.map (<anonymous>)
    at RegionChoropleth (http://localhost:3001/_next/static/chunks/_af79dd3a._.js:134:43)
    at Object.react_stack_bottom_frame (http://localhost:3001/_next/static/chunks/f12ff_next_dist_compiled_react-dom_7b2f6d3d._.js:14826:24)
    at renderWithHooksAgain (http://localhost:3001/_next/static/chunks/f12ff_next_dist_compiled_react-dom_7b2f6d3d._.js:4706:24)
    at renderWithHooks (http://localhost:3001/_next/static/chunks/f12ff_next_dist_compiled_react-dom_7b2f6d3d._.js:4657:28)
    at updateFunctionComponent (http://localhost:3001/_next/static/chunks/f12ff_next_dist_compiled_react-dom_7b2f6d3d._.js:6112:21)
    at beginWork (http://localhost:3001/_next/static/chunks/f12ff_next_dist_compiled_react-dom_7b2f6d3d._.js:6708:24)
    at runWithFiberInDEV (http://localhost:3001/_next/static/chunks/f12ff_next_dist_compiled_react-dom_7b2f6d3d._.js:965:74)
    at performUnitOfWork (http://localhost:3001/_next/static/chunks/f12ff_next_dist_compiled_react-dom_7b2f6d3d._.js:9562:97)
    at workLoopSync (http://localhost:3001/_next/static/chunks/f12ff_next_dist_compiled_react-dom_7b2f6d3d._.js:9456:40)
    at renderRootSync (http://localhost:3001/_next/static/chunks/f12ff_next_dist_compiled_react-dom_7b2f6d3d._.js:9440:13)
    at performWorkOnRoot (http://localhost:3001/_next/static/chunks/f12ff_next_dist_compiled_react-dom_7b2f6d3d._.js:9068:186)
    at performWorkOnRootViaSchedulerTask (http://localhost:3001/_next/static/chunks/f12ff_next_dist_compiled_react-dom_7b2f6d3d._.js:10230:9)
    at MessagePort.performWorkUntilDeadline (http://localhost:3001/_next/static/chunks/f12ff_next_dist_compiled_cd863794._.js:2647:64) @ http://localhost:3001/_next/static/chunks/f12ff_next_dist_95687940._.js:3132
[  836325ms] [ERROR] IntlError: MISSING_MESSAGE: Cannot read properties of undefined (reading 'split')
    at getFallbackFromErrorAndNotify (http://localhost:3001/_next/static/chunks/node_modules__pnpm_a92eadf3._.js:7251:23)
    at translateBaseFn (http://localhost:3001/_next/static/chunks/node_modules__pnpm_a92eadf3._.js:7281:28)
    at translateFn (http://localhost:3001/_next/static/chunks/node_modules__pnpm_a92eadf3._.js:7343:24)
    at labelFor (http://localhost:3001/_next/static/chunks/_af79dd3a._.js:633:30)
    at http://localhost:3001/_next/static/chunks/_af79dd3a._.js:142:34
    at Array.map (<anonymous>)
    at RegionChoropleth (http://localhost:3001/_next/static/chunks/_af79dd3a._.js:134:43)
    at Object.react_stack_bottom_frame (http://localhost:3001/_next/static/chunks/f12ff_next_dist_compiled_react-dom_7b2f6d3d._.js:14826:24)
    at renderWithHooksAgain (http://localhost:3001/_next/static/chunks/f12ff_next_dist_compiled_react-dom_7b2f6d3d._.js:4706:24)
    at renderWithHooks (http://localhost:3001/_next/static/chunks/f12ff_next_dist_compiled_react-dom_7b2f6d3d._.js:4657:28)
    at updateFunctionComponent (http://localhost:3001/_next/static/chunks/f12ff_next_dist_compiled_react-dom_7b2f6d3d._.js:6112:21)
    at beginWork (http://localhost:3001/_next/static/chunks/f12ff_next_dist_compiled_react-dom_7b2f6d3d._.js:6708:24)
    at runWithFiberInDEV (http://localhost:3001/_next/static/chunks/f12ff_next_dist_compiled_react-dom_7b2f6d3d._.js:965:74)
    at performUnitOfWork (http://localhost:3001/_next/static/chunks/f12ff_next_dist_compiled_react-dom_7b2f6d3d._.js:9562:97)
    at workLoopSync (http://localhost:3001/_next/static/chunks/f12ff_next_dist_compiled_react-dom_7b2f6d3d._.js:9456:40)
    at renderRootSync (http://localhost:3001/_next/static/chunks/f12ff_next_dist_compiled_react-dom_7b2f6d3d._.js:9440:13)
    at performWorkOnRoot (http://localhost:3001/_next/static/chunks/f12ff_next_dist_compiled_react-dom_7b2f6d3d._.js:9068:186)
    at performWorkOnRootViaSchedulerTask (http://localhost:3001/_next/static/chunks/f12ff_next_dist_compiled_react-dom_7b2f6d3d._.js:10230:9)
    at MessagePort.performWorkUntilDeadline (http://localhost:3001/_next/static/chunks/f12ff_next_dist_compiled_cd863794._.js:2647:64) @ http://localhost:3001/_next/static/chunks/f12ff_next_dist_95687940._.js:3132
[  836325ms] [ERROR] IntlError: MISSING_MESSAGE: Cannot read properties of undefined (reading 'split')
    at getFallbackFromErrorAndNotify (http://localhost:3001/_next/static/chunks/node_modules__pnpm_a92eadf3._.js:7251:23)
    at translateBaseFn (http://localhost:3001/_next/static/chunks/node_modules__pnpm_a92eadf3._.js:7281:28)
    at translateFn (http://localhost:3001/_next/static/chunks/node_modules__pnpm_a92eadf3._.js:7343:24)
    at labelFor (http://localhost:3001/_next/static/chunks/_af79dd3a._.js:633:30)
    at http://localhost:3001/_next/static/chunks/_af79dd3a._.js:142:34
    at Array.map (<anonymous>)
    at RegionChoropleth (http://localhost:3001/_next/static/chunks/_af79dd3a._.js:134:43)
    at Object.react_stack_bottom_frame (http://localhost:3001/_next/static/chunks/f12ff_next_dist_compiled_react-dom_7b2f6d3d._.js:14826:24)
    at renderWithHooksAgain (http://localhost:3001/_next/static/chunks/f12ff_next_dist_compiled_react-dom_7b2f6d3d._.js:4706:24)
    at renderWithHooks (http://localhost:3001/_next/static/chunks/f12ff_next_dist_compiled_react-dom_7b2f6d3d._.js:4657:28)
    at updateFunctionComponent (http://localhost:3001/_next/static/chunks/f12ff_next_dist_compiled_react-dom_7b2f6d3d._.js:6112:21)
    at beginWork (http://localhost:3001/_next/static/chunks/f12ff_next_dist_compiled_react-dom_7b2f6d3d._.js:6708:24)
    at runWithFiberInDEV (http://localhost:3001/_next/static/chunks/f12ff_next_dist_compiled_react-dom_7b2f6d3d._.js:965:74)
    at performUnitOfWork (http://localhost:3001/_next/static/chunks/f12ff_next_dist_compiled_react-dom_7b2f6d3d._.js:9562:97)
    at workLoopSync (http://localhost:3001/_next/static/chunks/f12ff_next_dist_compiled_react-dom_7b2f6d3d._.js:9456:40)
    at renderRootSync (http://localhost:3001/_next/static/chunks/f12ff_next_dist_compiled_react-dom_7b2f6d3d._.js:9440:13)
    at performWorkOnRoot (http://localhost:3001/_next/static/chunks/f12ff_next_dist_compiled_react-dom_7b2f6d3d._.js:9068:186)
    at performWorkOnRootViaSchedulerTask (http://localhost:3001/_next/static/chunks/f12ff_next_dist_compiled_react-dom_7b2f6d3d._.js:10230:9)
    at MessagePort.performWorkUntilDeadline (http://localhost:3001/_next/static/chunks/f12ff_next_dist_compiled_cd863794._.js:2647:64) @ http://localhost:3001/_next/static/chunks/f12ff_next_dist_95687940._.js:3132
[  836333ms] [ERROR] IntlError: MISSING_MESSAGE: Cannot read properties of undefined (reading 'split')
    at getFallbackFromErrorAndNotify (http://localhost:3001/_next/static/chunks/node_modules__pnpm_a92eadf3._.js:7251:23)
    at translateBaseFn (http://localhost:3001/_next/static/chunks/node_modules__pnpm_a92eadf3._.js:7281:28)
    at translateFn (http://localhost:3001/_next/static/chunks/node_modules__pnpm_a92eadf3._.js:7343:24)
    at labelFor (http://localhost:3001/_next/static/chunks/_af79dd3a._.js:633:30)
    at http://localhost:3001/_next/static/chunks/_af79dd3a._.js:142:34
    at Array.map (<anonymous>)
    at RegionChoropleth (http://localhost:3001/_next/static/chunks/_af79dd3a._.js:134:43)
    at Object.react_stack_bottom_frame (http://localhost:3001/_next/static/chunks/f12ff_next_dist_compiled_react-dom_7b2f6d3d._.js:14826:24)
    at renderWithHooks (http://localhost:3001/_next/static/chunks/f12ff_next_dist_compiled_react-dom_7b2f6d3d._.js:4651:24)
    at updateFunctionComponent (http://localhost:3001/_next/static/chunks/f12ff_next_dist_compiled_react-dom_7b2f6d3d._.js:6112:21)
    at beginWork (http://localhost:3001/_next/static/chunks/f12ff_next_dist_compiled_react-dom_7b2f6d3d._.js:6708:24)
    at runWithFiberInDEV (http://localhost:3001/_next/static/chunks/f12ff_next_dist_compiled_react-dom_7b2f6d3d._.js:965:74)
    at performUnitOfWork (http://localhost:3001/_next/static/chunks/f12ff_next_dist_compiled_react-dom_7b2f6d3d._.js:9562:97)
    at workLoopSync (http://localhost:3001/_next/static/chunks/f12ff_next_dist_compiled_react-dom_7b2f6d3d._.js:9456:40)
    at renderRootSync (http://localhost:3001/_next/static/chunks/f12ff_next_dist_compiled_react-dom_7b2f6d3d._.js:9440:13)
    at performWorkOnRoot (http://localhost:3001/_next/static/chunks/f12ff_next_dist_compiled_react-dom_7b2f6d3d._.js:9068:186)
    at performWorkOnRootViaSchedulerTask (http://localhost:3001/_next/static/chunks/f12ff_next_dist_compiled_react-dom_7b2f6d3d._.js:10230:9)
    at MessagePort.performWorkUntilDeadline (http://localhost:3001/_next/static/chunks/f12ff_next_dist_compiled_cd863794._.js:2647:64) @ http://localhost:3001/_next/static/chunks/f12ff_next_dist_95687940._.js:3132
[  836333ms] [ERROR] IntlError: MISSING_MESSAGE: Cannot read properties of undefined (reading 'split')
    at getFallbackFromErrorAndNotify (http://localhost:3001/_next/static/chunks/node_modules__pnpm_a92eadf3._.js:7251:23)
    at translateBaseFn (http://localhost:3001/_next/static/chunks/node_modules__pnpm_a92eadf3._.js:7281:28)
    at translateFn (http://localhost:3001/_next/static/chunks/node_modules__pnpm_a92eadf3._.js:7343:24)
    at labelFor (http://localhost:3001/_next/static/chunks/_af79dd3a._.js:633:30)
    at http://localhost:3001/_next/static/chunks/_af79dd3a._.js:142:34
    at Array.map (<anonymous>)
    at RegionChoropleth (http://localhost:3001/_next/static/chunks/_af79dd3a._.js:134:43)
    at Object.react_stack_bottom_frame (http://localhost:3001/_next/static/chunks/f12ff_next_dist_compiled_react-dom_7b2f6d3d._.js:14826:24)
    at renderWithHooks (http://localhost:3001/_next/static/chunks/f12ff_next_dist_compiled_react-dom_7b2f6d3d._.js:4651:24)
    at updateFunctionComponent (http://localhost:3001/_next/static/chunks/f12ff_next_dist_compiled_react-dom_7b2f6d3d._.js:6112:21)
    at beginWork (http://localhost:3001/_next/static/chunks/f12ff_next_dist_compiled_react-dom_7b2f6d3d._.js:6708:24)
    at runWithFiberInDEV (http://localhost:3001/_next/static/chunks/f12ff_next_dist_compiled_react-dom_7b2f6d3d._.js:965:74)
    at performUnitOfWork (http://localhost:3001/_next/static/chunks/f12ff_next_dist_compiled_react-dom_7b2f6d3d._.js:9562:97)
    at workLoopSync (http://localhost:3001/_next/static/chunks/f12ff_next_dist_compiled_react-dom_7b2f6d3d._.js:9456:40)
    at renderRootSync (http://localhost:3001/_next/static/chunks/f12ff_next_dist_compiled_react-dom_7b2f6d3d._.js:9440:13)
    at performWorkOnRoot (http://localhost:3001/_next/static/chunks/f12ff_next_dist_compiled_react-dom_7b2f6d3d._.js:9068:186)
    at performWorkOnRootViaSchedulerTask (http://localhost:3001/_next/static/chunks/f12ff_next_dist_compiled_react-dom_7b2f6d3d._.js:10230:9)
    at MessagePort.performWorkUntilDeadline (http://localhost:3001/_next/static/chunks/f12ff_next_dist_compiled_cd863794._.js:2647:64) @ http://localhost:3001/_next/static/chunks/f12ff_next_dist_95687940._.js:3132
[  836333ms] [ERROR] IntlError: MISSING_MESSAGE: Cannot read properties of undefined (reading 'split')
    at getFallbackFromErrorAndNotify (http://localhost:3001/_next/static/chunks/node_modules__pnpm_a92eadf3._.js:7251:23)
    at translateBaseFn (http://localhost:3001/_next/static/chunks/node_modules__pnpm_a92eadf3._.js:7281:28)
    at translateFn (http://localhost:3001/_next/static/chunks/node_modules__pnpm_a92eadf3._.js:7343:24)
    at labelFor (http://localhost:3001/_next/static/chunks/_af79dd3a._.js:633:30)
    at http://localhost:3001/_next/static/chunks/_af79dd3a._.js:142:34
    at Array.map (<anonymous>)
    at RegionChoropleth (http://localhost:3001/_next/static/chunks/_af79dd3a._.js:134:43)
    at Object.react_stack_bottom_frame (http://localhost:3001/_next/static/chunks/f12ff_next_dist_compiled_react-dom_7b2f6d3d._.js:14826:24)
    at renderWithHooks (http://localhost:3001/_next/static/chunks/f12ff_next_dist_compiled_react-dom_7b2f6d3d._.js:4651:24)
    at updateFunctionComponent (http://localhost:3001/_next/static/chunks/f12ff_next_dist_compiled_react-dom_7b2f6d3d._.js:6112:21)
    at beginWork (http://localhost:3001/_next/static/chunks/f12ff_next_dist_compiled_react-dom_7b2f6d3d._.js:6708:24)
    at runWithFiberInDEV (http://localhost:3001/_next/static/chunks/f12ff_next_dist_compiled_react-dom_7b2f6d3d._.js:965:74)
    at performUnitOfWork (http://localhost:3001/_next/static/chunks/f12ff_next_dist_compiled_react-dom_7b2f6d3d._.js:9562:97)
    at workLoopSync (http://localhost:3001/_next/static/chunks/f12ff_next_dist_compiled_react-dom_7b2f6d3d._.js:9456:40)
    at renderRootSync (http://localhost:3001/_next/static/chunks/f12ff_next_dist_compiled_react-dom_7b2f6d3d._.js:9440:13)
    at performWorkOnRoot (http://localhost:3001/_next/static/chunks/f12ff_next_dist_compiled_react-dom_7b2f6d3d._.js:9068:186)
    at performWorkOnRootViaSchedulerTask (http://localhost:3001/_next/static/chunks/f12ff_next_dist_compiled_react-dom_7b2f6d3d._.js:10230:9)
    at MessagePort.performWorkUntilDeadline (http://localhost:3001/_next/static/chunks/f12ff_next_dist_compiled_cd863794._.js:2647:64) @ http://localhost:3001/_next/static/chunks/f12ff_next_dist_95687940._.js:3132
[  836333ms] [ERROR] IntlError: MISSING_MESSAGE: Cannot read properties of undefined (reading 'split')
    at getFallbackFromErrorAndNotify (http://localhost:3001/_next/static/chunks/node_modules__pnpm_a92eadf3._.js:7251:23)
    at translateBaseFn (http://localhost:3001/_next/static/chunks/node_modules__pnpm_a92eadf3._.js:7281:28)
    at translateFn (http://localhost:3001/_next/static/chunks/node_modules__pnpm_a92eadf3._.js:7343:24)
    at labelFor (http://localhost:3001/_next/static/chunks/_af79dd3a._.js:633:30)
    at http://localhost:3001/_next/static/chunks/_af79dd3a._.js:142:34
    at Array.map (<anonymous>)
    at RegionChoropleth (http://localhost:3001/_next/static/chunks/_af79dd3a._.js:134:43)
    at Object.react_stack_bottom_frame (http://localhost:3001/_next/static/chunks/f12ff_next_dist_compiled_react-dom_7b2f6d3d._.js:14826:24)
    at renderWithHooks (http://localhost:3001/_next/static/chunks/f12ff_next_dist_compiled_react-dom_7b2f6d3d._.js:4651:24)
    at updateFunctionComponent (http://localhost:3001/_next/static/chunks/f12ff_next_dist_compiled_react-dom_7b2f6d3d._.js:6112:21)
    at beginWork (http://localhost:3001/_next/static/chunks/f12ff_next_dist_compiled_react-dom_7b2f6d3d._.js:6708:24)
    at runWithFiberInDEV (http://localhost:3001/_next/static/chunks/f12ff_next_dist_compiled_react-dom_7b2f6d3d._.js:965:74)
    at performUnitOfWork (http://localhost:3001/_next/static/chunks/f12ff_next_dist_compiled_react-dom_7b2f6d3d._.js:9562:97)
    at workLoopSync (http://localhost:3001/_next/static/chunks/f12ff_next_dist_compiled_react-dom_7b2f6d3d._.js:9456:40)
    at renderRootSync (http://localhost:3001/_next/static/chunks/f12ff_next_dist_compiled_react-dom_7b2f6d3d._.js:9440:13)
    at performWorkOnRoot (http://localhost:3001/_next/static/chunks/f12ff_next_dist_compiled_react-dom_7b2f6d3d._.js:9068:186)
    at performWorkOnRootViaSchedulerTask (http://localhost:3001/_next/static/chunks/f12ff_next_dist_compiled_react-dom_7b2f6d3d._.js:10230:9)
    at MessagePort.performWorkUntilDeadline (http://localhost:3001/_next/static/chunks/f12ff_next_dist_compiled_cd863794._.js:2647:64) @ http://localhost:3001/_next/static/chunks/f12ff_next_dist_95687940._.js:3132
[  836334ms] [ERROR] IntlError: MISSING_MESSAGE: Cannot read properties of undefined (reading 'split')
    at getFallbackFromErrorAndNotify (http://localhost:3001/_next/static/chunks/node_modules__pnpm_a92eadf3._.js:7251:23)
    at translateBaseFn (http://localhost:3001/_next/static/chunks/node_modules__pnpm_a92eadf3._.js:7281:28)
    at translateFn (http://localhost:3001/_next/static/chunks/node_modules__pnpm_a92eadf3._.js:7343:24)
    at labelFor (http://localhost:3001/_next/static/chunks/_af79dd3a._.js:633:30)
    at http://localhost:3001/_next/static/chunks/_af79dd3a._.js:142:34
    at Array.map (<anonymous>)
    at RegionChoropleth (http://localhost:3001/_next/static/chunks/_af79dd3a._.js:134:43)
    at Object.react_stack_bottom_frame (http://localhost:3001/_next/static/chunks/f12ff_next_dist_compiled_react-dom_7b2f6d3d._.js:14826:24)
    at renderWithHooks (http://localhost:3001/_next/static/chunks/f12ff_next_dist_compiled_react-dom_7b2f6d3d._.js:4651:24)
    at updateFunctionComponent (http://localhost:3001/_next/static/chunks/f12ff_next_dist_compiled_react-dom_7b2f6d3d._.js:6112:21)
    at beginWork (http://localhost:3001/_next/static/chunks/f12ff_next_dist_compiled_react-dom_7b2f6d3d._.js:6708:24)
    at runWithFiberInDEV (http://localhost:3001/_next/static/chunks/f12ff_next_dist_compiled_react-dom_7b2f6d3d._.js:965:74)
    at performUnitOfWork (http://localhost:3001/_next/static/chunks/f12ff_next_dist_compiled_react-dom_7b2f6d3d._.js:9562:97)
    at workLoopSync (http://localhost:3001/_next/static/chunks/f12ff_next_dist_compiled_react-dom_7b2f6d3d._.js:9456:40)
    at renderRootSync (http://localhost:3001/_next/static/chunks/f12ff_next_dist_compiled_react-dom_7b2f6d3d._.js:9440:13)
    at performWorkOnRoot (http://localhost:3001/_next/static/chunks/f12ff_next_dist_compiled_react-dom_7b2f6d3d._.js:9068:186)
    at performWorkOnRootViaSchedulerTask (http://localhost:3001/_next/static/chunks/f12ff_next_dist_compiled_react-dom_7b2f6d3d._.js:10230:9)
    at MessagePort.performWorkUntilDeadline (http://localhost:3001/_next/static/chunks/f12ff_next_dist_compiled_cd863794._.js:2647:64) @ http://localhost:3001/_next/static/chunks/f12ff_next_dist_95687940._.js:3132
[  836334ms] [ERROR] IntlError: MISSING_MESSAGE: Cannot read properties of undefined (reading 'split')
    at getFallbackFromErrorAndNotify (http://localhost:3001/_next/static/chunks/node_modules__pnpm_a92eadf3._.js:7251:23)
    at translateBaseFn (http://localhost:3001/_next/static/chunks/node_modules__pnpm_a92eadf3._.js:7281:28)
    at translateFn (http://localhost:3001/_next/static/chunks/node_modules__pnpm_a92eadf3._.js:7343:24)
    at labelFor (http://localhost:3001/_next/static/chunks/_af79dd3a._.js:633:30)
    at http://localhost:3001/_next/static/chunks/_af79dd3a._.js:142:34
    at Array.map (<anonymous>)
    at RegionChoropleth (http://localhost:3001/_next/static/chunks/_af79dd3a._.js:134:43)
    at Object.react_stack_bottom_frame (http://localhost:3001/_next/static/chunks/f12ff_next_dist_compiled_react-dom_7b2f6d3d._.js:14826:24)
    at renderWithHooks (http://localhost:3001/_next/static/chunks/f12ff_next_dist_compiled_react-dom_7b2f6d3d._.js:4651:24)
    at updateFunctionComponent (http://localhost:3001/_next/static/chunks/f12ff_next_dist_compiled_react-dom_7b2f6d3d._.js:6112:21)
    at beginWork (http://localhost:3001/_next/static/chunks/f12ff_next_dist_compiled_react-dom_7b2f6d3d._.js:6708:24)
    at runWithFiberInDEV (http://localhost:3001/_next/static/chunks/f12ff_next_dist_compiled_react-dom_7b2f6d3d._.js:965:74)
    at performUnitOfWork (http://localhost:3001/_next/static/chunks/f12ff_next_dist_compiled_react-dom_7b2f6d3d._.js:9562:97)
    at workLoopSync (http://localhost:3001/_next/static/chunks/f12ff_next_dist_compiled_react-dom_7b2f6d3d._.js:9456:40)
    at renderRootSync (http://localhost:3001/_next/static/chunks/f12ff_next_dist_compiled_react-dom_7b2f6d3d._.js:9440:13)
    at performWorkOnRoot (http://localhost:3001/_next/static/chunks/f12ff_next_dist_compiled_react-dom_7b2f6d3d._.js:9068:186)
    at performWorkOnRootViaSchedulerTask (http://localhost:3001/_next/static/chunks/f12ff_next_dist_compiled_react-dom_7b2f6d3d._.js:10230:9)
    at MessagePort.performWorkUntilDeadline (http://localhost:3001/_next/static/chunks/f12ff_next_dist_compiled_cd863794._.js:2647:64) @ http://localhost:3001/_next/static/chunks/f12ff_next_dist_95687940._.js:3132
[  836334ms] [ERROR] IntlError: MISSING_MESSAGE: Cannot read properties of undefined (reading 'split')
    at getFallbackFromErrorAndNotify (http://localhost:3001/_next/static/chunks/node_modules__pnpm_a92eadf3._.js:7251:23)
    at translateBaseFn (http://localhost:3001/_next/static/chunks/node_modules__pnpm_a92eadf3._.js:7281:28)
    at translateFn (http://localhost:3001/_next/static/chunks/node_modules__pnpm_a92eadf3._.js:7343:24)
    at labelFor (http://localhost:3001/_next/static/chunks/_af79dd3a._.js:633:30)
    at http://localhost:3001/_next/static/chunks/_af79dd3a._.js:142:34
    at Array.map (<anonymous>)
    at RegionChoropleth (http://localhost:3001/_next/static/chunks/_af79dd3a._.js:134:43)
    at Object.react_stack_bottom_frame (http://localhost:3001/_next/static/chunks/f12ff_next_dist_compiled_react-dom_7b2f6d3d._.js:14826:24)
    at renderWithHooks (http://localhost:3001/_next/static/chunks/f12ff_next_dist_compiled_react-dom_7b2f6d3d._.js:4651:24)
    at updateFunctionComponent (http://localhost:3001/_next/static/chunks/f12ff_next_dist_compiled_react-dom_7b2f6d3d._.js:6112:21)
    at beginWork (http://localhost:3001/_next/static/chunks/f12ff_next_dist_compiled_react-dom_7b2f6d3d._.js:6708:24)
    at runWithFiberInDEV (http://localhost:3001/_next/static/chunks/f12ff_next_dist_compiled_react-dom_7b2f6d3d._.js:965:74)
    at performUnitOfWork (http://localhost:3001/_next/static/chunks/f12ff_next_dist_compiled_react-dom_7b2f6d3d._.js:9562:97)
    at workLoopSync (http://localhost:3001/_next/static/chunks/f12ff_next_dist_compiled_react-dom_7b2f6d3d._.js:9456:40)
    at renderRootSync (http://localhost:3001/_next/static/chunks/f12ff_next_dist_compiled_react-dom_7b2f6d3d._.js:9440:13)
    at performWorkOnRoot (http://localhost:3001/_next/static/chunks/f12ff_next_dist_compiled_react-dom_7b2f6d3d._.js:9068:186)
    at performWorkOnRootViaSchedulerTask (http://localhost:3001/_next/static/chunks/f12ff_next_dist_compiled_react-dom_7b2f6d3d._.js:10230:9)
    at MessagePort.performWorkUntilDeadline (http://localhost:3001/_next/static/chunks/f12ff_next_dist_compiled_cd863794._.js:2647:64) @ http://localhost:3001/_next/static/chunks/f12ff_next_dist_95687940._.js:3132
[  836334ms] [ERROR] IntlError: MISSING_MESSAGE: Cannot read properties of undefined (reading 'split')
    at getFallbackFromErrorAndNotify (http://localhost:3001/_next/static/chunks/node_modules__pnpm_a92eadf3._.js:7251:23)
    at translateBaseFn (http://localhost:3001/_next/static/chunks/node_modules__pnpm_a92eadf3._.js:7281:28)
    at translateFn (http://localhost:3001/_next/static/chunks/node_modules__pnpm_a92eadf3._.js:7343:24)
    at labelFor (http://localhost:3001/_next/static/chunks/_af79dd3a._.js:633:30)
    at http://localhost:3001/_next/static/chunks/_af79dd3a._.js:142:34
    at Array.map (<anonymous>)
    at RegionChoropleth (http://localhost:3001/_next/static/chunks/_af79dd3a._.js:134:43)
    at Object.react_stack_bottom_frame (http://localhost:3001/_next/static/chunks/f12ff_next_dist_compiled_react-dom_7b2f6d3d._.js:14826:24)
    at renderWithHooksAgain (http://localhost:3001/_next/static/chunks/f12ff_next_dist_compiled_react-dom_7b2f6d3d._.js:4706:24)
    at renderWithHooks (http://localhost:3001/_next/static/chunks/f12ff_next_dist_compiled_react-dom_7b2f6d3d._.js:4657:28)
    at updateFunctionComponent (http://localhost:3001/_next/static/chunks/f12ff_next_dist_compiled_react-dom_7b2f6d3d._.js:6112:21)
    at beginWork (http://localhost:3001/_next/static/chunks/f12ff_next_dist_compiled_react-dom_7b2f6d3d._.js:6708:24)
    at runWithFiberInDEV (http://localhost:3001/_next/static/chunks/f12ff_next_dist_compiled_react-dom_7b2f6d3d._.js:965:74)
    at performUnitOfWork (http://localhost:3001/_next/static/chunks/f12ff_next_dist_compiled_react-dom_7b2f6d3d._.js:9562:97)
    at workLoopSync (http://localhost:3001/_next/static/chunks/f12ff_next_dist_compiled_react-dom_7b2f6d3d._.js:9456:40)
    at renderRootSync (http://localhost:3001/_next/static/chunks/f12ff_next_dist_compiled_react-dom_7b2f6d3d._.js:9440:13)
    at performWorkOnRoot (http://localhost:3001/_next/static/chunks/f12ff_next_dist_compiled_react-dom_7b2f6d3d._.js:9068:186)
    at performWorkOnRootViaSchedulerTask (http://localhost:3001/_next/static/chunks/f12ff_next_dist_compiled_react-dom_7b2f6d3d._.js:10230:9)
    at MessagePort.performWorkUntilDeadline (http://localhost:3001/_next/static/chunks/f12ff_next_dist_compiled_cd863794._.js:2647:64) @ http://localhost:3001/_next/static/chunks/f12ff_next_dist_95687940._.js:3132
[  836334ms] [ERROR] IntlError: MISSING_MESSAGE: Cannot read properties of undefined (reading 'split')
    at getFallbackFromErrorAndNotify (http://localhost:3001/_next/static/chunks/node_modules__pnpm_a92eadf3._.js:7251:23)
    at translateBaseFn (http://localhost:3001/_next/static/chunks/node_modules__pnpm_a92eadf3._.js:7281:28)
    at translateFn (http://localhost:3001/_next/static/chunks/node_modules__pnpm_a92eadf3._.js:7343:24)
    at labelFor (http://localhost:3001/_next/static/chunks/_af79dd3a._.js:633:30)
    at http://localhost:3001/_next/static/chunks/_af79dd3a._.js:142:34
    at Array.map (<anonymous>)
    at RegionChoropleth (http://localhost:3001/_next/static/chunks/_af79dd3a._.js:134:43)
    at Object.react_stack_bottom_frame (http://localhost:3001/_next/static/chunks/f12ff_next_dist_compiled_react-dom_7b2f6d3d._.js:14826:24)
    at renderWithHooksAgain (http://localhost:3001/_next/static/chunks/f12ff_next_dist_compiled_react-dom_7b2f6d3d._.js:4706:24)
    at renderWithHooks (http://localhost:3001/_next/static/chunks/f12ff_next_dist_compiled_react-dom_7b2f6d3d._.js:4657:28)
    at updateFunctionComponent (http://localhost:3001/_next/static/chunks/f12ff_next_dist_compiled_react-dom_7b2f6d3d._.js:6112:21)
    at beginWork (http://localhost:3001/_next/static/chunks/f12ff_next_dist_compiled_react-dom_7b2f6d3d._.js:6708:24)
    at runWithFiberInDEV (http://localhost:3001/_next/static/chunks/f12ff_next_dist_compiled_react-dom_7b2f6d3d._.js:965:74)
    at performUnitOfWork (http://localhost:3001/_next/static/chunks/f12ff_next_dist_compiled_react-dom_7b2f6d3d._.js:9562:97)
    at workLoopSync (http://localhost:3001/_next/static/chunks/f12ff_next_dist_compiled_react-dom_7b2f6d3d._.js:9456:40)
    at renderRootSync (http://localhost:3001/_next/static/chunks/f12ff_next_dist_compiled_react-dom_7b2f6d3d._.js:9440:13)
    at performWorkOnRoot (http://localhost:3001/_next/static/chunks/f12ff_next_dist_compiled_react-dom_7b2f6d3d._.js:9068:186)
    at performWorkOnRootViaSchedulerTask (http://localhost:3001/_next/static/chunks/f12ff_next_dist_compiled_react-dom_7b2f6d3d._.js:10230:9)
    at MessagePort.performWorkUntilDeadline (http://localhost:3001/_next/static/chunks/f12ff_next_dist_compiled_cd863794._.js:2647:64) @ http://localhost:3001/_next/static/chunks/f12ff_next_dist_95687940._.js:3132
[  836334ms] [ERROR] IntlError: MISSING_MESSAGE: Cannot read properties of undefined (reading 'split')
    at getFallbackFromErrorAndNotify (http://localhost:3001/_next/static/chunks/node_modules__pnpm_a92eadf3._.js:7251:23)
    at translateBaseFn (http://localhost:3001/_next/static/chunks/node_modules__pnpm_a92eadf3._.js:7281:28)
    at translateFn (http://localhost:3001/_next/static/chunks/node_modules__pnpm_a92eadf3._.js:7343:24)
    at labelFor (http://localhost:3001/_next/static/chunks/_af79dd3a._.js:633:30)
    at http://localhost:3001/_next/static/chunks/_af79dd3a._.js:142:34
    at Array.map (<anonymous>)
    at RegionChoropleth (http://localhost:3001/_next/static/chunks/_af79dd3a._.js:134:43)
    at Object.react_stack_bottom_frame (http://localhost:3001/_next/static/chunks/f12ff_next_dist_compiled_react-dom_7b2f6d3d._.js:14826:24)
    at renderWithHooksAgain (http://localhost:3001/_next/static/chunks/f12ff_next_dist_compiled_react-dom_7b2f6d3d._.js:4706:24)
    at renderWithHooks (http://localhost:3001/_next/static/chunks/f12ff_next_dist_compiled_react-dom_7b2f6d3d._.js:4657:28)
    at updateFunctionComponent (http://localhost:3001/_next/static/chunks/f12ff_next_dist_compiled_react-dom_7b2f6d3d._.js:6112:21)
    at beginWork (http://localhost:3001/_next/static/chunks/f12ff_next_dist_compiled_react-dom_7b2f6d3d._.js:6708:24)
    at runWithFiberInDEV (http://localhost:3001/_next/static/chunks/f12ff_next_dist_compiled_react-dom_7b2f6d3d._.js:965:74)
    at performUnitOfWork (http://localhost:3001/_next/static/chunks/f12ff_next_dist_compiled_react-dom_7b2f6d3d._.js:9562:97)
    at workLoopSync (http://localhost:3001/_next/static/chunks/f12ff_next_dist_compiled_react-dom_7b2f6d3d._.js:9456:40)
    at renderRootSync (http://localhost:3001/_next/static/chunks/f12ff_next_dist_compiled_react-dom_7b2f6d3d._.js:9440:13)
    at performWorkOnRoot (http://localhost:3001/_next/static/chunks/f12ff_next_dist_compiled_react-dom_7b2f6d3d._.js:9068:186)
    at performWorkOnRootViaSchedulerTask (http://localhost:3001/_next/static/chunks/f12ff_next_dist_compiled_react-dom_7b2f6d3d._.js:10230:9)
    at MessagePort.performWorkUntilDeadline (http://localhost:3001/_next/static/chunks/f12ff_next_dist_compiled_cd863794._.js:2647:64) @ http://localhost:3001/_next/static/chunks/f12ff_next_dist_95687940._.js:3132
[  836334ms] [ERROR] IntlError: MISSING_MESSAGE: Cannot read properties of undefined (reading 'split')
    at getFallbackFromErrorAndNotify (http://localhost:3001/_next/static/chunks/node_modules__pnpm_a92eadf3._.js:7251:23)
    at translateBaseFn (http://localhost:3001/_next/static/chunks/node_modules__pnpm_a92eadf3._.js:7281:28)
    at translateFn (http://localhost:3001/_next/static/chunks/node_modules__pnpm_a92eadf3._.js:7343:24)
    at labelFor (http://localhost:3001/_next/static/chunks/_af79dd3a._.js:633:30)
    at http://localhost:3001/_next/static/chunks/_af79dd3a._.js:142:34
    at Array.map (<anonymous>)
    at RegionChoropleth (http://localhost:3001/_next/static/chunks/_af79dd3a._.js:134:43)
    at Object.react_stack_bottom_frame (http://localhost:3001/_next/static/chunks/f12ff_next_dist_compiled_react-dom_7b2f6d3d._.js:14826:24)
    at renderWithHooksAgain (http://localhost:3001/_next/static/chunks/f12ff_next_dist_compiled_react-dom_7b2f6d3d._.js:4706:24)
    at renderWithHooks (http://localhost:3001/_next/static/chunks/f12ff_next_dist_compiled_react-dom_7b2f6d3d._.js:4657:28)
    at updateFunctionComponent (http://localhost:3001/_next/static/chunks/f12ff_next_dist_compiled_react-dom_7b2f6d3d._.js:6112:21)
    at beginWork (http://localhost:3001/_next/static/chunks/f12ff_next_dist_compiled_react-dom_7b2f6d3d._.js:6708:24)
    at runWithFiberInDEV (http://localhost:3001/_next/static/chunks/f12ff_next_dist_compiled_react-dom_7b2f6d3d._.js:965:74)
    at performUnitOfWork (http://localhost:3001/_next/static/chunks/f12ff_next_dist_compiled_react-dom_7b2f6d3d._.js:9562:97)
    at workLoopSync (http://localhost:3001/_next/static/chunks/f12ff_next_dist_compiled_react-dom_7b2f6d3d._.js:9456:40)
    at renderRootSync (http://localhost:3001/_next/static/chunks/f12ff_next_dist_compiled_react-dom_7b2f6d3d._.js:9440:13)
    at performWorkOnRoot (http://localhost:3001/_next/static/chunks/f12ff_next_dist_compiled_react-dom_7b2f6d3d._.js:9068:186)
    at performWorkOnRootViaSchedulerTask (http://localhost:3001/_next/static/chunks/f12ff_next_dist_compiled_react-dom_7b2f6d3d._.js:10230:9)
    at MessagePort.performWorkUntilDeadline (http://localhost:3001/_next/static/chunks/f12ff_next_dist_compiled_cd863794._.js:2647:64) @ http://localhost:3001/_next/static/chunks/f12ff_next_dist_95687940._.js:3132
[  836334ms] [ERROR] IntlError: MISSING_MESSAGE: Cannot read properties of undefined (reading 'split')
    at getFallbackFromErrorAndNotify (http://localhost:3001/_next/static/chunks/node_modules__pnpm_a92eadf3._.js:7251:23)
    at translateBaseFn (http://localhost:3001/_next/static/chunks/node_modules__pnpm_a92eadf3._.js:7281:28)
    at translateFn (http://localhost:3001/_next/static/chunks/node_modules__pnpm_a92eadf3._.js:7343:24)
    at labelFor (http://localhost:3001/_next/static/chunks/_af79dd3a._.js:633:30)
    at http://localhost:3001/_next/static/chunks/_af79dd3a._.js:142:34
    at Array.map (<anonymous>)
    at RegionChoropleth (http://localhost:3001/_next/static/chunks/_af79dd3a._.js:134:43)
    at Object.react_stack_bottom_frame (http://localhost:3001/_next/static/chunks/f12ff_next_dist_compiled_react-dom_7b2f6d3d._.js:14826:24)
    at renderWithHooksAgain (http://localhost:3001/_next/static/chunks/f12ff_next_dist_compiled_react-dom_7b2f6d3d._.js:4706:24)
    at renderWithHooks (http://localhost:3001/_next/static/chunks/f12ff_next_dist_compiled_react-dom_7b2f6d3d._.js:4657:28)
    at updateFunctionComponent (http://localhost:3001/_next/static/chunks/f12ff_next_dist_compiled_react-dom_7b2f6d3d._.js:6112:21)
    at beginWork (http://localhost:3001/_next/static/chunks/f12ff_next_dist_compiled_react-dom_7b2f6d3d._.js:6708:24)
    at runWithFiberInDEV (http://localhost:3001/_next/static/chunks/f12ff_next_dist_compiled_react-dom_7b2f6d3d._.js:965:74)
    at performUnitOfWork (http://localhost:3001/_next/static/chunks/f12ff_next_dist_compiled_react-dom_7b2f6d3d._.js:9562:97)
    at workLoopSync (http://localhost:3001/_next/static/chunks/f12ff_next_dist_compiled_react-dom_7b2f6d3d._.js:9456:40)
    at renderRootSync (http://localhost:3001/_next/static/chunks/f12ff_next_dist_compiled_react-dom_7b2f6d3d._.js:9440:13)
    at performWorkOnRoot (http://localhost:3001/_next/static/chunks/f12ff_next_dist_compiled_react-dom_7b2f6d3d._.js:9068:186)
    at performWorkOnRootViaSchedulerTask (http://localhost:3001/_next/static/chunks/f12ff_next_dist_compiled_react-dom_7b2f6d3d._.js:10230:9)
    at MessagePort.performWorkUntilDeadline (http://localhost:3001/_next/static/chunks/f12ff_next_dist_compiled_cd863794._.js:2647:64) @ http://localhost:3001/_next/static/chunks/f12ff_next_dist_95687940._.js:3132
[  836335ms] [ERROR] IntlError: MISSING_MESSAGE: Cannot read properties of undefined (reading 'split')
    at getFallbackFromErrorAndNotify (http://localhost:3001/_next/static/chunks/node_modules__pnpm_a92eadf3._.js:7251:23)
    at translateBaseFn (http://localhost:3001/_next/static/chunks/node_modules__pnpm_a92eadf3._.js:7281:28)
    at translateFn (http://localhost:3001/_next/static/chunks/node_modules__pnpm_a92eadf3._.js:7343:24)
    at labelFor (http://localhost:3001/_next/static/chunks/_af79dd3a._.js:633:30)
    at http://localhost:3001/_next/static/chunks/_af79dd3a._.js:142:34
    at Array.map (<anonymous>)
    at RegionChoropleth (http://localhost:3001/_next/static/chunks/_af79dd3a._.js:134:43)
    at Object.react_stack_bottom_frame (http://localhost:3001/_next/static/chunks/f12ff_next_dist_compiled_react-dom_7b2f6d3d._.js:14826:24)
    at renderWithHooksAgain (http://localhost:3001/_next/static/chunks/f12ff_next_dist_compiled_react-dom_7b2f6d3d._.js:4706:24)
    at renderWithHooks (http://localhost:3001/_next/static/chunks/f12ff_next_dist_compiled_react-dom_7b2f6d3d._.js:4657:28)
    at updateFunctionComponent (http://localhost:3001/_next/static/chunks/f12ff_next_dist_compiled_react-dom_7b2f6d3d._.js:6112:21)
    at beginWork (http://localhost:3001/_next/static/chunks/f12ff_next_dist_compiled_react-dom_7b2f6d3d._.js:6708:24)
    at runWithFiberInDEV (http://localhost:3001/_next/static/chunks/f12ff_next_dist_compiled_react-dom_7b2f6d3d._.js:965:74)
    at performUnitOfWork (http://localhost:3001/_next/static/chunks/f12ff_next_dist_compiled_react-dom_7b2f6d3d._.js:9562:97)
    at workLoopSync (http://localhost:3001/_next/static/chunks/f12ff_next_dist_compiled_react-dom_7b2f6d3d._.js:9456:40)
    at renderRootSync (http://localhost:3001/_next/static/chunks/f12ff_next_dist_compiled_react-dom_7b2f6d3d._.js:9440:13)
    at performWorkOnRoot (http://localhost:3001/_next/static/chunks/f12ff_next_dist_compiled_react-dom_7b2f6d3d._.js:9068:186)
    at performWorkOnRootViaSchedulerTask (http://localhost:3001/_next/static/chunks/f12ff_next_dist_compiled_react-dom_7b2f6d3d._.js:10230:9)
    at MessagePort.performWorkUntilDeadline (http://localhost:3001/_next/static/chunks/f12ff_next_dist_compiled_cd863794._.js:2647:64) @ http://localhost:3001/_next/static/chunks/f12ff_next_dist_95687940._.js:3132
[  836335ms] [ERROR] IntlError: MISSING_MESSAGE: Cannot read properties of undefined (reading 'split')
    at getFallbackFromErrorAndNotify (http://localhost:3001/_next/static/chunks/node_modules__pnpm_a92eadf3._.js:7251:23)
    at translateBaseFn (http://localhost:3001/_next/static/chunks/node_modules__pnpm_a92eadf3._.js:7281:28)
    at translateFn (http://localhost:3001/_next/static/chunks/node_modules__pnpm_a92eadf3._.js:7343:24)
    at labelFor (http://localhost:3001/_next/static/chunks/_af79dd3a._.js:633:30)
    at http://localhost:3001/_next/static/chunks/_af79dd3a._.js:142:34
    at Array.map (<anonymous>)
    at RegionChoropleth (http://localhost:3001/_next/static/chunks/_af79dd3a._.js:134:43)
    at Object.react_stack_bottom_frame (http://localhost:3001/_next/static/chunks/f12ff_next_dist_compiled_react-dom_7b2f6d3d._.js:14826:24)
    at renderWithHooksAgain (http://localhost:3001/_next/static/chunks/f12ff_next_dist_compiled_react-dom_7b2f6d3d._.js:4706:24)
    at renderWithHooks (http://localhost:3001/_next/static/chunks/f12ff_next_dist_compiled_react-dom_7b2f6d3d._.js:4657:28)
    at updateFunctionComponent (http://localhost:3001/_next/static/chunks/f12ff_next_dist_compiled_react-dom_7b2f6d3d._.js:6112:21)
    at beginWork (http://localhost:3001/_next/static/chunks/f12ff_next_dist_compiled_react-dom_7b2f6d3d._.js:6708:24)
    at runWithFiberInDEV (http://localhost:3001/_next/static/chunks/f12ff_next_dist_compiled_react-dom_7b2f6d3d._.js:965:74)
    at performUnitOfWork (http://localhost:3001/_next/static/chunks/f12ff_next_dist_compiled_react-dom_7b2f6d3d._.js:9562:97)
    at workLoopSync (http://localhost:3001/_next/static/chunks/f12ff_next_dist_compiled_react-dom_7b2f6d3d._.js:9456:40)
    at renderRootSync (http://localhost:3001/_next/static/chunks/f12ff_next_dist_compiled_react-dom_7b2f6d3d._.js:9440:13)
    at performWorkOnRoot (http://localhost:3001/_next/static/chunks/f12ff_next_dist_compiled_react-dom_7b2f6d3d._.js:9068:186)
    at performWorkOnRootViaSchedulerTask (http://localhost:3001/_next/static/chunks/f12ff_next_dist_compiled_react-dom_7b2f6d3d._.js:10230:9)
    at MessagePort.performWorkUntilDeadline (http://localhost:3001/_next/static/chunks/f12ff_next_dist_compiled_cd863794._.js:2647:64) @ http://localhost:3001/_next/static/chunks/f12ff_next_dist_95687940._.js:3132
[  836344ms] [ERROR] IntlError: MISSING_MESSAGE: Cannot read properties of undefined (reading 'split')
    at getFallbackFromErrorAndNotify (http://localhost:3001/_next/static/chunks/node_modules__pnpm_a92eadf3._.js:7251:23)
    at translateBaseFn (http://localhost:3001/_next/static/chunks/node_modules__pnpm_a92eadf3._.js:7281:28)
    at translateFn (http://localhost:3001/_next/static/chunks/node_modules__pnpm_a92eadf3._.js:7343:24)
    at labelFor (http://localhost:3001/_next/static/chunks/_af79dd3a._.js:633:30)
    at http://localhost:3001/_next/static/chunks/_af79dd3a._.js:142:34
    at Array.map (<anonymous>)
    at RegionChoropleth (http://localhost:3001/_next/static/chunks/_af79dd3a._.js:134:43)
    at Object.react_stack_bottom_frame (http://localhost:3001/_next/static/chunks/f12ff_next_dist_compiled_react-dom_7b2f6d3d._.js:14826:24)
    at renderWithHooks (http://localhost:3001/_next/static/chunks/f12ff_next_dist_compiled_react-dom_7b2f6d3d._.js:4651:24)
    at updateFunctionComponent (http://localhost:3001/_next/static/chunks/f12ff_next_dist_compiled_react-dom_7b2f6d3d._.js:6112:21)
    at beginWork (http://localhost:3001/_next/static/chunks/f12ff_next_dist_compiled_react-dom_7b2f6d3d._.js:6708:24)
    at runWithFiberInDEV (http://localhost:3001/_next/static/chunks/f12ff_next_dist_compiled_react-dom_7b2f6d3d._.js:965:74)
    at performUnitOfWork (http://localhost:3001/_next/static/chunks/f12ff_next_dist_compiled_react-dom_7b2f6d3d._.js:9562:97)
    at workLoopSync (http://localhost:3001/_next/static/chunks/f12ff_next_dist_compiled_react-dom_7b2f6d3d._.js:9456:40)
    at renderRootSync (http://localhost:3001/_next/static/chunks/f12ff_next_dist_compiled_react-dom_7b2f6d3d._.js:9440:13)
    at performWorkOnRoot (http://localhost:3001/_next/static/chunks/f12ff_next_dist_compiled_react-dom_7b2f6d3d._.js:9068:186)
    at performWorkOnRootViaSchedulerTask (http://localhost:3001/_next/static/chunks/f12ff_next_dist_compiled_react-dom_7b2f6d3d._.js:10230:9)
    at MessagePort.performWorkUntilDeadline (http://localhost:3001/_next/static/chunks/f12ff_next_dist_compiled_cd863794._.js:2647:64) @ http://localhost:3001/_next/static/chunks/f12ff_next_dist_95687940._.js:3132
[  836344ms] [ERROR] IntlError: MISSING_MESSAGE: Cannot read properties of undefined (reading 'split')
    at getFallbackFromErrorAndNotify (http://localhost:3001/_next/static/chunks/node_modules__pnpm_a92eadf3._.js:7251:23)
    at translateBaseFn (http://localhost:3001/_next/static/chunks/node_modules__pnpm_a92eadf3._.js:7281:28)
    at translateFn (http://localhost:3001/_next/static/chunks/node_modules__pnpm_a92eadf3._.js:7343:24)
    at labelFor (http://localhost:3001/_next/static/chunks/_af79dd3a._.js:633:30)
    at http://localhost:3001/_next/static/chunks/_af79dd3a._.js:142:34
    at Array.map (<anonymous>)
    at RegionChoropleth (http://localhost:3001/_next/static/chunks/_af79dd3a._.js:134:43)
    at Object.react_stack_bottom_frame (http://localhost:3001/_next/static/chunks/f12ff_next_dist_compiled_react-dom_7b2f6d3d._.js:14826:24)
    at renderWithHooks (http://localhost:3001/_next/static/chunks/f12ff_next_dist_compiled_react-dom_7b2f6d3d._.js:4651:24)
    at updateFunctionComponent (http://localhost:3001/_next/static/chunks/f12ff_next_dist_compiled_react-dom_7b2f6d3d._.js:6112:21)
    at beginWork (http://localhost:3001/_next/static/chunks/f12ff_next_dist_compiled_react-dom_7b2f6d3d._.js:6708:24)
    at runWithFiberInDEV (http://localhost:3001/_next/static/chunks/f12ff_next_dist_compiled_react-dom_7b2f6d3d._.js:965:74)
    at performUnitOfWork (http://localhost:3001/_next/static/chunks/f12ff_next_dist_compiled_react-dom_7b2f6d3d._.js:9562:97)
    at workLoopSync (http://localhost:3001/_next/static/chunks/f12ff_next_dist_compiled_react-dom_7b2f6d3d._.js:9456:40)
    at renderRootSync (http://localhost:3001/_next/static/chunks/f12ff_next_dist_compiled_react-dom_7b2f6d3d._.js:9440:13)
    at performWorkOnRoot (http://localhost:3001/_next/static/chunks/f12ff_next_dist_compiled_react-dom_7b2f6d3d._.js:9068:186)
    at performWorkOnRootViaSchedulerTask (http://localhost:3001/_next/static/chunks/f12ff_next_dist_compiled_react-dom_7b2f6d3d._.js:10230:9)
    at MessagePort.performWorkUntilDeadline (http://localhost:3001/_next/static/chunks/f12ff_next_dist_compiled_cd863794._.js:2647:64) @ http://localhost:3001/_next/static/chunks/f12ff_next_dist_95687940._.js:3132
[  836344ms] [ERROR] IntlError: MISSING_MESSAGE: Cannot read properties of undefined (reading 'split')
    at getFallbackFromErrorAndNotify (http://localhost:3001/_next/static/chunks/node_modules__pnpm_a92eadf3._.js:7251:23)
    at translateBaseFn (http://localhost:3001/_next/static/chunks/node_modules__pnpm_a92eadf3._.js:7281:28)
    at translateFn (http://localhost:3001/_next/static/chunks/node_modules__pnpm_a92eadf3._.js:7343:24)
    at labelFor (http://localhost:3001/_next/static/chunks/_af79dd3a._.js:633:30)
    at http://localhost:3001/_next/static/chunks/_af79dd3a._.js:142:34
    at Array.map (<anonymous>)
    at RegionChoropleth (http://localhost:3001/_next/static/chunks/_af79dd3a._.js:134:43)
    at Object.react_stack_bottom_frame (http://localhost:3001/_next/static/chunks/f12ff_next_dist_compiled_react-dom_7b2f6d3d._.js:14826:24)
    at renderWithHooks (http://localhost:3001/_next/static/chunks/f12ff_next_dist_compiled_react-dom_7b2f6d3d._.js:4651:24)
    at updateFunctionComponent (http://localhost:3001/_next/static/chunks/f12ff_next_dist_compiled_react-dom_7b2f6d3d._.js:6112:21)
    at beginWork (http://localhost:3001/_next/static/chunks/f12ff_next_dist_compiled_react-dom_7b2f6d3d._.js:6708:24)
    at runWithFiberInDEV (http://localhost:3001/_next/static/chunks/f12ff_next_dist_compiled_react-dom_7b2f6d3d._.js:965:74)
    at performUnitOfWork (http://localhost:3001/_next/static/chunks/f12ff_next_dist_compiled_react-dom_7b2f6d3d._.js:9562:97)
    at workLoopSync (http://localhost:3001/_next/static/chunks/f12ff_next_dist_compiled_react-dom_7b2f6d3d._.js:9456:40)
    at renderRootSync (http://localhost:3001/_next/static/chunks/f12ff_next_dist_compiled_react-dom_7b2f6d3d._.js:9440:13)
    at performWorkOnRoot (http://localhost:3001/_next/static/chunks/f12ff_next_dist_compiled_react-dom_7b2f6d3d._.js:9068:186)
    at performWorkOnRootViaSchedulerTask (http://localhost:3001/_next/static/chunks/f12ff_next_dist_compiled_react-dom_7b2f6d3d._.js:10230:9)
    at MessagePort.performWorkUntilDeadline (http://localhost:3001/_next/static/chunks/f12ff_next_dist_compiled_cd863794._.js:2647:64) @ http://localhost:3001/_next/static/chunks/f12ff_next_dist_95687940._.js:3132
[  836344ms] [ERROR] IntlError: MISSING_MESSAGE: Cannot read properties of undefined (reading 'split')
    at getFallbackFromErrorAndNotify (http://localhost:3001/_next/static/chunks/node_modules__pnpm_a92eadf3._.js:7251:23)
    at translateBaseFn (http://localhost:3001/_next/static/chunks/node_modules__pnpm_a92eadf3._.js:7281:28)
    at translateFn (http://localhost:3001/_next/static/chunks/node_modules__pnpm_a92eadf3._.js:7343:24)
    at labelFor (http://localhost:3001/_next/static/chunks/_af79dd3a._.js:633:30)
    at http://localhost:3001/_next/static/chunks/_af79dd3a._.js:142:34
    at Array.map (<anonymous>)
    at RegionChoropleth (http://localhost:3001/_next/static/chunks/_af79dd3a._.js:134:43)
    at Object.react_stack_bottom_frame (http://localhost:3001/_next/static/chunks/f12ff_next_dist_compiled_react-dom_7b2f6d3d._.js:14826:24)
    at renderWithHooks (http://localhost:3001/_next/static/chunks/f12ff_next_dist_compiled_react-dom_7b2f6d3d._.js:4651:24)
    at updateFunctionComponent (http://localhost:3001/_next/static/chunks/f12ff_next_dist_compiled_react-dom_7b2f6d3d._.js:6112:21)
    at beginWork (http://localhost:3001/_next/static/chunks/f12ff_next_dist_compiled_react-dom_7b2f6d3d._.js:6708:24)
    at runWithFiberInDEV (http://localhost:3001/_next/static/chunks/f12ff_next_dist_compiled_react-dom_7b2f6d3d._.js:965:74)
    at performUnitOfWork (http://localhost:3001/_next/static/chunks/f12ff_next_dist_compiled_react-dom_7b2f6d3d._.js:9562:97)
    at workLoopSync (http://localhost:3001/_next/static/chunks/f12ff_next_dist_compiled_react-dom_7b2f6d3d._.js:9456:40)
    at renderRootSync (http://localhost:3001/_next/static/chunks/f12ff_next_dist_compiled_react-dom_7b2f6d3d._.js:9440:13)
    at performWorkOnRoot (http://localhost:3001/_next/static/chunks/f12ff_next_dist_compiled_react-dom_7b2f6d3d._.js:9068:186)
    at performWorkOnRootViaSchedulerTask (http://localhost:3001/_next/static/chunks/f12ff_next_dist_compiled_react-dom_7b2f6d3d._.js:10230:9)
    at MessagePort.performWorkUntilDeadline (http://localhost:3001/_next/static/chunks/f12ff_next_dist_compiled_cd863794._.js:2647:64) @ http://localhost:3001/_next/static/chunks/f12ff_next_dist_95687940._.js:3132
[  836345ms] [ERROR] IntlError: MISSING_MESSAGE: Cannot read properties of undefined (reading 'split')
    at getFallbackFromErrorAndNotify (http://localhost:3001/_next/static/chunks/node_modules__pnpm_a92eadf3._.js:7251:23)
    at translateBaseFn (http://localhost:3001/_next/static/chunks/node_modules__pnpm_a92eadf3._.js:7281:28)
    at translateFn (http://localhost:3001/_next/static/chunks/node_modules__pnpm_a92eadf3._.js:7343:24)
    at labelFor (http://localhost:3001/_next/static/chunks/_af79dd3a._.js:633:30)
    at http://localhost:3001/_next/static/chunks/_af79dd3a._.js:142:34
    at Array.map (<anonymous>)
    at RegionChoropleth (http://localhost:3001/_next/static/chunks/_af79dd3a._.js:134:43)
    at Object.react_stack_bottom_frame (http://localhost:3001/_next/static/chunks/f12ff_next_dist_compiled_react-dom_7b2f6d3d._.js:14826:24)
    at renderWithHooks (http://localhost:3001/_next/static/chunks/f12ff_next_dist_compiled_react-dom_7b2f6d3d._.js:4651:24)
    at updateFunctionComponent (http://localhost:3001/_next/static/chunks/f12ff_next_dist_compiled_react-dom_7b2f6d3d._.js:6112:21)
    at beginWork (http://localhost:3001/_next/static/chunks/f12ff_next_dist_compiled_react-dom_7b2f6d3d._.js:6708:24)
    at runWithFiberInDEV (http://localhost:3001/_next/static/chunks/f12ff_next_dist_compiled_react-dom_7b2f6d3d._.js:965:74)
    at performUnitOfWork (http://localhost:3001/_next/static/chunks/f12ff_next_dist_compiled_react-dom_7b2f6d3d._.js:9562:97)
    at workLoopSync (http://localhost:3001/_next/static/chunks/f12ff_next_dist_compiled_react-dom_7b2f6d3d._.js:9456:40)
    at renderRootSync (http://localhost:3001/_next/static/chunks/f12ff_next_dist_compiled_react-dom_7b2f6d3d._.js:9440:13)
    at performWorkOnRoot (http://localhost:3001/_next/static/chunks/f12ff_next_dist_compiled_react-dom_7b2f6d3d._.js:9068:186)
    at performWorkOnRootViaSchedulerTask (http://localhost:3001/_next/static/chunks/f12ff_next_dist_compiled_react-dom_7b2f6d3d._.js:10230:9)
    at MessagePort.performWorkUntilDeadline (http://localhost:3001/_next/static/chunks/f12ff_next_dist_compiled_cd863794._.js:2647:64) @ http://localhost:3001/_next/static/chunks/f12ff_next_dist_95687940._.js:3132
[  836346ms] [ERROR] IntlError: MISSING_MESSAGE: Cannot read properties of undefined (reading 'split')
    at getFallbackFromErrorAndNotify (http://localhost:3001/_next/static/chunks/node_modules__pnpm_a92eadf3._.js:7251:23)
    at translateBaseFn (http://localhost:3001/_next/static/chunks/node_modules__pnpm_a92eadf3._.js:7281:28)
    at translateFn (http://localhost:3001/_next/static/chunks/node_modules__pnpm_a92eadf3._.js:7343:24)
    at labelFor (http://localhost:3001/_next/static/chunks/_af79dd3a._.js:633:30)
    at http://localhost:3001/_next/static/chunks/_af79dd3a._.js:142:34
    at Array.map (<anonymous>)
    at RegionChoropleth (http://localhost:3001/_next/static/chunks/_af79dd3a._.js:134:43)
    at Object.react_stack_bottom_frame (http://localhost:3001/_next/static/chunks/f12ff_next_dist_compiled_react-dom_7b2f6d3d._.js:14826:24)
    at renderWithHooks (http://localhost:3001/_next/static/chunks/f12ff_next_dist_compiled_react-dom_7b2f6d3d._.js:4651:24)
    at updateFunctionComponent (http://localhost:3001/_next/static/chunks/f12ff_next_dist_compiled_react-dom_7b2f6d3d._.js:6112:21)
    at beginWork (http://localhost:3001/_next/static/chunks/f12ff_next_dist_compiled_react-dom_7b2f6d3d._.js:6708:24)
    at runWithFiberInDEV (http://localhost:3001/_next/static/chunks/f12ff_next_dist_compiled_react-dom_7b2f6d3d._.js:965:74)
    at performUnitOfWork (http://localhost:3001/_next/static/chunks/f12ff_next_dist_compiled_react-dom_7b2f6d3d._.js:9562:97)
    at workLoopSync (http://localhost:3001/_next/static/chunks/f12ff_next_dist_compiled_react-dom_7b2f6d3d._.js:9456:40)
    at renderRootSync (http://localhost:3001/_next/static/chunks/f12ff_next_dist_compiled_react-dom_7b2f6d3d._.js:9440:13)
    at performWorkOnRoot (http://localhost:3001/_next/static/chunks/f12ff_next_dist_compiled_react-dom_7b2f6d3d._.js:9068:186)
    at performWorkOnRootViaSchedulerTask (http://localhost:3001/_next/static/chunks/f12ff_next_dist_compiled_react-dom_7b2f6d3d._.js:10230:9)
    at MessagePort.performWorkUntilDeadline (http://localhost:3001/_next/static/chunks/f12ff_next_dist_compiled_cd863794._.js:2647:64) @ http://localhost:3001/_next/static/chunks/f12ff_next_dist_95687940._.js:3132
[  836346ms] [ERROR] IntlError: MISSING_MESSAGE: Cannot read properties of undefined (reading 'split')
    at getFallbackFromErrorAndNotify (http://localhost:3001/_next/static/chunks/node_modules__pnpm_a92eadf3._.js:7251:23)
    at translateBaseFn (http://localhost:3001/_next/static/chunks/node_modules__pnpm_a92eadf3._.js:7281:28)
    at translateFn (http://localhost:3001/_next/static/chunks/node_modules__pnpm_a92eadf3._.js:7343:24)
    at labelFor (http://localhost:3001/_next/static/chunks/_af79dd3a._.js:633:30)
    at http://localhost:3001/_next/static/chunks/_af79dd3a._.js:142:34
    at Array.map (<anonymous>)
    at RegionChoropleth (http://localhost:3001/_next/static/chunks/_af79dd3a._.js:134:43)
    at Object.react_stack_bottom_frame (http://localhost:3001/_next/static/chunks/f12ff_next_dist_compiled_react-dom_7b2f6d3d._.js:14826:24)
    at renderWithHooks (http://localhost:3001/_next/static/chunks/f12ff_next_dist_compiled_react-dom_7b2f6d3d._.js:4651:24)
    at updateFunctionComponent (http://localhost:3001/_next/static/chunks/f12ff_next_dist_compiled_react-dom_7b2f6d3d._.js:6112:21)
    at beginWork (http://localhost:3001/_next/static/chunks/f12ff_next_dist_compiled_react-dom_7b2f6d3d._.js:6708:24)
    at runWithFiberInDEV (http://localhost:3001/_next/static/chunks/f12ff_next_dist_compiled_react-dom_7b2f6d3d._.js:965:74)
    at performUnitOfWork (http://localhost:3001/_next/static/chunks/f12ff_next_dist_compiled_react-dom_7b2f6d3d._.js:9562:97)
    at workLoopSync (http://localhost:3001/_next/static/chunks/f12ff_next_dist_compiled_react-dom_7b2f6d3d._.js:9456:40)
    at renderRootSync (http://localhost:3001/_next/static/chunks/f12ff_next_dist_compiled_react-dom_7b2f6d3d._.js:9440:13)
    at performWorkOnRoot (http://localhost:3001/_next/static/chunks/f12ff_next_dist_compiled_react-dom_7b2f6d3d._.js:9068:186)
    at performWorkOnRootViaSchedulerTask (http://localhost:3001/_next/static/chunks/f12ff_next_dist_compiled_react-dom_7b2f6d3d._.js:10230:9)
    at MessagePort.performWorkUntilDeadline (http://localhost:3001/_next/static/chunks/f12ff_next_dist_compiled_cd863794._.js:2647:64) @ http://localhost:3001/_next/static/chunks/f12ff_next_dist_95687940._.js:3132
[  836346ms] [ERROR] IntlError: MISSING_MESSAGE: Cannot read properties of undefined (reading 'split')
    at getFallbackFromErrorAndNotify (http://localhost:3001/_next/static/chunks/node_modules__pnpm_a92eadf3._.js:7251:23)
    at translateBaseFn (http://localhost:3001/_next/static/chunks/node_modules__pnpm_a92eadf3._.js:7281:28)
    at translateFn (http://localhost:3001/_next/static/chunks/node_modules__pnpm_a92eadf3._.js:7343:24)
    at labelFor (http://localhost:3001/_next/static/chunks/_af79dd3a._.js:633:30)
    at http://localhost:3001/_next/static/chunks/_af79dd3a._.js:142:34
    at Array.map (<anonymous>)
    at RegionChoropleth (http://localhost:3001/_next/static/chunks/_af79dd3a._.js:134:43)
    at Object.react_stack_bottom_frame (http://localhost:3001/_next/static/chunks/f12ff_next_dist_compiled_react-dom_7b2f6d3d._.js:14826:24)
    at renderWithHooksAgain (http://localhost:3001/_next/static/chunks/f12ff_next_dist_compiled_react-dom_7b2f6d3d._.js:4706:24)
    at renderWithHooks (http://localhost:3001/_next/static/chunks/f12ff_next_dist_compiled_react-dom_7b2f6d3d._.js:4657:28)
    at updateFunctionComponent (http://localhost:3001/_next/static/chunks/f12ff_next_dist_compiled_react-dom_7b2f6d3d._.js:6112:21)
    at beginWork (http://localhost:3001/_next/static/chunks/f12ff_next_dist_compiled_react-dom_7b2f6d3d._.js:6708:24)
    at runWithFiberInDEV (http://localhost:3001/_next/static/chunks/f12ff_next_dist_compiled_react-dom_7b2f6d3d._.js:965:74)
    at performUnitOfWork (http://localhost:3001/_next/static/chunks/f12ff_next_dist_compiled_react-dom_7b2f6d3d._.js:9562:97)
    at workLoopSync (http://localhost:3001/_next/static/chunks/f12ff_next_dist_compiled_react-dom_7b2f6d3d._.js:9456:40)
    at renderRootSync (http://localhost:3001/_next/static/chunks/f12ff_next_dist_compiled_react-dom_7b2f6d3d._.js:9440:13)
    at performWorkOnRoot (http://localhost:3001/_next/static/chunks/f12ff_next_dist_compiled_react-dom_7b2f6d3d._.js:9068:186)
    at performWorkOnRootViaSchedulerTask (http://localhost:3001/_next/static/chunks/f12ff_next_dist_compiled_react-dom_7b2f6d3d._.js:10230:9)
    at MessagePort.performWorkUntilDeadline (http://localhost:3001/_next/static/chunks/f12ff_next_dist_compiled_cd863794._.js:2647:64) @ http://localhost:3001/_next/static/chunks/f12ff_next_dist_95687940._.js:3132
[  836346ms] [ERROR] IntlError: MISSING_MESSAGE: Cannot read properties of undefined (reading 'split')
    at getFallbackFromErrorAndNotify (http://localhost:3001/_next/static/chunks/node_modules__pnpm_a92eadf3._.js:7251:23)
    at translateBaseFn (http://localhost:3001/_next/static/chunks/node_modules__pnpm_a92eadf3._.js:7281:28)
    at translateFn (http://localhost:3001/_next/static/chunks/node_modules__pnpm_a92eadf3._.js:7343:24)
    at labelFor (http://localhost:3001/_next/static/chunks/_af79dd3a._.js:633:30)
    at http://localhost:3001/_next/static/chunks/_af79dd3a._.js:142:34
    at Array.map (<anonymous>)
    at RegionChoropleth (http://localhost:3001/_next/static/chunks/_af79dd3a._.js:134:43)
    at Object.react_stack_bottom_frame (http://localhost:3001/_next/static/chunks/f12ff_next_dist_compiled_react-dom_7b2f6d3d._.js:14826:24)
    at renderWithHooksAgain (http://localhost:3001/_next/static/chunks/f12ff_next_dist_compiled_react-dom_7b2f6d3d._.js:4706:24)
    at renderWithHooks (http://localhost:3001/_next/static/chunks/f12ff_next_dist_compiled_react-dom_7b2f6d3d._.js:4657:28)
    at updateFunctionComponent (http://localhost:3001/_next/static/chunks/f12ff_next_dist_compiled_react-dom_7b2f6d3d._.js:6112:21)
    at beginWork (http://localhost:3001/_next/static/chunks/f12ff_next_dist_compiled_react-dom_7b2f6d3d._.js:6708:24)
    at runWithFiberInDEV (http://localhost:3001/_next/static/chunks/f12ff_next_dist_compiled_react-dom_7b2f6d3d._.js:965:74)
    at performUnitOfWork (http://localhost:3001/_next/static/chunks/f12ff_next_dist_compiled_react-dom_7b2f6d3d._.js:9562:97)
    at workLoopSync (http://localhost:3001/_next/static/chunks/f12ff_next_dist_compiled_react-dom_7b2f6d3d._.js:9456:40)
    at renderRootSync (http://localhost:3001/_next/static/chunks/f12ff_next_dist_compiled_react-dom_7b2f6d3d._.js:9440:13)
    at performWorkOnRoot (http://localhost:3001/_next/static/chunks/f12ff_next_dist_compiled_react-dom_7b2f6d3d._.js:9068:186)
    at performWorkOnRootViaSchedulerTask (http://localhost:3001/_next/static/chunks/f12ff_next_dist_compiled_react-dom_7b2f6d3d._.js:10230:9)
    at MessagePort.performWorkUntilDeadline (http://localhost:3001/_next/static/chunks/f12ff_next_dist_compiled_cd863794._.js:2647:64) @ http://localhost:3001/_next/static/chunks/f12ff_next_dist_95687940._.js:3132
[  836346ms] [ERROR] IntlError: MISSING_MESSAGE: Cannot read properties of undefined (reading 'split')
    at getFallbackFromErrorAndNotify (http://localhost:3001/_next/static/chunks/node_modules__pnpm_a92eadf3._.js:7251:23)
    at translateBaseFn (http://localhost:3001/_next/static/chunks/node_modules__pnpm_a92eadf3._.js:7281:28)
    at translateFn (http://localhost:3001/_next/static/chunks/node_modules__pnpm_a92eadf3._.js:7343:24)
    at labelFor (http://localhost:3001/_next/static/chunks/_af79dd3a._.js:633:30)
    at http://localhost:3001/_next/static/chunks/_af79dd3a._.js:142:34
    at Array.map (<anonymous>)
    at RegionChoropleth (http://localhost:3001/_next/static/chunks/_af79dd3a._.js:134:43)
    at Object.react_stack_bottom_frame (http://localhost:3001/_next/static/chunks/f12ff_next_dist_compiled_react-dom_7b2f6d3d._.js:14826:24)
    at renderWithHooksAgain (http://localhost:3001/_next/static/chunks/f12ff_next_dist_compiled_react-dom_7b2f6d3d._.js:4706:24)
    at renderWithHooks (http://localhost:3001/_next/static/chunks/f12ff_next_dist_compiled_react-dom_7b2f6d3d._.js:4657:28)
    at updateFunctionComponent (http://localhost:3001/_next/static/chunks/f12ff_next_dist_compiled_react-dom_7b2f6d3d._.js:6112:21)
    at beginWork (http://localhost:3001/_next/static/chunks/f12ff_next_dist_compiled_react-dom_7b2f6d3d._.js:6708:24)
    at runWithFiberInDEV (http://localhost:3001/_next/static/chunks/f12ff_next_dist_compiled_react-dom_7b2f6d3d._.js:965:74)
    at performUnitOfWork (http://localhost:3001/_next/static/chunks/f12ff_next_dist_compiled_react-dom_7b2f6d3d._.js:9562:97)
    at workLoopSync (http://localhost:3001/_next/static/chunks/f12ff_next_dist_compiled_react-dom_7b2f6d3d._.js:9456:40)
    at renderRootSync (http://localhost:3001/_next/static/chunks/f12ff_next_dist_compiled_react-dom_7b2f6d3d._.js:9440:13)
    at performWorkOnRoot (http://localhost:3001/_next/static/chunks/f12ff_next_dist_compiled_react-dom_7b2f6d3d._.js:9068:186)
    at performWorkOnRootViaSchedulerTask (http://localhost:3001/_next/static/chunks/f12ff_next_dist_compiled_react-dom_7b2f6d3d._.js:10230:9)
    at MessagePort.performWorkUntilDeadline (http://localhost:3001/_next/static/chunks/f12ff_next_dist_compiled_cd863794._.js:2647:64) @ http://localhost:3001/_next/static/chunks/f12ff_next_dist_95687940._.js:3132
[  836346ms] [ERROR] IntlError: MISSING_MESSAGE: Cannot read properties of undefined (reading 'split')
    at getFallbackFromErrorAndNotify (http://localhost:3001/_next/static/chunks/node_modules__pnpm_a92eadf3._.js:7251:23)
    at translateBaseFn (http://localhost:3001/_next/static/chunks/node_modules__pnpm_a92eadf3._.js:7281:28)
    at translateFn (http://localhost:3001/_next/static/chunks/node_modules__pnpm_a92eadf3._.js:7343:24)
    at labelFor (http://localhost:3001/_next/static/chunks/_af79dd3a._.js:633:30)
    at http://localhost:3001/_next/static/chunks/_af79dd3a._.js:142:34
    at Array.map (<anonymous>)
    at RegionChoropleth (http://localhost:3001/_next/static/chunks/_af79dd3a._.js:134:43)
    at Object.react_stack_bottom_frame (http://localhost:3001/_next/static/chunks/f12ff_next_dist_compiled_react-dom_7b2f6d3d._.js:14826:24)
    at renderWithHooksAgain (http://localhost:3001/_next/static/chunks/f12ff_next_dist_compiled_react-dom_7b2f6d3d._.js:4706:24)
    at renderWithHooks (http://localhost:3001/_next/static/chunks/f12ff_next_dist_compiled_react-dom_7b2f6d3d._.js:4657:28)
    at updateFunctionComponent (http://localhost:3001/_next/static/chunks/f12ff_next_dist_compiled_react-dom_7b2f6d3d._.js:6112:21)
    at beginWork (http://localhost:3001/_next/static/chunks/f12ff_next_dist_compiled_react-dom_7b2f6d3d._.js:6708:24)
    at runWithFiberInDEV (http://localhost:3001/_next/static/chunks/f12ff_next_dist_compiled_react-dom_7b2f6d3d._.js:965:74)
    at performUnitOfWork (http://localhost:3001/_next/static/chunks/f12ff_next_dist_compiled_react-dom_7b2f6d3d._.js:9562:97)
    at workLoopSync (http://localhost:3001/_next/static/chunks/f12ff_next_dist_compiled_react-dom_7b2f6d3d._.js:9456:40)
    at renderRootSync (http://localhost:3001/_next/static/chunks/f12ff_next_dist_compiled_react-dom_7b2f6d3d._.js:9440:13)
    at performWorkOnRoot (http://localhost:3001/_next/static/chunks/f12ff_next_dist_compiled_react-dom_7b2f6d3d._.js:9068:186)
    at performWorkOnRootViaSchedulerTask (http://localhost:3001/_next/static/chunks/f12ff_next_dist_compiled_react-dom_7b2f6d3d._.js:10230:9)
    at MessagePort.performWorkUntilDeadline (http://localhost:3001/_next/static/chunks/f12ff_next_dist_compiled_cd863794._.js:2647:64) @ http://localhost:3001/_next/static/chunks/f12ff_next_dist_95687940._.js:3132
[  836346ms] [ERROR] IntlError: MISSING_MESSAGE: Cannot read properties of undefined (reading 'split')
    at getFallbackFromErrorAndNotify (http://localhost:3001/_next/static/chunks/node_modules__pnpm_a92eadf3._.js:7251:23)
    at translateBaseFn (http://localhost:3001/_next/static/chunks/node_modules__pnpm_a92eadf3._.js:7281:28)
    at translateFn (http://localhost:3001/_next/static/chunks/node_modules__pnpm_a92eadf3._.js:7343:24)
    at labelFor (http://localhost:3001/_next/static/chunks/_af79dd3a._.js:633:30)
    at http://localhost:3001/_next/static/chunks/_af79dd3a._.js:142:34
    at Array.map (<anonymous>)
    at RegionChoropleth (http://localhost:3001/_next/static/chunks/_af79dd3a._.js:134:43)
    at Object.react_stack_bottom_frame (http://localhost:3001/_next/static/chunks/f12ff_next_dist_compiled_react-dom_7b2f6d3d._.js:14826:24)
    at renderWithHooksAgain (http://localhost:3001/_next/static/chunks/f12ff_next_dist_compiled_react-dom_7b2f6d3d._.js:4706:24)
    at renderWithHooks (http://localhost:3001/_next/static/chunks/f12ff_next_dist_compiled_react-dom_7b2f6d3d._.js:4657:28)
    at updateFunctionComponent (http://localhost:3001/_next/static/chunks/f12ff_next_dist_compiled_react-dom_7b2f6d3d._.js:6112:21)
    at beginWork (http://localhost:3001/_next/static/chunks/f12ff_next_dist_compiled_react-dom_7b2f6d3d._.js:6708:24)
    at runWithFiberInDEV (http://localhost:3001/_next/static/chunks/f12ff_next_dist_compiled_react-dom_7b2f6d3d._.js:965:74)
    at performUnitOfWork (http://localhost:3001/_next/static/chunks/f12ff_next_dist_compiled_react-dom_7b2f6d3d._.js:9562:97)
    at workLoopSync (http://localhost:3001/_next/static/chunks/f12ff_next_dist_compiled_react-dom_7b2f6d3d._.js:9456:40)
    at renderRootSync (http://localhost:3001/_next/static/chunks/f12ff_next_dist_compiled_react-dom_7b2f6d3d._.js:9440:13)
    at performWorkOnRoot (http://localhost:3001/_next/static/chunks/f12ff_next_dist_compiled_react-dom_7b2f6d3d._.js:9068:186)
    at performWorkOnRootViaSchedulerTask (http://localhost:3001/_next/static/chunks/f12ff_next_dist_compiled_react-dom_7b2f6d3d._.js:10230:9)
    at MessagePort.performWorkUntilDeadline (http://localhost:3001/_next/static/chunks/f12ff_next_dist_compiled_cd863794._.js:2647:64) @ http://localhost:3001/_next/static/chunks/f12ff_next_dist_95687940._.js:3132
[  836347ms] [ERROR] IntlError: MISSING_MESSAGE: Cannot read properties of undefined (reading 'split')
    at getFallbackFromErrorAndNotify (http://localhost:3001/_next/static/chunks/node_modules__pnpm_a92eadf3._.js:7251:23)
    at translateBaseFn (http://localhost:3001/_next/static/chunks/node_modules__pnpm_a92eadf3._.js:7281:28)
    at translateFn (http://localhost:3001/_next/static/chunks/node_modules__pnpm_a92eadf3._.js:7343:24)
    at labelFor (http://localhost:3001/_next/static/chunks/_af79dd3a._.js:633:30)
    at http://localhost:3001/_next/static/chunks/_af79dd3a._.js:142:34
    at Array.map (<anonymous>)
    at RegionChoropleth (http://localhost:3001/_next/static/chunks/_af79dd3a._.js:134:43)
    at Object.react_stack_bottom_frame (http://localhost:3001/_next/static/chunks/f12ff_next_dist_compiled_react-dom_7b2f6d3d._.js:14826:24)
    at renderWithHooksAgain (http://localhost:3001/_next/static/chunks/f12ff_next_dist_compiled_react-dom_7b2f6d3d._.js:4706:24)
    at renderWithHooks (http://localhost:3001/_next/static/chunks/f12ff_next_dist_compiled_react-dom_7b2f6d3d._.js:4657:28)
    at updateFunctionComponent (http://localhost:3001/_next/static/chunks/f12ff_next_dist_compiled_react-dom_7b2f6d3d._.js:6112:21)
    at beginWork (http://localhost:3001/_next/static/chunks/f12ff_next_dist_compiled_react-dom_7b2f6d3d._.js:6708:24)
    at runWithFiberInDEV (http://localhost:3001/_next/static/chunks/f12ff_next_dist_compiled_react-dom_7b2f6d3d._.js:965:74)
    at performUnitOfWork (http://localhost:3001/_next/static/chunks/f12ff_next_dist_compiled_react-dom_7b2f6d3d._.js:9562:97)
    at workLoopSync (http://localhost:3001/_next/static/chunks/f12ff_next_dist_compiled_react-dom_7b2f6d3d._.js:9456:40)
    at renderRootSync (http://localhost:3001/_next/static/chunks/f12ff_next_dist_compiled_react-dom_7b2f6d3d._.js:9440:13)
    at performWorkOnRoot (http://localhost:3001/_next/static/chunks/f12ff_next_dist_compiled_react-dom_7b2f6d3d._.js:9068:186)
    at performWorkOnRootViaSchedulerTask (http://localhost:3001/_next/static/chunks/f12ff_next_dist_compiled_react-dom_7b2f6d3d._.js:10230:9)
    at MessagePort.performWorkUntilDeadline (http://localhost:3001/_next/static/chunks/f12ff_next_dist_compiled_cd863794._.js:2647:64) @ http://localhost:3001/_next/static/chunks/f12ff_next_dist_95687940._.js:3132
[  836347ms] [ERROR] IntlError: MISSING_MESSAGE: Cannot read properties of undefined (reading 'split')
    at getFallbackFromErrorAndNotify (http://localhost:3001/_next/static/chunks/node_modules__pnpm_a92eadf3._.js:7251:23)
    at translateBaseFn (http://localhost:3001/_next/static/chunks/node_modules__pnpm_a92eadf3._.js:7281:28)
    at translateFn (http://localhost:3001/_next/static/chunks/node_modules__pnpm_a92eadf3._.js:7343:24)
    at labelFor (http://localhost:3001/_next/static/chunks/_af79dd3a._.js:633:30)
    at http://localhost:3001/_next/static/chunks/_af79dd3a._.js:142:34
    at Array.map (<anonymous>)
    at RegionChoropleth (http://localhost:3001/_next/static/chunks/_af79dd3a._.js:134:43)
    at Object.react_stack_bottom_frame (http://localhost:3001/_next/static/chunks/f12ff_next_dist_compiled_react-dom_7b2f6d3d._.js:14826:24)
    at renderWithHooksAgain (http://localhost:3001/_next/static/chunks/f12ff_next_dist_compiled_react-dom_7b2f6d3d._.js:4706:24)
    at renderWithHooks (http://localhost:3001/_next/static/chunks/f12ff_next_dist_compiled_react-dom_7b2f6d3d._.js:4657:28)
    at updateFunctionComponent (http://localhost:3001/_next/static/chunks/f12ff_next_dist_compiled_react-dom_7b2f6d3d._.js:6112:21)
    at beginWork (http://localhost:3001/_next/static/chunks/f12ff_next_dist_compiled_react-dom_7b2f6d3d._.js:6708:24)
    at runWithFiberInDEV (http://localhost:3001/_next/static/chunks/f12ff_next_dist_compiled_react-dom_7b2f6d3d._.js:965:74)
    at performUnitOfWork (http://localhost:3001/_next/static/chunks/f12ff_next_dist_compiled_react-dom_7b2f6d3d._.js:9562:97)
    at workLoopSync (http://localhost:3001/_next/static/chunks/f12ff_next_dist_compiled_react-dom_7b2f6d3d._.js:9456:40)
    at renderRootSync (http://localhost:3001/_next/static/chunks/f12ff_next_dist_compiled_react-dom_7b2f6d3d._.js:9440:13)
    at performWorkOnRoot (http://localhost:3001/_next/static/chunks/f12ff_next_dist_compiled_react-dom_7b2f6d3d._.js:9068:186)
    at performWorkOnRootViaSchedulerTask (http://localhost:3001/_next/static/chunks/f12ff_next_dist_compiled_react-dom_7b2f6d3d._.js:10230:9)
    at MessagePort.performWorkUntilDeadline (http://localhost:3001/_next/static/chunks/f12ff_next_dist_compiled_cd863794._.js:2647:64) @ http://localhost:3001/_next/static/chunks/f12ff_next_dist_95687940._.js:3132
[  836573ms] [ERROR] IntlError: MISSING_MESSAGE: Cannot read properties of undefined (reading 'split')
    at getFallbackFromErrorAndNotify (http://localhost:3001/_next/static/chunks/node_modules__pnpm_a92eadf3._.js:7251:23)
    at translateBaseFn (http://localhost:3001/_next/static/chunks/node_modules__pnpm_a92eadf3._.js:7281:28)
    at translateFn (http://localhost:3001/_next/static/chunks/node_modules__pnpm_a92eadf3._.js:7343:24)
    at labelFor (http://localhost:3001/_next/static/chunks/_af79dd3a._.js:633:30)
    at http://localhost:3001/_next/static/chunks/_af79dd3a._.js:142:34
    at Array.map (<anonymous>)
    at RegionChoropleth (http://localhost:3001/_next/static/chunks/_af79dd3a._.js:134:43)
    at Object.react_stack_bottom_frame (http://localhost:3001/_next/static/chunks/f12ff_next_dist_compiled_react-dom_7b2f6d3d._.js:14826:24)
    at renderWithHooks (http://localhost:3001/_next/static/chunks/f12ff_next_dist_compiled_react-dom_7b2f6d3d._.js:4651:24)
    at updateFunctionComponent (http://localhost:3001/_next/static/chunks/f12ff_next_dist_compiled_react-dom_7b2f6d3d._.js:6112:21)
    at beginWork (http://localhost:3001/_next/static/chunks/f12ff_next_dist_compiled_react-dom_7b2f6d3d._.js:6708:24)
    at runWithFiberInDEV (http://localhost:3001/_next/static/chunks/f12ff_next_dist_compiled_react-dom_7b2f6d3d._.js:965:74)
    at performUnitOfWork (http://localhost:3001/_next/static/chunks/f12ff_next_dist_compiled_react-dom_7b2f6d3d._.js:9562:97)
    at workLoopSync (http://localhost:3001/_next/static/chunks/f12ff_next_dist_compiled_react-dom_7b2f6d3d._.js:9456:40)
    at renderRootSync (http://localhost:3001/_next/static/chunks/f12ff_next_dist_compiled_react-dom_7b2f6d3d._.js:9440:13)
    at performWorkOnRoot (http://localhost:3001/_next/static/chunks/f12ff_next_dist_compiled_react-dom_7b2f6d3d._.js:9068:186)
    at performWorkOnRootViaSchedulerTask (http://localhost:3001/_next/static/chunks/f12ff_next_dist_compiled_react-dom_7b2f6d3d._.js:10230:9)
    at MessagePort.performWorkUntilDeadline (http://localhost:3001/_next/static/chunks/f12ff_next_dist_compiled_cd863794._.js:2647:64) @ http://localhost:3001/_next/static/chunks/f12ff_next_dist_95687940._.js:3132
[  836574ms] [ERROR] IntlError: MISSING_MESSAGE: Cannot read properties of undefined (reading 'split')
    at getFallbackFromErrorAndNotify (http://localhost:3001/_next/static/chunks/node_modules__pnpm_a92eadf3._.js:7251:23)
    at translateBaseFn (http://localhost:3001/_next/static/chunks/node_modules__pnpm_a92eadf3._.js:7281:28)
    at translateFn (http://localhost:3001/_next/static/chunks/node_modules__pnpm_a92eadf3._.js:7343:24)
    at labelFor (http://localhost:3001/_next/static/chunks/_af79dd3a._.js:633:30)
    at http://localhost:3001/_next/static/chunks/_af79dd3a._.js:142:34
    at Array.map (<anonymous>)
    at RegionChoropleth (http://localhost:3001/_next/static/chunks/_af79dd3a._.js:134:43)
    at Object.react_stack_bottom_frame (http://localhost:3001/_next/static/chunks/f12ff_next_dist_compiled_react-dom_7b2f6d3d._.js:14826:24)
    at renderWithHooks (http://localhost:3001/_next/static/chunks/f12ff_next_dist_compiled_react-dom_7b2f6d3d._.js:4651:24)
    at updateFunctionComponent (http://localhost:3001/_next/static/chunks/f12ff_next_dist_compiled_react-dom_7b2f6d3d._.js:6112:21)
    at beginWork (http://localhost:3001/_next/static/chunks/f12ff_next_dist_compiled_react-dom_7b2f6d3d._.js:6708:24)
    at runWithFiberInDEV (http://localhost:3001/_next/static/chunks/f12ff_next_dist_compiled_react-dom_7b2f6d3d._.js:965:74)
    at performUnitOfWork (http://localhost:3001/_next/static/chunks/f12ff_next_dist_compiled_react-dom_7b2f6d3d._.js:9562:97)
    at workLoopSync (http://localhost:3001/_next/static/chunks/f12ff_next_dist_compiled_react-dom_7b2f6d3d._.js:9456:40)
    at renderRootSync (http://localhost:3001/_next/static/chunks/f12ff_next_dist_compiled_react-dom_7b2f6d3d._.js:9440:13)
    at performWorkOnRoot (http://localhost:3001/_next/static/chunks/f12ff_next_dist_compiled_react-dom_7b2f6d3d._.js:9068:186)
    at performWorkOnRootViaSchedulerTask (http://localhost:3001/_next/static/chunks/f12ff_next_dist_compiled_react-dom_7b2f6d3d._.js:10230:9)
    at MessagePort.performWorkUntilDeadline (http://localhost:3001/_next/static/chunks/f12ff_next_dist_compiled_cd863794._.js:2647:64) @ http://localhost:3001/_next/static/chunks/f12ff_next_dist_95687940._.js:3132
[  836574ms] [ERROR] IntlError: MISSING_MESSAGE: Cannot read properties of undefined (reading 'split')
    at getFallbackFromErrorAndNotify (http://localhost:3001/_next/static/chunks/node_modules__pnpm_a92eadf3._.js:7251:23)
    at translateBaseFn (http://localhost:3001/_next/static/chunks/node_modules__pnpm_a92eadf3._.js:7281:28)
    at translateFn (http://localhost:3001/_next/static/chunks/node_modules__pnpm_a92eadf3._.js:7343:24)
    at labelFor (http://localhost:3001/_next/static/chunks/_af79dd3a._.js:633:30)
    at http://localhost:3001/_next/static/chunks/_af79dd3a._.js:142:34
    at Array.map (<anonymous>)
    at RegionChoropleth (http://localhost:3001/_next/static/chunks/_af79dd3a._.js:134:43)
    at Object.react_stack_bottom_frame (http://localhost:3001/_next/static/chunks/f12ff_next_dist_compiled_react-dom_7b2f6d3d._.js:14826:24)
    at renderWithHooks (http://localhost:3001/_next/static/chunks/f12ff_next_dist_compiled_react-dom_7b2f6d3d._.js:4651:24)
    at updateFunctionComponent (http://localhost:3001/_next/static/chunks/f12ff_next_dist_compiled_react-dom_7b2f6d3d._.js:6112:21)
    at beginWork (http://localhost:3001/_next/static/chunks/f12ff_next_dist_compiled_react-dom_7b2f6d3d._.js:6708:24)
    at runWithFiberInDEV (http://localhost:3001/_next/static/chunks/f12ff_next_dist_compiled_react-dom_7b2f6d3d._.js:965:74)
    at performUnitOfWork (http://localhost:3001/_next/static/chunks/f12ff_next_dist_compiled_react-dom_7b2f6d3d._.js:9562:97)
    at workLoopSync (http://localhost:3001/_next/static/chunks/f12ff_next_dist_compiled_react-dom_7b2f6d3d._.js:9456:40)
    at renderRootSync (http://localhost:3001/_next/static/chunks/f12ff_next_dist_compiled_react-dom_7b2f6d3d._.js:9440:13)
    at performWorkOnRoot (http://localhost:3001/_next/static/chunks/f12ff_next_dist_compiled_react-dom_7b2f6d3d._.js:9068:186)
    at performWorkOnRootViaSchedulerTask (http://localhost:3001/_next/static/chunks/f12ff_next_dist_compiled_react-dom_7b2f6d3d._.js:10230:9)
    at MessagePort.performWorkUntilDeadline (http://localhost:3001/_next/static/chunks/f12ff_next_dist_compiled_cd863794._.js:2647:64) @ http://localhost:3001/_next/static/chunks/f12ff_next_dist_95687940._.js:3132
[  836574ms] [ERROR] IntlError: MISSING_MESSAGE: Cannot read properties of undefined (reading 'split')
    at getFallbackFromErrorAndNotify (http://localhost:3001/_next/static/chunks/node_modules__pnpm_a92eadf3._.js:7251:23)
    at translateBaseFn (http://localhost:3001/_next/static/chunks/node_modules__pnpm_a92eadf3._.js:7281:28)
    at translateFn (http://localhost:3001/_next/static/chunks/node_modules__pnpm_a92eadf3._.js:7343:24)
    at labelFor (http://localhost:3001/_next/static/chunks/_af79dd3a._.js:633:30)
    at http://localhost:3001/_next/static/chunks/_af79dd3a._.js:142:34
    at Array.map (<anonymous>)
    at RegionChoropleth (http://localhost:3001/_next/static/chunks/_af79dd3a._.js:134:43)
    at Object.react_stack_bottom_frame (http://localhost:3001/_next/static/chunks/f12ff_next_dist_compiled_react-dom_7b2f6d3d._.js:14826:24)
    at renderWithHooks (http://localhost:3001/_next/static/chunks/f12ff_next_dist_compiled_react-dom_7b2f6d3d._.js:4651:24)
    at updateFunctionComponent (http://localhost:3001/_next/static/chunks/f12ff_next_dist_compiled_react-dom_7b2f6d3d._.js:6112:21)
    at beginWork (http://localhost:3001/_next/static/chunks/f12ff_next_dist_compiled_react-dom_7b2f6d3d._.js:6708:24)
    at runWithFiberInDEV (http://localhost:3001/_next/static/chunks/f12ff_next_dist_compiled_react-dom_7b2f6d3d._.js:965:74)
    at performUnitOfWork (http://localhost:3001/_next/static/chunks/f12ff_next_dist_compiled_react-dom_7b2f6d3d._.js:9562:97)
    at workLoopSync (http://localhost:3001/_next/static/chunks/f12ff_next_dist_compiled_react-dom_7b2f6d3d._.js:9456:40)
    at renderRootSync (http://localhost:3001/_next/static/chunks/f12ff_next_dist_compiled_react-dom_7b2f6d3d._.js:9440:13)
    at performWorkOnRoot (http://localhost:3001/_next/static/chunks/f12ff_next_dist_compiled_react-dom_7b2f6d3d._.js:9068:186)
    at performWorkOnRootViaSchedulerTask (http://localhost:3001/_next/static/chunks/f12ff_next_dist_compiled_react-dom_7b2f6d3d._.js:10230:9)
    at MessagePort.performWorkUntilDeadline (http://localhost:3001/_next/static/chunks/f12ff_next_dist_compiled_cd863794._.js:2647:64) @ http://localhost:3001/_next/static/chunks/f12ff_next_dist_95687940._.js:3132
[  836574ms] [ERROR] IntlError: MISSING_MESSAGE: Cannot read properties of undefined (reading 'split')
    at getFallbackFromErrorAndNotify (http://localhost:3001/_next/static/chunks/node_modules__pnpm_a92eadf3._.js:7251:23)
    at translateBaseFn (http://localhost:3001/_next/static/chunks/node_modules__pnpm_a92eadf3._.js:7281:28)
    at translateFn (http://localhost:3001/_next/static/chunks/node_modules__pnpm_a92eadf3._.js:7343:24)
    at labelFor (http://localhost:3001/_next/static/chunks/_af79dd3a._.js:633:30)
    at http://localhost:3001/_next/static/chunks/_af79dd3a._.js:142:34
    at Array.map (<anonymous>)
    at RegionChoropleth (http://localhost:3001/_next/static/chunks/_af79dd3a._.js:134:43)
    at Object.react_stack_bottom_frame (http://localhost:3001/_next/static/chunks/f12ff_next_dist_compiled_react-dom_7b2f6d3d._.js:14826:24)
    at renderWithHooks (http://localhost:3001/_next/static/chunks/f12ff_next_dist_compiled_react-dom_7b2f6d3d._.js:4651:24)
    at updateFunctionComponent (http://localhost:3001/_next/static/chunks/f12ff_next_dist_compiled_react-dom_7b2f6d3d._.js:6112:21)
    at beginWork (http://localhost:3001/_next/static/chunks/f12ff_next_dist_compiled_react-dom_7b2f6d3d._.js:6708:24)
    at runWithFiberInDEV (http://localhost:3001/_next/static/chunks/f12ff_next_dist_compiled_react-dom_7b2f6d3d._.js:965:74)
    at performUnitOfWork (http://localhost:3001/_next/static/chunks/f12ff_next_dist_compiled_react-dom_7b2f6d3d._.js:9562:97)
    at workLoopSync (http://localhost:3001/_next/static/chunks/f12ff_next_dist_compiled_react-dom_7b2f6d3d._.js:9456:40)
    at renderRootSync (http://localhost:3001/_next/static/chunks/f12ff_next_dist_compiled_react-dom_7b2f6d3d._.js:9440:13)
    at performWorkOnRoot (http://localhost:3001/_next/static/chunks/f12ff_next_dist_compiled_react-dom_7b2f6d3d._.js:9068:186)
    at performWorkOnRootViaSchedulerTask (http://localhost:3001/_next/static/chunks/f12ff_next_dist_compiled_react-dom_7b2f6d3d._.js:10230:9)
    at MessagePort.performWorkUntilDeadline (http://localhost:3001/_next/static/chunks/f12ff_next_dist_compiled_cd863794._.js:2647:64) @ http://localhost:3001/_next/static/chunks/f12ff_next_dist_95687940._.js:3132
[  836574ms] [ERROR] IntlError: MISSING_MESSAGE: Cannot read properties of undefined (reading 'split')
    at getFallbackFromErrorAndNotify (http://localhost:3001/_next/static/chunks/node_modules__pnpm_a92eadf3._.js:7251:23)
    at translateBaseFn (http://localhost:3001/_next/static/chunks/node_modules__pnpm_a92eadf3._.js:7281:28)
    at translateFn (http://localhost:3001/_next/static/chunks/node_modules__pnpm_a92eadf3._.js:7343:24)
    at labelFor (http://localhost:3001/_next/static/chunks/_af79dd3a._.js:633:30)
    at http://localhost:3001/_next/static/chunks/_af79dd3a._.js:142:34
    at Array.map (<anonymous>)
    at RegionChoropleth (http://localhost:3001/_next/static/chunks/_af79dd3a._.js:134:43)
    at Object.react_stack_bottom_frame (http://localhost:3001/_next/static/chunks/f12ff_next_dist_compiled_react-dom_7b2f6d3d._.js:14826:24)
    at renderWithHooks (http://localhost:3001/_next/static/chunks/f12ff_next_dist_compiled_react-dom_7b2f6d3d._.js:4651:24)
    at updateFunctionComponent (http://localhost:3001/_next/static/chunks/f12ff_next_dist_compiled_react-dom_7b2f6d3d._.js:6112:21)
    at beginWork (http://localhost:3001/_next/static/chunks/f12ff_next_dist_compiled_react-dom_7b2f6d3d._.js:6708:24)
    at runWithFiberInDEV (http://localhost:3001/_next/static/chunks/f12ff_next_dist_compiled_react-dom_7b2f6d3d._.js:965:74)
    at performUnitOfWork (http://localhost:3001/_next/static/chunks/f12ff_next_dist_compiled_react-dom_7b2f6d3d._.js:9562:97)
    at workLoopSync (http://localhost:3001/_next/static/chunks/f12ff_next_dist_compiled_react-dom_7b2f6d3d._.js:9456:40)
    at renderRootSync (http://localhost:3001/_next/static/chunks/f12ff_next_dist_compiled_react-dom_7b2f6d3d._.js:9440:13)
    at performWorkOnRoot (http://localhost:3001/_next/static/chunks/f12ff_next_dist_compiled_react-dom_7b2f6d3d._.js:9068:186)
    at performWorkOnRootViaSchedulerTask (http://localhost:3001/_next/static/chunks/f12ff_next_dist_compiled_react-dom_7b2f6d3d._.js:10230:9)
    at MessagePort.performWorkUntilDeadline (http://localhost:3001/_next/static/chunks/f12ff_next_dist_compiled_cd863794._.js:2647:64) @ http://localhost:3001/_next/static/chunks/f12ff_next_dist_95687940._.js:3132
[  836575ms] [ERROR] IntlError: MISSING_MESSAGE: Cannot read properties of undefined (reading 'split')
    at getFallbackFromErrorAndNotify (http://localhost:3001/_next/static/chunks/node_modules__pnpm_a92eadf3._.js:7251:23)
    at translateBaseFn (http://localhost:3001/_next/static/chunks/node_modules__pnpm_a92eadf3._.js:7281:28)
    at translateFn (http://localhost:3001/_next/static/chunks/node_modules__pnpm_a92eadf3._.js:7343:24)
    at labelFor (http://localhost:3001/_next/static/chunks/_af79dd3a._.js:633:30)
    at http://localhost:3001/_next/static/chunks/_af79dd3a._.js:142:34
    at Array.map (<anonymous>)
    at RegionChoropleth (http://localhost:3001/_next/static/chunks/_af79dd3a._.js:134:43)
    at Object.react_stack_bottom_frame (http://localhost:3001/_next/static/chunks/f12ff_next_dist_compiled_react-dom_7b2f6d3d._.js:14826:24)
    at renderWithHooks (http://localhost:3001/_next/static/chunks/f12ff_next_dist_compiled_react-dom_7b2f6d3d._.js:4651:24)
    at updateFunctionComponent (http://localhost:3001/_next/static/chunks/f12ff_next_dist_compiled_react-dom_7b2f6d3d._.js:6112:21)
    at beginWork (http://localhost:3001/_next/static/chunks/f12ff_next_dist_compiled_react-dom_7b2f6d3d._.js:6708:24)
    at runWithFiberInDEV (http://localhost:3001/_next/static/chunks/f12ff_next_dist_compiled_react-dom_7b2f6d3d._.js:965:74)
    at performUnitOfWork (http://localhost:3001/_next/static/chunks/f12ff_next_dist_compiled_react-dom_7b2f6d3d._.js:9562:97)
    at workLoopSync (http://localhost:3001/_next/static/chunks/f12ff_next_dist_compiled_react-dom_7b2f6d3d._.js:9456:40)
    at renderRootSync (http://localhost:3001/_next/static/chunks/f12ff_next_dist_compiled_react-dom_7b2f6d3d._.js:9440:13)
    at performWorkOnRoot (http://localhost:3001/_next/static/chunks/f12ff_next_dist_compiled_react-dom_7b2f6d3d._.js:9068:186)
    at performWorkOnRootViaSchedulerTask (http://localhost:3001/_next/static/chunks/f12ff_next_dist_compiled_react-dom_7b2f6d3d._.js:10230:9)
    at MessagePort.performWorkUntilDeadline (http://localhost:3001/_next/static/chunks/f12ff_next_dist_compiled_cd863794._.js:2647:64) @ http://localhost:3001/_next/static/chunks/f12ff_next_dist_95687940._.js:3132
[  836575ms] [ERROR] IntlError: MISSING_MESSAGE: Cannot read properties of undefined (reading 'split')
    at getFallbackFromErrorAndNotify (http://localhost:3001/_next/static/chunks/node_modules__pnpm_a92eadf3._.js:7251:23)
    at translateBaseFn (http://localhost:3001/_next/static/chunks/node_modules__pnpm_a92eadf3._.js:7281:28)
    at translateFn (http://localhost:3001/_next/static/chunks/node_modules__pnpm_a92eadf3._.js:7343:24)
    at labelFor (http://localhost:3001/_next/static/chunks/_af79dd3a._.js:633:30)
    at http://localhost:3001/_next/static/chunks/_af79dd3a._.js:142:34
    at Array.map (<anonymous>)
    at RegionChoropleth (http://localhost:3001/_next/static/chunks/_af79dd3a._.js:134:43)
    at Object.react_stack_bottom_frame (http://localhost:3001/_next/static/chunks/f12ff_next_dist_compiled_react-dom_7b2f6d3d._.js:14826:24)
    at renderWithHooksAgain (http://localhost:3001/_next/static/chunks/f12ff_next_dist_compiled_react-dom_7b2f6d3d._.js:4706:24)
    at renderWithHooks (http://localhost:3001/_next/static/chunks/f12ff_next_dist_compiled_react-dom_7b2f6d3d._.js:4657:28)
    at updateFunctionComponent (http://localhost:3001/_next/static/chunks/f12ff_next_dist_compiled_react-dom_7b2f6d3d._.js:6112:21)
    at beginWork (http://localhost:3001/_next/static/chunks/f12ff_next_dist_compiled_react-dom_7b2f6d3d._.js:6708:24)
    at runWithFiberInDEV (http://localhost:3001/_next/static/chunks/f12ff_next_dist_compiled_react-dom_7b2f6d3d._.js:965:74)
    at performUnitOfWork (http://localhost:3001/_next/static/chunks/f12ff_next_dist_compiled_react-dom_7b2f6d3d._.js:9562:97)
    at workLoopSync (http://localhost:3001/_next/static/chunks/f12ff_next_dist_compiled_react-dom_7b2f6d3d._.js:9456:40)
    at renderRootSync (http://localhost:3001/_next/static/chunks/f12ff_next_dist_compiled_react-dom_7b2f6d3d._.js:9440:13)
    at performWorkOnRoot (http://localhost:3001/_next/static/chunks/f12ff_next_dist_compiled_react-dom_7b2f6d3d._.js:9068:186)
    at performWorkOnRootViaSchedulerTask (http://localhost:3001/_next/static/chunks/f12ff_next_dist_compiled_react-dom_7b2f6d3d._.js:10230:9)
    at MessagePort.performWorkUntilDeadline (http://localhost:3001/_next/static/chunks/f12ff_next_dist_compiled_cd863794._.js:2647:64) @ http://localhost:3001/_next/static/chunks/f12ff_next_dist_95687940._.js:3132
[  836576ms] [ERROR] IntlError: MISSING_MESSAGE: Cannot read properties of undefined (reading 'split')
    at getFallbackFromErrorAndNotify (http://localhost:3001/_next/static/chunks/node_modules__pnpm_a92eadf3._.js:7251:23)
    at translateBaseFn (http://localhost:3001/_next/static/chunks/node_modules__pnpm_a92eadf3._.js:7281:28)
    at translateFn (http://localhost:3001/_next/static/chunks/node_modules__pnpm_a92eadf3._.js:7343:24)
    at labelFor (http://localhost:3001/_next/static/chunks/_af79dd3a._.js:633:30)
    at http://localhost:3001/_next/static/chunks/_af79dd3a._.js:142:34
    at Array.map (<anonymous>)
    at RegionChoropleth (http://localhost:3001/_next/static/chunks/_af79dd3a._.js:134:43)
    at Object.react_stack_bottom_frame (http://localhost:3001/_next/static/chunks/f12ff_next_dist_compiled_react-dom_7b2f6d3d._.js:14826:24)
    at renderWithHooksAgain (http://localhost:3001/_next/static/chunks/f12ff_next_dist_compiled_react-dom_7b2f6d3d._.js:4706:24)
    at renderWithHooks (http://localhost:3001/_next/static/chunks/f12ff_next_dist_compiled_react-dom_7b2f6d3d._.js:4657:28)
    at updateFunctionComponent (http://localhost:3001/_next/static/chunks/f12ff_next_dist_compiled_react-dom_7b2f6d3d._.js:6112:21)
    at beginWork (http://localhost:3001/_next/static/chunks/f12ff_next_dist_compiled_react-dom_7b2f6d3d._.js:6708:24)
    at runWithFiberInDEV (http://localhost:3001/_next/static/chunks/f12ff_next_dist_compiled_react-dom_7b2f6d3d._.js:965:74)
    at performUnitOfWork (http://localhost:3001/_next/static/chunks/f12ff_next_dist_compiled_react-dom_7b2f6d3d._.js:9562:97)
    at workLoopSync (http://localhost:3001/_next/static/chunks/f12ff_next_dist_compiled_react-dom_7b2f6d3d._.js:9456:40)
    at renderRootSync (http://localhost:3001/_next/static/chunks/f12ff_next_dist_compiled_react-dom_7b2f6d3d._.js:9440:13)
    at performWorkOnRoot (http://localhost:3001/_next/static/chunks/f12ff_next_dist_compiled_react-dom_7b2f6d3d._.js:9068:186)
    at performWorkOnRootViaSchedulerTask (http://localhost:3001/_next/static/chunks/f12ff_next_dist_compiled_react-dom_7b2f6d3d._.js:10230:9)
    at MessagePort.performWorkUntilDeadline (http://localhost:3001/_next/static/chunks/f12ff_next_dist_compiled_cd863794._.js:2647:64) @ http://localhost:3001/_next/static/chunks/f12ff_next_dist_95687940._.js:3132
[  836576ms] [ERROR] IntlError: MISSING_MESSAGE: Cannot read properties of undefined (reading 'split')
    at getFallbackFromErrorAndNotify (http://localhost:3001/_next/static/chunks/node_modules__pnpm_a92eadf3._.js:7251:23)
    at translateBaseFn (http://localhost:3001/_next/static/chunks/node_modules__pnpm_a92eadf3._.js:7281:28)
    at translateFn (http://localhost:3001/_next/static/chunks/node_modules__pnpm_a92eadf3._.js:7343:24)
    at labelFor (http://localhost:3001/_next/static/chunks/_af79dd3a._.js:633:30)
    at http://localhost:3001/_next/static/chunks/_af79dd3a._.js:142:34
    at Array.map (<anonymous>)
    at RegionChoropleth (http://localhost:3001/_next/static/chunks/_af79dd3a._.js:134:43)
    at Object.react_stack_bottom_frame (http://localhost:3001/_next/static/chunks/f12ff_next_dist_compiled_react-dom_7b2f6d3d._.js:14826:24)
    at renderWithHooksAgain (http://localhost:3001/_next/static/chunks/f12ff_next_dist_compiled_react-dom_7b2f6d3d._.js:4706:24)
    at renderWithHooks (http://localhost:3001/_next/static/chunks/f12ff_next_dist_compiled_react-dom_7b2f6d3d._.js:4657:28)
    at updateFunctionComponent (http://localhost:3001/_next/static/chunks/f12ff_next_dist_compiled_react-dom_7b2f6d3d._.js:6112:21)
    at beginWork (http://localhost:3001/_next/static/chunks/f12ff_next_dist_compiled_react-dom_7b2f6d3d._.js:6708:24)
    at runWithFiberInDEV (http://localhost:3001/_next/static/chunks/f12ff_next_dist_compiled_react-dom_7b2f6d3d._.js:965:74)
    at performUnitOfWork (http://localhost:3001/_next/static/chunks/f12ff_next_dist_compiled_react-dom_7b2f6d3d._.js:9562:97)
    at workLoopSync (http://localhost:3001/_next/static/chunks/f12ff_next_dist_compiled_react-dom_7b2f6d3d._.js:9456:40)
    at renderRootSync (http://localhost:3001/_next/static/chunks/f12ff_next_dist_compiled_react-dom_7b2f6d3d._.js:9440:13)
    at performWorkOnRoot (http://localhost:3001/_next/static/chunks/f12ff_next_dist_compiled_react-dom_7b2f6d3d._.js:9068:186)
    at performWorkOnRootViaSchedulerTask (http://localhost:3001/_next/static/chunks/f12ff_next_dist_compiled_react-dom_7b2f6d3d._.js:10230:9)
    at MessagePort.performWorkUntilDeadline (http://localhost:3001/_next/static/chunks/f12ff_next_dist_compiled_cd863794._.js:2647:64) @ http://localhost:3001/_next/static/chunks/f12ff_next_dist_95687940._.js:3132
[  836576ms] [ERROR] IntlError: MISSING_MESSAGE: Cannot read properties of undefined (reading 'split')
    at getFallbackFromErrorAndNotify (http://localhost:3001/_next/static/chunks/node_modules__pnpm_a92eadf3._.js:7251:23)
    at translateBaseFn (http://localhost:3001/_next/static/chunks/node_modules__pnpm_a92eadf3._.js:7281:28)
    at translateFn (http://localhost:3001/_next/static/chunks/node_modules__pnpm_a92eadf3._.js:7343:24)
    at labelFor (http://localhost:3001/_next/static/chunks/_af79dd3a._.js:633:30)
    at http://localhost:3001/_next/static/chunks/_af79dd3a._.js:142:34
    at Array.map (<anonymous>)
    at RegionChoropleth (http://localhost:3001/_next/static/chunks/_af79dd3a._.js:134:43)
    at Object.react_stack_bottom_frame (http://localhost:3001/_next/static/chunks/f12ff_next_dist_compiled_react-dom_7b2f6d3d._.js:14826:24)
    at renderWithHooksAgain (http://localhost:3001/_next/static/chunks/f12ff_next_dist_compiled_react-dom_7b2f6d3d._.js:4706:24)
    at renderWithHooks (http://localhost:3001/_next/static/chunks/f12ff_next_dist_compiled_react-dom_7b2f6d3d._.js:4657:28)
    at updateFunctionComponent (http://localhost:3001/_next/static/chunks/f12ff_next_dist_compiled_react-dom_7b2f6d3d._.js:6112:21)
    at beginWork (http://localhost:3001/_next/static/chunks/f12ff_next_dist_compiled_react-dom_7b2f6d3d._.js:6708:24)
    at runWithFiberInDEV (http://localhost:3001/_next/static/chunks/f12ff_next_dist_compiled_react-dom_7b2f6d3d._.js:965:74)
    at performUnitOfWork (http://localhost:3001/_next/static/chunks/f12ff_next_dist_compiled_react-dom_7b2f6d3d._.js:9562:97)
    at workLoopSync (http://localhost:3001/_next/static/chunks/f12ff_next_dist_compiled_react-dom_7b2f6d3d._.js:9456:40)
    at renderRootSync (http://localhost:3001/_next/static/chunks/f12ff_next_dist_compiled_react-dom_7b2f6d3d._.js:9440:13)
    at performWorkOnRoot (http://localhost:3001/_next/static/chunks/f12ff_next_dist_compiled_react-dom_7b2f6d3d._.js:9068:186)
    at performWorkOnRootViaSchedulerTask (http://localhost:3001/_next/static/chunks/f12ff_next_dist_compiled_react-dom_7b2f6d3d._.js:10230:9)
    at MessagePort.performWorkUntilDeadline (http://localhost:3001/_next/static/chunks/f12ff_next_dist_compiled_cd863794._.js:2647:64) @ http://localhost:3001/_next/static/chunks/f12ff_next_dist_95687940._.js:3132
[  836576ms] [ERROR] IntlError: MISSING_MESSAGE: Cannot read properties of undefined (reading 'split')
    at getFallbackFromErrorAndNotify (http://localhost:3001/_next/static/chunks/node_modules__pnpm_a92eadf3._.js:7251:23)
    at translateBaseFn (http://localhost:3001/_next/static/chunks/node_modules__pnpm_a92eadf3._.js:7281:28)
    at translateFn (http://localhost:3001/_next/static/chunks/node_modules__pnpm_a92eadf3._.js:7343:24)
    at labelFor (http://localhost:3001/_next/static/chunks/_af79dd3a._.js:633:30)
    at http://localhost:3001/_next/static/chunks/_af79dd3a._.js:142:34
    at Array.map (<anonymous>)
    at RegionChoropleth (http://localhost:3001/_next/static/chunks/_af79dd3a._.js:134:43)
    at Object.react_stack_bottom_frame (http://localhost:3001/_next/static/chunks/f12ff_next_dist_compiled_react-dom_7b2f6d3d._.js:14826:24)
    at renderWithHooksAgain (http://localhost:3001/_next/static/chunks/f12ff_next_dist_compiled_react-dom_7b2f6d3d._.js:4706:24)
    at renderWithHooks (http://localhost:3001/_next/static/chunks/f12ff_next_dist_compiled_react-dom_7b2f6d3d._.js:4657:28)
    at updateFunctionComponent (http://localhost:3001/_next/static/chunks/f12ff_next_dist_compiled_react-dom_7b2f6d3d._.js:6112:21)
    at beginWork (http://localhost:3001/_next/static/chunks/f12ff_next_dist_compiled_react-dom_7b2f6d3d._.js:6708:24)
    at runWithFiberInDEV (http://localhost:3001/_next/static/chunks/f12ff_next_dist_compiled_react-dom_7b2f6d3d._.js:965:74)
    at performUnitOfWork (http://localhost:3001/_next/static/chunks/f12ff_next_dist_compiled_react-dom_7b2f6d3d._.js:9562:97)
    at workLoopSync (http://localhost:3001/_next/static/chunks/f12ff_next_dist_compiled_react-dom_7b2f6d3d._.js:9456:40)
    at renderRootSync (http://localhost:3001/_next/static/chunks/f12ff_next_dist_compiled_react-dom_7b2f6d3d._.js:9440:13)
    at performWorkOnRoot (http://localhost:3001/_next/static/chunks/f12ff_next_dist_compiled_react-dom_7b2f6d3d._.js:9068:186)
    at performWorkOnRootViaSchedulerTask (http://localhost:3001/_next/static/chunks/f12ff_next_dist_compiled_react-dom_7b2f6d3d._.js:10230:9)
    at MessagePort.performWorkUntilDeadline (http://localhost:3001/_next/static/chunks/f12ff_next_dist_compiled_cd863794._.js:2647:64) @ http://localhost:3001/_next/static/chunks/f12ff_next_dist_95687940._.js:3132
[  836576ms] [ERROR] IntlError: MISSING_MESSAGE: Cannot read properties of undefined (reading 'split')
    at getFallbackFromErrorAndNotify (http://localhost:3001/_next/static/chunks/node_modules__pnpm_a92eadf3._.js:7251:23)
    at translateBaseFn (http://localhost:3001/_next/static/chunks/node_modules__pnpm_a92eadf3._.js:7281:28)
    at translateFn (http://localhost:3001/_next/static/chunks/node_modules__pnpm_a92eadf3._.js:7343:24)
    at labelFor (http://localhost:3001/_next/static/chunks/_af79dd3a._.js:633:30)
    at http://localhost:3001/_next/static/chunks/_af79dd3a._.js:142:34
    at Array.map (<anonymous>)
    at RegionChoropleth (http://localhost:3001/_next/static/chunks/_af79dd3a._.js:134:43)
    at Object.react_stack_bottom_frame (http://localhost:3001/_next/static/chunks/f12ff_next_dist_compiled_react-dom_7b2f6d3d._.js:14826:24)
    at renderWithHooksAgain (http://localhost:3001/_next/static/chunks/f12ff_next_dist_compiled_react-dom_7b2f6d3d._.js:4706:24)
    at renderWithHooks (http://localhost:3001/_next/static/chunks/f12ff_next_dist_compiled_react-dom_7b2f6d3d._.js:4657:28)
    at updateFunctionComponent (http://localhost:3001/_next/static/chunks/f12ff_next_dist_compiled_react-dom_7b2f6d3d._.js:6112:21)
    at beginWork (http://localhost:3001/_next/static/chunks/f12ff_next_dist_compiled_react-dom_7b2f6d3d._.js:6708:24)
    at runWithFiberInDEV (http://localhost:3001/_next/static/chunks/f12ff_next_dist_compiled_react-dom_7b2f6d3d._.js:965:74)
    at performUnitOfWork (http://localhost:3001/_next/static/chunks/f12ff_next_dist_compiled_react-dom_7b2f6d3d._.js:9562:97)
    at workLoopSync (http://localhost:3001/_next/static/chunks/f12ff_next_dist_compiled_react-dom_7b2f6d3d._.js:9456:40)
    at renderRootSync (http://localhost:3001/_next/static/chunks/f12ff_next_dist_compiled_react-dom_7b2f6d3d._.js:9440:13)
    at performWorkOnRoot (http://localhost:3001/_next/static/chunks/f12ff_next_dist_compiled_react-dom_7b2f6d3d._.js:9068:186)
    at performWorkOnRootViaSchedulerTask (http://localhost:3001/_next/static/chunks/f12ff_next_dist_compiled_react-dom_7b2f6d3d._.js:10230:9)
    at MessagePort.performWorkUntilDeadline (http://localhost:3001/_next/static/chunks/f12ff_next_dist_compiled_cd863794._.js:2647:64) @ http://localhost:3001/_next/static/chunks/f12ff_next_dist_95687940._.js:3132
[  836577ms] [ERROR] IntlError: MISSING_MESSAGE: Cannot read properties of undefined (reading 'split')
    at getFallbackFromErrorAndNotify (http://localhost:3001/_next/static/chunks/node_modules__pnpm_a92eadf3._.js:7251:23)
    at translateBaseFn (http://localhost:3001/_next/static/chunks/node_modules__pnpm_a92eadf3._.js:7281:28)
    at translateFn (http://localhost:3001/_next/static/chunks/node_modules__pnpm_a92eadf3._.js:7343:24)
    at labelFor (http://localhost:3001/_next/static/chunks/_af79dd3a._.js:633:30)
    at http://localhost:3001/_next/static/chunks/_af79dd3a._.js:142:34
    at Array.map (<anonymous>)
    at RegionChoropleth (http://localhost:3001/_next/static/chunks/_af79dd3a._.js:134:43)
    at Object.react_stack_bottom_frame (http://localhost:3001/_next/static/chunks/f12ff_next_dist_compiled_react-dom_7b2f6d3d._.js:14826:24)
    at renderWithHooksAgain (http://localhost:3001/_next/static/chunks/f12ff_next_dist_compiled_react-dom_7b2f6d3d._.js:4706:24)
    at renderWithHooks (http://localhost:3001/_next/static/chunks/f12ff_next_dist_compiled_react-dom_7b2f6d3d._.js:4657:28)
    at updateFunctionComponent (http://localhost:3001/_next/static/chunks/f12ff_next_dist_compiled_react-dom_7b2f6d3d._.js:6112:21)
    at beginWork (http://localhost:3001/_next/static/chunks/f12ff_next_dist_compiled_react-dom_7b2f6d3d._.js:6708:24)
    at runWithFiberInDEV (http://localhost:3001/_next/static/chunks/f12ff_next_dist_compiled_react-dom_7b2f6d3d._.js:965:74)
    at performUnitOfWork (http://localhost:3001/_next/static/chunks/f12ff_next_dist_compiled_react-dom_7b2f6d3d._.js:9562:97)
    at workLoopSync (http://localhost:3001/_next/static/chunks/f12ff_next_dist_compiled_react-dom_7b2f6d3d._.js:9456:40)
    at renderRootSync (http://localhost:3001/_next/static/chunks/f12ff_next_dist_compiled_react-dom_7b2f6d3d._.js:9440:13)
    at performWorkOnRoot (http://localhost:3001/_next/static/chunks/f12ff_next_dist_compiled_react-dom_7b2f6d3d._.js:9068:186)
    at performWorkOnRootViaSchedulerTask (http://localhost:3001/_next/static/chunks/f12ff_next_dist_compiled_react-dom_7b2f6d3d._.js:10230:9)
    at MessagePort.performWorkUntilDeadline (http://localhost:3001/_next/static/chunks/f12ff_next_dist_compiled_cd863794._.js:2647:64) @ http://localhost:3001/_next/static/chunks/f12ff_next_dist_95687940._.js:3132
[  836604ms] [ERROR] IntlError: MISSING_MESSAGE: Cannot read properties of undefined (reading 'split')
    at getFallbackFromErrorAndNotify (http://localhost:3001/_next/static/chunks/node_modules__pnpm_a92eadf3._.js:7251:23)
    at translateBaseFn (http://localhost:3001/_next/static/chunks/node_modules__pnpm_a92eadf3._.js:7281:28)
    at translateFn (http://localhost:3001/_next/static/chunks/node_modules__pnpm_a92eadf3._.js:7343:24)
    at labelFor (http://localhost:3001/_next/static/chunks/_af79dd3a._.js:633:30)
    at http://localhost:3001/_next/static/chunks/_af79dd3a._.js:142:34
    at Array.map (<anonymous>)
    at RegionChoropleth (http://localhost:3001/_next/static/chunks/_af79dd3a._.js:134:43)
    at Object.react_stack_bottom_frame (http://localhost:3001/_next/static/chunks/f12ff_next_dist_compiled_react-dom_7b2f6d3d._.js:14826:24)
    at renderWithHooks (http://localhost:3001/_next/static/chunks/f12ff_next_dist_compiled_react-dom_7b2f6d3d._.js:4651:24)
    at updateFunctionComponent (http://localhost:3001/_next/static/chunks/f12ff_next_dist_compiled_react-dom_7b2f6d3d._.js:6112:21)
    at beginWork (http://localhost:3001/_next/static/chunks/f12ff_next_dist_compiled_react-dom_7b2f6d3d._.js:6708:24)
    at runWithFiberInDEV (http://localhost:3001/_next/static/chunks/f12ff_next_dist_compiled_react-dom_7b2f6d3d._.js:965:74)
    at performUnitOfWork (http://localhost:3001/_next/static/chunks/f12ff_next_dist_compiled_react-dom_7b2f6d3d._.js:9562:97)
    at workLoopSync (http://localhost:3001/_next/static/chunks/f12ff_next_dist_compiled_react-dom_7b2f6d3d._.js:9456:40)
    at renderRootSync (http://localhost:3001/_next/static/chunks/f12ff_next_dist_compiled_react-dom_7b2f6d3d._.js:9440:13)
    at performWorkOnRoot (http://localhost:3001/_next/static/chunks/f12ff_next_dist_compiled_react-dom_7b2f6d3d._.js:9068:186)
    at performWorkOnRootViaSchedulerTask (http://localhost:3001/_next/static/chunks/f12ff_next_dist_compiled_react-dom_7b2f6d3d._.js:10230:9)
    at MessagePort.performWorkUntilDeadline (http://localhost:3001/_next/static/chunks/f12ff_next_dist_compiled_cd863794._.js:2647:64) @ http://localhost:3001/_next/static/chunks/f12ff_next_dist_95687940._.js:3132
[  836604ms] [ERROR] IntlError: MISSING_MESSAGE: Cannot read properties of undefined (reading 'split')
    at getFallbackFromErrorAndNotify (http://localhost:3001/_next/static/chunks/node_modules__pnpm_a92eadf3._.js:7251:23)
    at translateBaseFn (http://localhost:3001/_next/static/chunks/node_modules__pnpm_a92eadf3._.js:7281:28)
    at translateFn (http://localhost:3001/_next/static/chunks/node_modules__pnpm_a92eadf3._.js:7343:24)
    at labelFor (http://localhost:3001/_next/static/chunks/_af79dd3a._.js:633:30)
    at http://localhost:3001/_next/static/chunks/_af79dd3a._.js:142:34
    at Array.map (<anonymous>)
    at RegionChoropleth (http://localhost:3001/_next/static/chunks/_af79dd3a._.js:134:43)
    at Object.react_stack_bottom_frame (http://localhost:3001/_next/static/chunks/f12ff_next_dist_compiled_react-dom_7b2f6d3d._.js:14826:24)
    at renderWithHooks (http://localhost:3001/_next/static/chunks/f12ff_next_dist_compiled_react-dom_7b2f6d3d._.js:4651:24)
    at updateFunctionComponent (http://localhost:3001/_next/static/chunks/f12ff_next_dist_compiled_react-dom_7b2f6d3d._.js:6112:21)
    at beginWork (http://localhost:3001/_next/static/chunks/f12ff_next_dist_compiled_react-dom_7b2f6d3d._.js:6708:24)
    at runWithFiberInDEV (http://localhost:3001/_next/static/chunks/f12ff_next_dist_compiled_react-dom_7b2f6d3d._.js:965:74)
    at performUnitOfWork (http://localhost:3001/_next/static/chunks/f12ff_next_dist_compiled_react-dom_7b2f6d3d._.js:9562:97)
    at workLoopSync (http://localhost:3001/_next/static/chunks/f12ff_next_dist_compiled_react-dom_7b2f6d3d._.js:9456:40)
    at renderRootSync (http://localhost:3001/_next/static/chunks/f12ff_next_dist_compiled_react-dom_7b2f6d3d._.js:9440:13)
    at performWorkOnRoot (http://localhost:3001/_next/static/chunks/f12ff_next_dist_compiled_react-dom_7b2f6d3d._.js:9068:186)
    at performWorkOnRootViaSchedulerTask (http://localhost:3001/_next/static/chunks/f12ff_next_dist_compiled_react-dom_7b2f6d3d._.js:10230:9)
    at MessagePort.performWorkUntilDeadline (http://localhost:3001/_next/static/chunks/f12ff_next_dist_compiled_cd863794._.js:2647:64) @ http://localhost:3001/_next/static/chunks/f12ff_next_dist_95687940._.js:3132
[  836604ms] [ERROR] IntlError: MISSING_MESSAGE: Cannot read properties of undefined (reading 'split')
    at getFallbackFromErrorAndNotify (http://localhost:3001/_next/static/chunks/node_modules__pnpm_a92eadf3._.js:7251:23)
    at translateBaseFn (http://localhost:3001/_next/static/chunks/node_modules__pnpm_a92eadf3._.js:7281:28)
    at translateFn (http://localhost:3001/_next/static/chunks/node_modules__pnpm_a92eadf3._.js:7343:24)
    at labelFor (http://localhost:3001/_next/static/chunks/_af79dd3a._.js:633:30)
    at http://localhost:3001/_next/static/chunks/_af79dd3a._.js:142:34
    at Array.map (<anonymous>)
    at RegionChoropleth (http://localhost:3001/_next/static/chunks/_af79dd3a._.js:134:43)
    at Object.react_stack_bottom_frame (http://localhost:3001/_next/static/chunks/f12ff_next_dist_compiled_react-dom_7b2f6d3d._.js:14826:24)
    at renderWithHooks (http://localhost:3001/_next/static/chunks/f12ff_next_dist_compiled_react-dom_7b2f6d3d._.js:4651:24)
    at updateFunctionComponent (http://localhost:3001/_next/static/chunks/f12ff_next_dist_compiled_react-dom_7b2f6d3d._.js:6112:21)
    at beginWork (http://localhost:3001/_next/static/chunks/f12ff_next_dist_compiled_react-dom_7b2f6d3d._.js:6708:24)
    at runWithFiberInDEV (http://localhost:3001/_next/static/chunks/f12ff_next_dist_compiled_react-dom_7b2f6d3d._.js:965:74)
    at performUnitOfWork (http://localhost:3001/_next/static/chunks/f12ff_next_dist_compiled_react-dom_7b2f6d3d._.js:9562:97)
    at workLoopSync (http://localhost:3001/_next/static/chunks/f12ff_next_dist_compiled_react-dom_7b2f6d3d._.js:9456:40)
    at renderRootSync (http://localhost:3001/_next/static/chunks/f12ff_next_dist_compiled_react-dom_7b2f6d3d._.js:9440:13)
    at performWorkOnRoot (http://localhost:3001/_next/static/chunks/f12ff_next_dist_compiled_react-dom_7b2f6d3d._.js:9068:186)
    at performWorkOnRootViaSchedulerTask (http://localhost:3001/_next/static/chunks/f12ff_next_dist_compiled_react-dom_7b2f6d3d._.js:10230:9)
    at MessagePort.performWorkUntilDeadline (http://localhost:3001/_next/static/chunks/f12ff_next_dist_compiled_cd863794._.js:2647:64) @ http://localhost:3001/_next/static/chunks/f12ff_next_dist_95687940._.js:3132
[  836604ms] [ERROR] IntlError: MISSING_MESSAGE: Cannot read properties of undefined (reading 'split')
    at getFallbackFromErrorAndNotify (http://localhost:3001/_next/static/chunks/node_modules__pnpm_a92eadf3._.js:7251:23)
    at translateBaseFn (http://localhost:3001/_next/static/chunks/node_modules__pnpm_a92eadf3._.js:7281:28)
    at translateFn (http://localhost:3001/_next/static/chunks/node_modules__pnpm_a92eadf3._.js:7343:24)
    at labelFor (http://localhost:3001/_next/static/chunks/_af79dd3a._.js:633:30)
    at http://localhost:3001/_next/static/chunks/_af79dd3a._.js:142:34
    at Array.map (<anonymous>)
    at RegionChoropleth (http://localhost:3001/_next/static/chunks/_af79dd3a._.js:134:43)
    at Object.react_stack_bottom_frame (http://localhost:3001/_next/static/chunks/f12ff_next_dist_compiled_react-dom_7b2f6d3d._.js:14826:24)
    at renderWithHooks (http://localhost:3001/_next/static/chunks/f12ff_next_dist_compiled_react-dom_7b2f6d3d._.js:4651:24)
    at updateFunctionComponent (http://localhost:3001/_next/static/chunks/f12ff_next_dist_compiled_react-dom_7b2f6d3d._.js:6112:21)
    at beginWork (http://localhost:3001/_next/static/chunks/f12ff_next_dist_compiled_react-dom_7b2f6d3d._.js:6708:24)
    at runWithFiberInDEV (http://localhost:3001/_next/static/chunks/f12ff_next_dist_compiled_react-dom_7b2f6d3d._.js:965:74)
    at performUnitOfWork (http://localhost:3001/_next/static/chunks/f12ff_next_dist_compiled_react-dom_7b2f6d3d._.js:9562:97)
    at workLoopSync (http://localhost:3001/_next/static/chunks/f12ff_next_dist_compiled_react-dom_7b2f6d3d._.js:9456:40)
    at renderRootSync (http://localhost:3001/_next/static/chunks/f12ff_next_dist_compiled_react-dom_7b2f6d3d._.js:9440:13)
    at performWorkOnRoot (http://localhost:3001/_next/static/chunks/f12ff_next_dist_compiled_react-dom_7b2f6d3d._.js:9068:186)
    at performWorkOnRootViaSchedulerTask (http://localhost:3001/_next/static/chunks/f12ff_next_dist_compiled_react-dom_7b2f6d3d._.js:10230:9)
    at MessagePort.performWorkUntilDeadline (http://localhost:3001/_next/static/chunks/f12ff_next_dist_compiled_cd863794._.js:2647:64) @ http://localhost:3001/_next/static/chunks/f12ff_next_dist_95687940._.js:3132
[  836605ms] [ERROR] IntlError: MISSING_MESSAGE: Cannot read properties of undefined (reading 'split')
    at getFallbackFromErrorAndNotify (http://localhost:3001/_next/static/chunks/node_modules__pnpm_a92eadf3._.js:7251:23)
    at translateBaseFn (http://localhost:3001/_next/static/chunks/node_modules__pnpm_a92eadf3._.js:7281:28)
    at translateFn (http://localhost:3001/_next/static/chunks/node_modules__pnpm_a92eadf3._.js:7343:24)
    at labelFor (http://localhost:3001/_next/static/chunks/_af79dd3a._.js:633:30)
    at http://localhost:3001/_next/static/chunks/_af79dd3a._.js:142:34
    at Array.map (<anonymous>)
    at RegionChoropleth (http://localhost:3001/_next/static/chunks/_af79dd3a._.js:134:43)
    at Object.react_stack_bottom_frame (http://localhost:3001/_next/static/chunks/f12ff_next_dist_compiled_react-dom_7b2f6d3d._.js:14826:24)
    at renderWithHooks (http://localhost:3001/_next/static/chunks/f12ff_next_dist_compiled_react-dom_7b2f6d3d._.js:4651:24)
    at updateFunctionComponent (http://localhost:3001/_next/static/chunks/f12ff_next_dist_compiled_react-dom_7b2f6d3d._.js:6112:21)
    at beginWork (http://localhost:3001/_next/static/chunks/f12ff_next_dist_compiled_react-dom_7b2f6d3d._.js:6708:24)
    at runWithFiberInDEV (http://localhost:3001/_next/static/chunks/f12ff_next_dist_compiled_react-dom_7b2f6d3d._.js:965:74)
    at performUnitOfWork (http://localhost:3001/_next/static/chunks/f12ff_next_dist_compiled_react-dom_7b2f6d3d._.js:9562:97)
    at workLoopSync (http://localhost:3001/_next/static/chunks/f12ff_next_dist_compiled_react-dom_7b2f6d3d._.js:9456:40)
    at renderRootSync (http://localhost:3001/_next/static/chunks/f12ff_next_dist_compiled_react-dom_7b2f6d3d._.js:9440:13)
    at performWorkOnRoot (http://localhost:3001/_next/static/chunks/f12ff_next_dist_compiled_react-dom_7b2f6d3d._.js:9068:186)
    at performWorkOnRootViaSchedulerTask (http://localhost:3001/_next/static/chunks/f12ff_next_dist_compiled_react-dom_7b2f6d3d._.js:10230:9)
    at MessagePort.performWorkUntilDeadline (http://localhost:3001/_next/static/chunks/f12ff_next_dist_compiled_cd863794._.js:2647:64) @ http://localhost:3001/_next/static/chunks/f12ff_next_dist_95687940._.js:3132
[  836605ms] [ERROR] IntlError: MISSING_MESSAGE: Cannot read properties of undefined (reading 'split')
    at getFallbackFromErrorAndNotify (http://localhost:3001/_next/static/chunks/node_modules__pnpm_a92eadf3._.js:7251:23)
    at translateBaseFn (http://localhost:3001/_next/static/chunks/node_modules__pnpm_a92eadf3._.js:7281:28)
    at translateFn (http://localhost:3001/_next/static/chunks/node_modules__pnpm_a92eadf3._.js:7343:24)
    at labelFor (http://localhost:3001/_next/static/chunks/_af79dd3a._.js:633:30)
    at http://localhost:3001/_next/static/chunks/_af79dd3a._.js:142:34
    at Array.map (<anonymous>)
    at RegionChoropleth (http://localhost:3001/_next/static/chunks/_af79dd3a._.js:134:43)
    at Object.react_stack_bottom_frame (http://localhost:3001/_next/static/chunks/f12ff_next_dist_compiled_react-dom_7b2f6d3d._.js:14826:24)
    at renderWithHooks (http://localhost:3001/_next/static/chunks/f12ff_next_dist_compiled_react-dom_7b2f6d3d._.js:4651:24)
    at updateFunctionComponent (http://localhost:3001/_next/static/chunks/f12ff_next_dist_compiled_react-dom_7b2f6d3d._.js:6112:21)
    at beginWork (http://localhost:3001/_next/static/chunks/f12ff_next_dist_compiled_react-dom_7b2f6d3d._.js:6708:24)
    at runWithFiberInDEV (http://localhost:3001/_next/static/chunks/f12ff_next_dist_compiled_react-dom_7b2f6d3d._.js:965:74)
    at performUnitOfWork (http://localhost:3001/_next/static/chunks/f12ff_next_dist_compiled_react-dom_7b2f6d3d._.js:9562:97)
    at workLoopSync (http://localhost:3001/_next/static/chunks/f12ff_next_dist_compiled_react-dom_7b2f6d3d._.js:9456:40)
    at renderRootSync (http://localhost:3001/_next/static/chunks/f12ff_next_dist_compiled_react-dom_7b2f6d3d._.js:9440:13)
    at performWorkOnRoot (http://localhost:3001/_next/static/chunks/f12ff_next_dist_compiled_react-dom_7b2f6d3d._.js:9068:186)
    at performWorkOnRootViaSchedulerTask (http://localhost:3001/_next/static/chunks/f12ff_next_dist_compiled_react-dom_7b2f6d3d._.js:10230:9)
    at MessagePort.performWorkUntilDeadline (http://localhost:3001/_next/static/chunks/f12ff_next_dist_compiled_cd863794._.js:2647:64) @ http://localhost:3001/_next/static/chunks/f12ff_next_dist_95687940._.js:3132
[  836605ms] [ERROR] IntlError: MISSING_MESSAGE: Cannot read properties of undefined (reading 'split')
    at getFallbackFromErrorAndNotify (http://localhost:3001/_next/static/chunks/node_modules__pnpm_a92eadf3._.js:7251:23)
    at translateBaseFn (http://localhost:3001/_next/static/chunks/node_modules__pnpm_a92eadf3._.js:7281:28)
    at translateFn (http://localhost:3001/_next/static/chunks/node_modules__pnpm_a92eadf3._.js:7343:24)
    at labelFor (http://localhost:3001/_next/static/chunks/_af79dd3a._.js:633:30)
    at http://localhost:3001/_next/static/chunks/_af79dd3a._.js:142:34
    at Array.map (<anonymous>)
    at RegionChoropleth (http://localhost:3001/_next/static/chunks/_af79dd3a._.js:134:43)
    at Object.react_stack_bottom_frame (http://localhost:3001/_next/static/chunks/f12ff_next_dist_compiled_react-dom_7b2f6d3d._.js:14826:24)
    at renderWithHooks (http://localhost:3001/_next/static/chunks/f12ff_next_dist_compiled_react-dom_7b2f6d3d._.js:4651:24)
    at updateFunctionComponent (http://localhost:3001/_next/static/chunks/f12ff_next_dist_compiled_react-dom_7b2f6d3d._.js:6112:21)
    at beginWork (http://localhost:3001/_next/static/chunks/f12ff_next_dist_compiled_react-dom_7b2f6d3d._.js:6708:24)
    at runWithFiberInDEV (http://localhost:3001/_next/static/chunks/f12ff_next_dist_compiled_react-dom_7b2f6d3d._.js:965:74)
    at performUnitOfWork (http://localhost:3001/_next/static/chunks/f12ff_next_dist_compiled_react-dom_7b2f6d3d._.js:9562:97)
    at workLoopSync (http://localhost:3001/_next/static/chunks/f12ff_next_dist_compiled_react-dom_7b2f6d3d._.js:9456:40)
    at renderRootSync (http://localhost:3001/_next/static/chunks/f12ff_next_dist_compiled_react-dom_7b2f6d3d._.js:9440:13)
    at performWorkOnRoot (http://localhost:3001/_next/static/chunks/f12ff_next_dist_compiled_react-dom_7b2f6d3d._.js:9068:186)
    at performWorkOnRootViaSchedulerTask (http://localhost:3001/_next/static/chunks/f12ff_next_dist_compiled_react-dom_7b2f6d3d._.js:10230:9)
    at MessagePort.performWorkUntilDeadline (http://localhost:3001/_next/static/chunks/f12ff_next_dist_compiled_cd863794._.js:2647:64) @ http://localhost:3001/_next/static/chunks/f12ff_next_dist_95687940._.js:3132
[  836605ms] [ERROR] IntlError: MISSING_MESSAGE: Cannot read properties of undefined (reading 'split')
    at getFallbackFromErrorAndNotify (http://localhost:3001/_next/static/chunks/node_modules__pnpm_a92eadf3._.js:7251:23)
    at translateBaseFn (http://localhost:3001/_next/static/chunks/node_modules__pnpm_a92eadf3._.js:7281:28)
    at translateFn (http://localhost:3001/_next/static/chunks/node_modules__pnpm_a92eadf3._.js:7343:24)
    at labelFor (http://localhost:3001/_next/static/chunks/_af79dd3a._.js:633:30)
    at http://localhost:3001/_next/static/chunks/_af79dd3a._.js:142:34
    at Array.map (<anonymous>)
    at RegionChoropleth (http://localhost:3001/_next/static/chunks/_af79dd3a._.js:134:43)
    at Object.react_stack_bottom_frame (http://localhost:3001/_next/static/chunks/f12ff_next_dist_compiled_react-dom_7b2f6d3d._.js:14826:24)
    at renderWithHooksAgain (http://localhost:3001/_next/static/chunks/f12ff_next_dist_compiled_react-dom_7b2f6d3d._.js:4706:24)
    at renderWithHooks (http://localhost:3001/_next/static/chunks/f12ff_next_dist_compiled_react-dom_7b2f6d3d._.js:4657:28)
    at updateFunctionComponent (http://localhost:3001/_next/static/chunks/f12ff_next_dist_compiled_react-dom_7b2f6d3d._.js:6112:21)
    at beginWork (http://localhost:3001/_next/static/chunks/f12ff_next_dist_compiled_react-dom_7b2f6d3d._.js:6708:24)
    at runWithFiberInDEV (http://localhost:3001/_next/static/chunks/f12ff_next_dist_compiled_react-dom_7b2f6d3d._.js:965:74)
    at performUnitOfWork (http://localhost:3001/_next/static/chunks/f12ff_next_dist_compiled_react-dom_7b2f6d3d._.js:9562:97)
    at workLoopSync (http://localhost:3001/_next/static/chunks/f12ff_next_dist_compiled_react-dom_7b2f6d3d._.js:9456:40)
    at renderRootSync (http://localhost:3001/_next/static/chunks/f12ff_next_dist_compiled_react-dom_7b2f6d3d._.js:9440:13)
    at performWorkOnRoot (http://localhost:3001/_next/static/chunks/f12ff_next_dist_compiled_react-dom_7b2f6d3d._.js:9068:186)
    at performWorkOnRootViaSchedulerTask (http://localhost:3001/_next/static/chunks/f12ff_next_dist_compiled_react-dom_7b2f6d3d._.js:10230:9)
    at MessagePort.performWorkUntilDeadline (http://localhost:3001/_next/static/chunks/f12ff_next_dist_compiled_cd863794._.js:2647:64) @ http://localhost:3001/_next/static/chunks/f12ff_next_dist_95687940._.js:3132
[  836605ms] [ERROR] IntlError: MISSING_MESSAGE: Cannot read properties of undefined (reading 'split')
    at getFallbackFromErrorAndNotify (http://localhost:3001/_next/static/chunks/node_modules__pnpm_a92eadf3._.js:7251:23)
    at translateBaseFn (http://localhost:3001/_next/static/chunks/node_modules__pnpm_a92eadf3._.js:7281:28)
    at translateFn (http://localhost:3001/_next/static/chunks/node_modules__pnpm_a92eadf3._.js:7343:24)
    at labelFor (http://localhost:3001/_next/static/chunks/_af79dd3a._.js:633:30)
    at http://localhost:3001/_next/static/chunks/_af79dd3a._.js:142:34
    at Array.map (<anonymous>)
    at RegionChoropleth (http://localhost:3001/_next/static/chunks/_af79dd3a._.js:134:43)
    at Object.react_stack_bottom_frame (http://localhost:3001/_next/static/chunks/f12ff_next_dist_compiled_react-dom_7b2f6d3d._.js:14826:24)
    at renderWithHooksAgain (http://localhost:3001/_next/static/chunks/f12ff_next_dist_compiled_react-dom_7b2f6d3d._.js:4706:24)
    at renderWithHooks (http://localhost:3001/_next/static/chunks/f12ff_next_dist_compiled_react-dom_7b2f6d3d._.js:4657:28)
    at updateFunctionComponent (http://localhost:3001/_next/static/chunks/f12ff_next_dist_compiled_react-dom_7b2f6d3d._.js:6112:21)
    at beginWork (http://localhost:3001/_next/static/chunks/f12ff_next_dist_compiled_react-dom_7b2f6d3d._.js:6708:24)
    at runWithFiberInDEV (http://localhost:3001/_next/static/chunks/f12ff_next_dist_compiled_react-dom_7b2f6d3d._.js:965:74)
    at performUnitOfWork (http://localhost:3001/_next/static/chunks/f12ff_next_dist_compiled_react-dom_7b2f6d3d._.js:9562:97)
    at workLoopSync (http://localhost:3001/_next/static/chunks/f12ff_next_dist_compiled_react-dom_7b2f6d3d._.js:9456:40)
    at renderRootSync (http://localhost:3001/_next/static/chunks/f12ff_next_dist_compiled_react-dom_7b2f6d3d._.js:9440:13)
    at performWorkOnRoot (http://localhost:3001/_next/static/chunks/f12ff_next_dist_compiled_react-dom_7b2f6d3d._.js:9068:186)
    at performWorkOnRootViaSchedulerTask (http://localhost:3001/_next/static/chunks/f12ff_next_dist_compiled_react-dom_7b2f6d3d._.js:10230:9)
    at MessagePort.performWorkUntilDeadline (http://localhost:3001/_next/static/chunks/f12ff_next_dist_compiled_cd863794._.js:2647:64) @ http://localhost:3001/_next/static/chunks/f12ff_next_dist_95687940._.js:3132
[  836606ms] [ERROR] IntlError: MISSING_MESSAGE: Cannot read properties of undefined (reading 'split')
    at getFallbackFromErrorAndNotify (http://localhost:3001/_next/static/chunks/node_modules__pnpm_a92eadf3._.js:7251:23)
    at translateBaseFn (http://localhost:3001/_next/static/chunks/node_modules__pnpm_a92eadf3._.js:7281:28)
    at translateFn (http://localhost:3001/_next/static/chunks/node_modules__pnpm_a92eadf3._.js:7343:24)
    at labelFor (http://localhost:3001/_next/static/chunks/_af79dd3a._.js:633:30)
    at http://localhost:3001/_next/static/chunks/_af79dd3a._.js:142:34
    at Array.map (<anonymous>)
    at RegionChoropleth (http://localhost:3001/_next/static/chunks/_af79dd3a._.js:134:43)
    at Object.react_stack_bottom_frame (http://localhost:3001/_next/static/chunks/f12ff_next_dist_compiled_react-dom_7b2f6d3d._.js:14826:24)
    at renderWithHooksAgain (http://localhost:3001/_next/static/chunks/f12ff_next_dist_compiled_react-dom_7b2f6d3d._.js:4706:24)
    at renderWithHooks (http://localhost:3001/_next/static/chunks/f12ff_next_dist_compiled_react-dom_7b2f6d3d._.js:4657:28)
    at updateFunctionComponent (http://localhost:3001/_next/static/chunks/f12ff_next_dist_compiled_react-dom_7b2f6d3d._.js:6112:21)
    at beginWork (http://localhost:3001/_next/static/chunks/f12ff_next_dist_compiled_react-dom_7b2f6d3d._.js:6708:24)
    at runWithFiberInDEV (http://localhost:3001/_next/static/chunks/f12ff_next_dist_compiled_react-dom_7b2f6d3d._.js:965:74)
    at performUnitOfWork (http://localhost:3001/_next/static/chunks/f12ff_next_dist_compiled_react-dom_7b2f6d3d._.js:9562:97)
    at workLoopSync (http://localhost:3001/_next/static/chunks/f12ff_next_dist_compiled_react-dom_7b2f6d3d._.js:9456:40)
    at renderRootSync (http://localhost:3001/_next/static/chunks/f12ff_next_dist_compiled_react-dom_7b2f6d3d._.js:9440:13)
    at performWorkOnRoot (http://localhost:3001/_next/static/chunks/f12ff_next_dist_compiled_react-dom_7b2f6d3d._.js:9068:186)
    at performWorkOnRootViaSchedulerTask (http://localhost:3001/_next/static/chunks/f12ff_next_dist_compiled_react-dom_7b2f6d3d._.js:10230:9)
    at MessagePort.performWorkUntilDeadline (http://localhost:3001/_next/static/chunks/f12ff_next_dist_compiled_cd863794._.js:2647:64) @ http://localhost:3001/_next/static/chunks/f12ff_next_dist_95687940._.js:3132
[  836606ms] [ERROR] IntlError: MISSING_MESSAGE: Cannot read properties of undefined (reading 'split')
    at getFallbackFromErrorAndNotify (http://localhost:3001/_next/static/chunks/node_modules__pnpm_a92eadf3._.js:7251:23)
    at translateBaseFn (http://localhost:3001/_next/static/chunks/node_modules__pnpm_a92eadf3._.js:7281:28)
    at translateFn (http://localhost:3001/_next/static/chunks/node_modules__pnpm_a92eadf3._.js:7343:24)
    at labelFor (http://localhost:3001/_next/static/chunks/_af79dd3a._.js:633:30)
    at http://localhost:3001/_next/static/chunks/_af79dd3a._.js:142:34
    at Array.map (<anonymous>)
    at RegionChoropleth (http://localhost:3001/_next/static/chunks/_af79dd3a._.js:134:43)
    at Object.react_stack_bottom_frame (http://localhost:3001/_next/static/chunks/f12ff_next_dist_compiled_react-dom_7b2f6d3d._.js:14826:24)
    at renderWithHooksAgain (http://localhost:3001/_next/static/chunks/f12ff_next_dist_compiled_react-dom_7b2f6d3d._.js:4706:24)
    at renderWithHooks (http://localhost:3001/_next/static/chunks/f12ff_next_dist_compiled_react-dom_7b2f6d3d._.js:4657:28)
    at updateFunctionComponent (http://localhost:3001/_next/static/chunks/f12ff_next_dist_compiled_react-dom_7b2f6d3d._.js:6112:21)
    at beginWork (http://localhost:3001/_next/static/chunks/f12ff_next_dist_compiled_react-dom_7b2f6d3d._.js:6708:24)
    at runWithFiberInDEV (http://localhost:3001/_next/static/chunks/f12ff_next_dist_compiled_react-dom_7b2f6d3d._.js:965:74)
    at performUnitOfWork (http://localhost:3001/_next/static/chunks/f12ff_next_dist_compiled_react-dom_7b2f6d3d._.js:9562:97)
    at workLoopSync (http://localhost:3001/_next/static/chunks/f12ff_next_dist_compiled_react-dom_7b2f6d3d._.js:9456:40)
    at renderRootSync (http://localhost:3001/_next/static/chunks/f12ff_next_dist_compiled_react-dom_7b2f6d3d._.js:9440:13)
    at performWorkOnRoot (http://localhost:3001/_next/static/chunks/f12ff_next_dist_compiled_react-dom_7b2f6d3d._.js:9068:186)
    at performWorkOnRootViaSchedulerTask (http://localhost:3001/_next/static/chunks/f12ff_next_dist_compiled_react-dom_7b2f6d3d._.js:10230:9)
    at MessagePort.performWorkUntilDeadline (http://localhost:3001/_next/static/chunks/f12ff_next_dist_compiled_cd863794._.js:2647:64) @ http://localhost:3001/_next/static/chunks/f12ff_next_dist_95687940._.js:3132
[  836606ms] [ERROR] IntlError: MISSING_MESSAGE: Cannot read properties of undefined (reading 'split')
    at getFallbackFromErrorAndNotify (http://localhost:3001/_next/static/chunks/node_modules__pnpm_a92eadf3._.js:7251:23)
    at translateBaseFn (http://localhost:3001/_next/static/chunks/node_modules__pnpm_a92eadf3._.js:7281:28)
    at translateFn (http://localhost:3001/_next/static/chunks/node_modules__pnpm_a92eadf3._.js:7343:24)
    at labelFor (http://localhost:3001/_next/static/chunks/_af79dd3a._.js:633:30)
    at http://localhost:3001/_next/static/chunks/_af79dd3a._.js:142:34
    at Array.map (<anonymous>)
    at RegionChoropleth (http://localhost:3001/_next/static/chunks/_af79dd3a._.js:134:43)
    at Object.react_stack_bottom_frame (http://localhost:3001/_next/static/chunks/f12ff_next_dist_compiled_react-dom_7b2f6d3d._.js:14826:24)
    at renderWithHooksAgain (http://localhost:3001/_next/static/chunks/f12ff_next_dist_compiled_react-dom_7b2f6d3d._.js:4706:24)
    at renderWithHooks (http://localhost:3001/_next/static/chunks/f12ff_next_dist_compiled_react-dom_7b2f6d3d._.js:4657:28)
    at updateFunctionComponent (http://localhost:3001/_next/static/chunks/f12ff_next_dist_compiled_react-dom_7b2f6d3d._.js:6112:21)
    at beginWork (http://localhost:3001/_next/static/chunks/f12ff_next_dist_compiled_react-dom_7b2f6d3d._.js:6708:24)
    at runWithFiberInDEV (http://localhost:3001/_next/static/chunks/f12ff_next_dist_compiled_react-dom_7b2f6d3d._.js:965:74)
    at performUnitOfWork (http://localhost:3001/_next/static/chunks/f12ff_next_dist_compiled_react-dom_7b2f6d3d._.js:9562:97)
    at workLoopSync (http://localhost:3001/_next/static/chunks/f12ff_next_dist_compiled_react-dom_7b2f6d3d._.js:9456:40)
    at renderRootSync (http://localhost:3001/_next/static/chunks/f12ff_next_dist_compiled_react-dom_7b2f6d3d._.js:9440:13)
    at performWorkOnRoot (http://localhost:3001/_next/static/chunks/f12ff_next_dist_compiled_react-dom_7b2f6d3d._.js:9068:186)
    at performWorkOnRootViaSchedulerTask (http://localhost:3001/_next/static/chunks/f12ff_next_dist_compiled_react-dom_7b2f6d3d._.js:10230:9)
    at MessagePort.performWorkUntilDeadline (http://localhost:3001/_next/static/chunks/f12ff_next_dist_compiled_cd863794._.js:2647:64) @ http://localhost:3001/_next/static/chunks/f12ff_next_dist_95687940._.js:3132
[  836606ms] [ERROR] IntlError: MISSING_MESSAGE: Cannot read properties of undefined (reading 'split')
    at getFallbackFromErrorAndNotify (http://localhost:3001/_next/static/chunks/node_modules__pnpm_a92eadf3._.js:7251:23)
    at translateBaseFn (http://localhost:3001/_next/static/chunks/node_modules__pnpm_a92eadf3._.js:7281:28)
    at translateFn (http://localhost:3001/_next/static/chunks/node_modules__pnpm_a92eadf3._.js:7343:24)
    at labelFor (http://localhost:3001/_next/static/chunks/_af79dd3a._.js:633:30)
    at http://localhost:3001/_next/static/chunks/_af79dd3a._.js:142:34
    at Array.map (<anonymous>)
    at RegionChoropleth (http://localhost:3001/_next/static/chunks/_af79dd3a._.js:134:43)
    at Object.react_stack_bottom_frame (http://localhost:3001/_next/static/chunks/f12ff_next_dist_compiled_react-dom_7b2f6d3d._.js:14826:24)
    at renderWithHooksAgain (http://localhost:3001/_next/static/chunks/f12ff_next_dist_compiled_react-dom_7b2f6d3d._.js:4706:24)
    at renderWithHooks (http://localhost:3001/_next/static/chunks/f12ff_next_dist_compiled_react-dom_7b2f6d3d._.js:4657:28)
    at updateFunctionComponent (http://localhost:3001/_next/static/chunks/f12ff_next_dist_compiled_react-dom_7b2f6d3d._.js:6112:21)
    at beginWork (http://localhost:3001/_next/static/chunks/f12ff_next_dist_compiled_react-dom_7b2f6d3d._.js:6708:24)
    at runWithFiberInDEV (http://localhost:3001/_next/static/chunks/f12ff_next_dist_compiled_react-dom_7b2f6d3d._.js:965:74)
    at performUnitOfWork (http://localhost:3001/_next/static/chunks/f12ff_next_dist_compiled_react-dom_7b2f6d3d._.js:9562:97)
    at workLoopSync (http://localhost:3001/_next/static/chunks/f12ff_next_dist_compiled_react-dom_7b2f6d3d._.js:9456:40)
    at renderRootSync (http://localhost:3001/_next/static/chunks/f12ff_next_dist_compiled_react-dom_7b2f6d3d._.js:9440:13)
    at performWorkOnRoot (http://localhost:3001/_next/static/chunks/f12ff_next_dist_compiled_react-dom_7b2f6d3d._.js:9068:186)
    at performWorkOnRootViaSchedulerTask (http://localhost:3001/_next/static/chunks/f12ff_next_dist_compiled_react-dom_7b2f6d3d._.js:10230:9)
    at MessagePort.performWorkUntilDeadline (http://localhost:3001/_next/static/chunks/f12ff_next_dist_compiled_cd863794._.js:2647:64) @ http://localhost:3001/_next/static/chunks/f12ff_next_dist_95687940._.js:3132
[  836606ms] [ERROR] IntlError: MISSING_MESSAGE: Cannot read properties of undefined (reading 'split')
    at getFallbackFromErrorAndNotify (http://localhost:3001/_next/static/chunks/node_modules__pnpm_a92eadf3._.js:7251:23)
    at translateBaseFn (http://localhost:3001/_next/static/chunks/node_modules__pnpm_a92eadf3._.js:7281:28)
    at translateFn (http://localhost:3001/_next/static/chunks/node_modules__pnpm_a92eadf3._.js:7343:24)
    at labelFor (http://localhost:3001/_next/static/chunks/_af79dd3a._.js:633:30)
    at http://localhost:3001/_next/static/chunks/_af79dd3a._.js:142:34
    at Array.map (<anonymous>)
    at RegionChoropleth (http://localhost:3001/_next/static/chunks/_af79dd3a._.js:134:43)
    at Object.react_stack_bottom_frame (http://localhost:3001/_next/static/chunks/f12ff_next_dist_compiled_react-dom_7b2f6d3d._.js:14826:24)
    at renderWithHooksAgain (http://localhost:3001/_next/static/chunks/f12ff_next_dist_compiled_react-dom_7b2f6d3d._.js:4706:24)
    at renderWithHooks (http://localhost:3001/_next/static/chunks/f12ff_next_dist_compiled_react-dom_7b2f6d3d._.js:4657:28)
    at updateFunctionComponent (http://localhost:3001/_next/static/chunks/f12ff_next_dist_compiled_react-dom_7b2f6d3d._.js:6112:21)
    at beginWork (http://localhost:3001/_next/static/chunks/f12ff_next_dist_compiled_react-dom_7b2f6d3d._.js:6708:24)
    at runWithFiberInDEV (http://localhost:3001/_next/static/chunks/f12ff_next_dist_compiled_react-dom_7b2f6d3d._.js:965:74)
    at performUnitOfWork (http://localhost:3001/_next/static/chunks/f12ff_next_dist_compiled_react-dom_7b2f6d3d._.js:9562:97)
    at workLoopSync (http://localhost:3001/_next/static/chunks/f12ff_next_dist_compiled_react-dom_7b2f6d3d._.js:9456:40)
    at renderRootSync (http://localhost:3001/_next/static/chunks/f12ff_next_dist_compiled_react-dom_7b2f6d3d._.js:9440:13)
    at performWorkOnRoot (http://localhost:3001/_next/static/chunks/f12ff_next_dist_compiled_react-dom_7b2f6d3d._.js:9068:186)
    at performWorkOnRootViaSchedulerTask (http://localhost:3001/_next/static/chunks/f12ff_next_dist_compiled_react-dom_7b2f6d3d._.js:10230:9)
    at MessagePort.performWorkUntilDeadline (http://localhost:3001/_next/static/chunks/f12ff_next_dist_compiled_cd863794._.js:2647:64) @ http://localhost:3001/_next/static/chunks/f12ff_next_dist_95687940._.js:3132
[  836613ms] [ERROR] IntlError: MISSING_MESSAGE: Cannot read properties of undefined (reading 'split')
    at getFallbackFromErrorAndNotify (http://localhost:3001/_next/static/chunks/node_modules__pnpm_a92eadf3._.js:7251:23)
    at translateBaseFn (http://localhost:3001/_next/static/chunks/node_modules__pnpm_a92eadf3._.js:7281:28)
    at translateFn (http://localhost:3001/_next/static/chunks/node_modules__pnpm_a92eadf3._.js:7343:24)
    at labelFor (http://localhost:3001/_next/static/chunks/_af79dd3a._.js:633:30)
    at http://localhost:3001/_next/static/chunks/_af79dd3a._.js:142:34
    at Array.map (<anonymous>)
    at RegionChoropleth (http://localhost:3001/_next/static/chunks/_af79dd3a._.js:134:43)
    at Object.react_stack_bottom_frame (http://localhost:3001/_next/static/chunks/f12ff_next_dist_compiled_react-dom_7b2f6d3d._.js:14826:24)
    at renderWithHooks (http://localhost:3001/_next/static/chunks/f12ff_next_dist_compiled_react-dom_7b2f6d3d._.js:4651:24)
    at updateFunctionComponent (http://localhost:3001/_next/static/chunks/f12ff_next_dist_compiled_react-dom_7b2f6d3d._.js:6112:21)
    at beginWork (http://localhost:3001/_next/static/chunks/f12ff_next_dist_compiled_react-dom_7b2f6d3d._.js:6708:24)
    at runWithFiberInDEV (http://localhost:3001/_next/static/chunks/f12ff_next_dist_compiled_react-dom_7b2f6d3d._.js:965:74)
    at performUnitOfWork (http://localhost:3001/_next/static/chunks/f12ff_next_dist_compiled_react-dom_7b2f6d3d._.js:9562:97)
    at workLoopSync (http://localhost:3001/_next/static/chunks/f12ff_next_dist_compiled_react-dom_7b2f6d3d._.js:9456:40)
    at renderRootSync (http://localhost:3001/_next/static/chunks/f12ff_next_dist_compiled_react-dom_7b2f6d3d._.js:9440:13)
    at performWorkOnRoot (http://localhost:3001/_next/static/chunks/f12ff_next_dist_compiled_react-dom_7b2f6d3d._.js:9068:186)
    at performWorkOnRootViaSchedulerTask (http://localhost:3001/_next/static/chunks/f12ff_next_dist_compiled_react-dom_7b2f6d3d._.js:10230:9)
    at MessagePort.performWorkUntilDeadline (http://localhost:3001/_next/static/chunks/f12ff_next_dist_compiled_cd863794._.js:2647:64) @ http://localhost:3001/_next/static/chunks/f12ff_next_dist_95687940._.js:3132
[  836615ms] [ERROR] IntlError: MISSING_MESSAGE: Cannot read properties of undefined (reading 'split')
    at getFallbackFromErrorAndNotify (http://localhost:3001/_next/static/chunks/node_modules__pnpm_a92eadf3._.js:7251:23)
    at translateBaseFn (http://localhost:3001/_next/static/chunks/node_modules__pnpm_a92eadf3._.js:7281:28)
    at translateFn (http://localhost:3001/_next/static/chunks/node_modules__pnpm_a92eadf3._.js:7343:24)
    at labelFor (http://localhost:3001/_next/static/chunks/_af79dd3a._.js:633:30)
    at http://localhost:3001/_next/static/chunks/_af79dd3a._.js:142:34
    at Array.map (<anonymous>)
    at RegionChoropleth (http://localhost:3001/_next/static/chunks/_af79dd3a._.js:134:43)
    at Object.react_stack_bottom_frame (http://localhost:3001/_next/static/chunks/f12ff_next_dist_compiled_react-dom_7b2f6d3d._.js:14826:24)
    at renderWithHooks (http://localhost:3001/_next/static/chunks/f12ff_next_dist_compiled_react-dom_7b2f6d3d._.js:4651:24)
    at updateFunctionComponent (http://localhost:3001/_next/static/chunks/f12ff_next_dist_compiled_react-dom_7b2f6d3d._.js:6112:21)
    at beginWork (http://localhost:3001/_next/static/chunks/f12ff_next_dist_compiled_react-dom_7b2f6d3d._.js:6708:24)
    at runWithFiberInDEV (http://localhost:3001/_next/static/chunks/f12ff_next_dist_compiled_react-dom_7b2f6d3d._.js:965:74)
    at performUnitOfWork (http://localhost:3001/_next/static/chunks/f12ff_next_dist_compiled_react-dom_7b2f6d3d._.js:9562:97)
    at workLoopSync (http://localhost:3001/_next/static/chunks/f12ff_next_dist_compiled_react-dom_7b2f6d3d._.js:9456:40)
    at renderRootSync (http://localhost:3001/_next/static/chunks/f12ff_next_dist_compiled_react-dom_7b2f6d3d._.js:9440:13)
    at performWorkOnRoot (http://localhost:3001/_next/static/chunks/f12ff_next_dist_compiled_react-dom_7b2f6d3d._.js:9068:186)
    at performWorkOnRootViaSchedulerTask (http://localhost:3001/_next/static/chunks/f12ff_next_dist_compiled_react-dom_7b2f6d3d._.js:10230:9)
    at MessagePort.performWorkUntilDeadline (http://localhost:3001/_next/static/chunks/f12ff_next_dist_compiled_cd863794._.js:2647:64) @ http://localhost:3001/_next/static/chunks/f12ff_next_dist_95687940._.js:3132
[  836616ms] [ERROR] IntlError: MISSING_MESSAGE: Cannot read properties of undefined (reading 'split')
    at getFallbackFromErrorAndNotify (http://localhost:3001/_next/static/chunks/node_modules__pnpm_a92eadf3._.js:7251:23)
    at translateBaseFn (http://localhost:3001/_next/static/chunks/node_modules__pnpm_a92eadf3._.js:7281:28)
    at translateFn (http://localhost:3001/_next/static/chunks/node_modules__pnpm_a92eadf3._.js:7343:24)
    at labelFor (http://localhost:3001/_next/static/chunks/_af79dd3a._.js:633:30)
    at http://localhost:3001/_next/static/chunks/_af79dd3a._.js:142:34
    at Array.map (<anonymous>)
    at RegionChoropleth (http://localhost:3001/_next/static/chunks/_af79dd3a._.js:134:43)
    at Object.react_stack_bottom_frame (http://localhost:3001/_next/static/chunks/f12ff_next_dist_compiled_react-dom_7b2f6d3d._.js:14826:24)
    at renderWithHooks (http://localhost:3001/_next/static/chunks/f12ff_next_dist_compiled_react-dom_7b2f6d3d._.js:4651:24)
    at updateFunctionComponent (http://localhost:3001/_next/static/chunks/f12ff_next_dist_compiled_react-dom_7b2f6d3d._.js:6112:21)
    at beginWork (http://localhost:3001/_next/static/chunks/f12ff_next_dist_compiled_react-dom_7b2f6d3d._.js:6708:24)
    at runWithFiberInDEV (http://localhost:3001/_next/static/chunks/f12ff_next_dist_compiled_react-dom_7b2f6d3d._.js:965:74)
    at performUnitOfWork (http://localhost:3001/_next/static/chunks/f12ff_next_dist_compiled_react-dom_7b2f6d3d._.js:9562:97)
    at workLoopSync (http://localhost:3001/_next/static/chunks/f12ff_next_dist_compiled_react-dom_7b2f6d3d._.js:9456:40)
    at renderRootSync (http://localhost:3001/_next/static/chunks/f12ff_next_dist_compiled_react-dom_7b2f6d3d._.js:9440:13)
    at performWorkOnRoot (http://localhost:3001/_next/static/chunks/f12ff_next_dist_compiled_react-dom_7b2f6d3d._.js:9068:186)
    at performWorkOnRootViaSchedulerTask (http://localhost:3001/_next/static/chunks/f12ff_next_dist_compiled_react-dom_7b2f6d3d._.js:10230:9)
    at MessagePort.performWorkUntilDeadline (http://localhost:3001/_next/static/chunks/f12ff_next_dist_compiled_cd863794._.js:2647:64) @ http://localhost:3001/_next/static/chunks/f12ff_next_dist_95687940._.js:3132
[  836617ms] [ERROR] IntlError: MISSING_MESSAGE: Cannot read properties of undefined (reading 'split')
    at getFallbackFromErrorAndNotify (http://localhost:3001/_next/static/chunks/node_modules__pnpm_a92eadf3._.js:7251:23)
    at translateBaseFn (http://localhost:3001/_next/static/chunks/node_modules__pnpm_a92eadf3._.js:7281:28)
    at translateFn (http://localhost:3001/_next/static/chunks/node_modules__pnpm_a92eadf3._.js:7343:24)
    at labelFor (http://localhost:3001/_next/static/chunks/_af79dd3a._.js:633:30)
    at http://localhost:3001/_next/static/chunks/_af79dd3a._.js:142:34
    at Array.map (<anonymous>)
    at RegionChoropleth (http://localhost:3001/_next/static/chunks/_af79dd3a._.js:134:43)
    at Object.react_stack_bottom_frame (http://localhost:3001/_next/static/chunks/f12ff_next_dist_compiled_react-dom_7b2f6d3d._.js:14826:24)
    at renderWithHooks (http://localhost:3001/_next/static/chunks/f12ff_next_dist_compiled_react-dom_7b2f6d3d._.js:4651:24)
    at updateFunctionComponent (http://localhost:3001/_next/static/chunks/f12ff_next_dist_compiled_react-dom_7b2f6d3d._.js:6112:21)
    at beginWork (http://localhost:3001/_next/static/chunks/f12ff_next_dist_compiled_react-dom_7b2f6d3d._.js:6708:24)
    at runWithFiberInDEV (http://localhost:3001/_next/static/chunks/f12ff_next_dist_compiled_react-dom_7b2f6d3d._.js:965:74)
    at performUnitOfWork (http://localhost:3001/_next/static/chunks/f12ff_next_dist_compiled_react-dom_7b2f6d3d._.js:9562:97)
    at workLoopSync (http://localhost:3001/_next/static/chunks/f12ff_next_dist_compiled_react-dom_7b2f6d3d._.js:9456:40)
    at renderRootSync (http://localhost:3001/_next/static/chunks/f12ff_next_dist_compiled_react-dom_7b2f6d3d._.js:9440:13)
    at performWorkOnRoot (http://localhost:3001/_next/static/chunks/f12ff_next_dist_compiled_react-dom_7b2f6d3d._.js:9068:186)
    at performWorkOnRootViaSchedulerTask (http://localhost:3001/_next/static/chunks/f12ff_next_dist_compiled_react-dom_7b2f6d3d._.js:10230:9)
    at MessagePort.performWorkUntilDeadline (http://localhost:3001/_next/static/chunks/f12ff_next_dist_compiled_cd863794._.js:2647:64) @ http://localhost:3001/_next/static/chunks/f12ff_next_dist_95687940._.js:3132
[  836617ms] [ERROR] IntlError: MISSING_MESSAGE: Cannot read properties of undefined (reading 'split')
    at getFallbackFromErrorAndNotify (http://localhost:3001/_next/static/chunks/node_modules__pnpm_a92eadf3._.js:7251:23)
    at translateBaseFn (http://localhost:3001/_next/static/chunks/node_modules__pnpm_a92eadf3._.js:7281:28)
    at translateFn (http://localhost:3001/_next/static/chunks/node_modules__pnpm_a92eadf3._.js:7343:24)
    at labelFor (http://localhost:3001/_next/static/chunks/_af79dd3a._.js:633:30)
    at http://localhost:3001/_next/static/chunks/_af79dd3a._.js:142:34
    at Array.map (<anonymous>)
    at RegionChoropleth (http://localhost:3001/_next/static/chunks/_af79dd3a._.js:134:43)
    at Object.react_stack_bottom_frame (http://localhost:3001/_next/static/chunks/f12ff_next_dist_compiled_react-dom_7b2f6d3d._.js:14826:24)
    at renderWithHooks (http://localhost:3001/_next/static/chunks/f12ff_next_dist_compiled_react-dom_7b2f6d3d._.js:4651:24)
    at updateFunctionComponent (http://localhost:3001/_next/static/chunks/f12ff_next_dist_compiled_react-dom_7b2f6d3d._.js:6112:21)
    at beginWork (http://localhost:3001/_next/static/chunks/f12ff_next_dist_compiled_react-dom_7b2f6d3d._.js:6708:24)
    at runWithFiberInDEV (http://localhost:3001/_next/static/chunks/f12ff_next_dist_compiled_react-dom_7b2f6d3d._.js:965:74)
    at performUnitOfWork (http://localhost:3001/_next/static/chunks/f12ff_next_dist_compiled_react-dom_7b2f6d3d._.js:9562:97)
    at workLoopSync (http://localhost:3001/_next/static/chunks/f12ff_next_dist_compiled_react-dom_7b2f6d3d._.js:9456:40)
    at renderRootSync (http://localhost:3001/_next/static/chunks/f12ff_next_dist_compiled_react-dom_7b2f6d3d._.js:9440:13)
    at performWorkOnRoot (http://localhost:3001/_next/static/chunks/f12ff_next_dist_compiled_react-dom_7b2f6d3d._.js:9068:186)
    at performWorkOnRootViaSchedulerTask (http://localhost:3001/_next/static/chunks/f12ff_next_dist_compiled_react-dom_7b2f6d3d._.js:10230:9)
    at MessagePort.performWorkUntilDeadline (http://localhost:3001/_next/static/chunks/f12ff_next_dist_compiled_cd863794._.js:2647:64) @ http://localhost:3001/_next/static/chunks/f12ff_next_dist_95687940._.js:3132
[  836617ms] [ERROR] IntlError: MISSING_MESSAGE: Cannot read properties of undefined (reading 'split')
    at getFallbackFromErrorAndNotify (http://localhost:3001/_next/static/chunks/node_modules__pnpm_a92eadf3._.js:7251:23)
    at translateBaseFn (http://localhost:3001/_next/static/chunks/node_modules__pnpm_a92eadf3._.js:7281:28)
    at translateFn (http://localhost:3001/_next/static/chunks/node_modules__pnpm_a92eadf3._.js:7343:24)
    at labelFor (http://localhost:3001/_next/static/chunks/_af79dd3a._.js:633:30)
    at http://localhost:3001/_next/static/chunks/_af79dd3a._.js:142:34
    at Array.map (<anonymous>)
    at RegionChoropleth (http://localhost:3001/_next/static/chunks/_af79dd3a._.js:134:43)
    at Object.react_stack_bottom_frame (http://localhost:3001/_next/static/chunks/f12ff_next_dist_compiled_react-dom_7b2f6d3d._.js:14826:24)
    at renderWithHooks (http://localhost:3001/_next/static/chunks/f12ff_next_dist_compiled_react-dom_7b2f6d3d._.js:4651:24)
    at updateFunctionComponent (http://localhost:3001/_next/static/chunks/f12ff_next_dist_compiled_react-dom_7b2f6d3d._.js:6112:21)
    at beginWork (http://localhost:3001/_next/static/chunks/f12ff_next_dist_compiled_react-dom_7b2f6d3d._.js:6708:24)
    at runWithFiberInDEV (http://localhost:3001/_next/static/chunks/f12ff_next_dist_compiled_react-dom_7b2f6d3d._.js:965:74)
    at performUnitOfWork (http://localhost:3001/_next/static/chunks/f12ff_next_dist_compiled_react-dom_7b2f6d3d._.js:9562:97)
    at workLoopSync (http://localhost:3001/_next/static/chunks/f12ff_next_dist_compiled_react-dom_7b2f6d3d._.js:9456:40)
    at renderRootSync (http://localhost:3001/_next/static/chunks/f12ff_next_dist_compiled_react-dom_7b2f6d3d._.js:9440:13)
    at performWorkOnRoot (http://localhost:3001/_next/static/chunks/f12ff_next_dist_compiled_react-dom_7b2f6d3d._.js:9068:186)
    at performWorkOnRootViaSchedulerTask (http://localhost:3001/_next/static/chunks/f12ff_next_dist_compiled_react-dom_7b2f6d3d._.js:10230:9)
    at MessagePort.performWorkUntilDeadline (http://localhost:3001/_next/static/chunks/f12ff_next_dist_compiled_cd863794._.js:2647:64) @ http://localhost:3001/_next/static/chunks/f12ff_next_dist_95687940._.js:3132
[  836617ms] [ERROR] IntlError: MISSING_MESSAGE: Cannot read properties of undefined (reading 'split')
    at getFallbackFromErrorAndNotify (http://localhost:3001/_next/static/chunks/node_modules__pnpm_a92eadf3._.js:7251:23)
    at translateBaseFn (http://localhost:3001/_next/static/chunks/node_modules__pnpm_a92eadf3._.js:7281:28)
    at translateFn (http://localhost:3001/_next/static/chunks/node_modules__pnpm_a92eadf3._.js:7343:24)
    at labelFor (http://localhost:3001/_next/static/chunks/_af79dd3a._.js:633:30)
    at http://localhost:3001/_next/static/chunks/_af79dd3a._.js:142:34
    at Array.map (<anonymous>)
    at RegionChoropleth (http://localhost:3001/_next/static/chunks/_af79dd3a._.js:134:43)
    at Object.react_stack_bottom_frame (http://localhost:3001/_next/static/chunks/f12ff_next_dist_compiled_react-dom_7b2f6d3d._.js:14826:24)
    at renderWithHooks (http://localhost:3001/_next/static/chunks/f12ff_next_dist_compiled_react-dom_7b2f6d3d._.js:4651:24)
    at updateFunctionComponent (http://localhost:3001/_next/static/chunks/f12ff_next_dist_compiled_react-dom_7b2f6d3d._.js:6112:21)
    at beginWork (http://localhost:3001/_next/static/chunks/f12ff_next_dist_compiled_react-dom_7b2f6d3d._.js:6708:24)
    at runWithFiberInDEV (http://localhost:3001/_next/static/chunks/f12ff_next_dist_compiled_react-dom_7b2f6d3d._.js:965:74)
    at performUnitOfWork (http://localhost:3001/_next/static/chunks/f12ff_next_dist_compiled_react-dom_7b2f6d3d._.js:9562:97)
    at workLoopSync (http://localhost:3001/_next/static/chunks/f12ff_next_dist_compiled_react-dom_7b2f6d3d._.js:9456:40)
    at renderRootSync (http://localhost:3001/_next/static/chunks/f12ff_next_dist_compiled_react-dom_7b2f6d3d._.js:9440:13)
    at performWorkOnRoot (http://localhost:3001/_next/static/chunks/f12ff_next_dist_compiled_react-dom_7b2f6d3d._.js:9068:186)
    at performWorkOnRootViaSchedulerTask (http://localhost:3001/_next/static/chunks/f12ff_next_dist_compiled_react-dom_7b2f6d3d._.js:10230:9)
    at MessagePort.performWorkUntilDeadline (http://localhost:3001/_next/static/chunks/f12ff_next_dist_compiled_cd863794._.js:2647:64) @ http://localhost:3001/_next/static/chunks/f12ff_next_dist_95687940._.js:3132
[  836617ms] [ERROR] IntlError: MISSING_MESSAGE: Cannot read properties of undefined (reading 'split')
    at getFallbackFromErrorAndNotify (http://localhost:3001/_next/static/chunks/node_modules__pnpm_a92eadf3._.js:7251:23)
    at translateBaseFn (http://localhost:3001/_next/static/chunks/node_modules__pnpm_a92eadf3._.js:7281:28)
    at translateFn (http://localhost:3001/_next/static/chunks/node_modules__pnpm_a92eadf3._.js:7343:24)
    at labelFor (http://localhost:3001/_next/static/chunks/_af79dd3a._.js:633:30)
    at http://localhost:3001/_next/static/chunks/_af79dd3a._.js:142:34
    at Array.map (<anonymous>)
    at RegionChoropleth (http://localhost:3001/_next/static/chunks/_af79dd3a._.js:134:43)
    at Object.react_stack_bottom_frame (http://localhost:3001/_next/static/chunks/f12ff_next_dist_compiled_react-dom_7b2f6d3d._.js:14826:24)
    at renderWithHooksAgain (http://localhost:3001/_next/static/chunks/f12ff_next_dist_compiled_react-dom_7b2f6d3d._.js:4706:24)
    at renderWithHooks (http://localhost:3001/_next/static/chunks/f12ff_next_dist_compiled_react-dom_7b2f6d3d._.js:4657:28)
    at updateFunctionComponent (http://localhost:3001/_next/static/chunks/f12ff_next_dist_compiled_react-dom_7b2f6d3d._.js:6112:21)
    at beginWork (http://localhost:3001/_next/static/chunks/f12ff_next_dist_compiled_react-dom_7b2f6d3d._.js:6708:24)
    at runWithFiberInDEV (http://localhost:3001/_next/static/chunks/f12ff_next_dist_compiled_react-dom_7b2f6d3d._.js:965:74)
    at performUnitOfWork (http://localhost:3001/_next/static/chunks/f12ff_next_dist_compiled_react-dom_7b2f6d3d._.js:9562:97)
    at workLoopSync (http://localhost:3001/_next/static/chunks/f12ff_next_dist_compiled_react-dom_7b2f6d3d._.js:9456:40)
    at renderRootSync (http://localhost:3001/_next/static/chunks/f12ff_next_dist_compiled_react-dom_7b2f6d3d._.js:9440:13)
    at performWorkOnRoot (http://localhost:3001/_next/static/chunks/f12ff_next_dist_compiled_react-dom_7b2f6d3d._.js:9068:186)
    at performWorkOnRootViaSchedulerTask (http://localhost:3001/_next/static/chunks/f12ff_next_dist_compiled_react-dom_7b2f6d3d._.js:10230:9)
    at MessagePort.performWorkUntilDeadline (http://localhost:3001/_next/static/chunks/f12ff_next_dist_compiled_cd863794._.js:2647:64) @ http://localhost:3001/_next/static/chunks/f12ff_next_dist_95687940._.js:3132
[  836617ms] [ERROR] IntlError: MISSING_MESSAGE: Cannot read properties of undefined (reading 'split')
    at getFallbackFromErrorAndNotify (http://localhost:3001/_next/static/chunks/node_modules__pnpm_a92eadf3._.js:7251:23)
    at translateBaseFn (http://localhost:3001/_next/static/chunks/node_modules__pnpm_a92eadf3._.js:7281:28)
    at translateFn (http://localhost:3001/_next/static/chunks/node_modules__pnpm_a92eadf3._.js:7343:24)
    at labelFor (http://localhost:3001/_next/static/chunks/_af79dd3a._.js:633:30)
    at http://localhost:3001/_next/static/chunks/_af79dd3a._.js:142:34
    at Array.map (<anonymous>)
    at RegionChoropleth (http://localhost:3001/_next/static/chunks/_af79dd3a._.js:134:43)
    at Object.react_stack_bottom_frame (http://localhost:3001/_next/static/chunks/f12ff_next_dist_compiled_react-dom_7b2f6d3d._.js:14826:24)
    at renderWithHooksAgain (http://localhost:3001/_next/static/chunks/f12ff_next_dist_compiled_react-dom_7b2f6d3d._.js:4706:24)
    at renderWithHooks (http://localhost:3001/_next/static/chunks/f12ff_next_dist_compiled_react-dom_7b2f6d3d._.js:4657:28)
    at updateFunctionComponent (http://localhost:3001/_next/static/chunks/f12ff_next_dist_compiled_react-dom_7b2f6d3d._.js:6112:21)
    at beginWork (http://localhost:3001/_next/static/chunks/f12ff_next_dist_compiled_react-dom_7b2f6d3d._.js:6708:24)
    at runWithFiberInDEV (http://localhost:3001/_next/static/chunks/f12ff_next_dist_compiled_react-dom_7b2f6d3d._.js:965:74)
    at performUnitOfWork (http://localhost:3001/_next/static/chunks/f12ff_next_dist_compiled_react-dom_7b2f6d3d._.js:9562:97)
    at workLoopSync (http://localhost:3001/_next/static/chunks/f12ff_next_dist_compiled_react-dom_7b2f6d3d._.js:9456:40)
    at renderRootSync (http://localhost:3001/_next/static/chunks/f12ff_next_dist_compiled_react-dom_7b2f6d3d._.js:9440:13)
    at performWorkOnRoot (http://localhost:3001/_next/static/chunks/f12ff_next_dist_compiled_react-dom_7b2f6d3d._.js:9068:186)
    at performWorkOnRootViaSchedulerTask (http://localhost:3001/_next/static/chunks/f12ff_next_dist_compiled_react-dom_7b2f6d3d._.js:10230:9)
    at MessagePort.performWorkUntilDeadline (http://localhost:3001/_next/static/chunks/f12ff_next_dist_compiled_cd863794._.js:2647:64) @ http://localhost:3001/_next/static/chunks/f12ff_next_dist_95687940._.js:3132
[  836617ms] [ERROR] IntlError: MISSING_MESSAGE: Cannot read properties of undefined (reading 'split')
    at getFallbackFromErrorAndNotify (http://localhost:3001/_next/static/chunks/node_modules__pnpm_a92eadf3._.js:7251:23)
    at translateBaseFn (http://localhost:3001/_next/static/chunks/node_modules__pnpm_a92eadf3._.js:7281:28)
    at translateFn (http://localhost:3001/_next/static/chunks/node_modules__pnpm_a92eadf3._.js:7343:24)
    at labelFor (http://localhost:3001/_next/static/chunks/_af79dd3a._.js:633:30)
    at http://localhost:3001/_next/static/chunks/_af79dd3a._.js:142:34
    at Array.map (<anonymous>)
    at RegionChoropleth (http://localhost:3001/_next/static/chunks/_af79dd3a._.js:134:43)
    at Object.react_stack_bottom_frame (http://localhost:3001/_next/static/chunks/f12ff_next_dist_compiled_react-dom_7b2f6d3d._.js:14826:24)
    at renderWithHooksAgain (http://localhost:3001/_next/static/chunks/f12ff_next_dist_compiled_react-dom_7b2f6d3d._.js:4706:24)
    at renderWithHooks (http://localhost:3001/_next/static/chunks/f12ff_next_dist_compiled_react-dom_7b2f6d3d._.js:4657:28)
    at updateFunctionComponent (http://localhost:3001/_next/static/chunks/f12ff_next_dist_compiled_react-dom_7b2f6d3d._.js:6112:21)
    at beginWork (http://localhost:3001/_next/static/chunks/f12ff_next_dist_compiled_react-dom_7b2f6d3d._.js:6708:24)
    at runWithFiberInDEV (http://localhost:3001/_next/static/chunks/f12ff_next_dist_compiled_react-dom_7b2f6d3d._.js:965:74)
    at performUnitOfWork (http://localhost:3001/_next/static/chunks/f12ff_next_dist_compiled_react-dom_7b2f6d3d._.js:9562:97)
    at workLoopSync (http://localhost:3001/_next/static/chunks/f12ff_next_dist_compiled_react-dom_7b2f6d3d._.js:9456:40)
    at renderRootSync (http://localhost:3001/_next/static/chunks/f12ff_next_dist_compiled_react-dom_7b2f6d3d._.js:9440:13)
    at performWorkOnRoot (http://localhost:3001/_next/static/chunks/f12ff_next_dist_compiled_react-dom_7b2f6d3d._.js:9068:186)
    at performWorkOnRootViaSchedulerTask (http://localhost:3001/_next/static/chunks/f12ff_next_dist_compiled_react-dom_7b2f6d3d._.js:10230:9)
    at MessagePort.performWorkUntilDeadline (http://localhost:3001/_next/static/chunks/f12ff_next_dist_compiled_cd863794._.js:2647:64) @ http://localhost:3001/_next/static/chunks/f12ff_next_dist_95687940._.js:3132
[  836617ms] [ERROR] IntlError: MISSING_MESSAGE: Cannot read properties of undefined (reading 'split')
    at getFallbackFromErrorAndNotify (http://localhost:3001/_next/static/chunks/node_modules__pnpm_a92eadf3._.js:7251:23)
    at translateBaseFn (http://localhost:3001/_next/static/chunks/node_modules__pnpm_a92eadf3._.js:7281:28)
    at translateFn (http://localhost:3001/_next/static/chunks/node_modules__pnpm_a92eadf3._.js:7343:24)
    at labelFor (http://localhost:3001/_next/static/chunks/_af79dd3a._.js:633:30)
    at http://localhost:3001/_next/static/chunks/_af79dd3a._.js:142:34
    at Array.map (<anonymous>)
    at RegionChoropleth (http://localhost:3001/_next/static/chunks/_af79dd3a._.js:134:43)
    at Object.react_stack_bottom_frame (http://localhost:3001/_next/static/chunks/f12ff_next_dist_compiled_react-dom_7b2f6d3d._.js:14826:24)
    at renderWithHooksAgain (http://localhost:3001/_next/static/chunks/f12ff_next_dist_compiled_react-dom_7b2f6d3d._.js:4706:24)
    at renderWithHooks (http://localhost:3001/_next/static/chunks/f12ff_next_dist_compiled_react-dom_7b2f6d3d._.js:4657:28)
    at updateFunctionComponent (http://localhost:3001/_next/static/chunks/f12ff_next_dist_compiled_react-dom_7b2f6d3d._.js:6112:21)
    at beginWork (http://localhost:3001/_next/static/chunks/f12ff_next_dist_compiled_react-dom_7b2f6d3d._.js:6708:24)
    at runWithFiberInDEV (http://localhost:3001/_next/static/chunks/f12ff_next_dist_compiled_react-dom_7b2f6d3d._.js:965:74)
    at performUnitOfWork (http://localhost:3001/_next/static/chunks/f12ff_next_dist_compiled_react-dom_7b2f6d3d._.js:9562:97)
    at workLoopSync (http://localhost:3001/_next/static/chunks/f12ff_next_dist_compiled_react-dom_7b2f6d3d._.js:9456:40)
    at renderRootSync (http://localhost:3001/_next/static/chunks/f12ff_next_dist_compiled_react-dom_7b2f6d3d._.js:9440:13)
    at performWorkOnRoot (http://localhost:3001/_next/static/chunks/f12ff_next_dist_compiled_react-dom_7b2f6d3d._.js:9068:186)
    at performWorkOnRootViaSchedulerTask (http://localhost:3001/_next/static/chunks/f12ff_next_dist_compiled_react-dom_7b2f6d3d._.js:10230:9)
    at MessagePort.performWorkUntilDeadline (http://localhost:3001/_next/static/chunks/f12ff_next_dist_compiled_cd863794._.js:2647:64) @ http://localhost:3001/_next/static/chunks/f12ff_next_dist_95687940._.js:3132
[  836618ms] [ERROR] IntlError: MISSING_MESSAGE: Cannot read properties of undefined (reading 'split')
    at getFallbackFromErrorAndNotify (http://localhost:3001/_next/static/chunks/node_modules__pnpm_a92eadf3._.js:7251:23)
    at translateBaseFn (http://localhost:3001/_next/static/chunks/node_modules__pnpm_a92eadf3._.js:7281:28)
    at translateFn (http://localhost:3001/_next/static/chunks/node_modules__pnpm_a92eadf3._.js:7343:24)
    at labelFor (http://localhost:3001/_next/static/chunks/_af79dd3a._.js:633:30)
    at http://localhost:3001/_next/static/chunks/_af79dd3a._.js:142:34
    at Array.map (<anonymous>)
    at RegionChoropleth (http://localhost:3001/_next/static/chunks/_af79dd3a._.js:134:43)
    at Object.react_stack_bottom_frame (http://localhost:3001/_next/static/chunks/f12ff_next_dist_compiled_react-dom_7b2f6d3d._.js:14826:24)
    at renderWithHooksAgain (http://localhost:3001/_next/static/chunks/f12ff_next_dist_compiled_react-dom_7b2f6d3d._.js:4706:24)
    at renderWithHooks (http://localhost:3001/_next/static/chunks/f12ff_next_dist_compiled_react-dom_7b2f6d3d._.js:4657:28)
    at updateFunctionComponent (http://localhost:3001/_next/static/chunks/f12ff_next_dist_compiled_react-dom_7b2f6d3d._.js:6112:21)
    at beginWork (http://localhost:3001/_next/static/chunks/f12ff_next_dist_compiled_react-dom_7b2f6d3d._.js:6708:24)
    at runWithFiberInDEV (http://localhost:3001/_next/static/chunks/f12ff_next_dist_compiled_react-dom_7b2f6d3d._.js:965:74)
    at performUnitOfWork (http://localhost:3001/_next/static/chunks/f12ff_next_dist_compiled_react-dom_7b2f6d3d._.js:9562:97)
    at workLoopSync (http://localhost:3001/_next/static/chunks/f12ff_next_dist_compiled_react-dom_7b2f6d3d._.js:9456:40)
    at renderRootSync (http://localhost:3001/_next/static/chunks/f12ff_next_dist_compiled_react-dom_7b2f6d3d._.js:9440:13)
    at performWorkOnRoot (http://localhost:3001/_next/static/chunks/f12ff_next_dist_compiled_react-dom_7b2f6d3d._.js:9068:186)
    at performWorkOnRootViaSchedulerTask (http://localhost:3001/_next/static/chunks/f12ff_next_dist_compiled_react-dom_7b2f6d3d._.js:10230:9)
    at MessagePort.performWorkUntilDeadline (http://localhost:3001/_next/static/chunks/f12ff_next_dist_compiled_cd863794._.js:2647:64) @ http://localhost:3001/_next/static/chunks/f12ff_next_dist_95687940._.js:3132
[  836618ms] [ERROR] IntlError: MISSING_MESSAGE: Cannot read properties of undefined (reading 'split')
    at getFallbackFromErrorAndNotify (http://localhost:3001/_next/static/chunks/node_modules__pnpm_a92eadf3._.js:7251:23)
    at translateBaseFn (http://localhost:3001/_next/static/chunks/node_modules__pnpm_a92eadf3._.js:7281:28)
    at translateFn (http://localhost:3001/_next/static/chunks/node_modules__pnpm_a92eadf3._.js:7343:24)
    at labelFor (http://localhost:3001/_next/static/chunks/_af79dd3a._.js:633:30)
    at http://localhost:3001/_next/static/chunks/_af79dd3a._.js:142:34
    at Array.map (<anonymous>)
    at RegionChoropleth (http://localhost:3001/_next/static/chunks/_af79dd3a._.js:134:43)
    at Object.react_stack_bottom_frame (http://localhost:3001/_next/static/chunks/f12ff_next_dist_compiled_react-dom_7b2f6d3d._.js:14826:24)
    at renderWithHooksAgain (http://localhost:3001/_next/static/chunks/f12ff_next_dist_compiled_react-dom_7b2f6d3d._.js:4706:24)
    at renderWithHooks (http://localhost:3001/_next/static/chunks/f12ff_next_dist_compiled_react-dom_7b2f6d3d._.js:4657:28)
    at updateFunctionComponent (http://localhost:3001/_next/static/chunks/f12ff_next_dist_compiled_react-dom_7b2f6d3d._.js:6112:21)
    at beginWork (http://localhost:3001/_next/static/chunks/f12ff_next_dist_compiled_react-dom_7b2f6d3d._.js:6708:24)
    at runWithFiberInDEV (http://localhost:3001/_next/static/chunks/f12ff_next_dist_compiled_react-dom_7b2f6d3d._.js:965:74)
    at performUnitOfWork (http://localhost:3001/_next/static/chunks/f12ff_next_dist_compiled_react-dom_7b2f6d3d._.js:9562:97)
    at workLoopSync (http://localhost:3001/_next/static/chunks/f12ff_next_dist_compiled_react-dom_7b2f6d3d._.js:9456:40)
    at renderRootSync (http://localhost:3001/_next/static/chunks/f12ff_next_dist_compiled_react-dom_7b2f6d3d._.js:9440:13)
    at performWorkOnRoot (http://localhost:3001/_next/static/chunks/f12ff_next_dist_compiled_react-dom_7b2f6d3d._.js:9068:186)
    at performWorkOnRootViaSchedulerTask (http://localhost:3001/_next/static/chunks/f12ff_next_dist_compiled_react-dom_7b2f6d3d._.js:10230:9)
    at MessagePort.performWorkUntilDeadline (http://localhost:3001/_next/static/chunks/f12ff_next_dist_compiled_cd863794._.js:2647:64) @ http://localhost:3001/_next/static/chunks/f12ff_next_dist_95687940._.js:3132
[  836618ms] [ERROR] IntlError: MISSING_MESSAGE: Cannot read properties of undefined (reading 'split')
    at getFallbackFromErrorAndNotify (http://localhost:3001/_next/static/chunks/node_modules__pnpm_a92eadf3._.js:7251:23)
    at translateBaseFn (http://localhost:3001/_next/static/chunks/node_modules__pnpm_a92eadf3._.js:7281:28)
    at translateFn (http://localhost:3001/_next/static/chunks/node_modules__pnpm_a92eadf3._.js:7343:24)
    at labelFor (http://localhost:3001/_next/static/chunks/_af79dd3a._.js:633:30)
    at http://localhost:3001/_next/static/chunks/_af79dd3a._.js:142:34
    at Array.map (<anonymous>)
    at RegionChoropleth (http://localhost:3001/_next/static/chunks/_af79dd3a._.js:134:43)
    at Object.react_stack_bottom_frame (http://localhost:3001/_next/static/chunks/f12ff_next_dist_compiled_react-dom_7b2f6d3d._.js:14826:24)
    at renderWithHooksAgain (http://localhost:3001/_next/static/chunks/f12ff_next_dist_compiled_react-dom_7b2f6d3d._.js:4706:24)
    at renderWithHooks (http://localhost:3001/_next/static/chunks/f12ff_next_dist_compiled_react-dom_7b2f6d3d._.js:4657:28)
    at updateFunctionComponent (http://localhost:3001/_next/static/chunks/f12ff_next_dist_compiled_react-dom_7b2f6d3d._.js:6112:21)
    at beginWork (http://localhost:3001/_next/static/chunks/f12ff_next_dist_compiled_react-dom_7b2f6d3d._.js:6708:24)
    at runWithFiberInDEV (http://localhost:3001/_next/static/chunks/f12ff_next_dist_compiled_react-dom_7b2f6d3d._.js:965:74)
    at performUnitOfWork (http://localhost:3001/_next/static/chunks/f12ff_next_dist_compiled_react-dom_7b2f6d3d._.js:9562:97)
    at workLoopSync (http://localhost:3001/_next/static/chunks/f12ff_next_dist_compiled_react-dom_7b2f6d3d._.js:9456:40)
    at renderRootSync (http://localhost:3001/_next/static/chunks/f12ff_next_dist_compiled_react-dom_7b2f6d3d._.js:9440:13)
    at performWorkOnRoot (http://localhost:3001/_next/static/chunks/f12ff_next_dist_compiled_react-dom_7b2f6d3d._.js:9068:186)
    at performWorkOnRootViaSchedulerTask (http://localhost:3001/_next/static/chunks/f12ff_next_dist_compiled_react-dom_7b2f6d3d._.js:10230:9)
    at MessagePort.performWorkUntilDeadline (http://localhost:3001/_next/static/chunks/f12ff_next_dist_compiled_cd863794._.js:2647:64) @ http://localhost:3001/_next/static/chunks/f12ff_next_dist_95687940._.js:3132
[  837359ms] [ERROR] IntlError: MISSING_MESSAGE: Cannot read properties of undefined (reading 'split')
    at getFallbackFromErrorAndNotify (http://localhost:3001/_next/static/chunks/node_modules__pnpm_a92eadf3._.js:7251:23)
    at translateBaseFn (http://localhost:3001/_next/static/chunks/node_modules__pnpm_a92eadf3._.js:7281:28)
    at translateFn (http://localhost:3001/_next/static/chunks/node_modules__pnpm_a92eadf3._.js:7343:24)
    at labelFor (http://localhost:3001/_next/static/chunks/_af79dd3a._.js:633:30)
    at http://localhost:3001/_next/static/chunks/_af79dd3a._.js:142:34
    at Array.map (<anonymous>)
    at RegionChoropleth (http://localhost:3001/_next/static/chunks/_af79dd3a._.js:134:43)
    at Object.react_stack_bottom_frame (http://localhost:3001/_next/static/chunks/f12ff_next_dist_compiled_react-dom_7b2f6d3d._.js:14826:24)
    at renderWithHooks (http://localhost:3001/_next/static/chunks/f12ff_next_dist_compiled_react-dom_7b2f6d3d._.js:4651:24)
    at updateFunctionComponent (http://localhost:3001/_next/static/chunks/f12ff_next_dist_compiled_react-dom_7b2f6d3d._.js:6112:21)
    at beginWork (http://localhost:3001/_next/static/chunks/f12ff_next_dist_compiled_react-dom_7b2f6d3d._.js:6708:24)
    at runWithFiberInDEV (http://localhost:3001/_next/static/chunks/f12ff_next_dist_compiled_react-dom_7b2f6d3d._.js:965:74)
    at performUnitOfWork (http://localhost:3001/_next/static/chunks/f12ff_next_dist_compiled_react-dom_7b2f6d3d._.js:9562:97)
    at workLoopSync (http://localhost:3001/_next/static/chunks/f12ff_next_dist_compiled_react-dom_7b2f6d3d._.js:9456:40)
    at renderRootSync (http://localhost:3001/_next/static/chunks/f12ff_next_dist_compiled_react-dom_7b2f6d3d._.js:9440:13)
    at performWorkOnRoot (http://localhost:3001/_next/static/chunks/f12ff_next_dist_compiled_react-dom_7b2f6d3d._.js:9068:186)
    at performSyncWorkOnRoot (http://localhost:3001/_next/static/chunks/f12ff_next_dist_compiled_react-dom_7b2f6d3d._.js:10238:9)
    at flushSyncWorkAcrossRoots_impl (http://localhost:3001/_next/static/chunks/f12ff_next_dist_compiled_react-dom_7b2f6d3d._.js:10154:316)
    at processRootScheduleInMicrotask (http://localhost:3001/_next/static/chunks/f12ff_next_dist_compiled_react-dom_7b2f6d3d._.js:10175:106)
    at http://localhost:3001/_next/static/chunks/f12ff_next_dist_compiled_react-dom_7b2f6d3d._.js:10249:158 @ http://localhost:3001/_next/static/chunks/f12ff_next_dist_95687940._.js:3132
[  837359ms] [ERROR] IntlError: MISSING_MESSAGE: Cannot read properties of undefined (reading 'split')
    at getFallbackFromErrorAndNotify (http://localhost:3001/_next/static/chunks/node_modules__pnpm_a92eadf3._.js:7251:23)
    at translateBaseFn (http://localhost:3001/_next/static/chunks/node_modules__pnpm_a92eadf3._.js:7281:28)
    at translateFn (http://localhost:3001/_next/static/chunks/node_modules__pnpm_a92eadf3._.js:7343:24)
    at labelFor (http://localhost:3001/_next/static/chunks/_af79dd3a._.js:633:30)
    at http://localhost:3001/_next/static/chunks/_af79dd3a._.js:142:34
    at Array.map (<anonymous>)
    at RegionChoropleth (http://localhost:3001/_next/static/chunks/_af79dd3a._.js:134:43)
    at Object.react_stack_bottom_frame (http://localhost:3001/_next/static/chunks/f12ff_next_dist_compiled_react-dom_7b2f6d3d._.js:14826:24)
    at renderWithHooks (http://localhost:3001/_next/static/chunks/f12ff_next_dist_compiled_react-dom_7b2f6d3d._.js:4651:24)
    at updateFunctionComponent (http://localhost:3001/_next/static/chunks/f12ff_next_dist_compiled_react-dom_7b2f6d3d._.js:6112:21)
    at beginWork (http://localhost:3001/_next/static/chunks/f12ff_next_dist_compiled_react-dom_7b2f6d3d._.js:6708:24)
    at runWithFiberInDEV (http://localhost:3001/_next/static/chunks/f12ff_next_dist_compiled_react-dom_7b2f6d3d._.js:965:74)
    at performUnitOfWork (http://localhost:3001/_next/static/chunks/f12ff_next_dist_compiled_react-dom_7b2f6d3d._.js:9562:97)
    at workLoopSync (http://localhost:3001/_next/static/chunks/f12ff_next_dist_compiled_react-dom_7b2f6d3d._.js:9456:40)
    at renderRootSync (http://localhost:3001/_next/static/chunks/f12ff_next_dist_compiled_react-dom_7b2f6d3d._.js:9440:13)
    at performWorkOnRoot (http://localhost:3001/_next/static/chunks/f12ff_next_dist_compiled_react-dom_7b2f6d3d._.js:9068:186)
    at performSyncWorkOnRoot (http://localhost:3001/_next/static/chunks/f12ff_next_dist_compiled_react-dom_7b2f6d3d._.js:10238:9)
    at flushSyncWorkAcrossRoots_impl (http://localhost:3001/_next/static/chunks/f12ff_next_dist_compiled_react-dom_7b2f6d3d._.js:10154:316)
    at processRootScheduleInMicrotask (http://localhost:3001/_next/static/chunks/f12ff_next_dist_compiled_react-dom_7b2f6d3d._.js:10175:106)
    at http://localhost:3001/_next/static/chunks/f12ff_next_dist_compiled_react-dom_7b2f6d3d._.js:10249:158 @ http://localhost:3001/_next/static/chunks/f12ff_next_dist_95687940._.js:3132
[  837359ms] [ERROR] IntlError: MISSING_MESSAGE: Cannot read properties of undefined (reading 'split')
    at getFallbackFromErrorAndNotify (http://localhost:3001/_next/static/chunks/node_modules__pnpm_a92eadf3._.js:7251:23)
    at translateBaseFn (http://localhost:3001/_next/static/chunks/node_modules__pnpm_a92eadf3._.js:7281:28)
    at translateFn (http://localhost:3001/_next/static/chunks/node_modules__pnpm_a92eadf3._.js:7343:24)
    at labelFor (http://localhost:3001/_next/static/chunks/_af79dd3a._.js:633:30)
    at http://localhost:3001/_next/static/chunks/_af79dd3a._.js:142:34
    at Array.map (<anonymous>)
    at RegionChoropleth (http://localhost:3001/_next/static/chunks/_af79dd3a._.js:134:43)
    at Object.react_stack_bottom_frame (http://localhost:3001/_next/static/chunks/f12ff_next_dist_compiled_react-dom_7b2f6d3d._.js:14826:24)
    at renderWithHooks (http://localhost:3001/_next/static/chunks/f12ff_next_dist_compiled_react-dom_7b2f6d3d._.js:4651:24)
    at updateFunctionComponent (http://localhost:3001/_next/static/chunks/f12ff_next_dist_compiled_react-dom_7b2f6d3d._.js:6112:21)
    at beginWork (http://localhost:3001/_next/static/chunks/f12ff_next_dist_compiled_react-dom_7b2f6d3d._.js:6708:24)
    at runWithFiberInDEV (http://localhost:3001/_next/static/chunks/f12ff_next_dist_compiled_react-dom_7b2f6d3d._.js:965:74)
    at performUnitOfWork (http://localhost:3001/_next/static/chunks/f12ff_next_dist_compiled_react-dom_7b2f6d3d._.js:9562:97)
    at workLoopSync (http://localhost:3001/_next/static/chunks/f12ff_next_dist_compiled_react-dom_7b2f6d3d._.js:9456:40)
    at renderRootSync (http://localhost:3001/_next/static/chunks/f12ff_next_dist_compiled_react-dom_7b2f6d3d._.js:9440:13)
    at performWorkOnRoot (http://localhost:3001/_next/static/chunks/f12ff_next_dist_compiled_react-dom_7b2f6d3d._.js:9068:186)
    at performSyncWorkOnRoot (http://localhost:3001/_next/static/chunks/f12ff_next_dist_compiled_react-dom_7b2f6d3d._.js:10238:9)
    at flushSyncWorkAcrossRoots_impl (http://localhost:3001/_next/static/chunks/f12ff_next_dist_compiled_react-dom_7b2f6d3d._.js:10154:316)
    at processRootScheduleInMicrotask (http://localhost:3001/_next/static/chunks/f12ff_next_dist_compiled_react-dom_7b2f6d3d._.js:10175:106)
    at http://localhost:3001/_next/static/chunks/f12ff_next_dist_compiled_react-dom_7b2f6d3d._.js:10249:158 @ http://localhost:3001/_next/static/chunks/f12ff_next_dist_95687940._.js:3132
[  837359ms] [ERROR] IntlError: MISSING_MESSAGE: Cannot read properties of undefined (reading 'split')
    at getFallbackFromErrorAndNotify (http://localhost:3001/_next/static/chunks/node_modules__pnpm_a92eadf3._.js:7251:23)
    at translateBaseFn (http://localhost:3001/_next/static/chunks/node_modules__pnpm_a92eadf3._.js:7281:28)
    at translateFn (http://localhost:3001/_next/static/chunks/node_modules__pnpm_a92eadf3._.js:7343:24)
    at labelFor (http://localhost:3001/_next/static/chunks/_af79dd3a._.js:633:30)
    at http://localhost:3001/_next/static/chunks/_af79dd3a._.js:142:34
    at Array.map (<anonymous>)
    at RegionChoropleth (http://localhost:3001/_next/static/chunks/_af79dd3a._.js:134:43)
    at Object.react_stack_bottom_frame (http://localhost:3001/_next/static/chunks/f12ff_next_dist_compiled_react-dom_7b2f6d3d._.js:14826:24)
    at renderWithHooks (http://localhost:3001/_next/static/chunks/f12ff_next_dist_compiled_react-dom_7b2f6d3d._.js:4651:24)
    at updateFunctionComponent (http://localhost:3001/_next/static/chunks/f12ff_next_dist_compiled_react-dom_7b2f6d3d._.js:6112:21)
    at beginWork (http://localhost:3001/_next/static/chunks/f12ff_next_dist_compiled_react-dom_7b2f6d3d._.js:6708:24)
    at runWithFiberInDEV (http://localhost:3001/_next/static/chunks/f12ff_next_dist_compiled_react-dom_7b2f6d3d._.js:965:74)
    at performUnitOfWork (http://localhost:3001/_next/static/chunks/f12ff_next_dist_compiled_react-dom_7b2f6d3d._.js:9562:97)
    at workLoopSync (http://localhost:3001/_next/static/chunks/f12ff_next_dist_compiled_react-dom_7b2f6d3d._.js:9456:40)
    at renderRootSync (http://localhost:3001/_next/static/chunks/f12ff_next_dist_compiled_react-dom_7b2f6d3d._.js:9440:13)
    at performWorkOnRoot (http://localhost:3001/_next/static/chunks/f12ff_next_dist_compiled_react-dom_7b2f6d3d._.js:9068:186)
    at performSyncWorkOnRoot (http://localhost:3001/_next/static/chunks/f12ff_next_dist_compiled_react-dom_7b2f6d3d._.js:10238:9)
    at flushSyncWorkAcrossRoots_impl (http://localhost:3001/_next/static/chunks/f12ff_next_dist_compiled_react-dom_7b2f6d3d._.js:10154:316)
    at processRootScheduleInMicrotask (http://localhost:3001/_next/static/chunks/f12ff_next_dist_compiled_react-dom_7b2f6d3d._.js:10175:106)
    at http://localhost:3001/_next/static/chunks/f12ff_next_dist_compiled_react-dom_7b2f6d3d._.js:10249:158 @ http://localhost:3001/_next/static/chunks/f12ff_next_dist_95687940._.js:3132
[  837359ms] [ERROR] IntlError: MISSING_MESSAGE: Cannot read properties of undefined (reading 'split')
    at getFallbackFromErrorAndNotify (http://localhost:3001/_next/static/chunks/node_modules__pnpm_a92eadf3._.js:7251:23)
    at translateBaseFn (http://localhost:3001/_next/static/chunks/node_modules__pnpm_a92eadf3._.js:7281:28)
    at translateFn (http://localhost:3001/_next/static/chunks/node_modules__pnpm_a92eadf3._.js:7343:24)
    at labelFor (http://localhost:3001/_next/static/chunks/_af79dd3a._.js:633:30)
    at http://localhost:3001/_next/static/chunks/_af79dd3a._.js:142:34
    at Array.map (<anonymous>)
    at RegionChoropleth (http://localhost:3001/_next/static/chunks/_af79dd3a._.js:134:43)
    at Object.react_stack_bottom_frame (http://localhost:3001/_next/static/chunks/f12ff_next_dist_compiled_react-dom_7b2f6d3d._.js:14826:24)
    at renderWithHooks (http://localhost:3001/_next/static/chunks/f12ff_next_dist_compiled_react-dom_7b2f6d3d._.js:4651:24)
    at updateFunctionComponent (http://localhost:3001/_next/static/chunks/f12ff_next_dist_compiled_react-dom_7b2f6d3d._.js:6112:21)
    at beginWork (http://localhost:3001/_next/static/chunks/f12ff_next_dist_compiled_react-dom_7b2f6d3d._.js:6708:24)
    at runWithFiberInDEV (http://localhost:3001/_next/static/chunks/f12ff_next_dist_compiled_react-dom_7b2f6d3d._.js:965:74)
    at performUnitOfWork (http://localhost:3001/_next/static/chunks/f12ff_next_dist_compiled_react-dom_7b2f6d3d._.js:9562:97)
    at workLoopSync (http://localhost:3001/_next/static/chunks/f12ff_next_dist_compiled_react-dom_7b2f6d3d._.js:9456:40)
    at renderRootSync (http://localhost:3001/_next/static/chunks/f12ff_next_dist_compiled_react-dom_7b2f6d3d._.js:9440:13)
    at performWorkOnRoot (http://localhost:3001/_next/static/chunks/f12ff_next_dist_compiled_react-dom_7b2f6d3d._.js:9068:186)
    at performSyncWorkOnRoot (http://localhost:3001/_next/static/chunks/f12ff_next_dist_compiled_react-dom_7b2f6d3d._.js:10238:9)
    at flushSyncWorkAcrossRoots_impl (http://localhost:3001/_next/static/chunks/f12ff_next_dist_compiled_react-dom_7b2f6d3d._.js:10154:316)
    at processRootScheduleInMicrotask (http://localhost:3001/_next/static/chunks/f12ff_next_dist_compiled_react-dom_7b2f6d3d._.js:10175:106)
    at http://localhost:3001/_next/static/chunks/f12ff_next_dist_compiled_react-dom_7b2f6d3d._.js:10249:158 @ http://localhost:3001/_next/static/chunks/f12ff_next_dist_95687940._.js:3132
[  837359ms] [ERROR] IntlError: MISSING_MESSAGE: Cannot read properties of undefined (reading 'split')
    at getFallbackFromErrorAndNotify (http://localhost:3001/_next/static/chunks/node_modules__pnpm_a92eadf3._.js:7251:23)
    at translateBaseFn (http://localhost:3001/_next/static/chunks/node_modules__pnpm_a92eadf3._.js:7281:28)
    at translateFn (http://localhost:3001/_next/static/chunks/node_modules__pnpm_a92eadf3._.js:7343:24)
    at labelFor (http://localhost:3001/_next/static/chunks/_af79dd3a._.js:633:30)
    at http://localhost:3001/_next/static/chunks/_af79dd3a._.js:142:34
    at Array.map (<anonymous>)
    at RegionChoropleth (http://localhost:3001/_next/static/chunks/_af79dd3a._.js:134:43)
    at Object.react_stack_bottom_frame (http://localhost:3001/_next/static/chunks/f12ff_next_dist_compiled_react-dom_7b2f6d3d._.js:14826:24)
    at renderWithHooks (http://localhost:3001/_next/static/chunks/f12ff_next_dist_compiled_react-dom_7b2f6d3d._.js:4651:24)
    at updateFunctionComponent (http://localhost:3001/_next/static/chunks/f12ff_next_dist_compiled_react-dom_7b2f6d3d._.js:6112:21)
    at beginWork (http://localhost:3001/_next/static/chunks/f12ff_next_dist_compiled_react-dom_7b2f6d3d._.js:6708:24)
    at runWithFiberInDEV (http://localhost:3001/_next/static/chunks/f12ff_next_dist_compiled_react-dom_7b2f6d3d._.js:965:74)
    at performUnitOfWork (http://localhost:3001/_next/static/chunks/f12ff_next_dist_compiled_react-dom_7b2f6d3d._.js:9562:97)
    at workLoopSync (http://localhost:3001/_next/static/chunks/f12ff_next_dist_compiled_react-dom_7b2f6d3d._.js:9456:40)
    at renderRootSync (http://localhost:3001/_next/static/chunks/f12ff_next_dist_compiled_react-dom_7b2f6d3d._.js:9440:13)
    at performWorkOnRoot (http://localhost:3001/_next/static/chunks/f12ff_next_dist_compiled_react-dom_7b2f6d3d._.js:9068:186)
    at performSyncWorkOnRoot (http://localhost:3001/_next/static/chunks/f12ff_next_dist_compiled_react-dom_7b2f6d3d._.js:10238:9)
    at flushSyncWorkAcrossRoots_impl (http://localhost:3001/_next/static/chunks/f12ff_next_dist_compiled_react-dom_7b2f6d3d._.js:10154:316)
    at processRootScheduleInMicrotask (http://localhost:3001/_next/static/chunks/f12ff_next_dist_compiled_react-dom_7b2f6d3d._.js:10175:106)
    at http://localhost:3001/_next/static/chunks/f12ff_next_dist_compiled_react-dom_7b2f6d3d._.js:10249:158 @ http://localhost:3001/_next/static/chunks/f12ff_next_dist_95687940._.js:3132
[  837360ms] [ERROR] IntlError: MISSING_MESSAGE: Cannot read properties of undefined (reading 'split')
    at getFallbackFromErrorAndNotify (http://localhost:3001/_next/static/chunks/node_modules__pnpm_a92eadf3._.js:7251:23)
    at translateBaseFn (http://localhost:3001/_next/static/chunks/node_modules__pnpm_a92eadf3._.js:7281:28)
    at translateFn (http://localhost:3001/_next/static/chunks/node_modules__pnpm_a92eadf3._.js:7343:24)
    at labelFor (http://localhost:3001/_next/static/chunks/_af79dd3a._.js:633:30)
    at http://localhost:3001/_next/static/chunks/_af79dd3a._.js:142:34
    at Array.map (<anonymous>)
    at RegionChoropleth (http://localhost:3001/_next/static/chunks/_af79dd3a._.js:134:43)
    at Object.react_stack_bottom_frame (http://localhost:3001/_next/static/chunks/f12ff_next_dist_compiled_react-dom_7b2f6d3d._.js:14826:24)
    at renderWithHooks (http://localhost:3001/_next/static/chunks/f12ff_next_dist_compiled_react-dom_7b2f6d3d._.js:4651:24)
    at updateFunctionComponent (http://localhost:3001/_next/static/chunks/f12ff_next_dist_compiled_react-dom_7b2f6d3d._.js:6112:21)
    at beginWork (http://localhost:3001/_next/static/chunks/f12ff_next_dist_compiled_react-dom_7b2f6d3d._.js:6708:24)
    at runWithFiberInDEV (http://localhost:3001/_next/static/chunks/f12ff_next_dist_compiled_react-dom_7b2f6d3d._.js:965:74)
    at performUnitOfWork (http://localhost:3001/_next/static/chunks/f12ff_next_dist_compiled_react-dom_7b2f6d3d._.js:9562:97)
    at workLoopSync (http://localhost:3001/_next/static/chunks/f12ff_next_dist_compiled_react-dom_7b2f6d3d._.js:9456:40)
    at renderRootSync (http://localhost:3001/_next/static/chunks/f12ff_next_dist_compiled_react-dom_7b2f6d3d._.js:9440:13)
    at performWorkOnRoot (http://localhost:3001/_next/static/chunks/f12ff_next_dist_compiled_react-dom_7b2f6d3d._.js:9068:186)
    at performSyncWorkOnRoot (http://localhost:3001/_next/static/chunks/f12ff_next_dist_compiled_react-dom_7b2f6d3d._.js:10238:9)
    at flushSyncWorkAcrossRoots_impl (http://localhost:3001/_next/static/chunks/f12ff_next_dist_compiled_react-dom_7b2f6d3d._.js:10154:316)
    at processRootScheduleInMicrotask (http://localhost:3001/_next/static/chunks/f12ff_next_dist_compiled_react-dom_7b2f6d3d._.js:10175:106)
    at http://localhost:3001/_next/static/chunks/f12ff_next_dist_compiled_react-dom_7b2f6d3d._.js:10249:158 @ http://localhost:3001/_next/static/chunks/f12ff_next_dist_95687940._.js:3132
[  837360ms] [ERROR] IntlError: MISSING_MESSAGE: Cannot read properties of undefined (reading 'split')
    at getFallbackFromErrorAndNotify (http://localhost:3001/_next/static/chunks/node_modules__pnpm_a92eadf3._.js:7251:23)
    at translateBaseFn (http://localhost:3001/_next/static/chunks/node_modules__pnpm_a92eadf3._.js:7281:28)
    at translateFn (http://localhost:3001/_next/static/chunks/node_modules__pnpm_a92eadf3._.js:7343:24)
    at labelFor (http://localhost:3001/_next/static/chunks/_af79dd3a._.js:633:30)
    at http://localhost:3001/_next/static/chunks/_af79dd3a._.js:142:34
    at Array.map (<anonymous>)
    at RegionChoropleth (http://localhost:3001/_next/static/chunks/_af79dd3a._.js:134:43)
    at Object.react_stack_bottom_frame (http://localhost:3001/_next/static/chunks/f12ff_next_dist_compiled_react-dom_7b2f6d3d._.js:14826:24)
    at renderWithHooksAgain (http://localhost:3001/_next/static/chunks/f12ff_next_dist_compiled_react-dom_7b2f6d3d._.js:4706:24)
    at renderWithHooks (http://localhost:3001/_next/static/chunks/f12ff_next_dist_compiled_react-dom_7b2f6d3d._.js:4657:28)
    at updateFunctionComponent (http://localhost:3001/_next/static/chunks/f12ff_next_dist_compiled_react-dom_7b2f6d3d._.js:6112:21)
    at beginWork (http://localhost:3001/_next/static/chunks/f12ff_next_dist_compiled_react-dom_7b2f6d3d._.js:6708:24)
    at runWithFiberInDEV (http://localhost:3001/_next/static/chunks/f12ff_next_dist_compiled_react-dom_7b2f6d3d._.js:965:74)
    at performUnitOfWork (http://localhost:3001/_next/static/chunks/f12ff_next_dist_compiled_react-dom_7b2f6d3d._.js:9562:97)
    at workLoopSync (http://localhost:3001/_next/static/chunks/f12ff_next_dist_compiled_react-dom_7b2f6d3d._.js:9456:40)
    at renderRootSync (http://localhost:3001/_next/static/chunks/f12ff_next_dist_compiled_react-dom_7b2f6d3d._.js:9440:13)
    at performWorkOnRoot (http://localhost:3001/_next/static/chunks/f12ff_next_dist_compiled_react-dom_7b2f6d3d._.js:9068:186)
    at performSyncWorkOnRoot (http://localhost:3001/_next/static/chunks/f12ff_next_dist_compiled_react-dom_7b2f6d3d._.js:10238:9)
    at flushSyncWorkAcrossRoots_impl (http://localhost:3001/_next/static/chunks/f12ff_next_dist_compiled_react-dom_7b2f6d3d._.js:10154:316)
    at processRootScheduleInMicrotask (http://localhost:3001/_next/static/chunks/f12ff_next_dist_compiled_react-dom_7b2f6d3d._.js:10175:106)
    at http://localhost:3001/_next/static/chunks/f12ff_next_dist_compiled_react-dom_7b2f6d3d._.js:10249:158 @ http://localhost:3001/_next/static/chunks/f12ff_next_dist_95687940._.js:3132
[  837360ms] [ERROR] IntlError: MISSING_MESSAGE: Cannot read properties of undefined (reading 'split')
    at getFallbackFromErrorAndNotify (http://localhost:3001/_next/static/chunks/node_modules__pnpm_a92eadf3._.js:7251:23)
    at translateBaseFn (http://localhost:3001/_next/static/chunks/node_modules__pnpm_a92eadf3._.js:7281:28)
    at translateFn (http://localhost:3001/_next/static/chunks/node_modules__pnpm_a92eadf3._.js:7343:24)
    at labelFor (http://localhost:3001/_next/static/chunks/_af79dd3a._.js:633:30)
    at http://localhost:3001/_next/static/chunks/_af79dd3a._.js:142:34
    at Array.map (<anonymous>)
    at RegionChoropleth (http://localhost:3001/_next/static/chunks/_af79dd3a._.js:134:43)
    at Object.react_stack_bottom_frame (http://localhost:3001/_next/static/chunks/f12ff_next_dist_compiled_react-dom_7b2f6d3d._.js:14826:24)
    at renderWithHooksAgain (http://localhost:3001/_next/static/chunks/f12ff_next_dist_compiled_react-dom_7b2f6d3d._.js:4706:24)
    at renderWithHooks (http://localhost:3001/_next/static/chunks/f12ff_next_dist_compiled_react-dom_7b2f6d3d._.js:4657:28)
    at updateFunctionComponent (http://localhost:3001/_next/static/chunks/f12ff_next_dist_compiled_react-dom_7b2f6d3d._.js:6112:21)
    at beginWork (http://localhost:3001/_next/static/chunks/f12ff_next_dist_compiled_react-dom_7b2f6d3d._.js:6708:24)
    at runWithFiberInDEV (http://localhost:3001/_next/static/chunks/f12ff_next_dist_compiled_react-dom_7b2f6d3d._.js:965:74)
    at performUnitOfWork (http://localhost:3001/_next/static/chunks/f12ff_next_dist_compiled_react-dom_7b2f6d3d._.js:9562:97)
    at workLoopSync (http://localhost:3001/_next/static/chunks/f12ff_next_dist_compiled_react-dom_7b2f6d3d._.js:9456:40)
    at renderRootSync (http://localhost:3001/_next/static/chunks/f12ff_next_dist_compiled_react-dom_7b2f6d3d._.js:9440:13)
    at performWorkOnRoot (http://localhost:3001/_next/static/chunks/f12ff_next_dist_compiled_react-dom_7b2f6d3d._.js:9068:186)
    at performSyncWorkOnRoot (http://localhost:3001/_next/static/chunks/f12ff_next_dist_compiled_react-dom_7b2f6d3d._.js:10238:9)
    at flushSyncWorkAcrossRoots_impl (http://localhost:3001/_next/static/chunks/f12ff_next_dist_compiled_react-dom_7b2f6d3d._.js:10154:316)
    at processRootScheduleInMicrotask (http://localhost:3001/_next/static/chunks/f12ff_next_dist_compiled_react-dom_7b2f6d3d._.js:10175:106)
    at http://localhost:3001/_next/static/chunks/f12ff_next_dist_compiled_react-dom_7b2f6d3d._.js:10249:158 @ http://localhost:3001/_next/static/chunks/f12ff_next_dist_95687940._.js:3132
[  837360ms] [ERROR] IntlError: MISSING_MESSAGE: Cannot read properties of undefined (reading 'split')
    at getFallbackFromErrorAndNotify (http://localhost:3001/_next/static/chunks/node_modules__pnpm_a92eadf3._.js:7251:23)
    at translateBaseFn (http://localhost:3001/_next/static/chunks/node_modules__pnpm_a92eadf3._.js:7281:28)
    at translateFn (http://localhost:3001/_next/static/chunks/node_modules__pnpm_a92eadf3._.js:7343:24)
    at labelFor (http://localhost:3001/_next/static/chunks/_af79dd3a._.js:633:30)
    at http://localhost:3001/_next/static/chunks/_af79dd3a._.js:142:34
    at Array.map (<anonymous>)
    at RegionChoropleth (http://localhost:3001/_next/static/chunks/_af79dd3a._.js:134:43)
    at Object.react_stack_bottom_frame (http://localhost:3001/_next/static/chunks/f12ff_next_dist_compiled_react-dom_7b2f6d3d._.js:14826:24)
    at renderWithHooksAgain (http://localhost:3001/_next/static/chunks/f12ff_next_dist_compiled_react-dom_7b2f6d3d._.js:4706:24)
    at renderWithHooks (http://localhost:3001/_next/static/chunks/f12ff_next_dist_compiled_react-dom_7b2f6d3d._.js:4657:28)
    at updateFunctionComponent (http://localhost:3001/_next/static/chunks/f12ff_next_dist_compiled_react-dom_7b2f6d3d._.js:6112:21)
    at beginWork (http://localhost:3001/_next/static/chunks/f12ff_next_dist_compiled_react-dom_7b2f6d3d._.js:6708:24)
    at runWithFiberInDEV (http://localhost:3001/_next/static/chunks/f12ff_next_dist_compiled_react-dom_7b2f6d3d._.js:965:74)
    at performUnitOfWork (http://localhost:3001/_next/static/chunks/f12ff_next_dist_compiled_react-dom_7b2f6d3d._.js:9562:97)
    at workLoopSync (http://localhost:3001/_next/static/chunks/f12ff_next_dist_compiled_react-dom_7b2f6d3d._.js:9456:40)
    at renderRootSync (http://localhost:3001/_next/static/chunks/f12ff_next_dist_compiled_react-dom_7b2f6d3d._.js:9440:13)
    at performWorkOnRoot (http://localhost:3001/_next/static/chunks/f12ff_next_dist_compiled_react-dom_7b2f6d3d._.js:9068:186)
    at performSyncWorkOnRoot (http://localhost:3001/_next/static/chunks/f12ff_next_dist_compiled_react-dom_7b2f6d3d._.js:10238:9)
    at flushSyncWorkAcrossRoots_impl (http://localhost:3001/_next/static/chunks/f12ff_next_dist_compiled_react-dom_7b2f6d3d._.js:10154:316)
    at processRootScheduleInMicrotask (http://localhost:3001/_next/static/chunks/f12ff_next_dist_compiled_react-dom_7b2f6d3d._.js:10175:106)
    at http://localhost:3001/_next/static/chunks/f12ff_next_dist_compiled_react-dom_7b2f6d3d._.js:10249:158 @ http://localhost:3001/_next/static/chunks/f12ff_next_dist_95687940._.js:3132
[  837360ms] [ERROR] IntlError: MISSING_MESSAGE: Cannot read properties of undefined (reading 'split')
    at getFallbackFromErrorAndNotify (http://localhost:3001/_next/static/chunks/node_modules__pnpm_a92eadf3._.js:7251:23)
    at translateBaseFn (http://localhost:3001/_next/static/chunks/node_modules__pnpm_a92eadf3._.js:7281:28)
    at translateFn (http://localhost:3001/_next/static/chunks/node_modules__pnpm_a92eadf3._.js:7343:24)
    at labelFor (http://localhost:3001/_next/static/chunks/_af79dd3a._.js:633:30)
    at http://localhost:3001/_next/static/chunks/_af79dd3a._.js:142:34
    at Array.map (<anonymous>)
    at RegionChoropleth (http://localhost:3001/_next/static/chunks/_af79dd3a._.js:134:43)
    at Object.react_stack_bottom_frame (http://localhost:3001/_next/static/chunks/f12ff_next_dist_compiled_react-dom_7b2f6d3d._.js:14826:24)
    at renderWithHooksAgain (http://localhost:3001/_next/static/chunks/f12ff_next_dist_compiled_react-dom_7b2f6d3d._.js:4706:24)
    at renderWithHooks (http://localhost:3001/_next/static/chunks/f12ff_next_dist_compiled_react-dom_7b2f6d3d._.js:4657:28)
    at updateFunctionComponent (http://localhost:3001/_next/static/chunks/f12ff_next_dist_compiled_react-dom_7b2f6d3d._.js:6112:21)
    at beginWork (http://localhost:3001/_next/static/chunks/f12ff_next_dist_compiled_react-dom_7b2f6d3d._.js:6708:24)
    at runWithFiberInDEV (http://localhost:3001/_next/static/chunks/f12ff_next_dist_compiled_react-dom_7b2f6d3d._.js:965:74)
    at performUnitOfWork (http://localhost:3001/_next/static/chunks/f12ff_next_dist_compiled_react-dom_7b2f6d3d._.js:9562:97)
    at workLoopSync (http://localhost:3001/_next/static/chunks/f12ff_next_dist_compiled_react-dom_7b2f6d3d._.js:9456:40)
    at renderRootSync (http://localhost:3001/_next/static/chunks/f12ff_next_dist_compiled_react-dom_7b2f6d3d._.js:9440:13)
    at performWorkOnRoot (http://localhost:3001/_next/static/chunks/f12ff_next_dist_compiled_react-dom_7b2f6d3d._.js:9068:186)
    at performSyncWorkOnRoot (http://localhost:3001/_next/static/chunks/f12ff_next_dist_compiled_react-dom_7b2f6d3d._.js:10238:9)
    at flushSyncWorkAcrossRoots_impl (http://localhost:3001/_next/static/chunks/f12ff_next_dist_compiled_react-dom_7b2f6d3d._.js:10154:316)
    at processRootScheduleInMicrotask (http://localhost:3001/_next/static/chunks/f12ff_next_dist_compiled_react-dom_7b2f6d3d._.js:10175:106)
    at http://localhost:3001/_next/static/chunks/f12ff_next_dist_compiled_react-dom_7b2f6d3d._.js:10249:158 @ http://localhost:3001/_next/static/chunks/f12ff_next_dist_95687940._.js:3132
[  837360ms] [ERROR] IntlError: MISSING_MESSAGE: Cannot read properties of undefined (reading 'split')
    at getFallbackFromErrorAndNotify (http://localhost:3001/_next/static/chunks/node_modules__pnpm_a92eadf3._.js:7251:23)
    at translateBaseFn (http://localhost:3001/_next/static/chunks/node_modules__pnpm_a92eadf3._.js:7281:28)
    at translateFn (http://localhost:3001/_next/static/chunks/node_modules__pnpm_a92eadf3._.js:7343:24)
    at labelFor (http://localhost:3001/_next/static/chunks/_af79dd3a._.js:633:30)
    at http://localhost:3001/_next/static/chunks/_af79dd3a._.js:142:34
    at Array.map (<anonymous>)
    at RegionChoropleth (http://localhost:3001/_next/static/chunks/_af79dd3a._.js:134:43)
    at Object.react_stack_bottom_frame (http://localhost:3001/_next/static/chunks/f12ff_next_dist_compiled_react-dom_7b2f6d3d._.js:14826:24)
    at renderWithHooksAgain (http://localhost:3001/_next/static/chunks/f12ff_next_dist_compiled_react-dom_7b2f6d3d._.js:4706:24)
    at renderWithHooks (http://localhost:3001/_next/static/chunks/f12ff_next_dist_compiled_react-dom_7b2f6d3d._.js:4657:28)
    at updateFunctionComponent (http://localhost:3001/_next/static/chunks/f12ff_next_dist_compiled_react-dom_7b2f6d3d._.js:6112:21)
    at beginWork (http://localhost:3001/_next/static/chunks/f12ff_next_dist_compiled_react-dom_7b2f6d3d._.js:6708:24)
    at runWithFiberInDEV (http://localhost:3001/_next/static/chunks/f12ff_next_dist_compiled_react-dom_7b2f6d3d._.js:965:74)
    at performUnitOfWork (http://localhost:3001/_next/static/chunks/f12ff_next_dist_compiled_react-dom_7b2f6d3d._.js:9562:97)
    at workLoopSync (http://localhost:3001/_next/static/chunks/f12ff_next_dist_compiled_react-dom_7b2f6d3d._.js:9456:40)
    at renderRootSync (http://localhost:3001/_next/static/chunks/f12ff_next_dist_compiled_react-dom_7b2f6d3d._.js:9440:13)
    at performWorkOnRoot (http://localhost:3001/_next/static/chunks/f12ff_next_dist_compiled_react-dom_7b2f6d3d._.js:9068:186)
    at performSyncWorkOnRoot (http://localhost:3001/_next/static/chunks/f12ff_next_dist_compiled_react-dom_7b2f6d3d._.js:10238:9)
    at flushSyncWorkAcrossRoots_impl (http://localhost:3001/_next/static/chunks/f12ff_next_dist_compiled_react-dom_7b2f6d3d._.js:10154:316)
    at processRootScheduleInMicrotask (http://localhost:3001/_next/static/chunks/f12ff_next_dist_compiled_react-dom_7b2f6d3d._.js:10175:106)
    at http://localhost:3001/_next/static/chunks/f12ff_next_dist_compiled_react-dom_7b2f6d3d._.js:10249:158 @ http://localhost:3001/_next/static/chunks/f12ff_next_dist_95687940._.js:3132
[  837360ms] [ERROR] IntlError: MISSING_MESSAGE: Cannot read properties of undefined (reading 'split')
    at getFallbackFromErrorAndNotify (http://localhost:3001/_next/static/chunks/node_modules__pnpm_a92eadf3._.js:7251:23)
    at translateBaseFn (http://localhost:3001/_next/static/chunks/node_modules__pnpm_a92eadf3._.js:7281:28)
    at translateFn (http://localhost:3001/_next/static/chunks/node_modules__pnpm_a92eadf3._.js:7343:24)
    at labelFor (http://localhost:3001/_next/static/chunks/_af79dd3a._.js:633:30)
    at http://localhost:3001/_next/static/chunks/_af79dd3a._.js:142:34
    at Array.map (<anonymous>)
    at RegionChoropleth (http://localhost:3001/_next/static/chunks/_af79dd3a._.js:134:43)
    at Object.react_stack_bottom_frame (http://localhost:3001/_next/static/chunks/f12ff_next_dist_compiled_react-dom_7b2f6d3d._.js:14826:24)
    at renderWithHooksAgain (http://localhost:3001/_next/static/chunks/f12ff_next_dist_compiled_react-dom_7b2f6d3d._.js:4706:24)
    at renderWithHooks (http://localhost:3001/_next/static/chunks/f12ff_next_dist_compiled_react-dom_7b2f6d3d._.js:4657:28)
    at updateFunctionComponent (http://localhost:3001/_next/static/chunks/f12ff_next_dist_compiled_react-dom_7b2f6d3d._.js:6112:21)
    at beginWork (http://localhost:3001/_next/static/chunks/f12ff_next_dist_compiled_react-dom_7b2f6d3d._.js:6708:24)
    at runWithFiberInDEV (http://localhost:3001/_next/static/chunks/f12ff_next_dist_compiled_react-dom_7b2f6d3d._.js:965:74)
    at performUnitOfWork (http://localhost:3001/_next/static/chunks/f12ff_next_dist_compiled_react-dom_7b2f6d3d._.js:9562:97)
    at workLoopSync (http://localhost:3001/_next/static/chunks/f12ff_next_dist_compiled_react-dom_7b2f6d3d._.js:9456:40)
    at renderRootSync (http://localhost:3001/_next/static/chunks/f12ff_next_dist_compiled_react-dom_7b2f6d3d._.js:9440:13)
    at performWorkOnRoot (http://localhost:3001/_next/static/chunks/f12ff_next_dist_compiled_react-dom_7b2f6d3d._.js:9068:186)
    at performSyncWorkOnRoot (http://localhost:3001/_next/static/chunks/f12ff_next_dist_compiled_react-dom_7b2f6d3d._.js:10238:9)
    at flushSyncWorkAcrossRoots_impl (http://localhost:3001/_next/static/chunks/f12ff_next_dist_compiled_react-dom_7b2f6d3d._.js:10154:316)
    at processRootScheduleInMicrotask (http://localhost:3001/_next/static/chunks/f12ff_next_dist_compiled_react-dom_7b2f6d3d._.js:10175:106)
    at http://localhost:3001/_next/static/chunks/f12ff_next_dist_compiled_react-dom_7b2f6d3d._.js:10249:158 @ http://localhost:3001/_next/static/chunks/f12ff_next_dist_95687940._.js:3132
[  837360ms] [ERROR] IntlError: MISSING_MESSAGE: Cannot read properties of undefined (reading 'split')
    at getFallbackFromErrorAndNotify (http://localhost:3001/_next/static/chunks/node_modules__pnpm_a92eadf3._.js:7251:23)
    at translateBaseFn (http://localhost:3001/_next/static/chunks/node_modules__pnpm_a92eadf3._.js:7281:28)
    at translateFn (http://localhost:3001/_next/static/chunks/node_modules__pnpm_a92eadf3._.js:7343:24)
    at labelFor (http://localhost:3001/_next/static/chunks/_af79dd3a._.js:633:30)
    at http://localhost:3001/_next/static/chunks/_af79dd3a._.js:142:34
    at Array.map (<anonymous>)
    at RegionChoropleth (http://localhost:3001/_next/static/chunks/_af79dd3a._.js:134:43)
    at Object.react_stack_bottom_frame (http://localhost:3001/_next/static/chunks/f12ff_next_dist_compiled_react-dom_7b2f6d3d._.js:14826:24)
    at renderWithHooksAgain (http://localhost:3001/_next/static/chunks/f12ff_next_dist_compiled_react-dom_7b2f6d3d._.js:4706:24)
    at renderWithHooks (http://localhost:3001/_next/static/chunks/f12ff_next_dist_compiled_react-dom_7b2f6d3d._.js:4657:28)
    at updateFunctionComponent (http://localhost:3001/_next/static/chunks/f12ff_next_dist_compiled_react-dom_7b2f6d3d._.js:6112:21)
    at beginWork (http://localhost:3001/_next/static/chunks/f12ff_next_dist_compiled_react-dom_7b2f6d3d._.js:6708:24)
    at runWithFiberInDEV (http://localhost:3001/_next/static/chunks/f12ff_next_dist_compiled_react-dom_7b2f6d3d._.js:965:74)
    at performUnitOfWork (http://localhost:3001/_next/static/chunks/f12ff_next_dist_compiled_react-dom_7b2f6d3d._.js:9562:97)
    at workLoopSync (http://localhost:3001/_next/static/chunks/f12ff_next_dist_compiled_react-dom_7b2f6d3d._.js:9456:40)
    at renderRootSync (http://localhost:3001/_next/static/chunks/f12ff_next_dist_compiled_react-dom_7b2f6d3d._.js:9440:13)
    at performWorkOnRoot (http://localhost:3001/_next/static/chunks/f12ff_next_dist_compiled_react-dom_7b2f6d3d._.js:9068:186)
    at performSyncWorkOnRoot (http://localhost:3001/_next/static/chunks/f12ff_next_dist_compiled_react-dom_7b2f6d3d._.js:10238:9)
    at flushSyncWorkAcrossRoots_impl (http://localhost:3001/_next/static/chunks/f12ff_next_dist_compiled_react-dom_7b2f6d3d._.js:10154:316)
    at processRootScheduleInMicrotask (http://localhost:3001/_next/static/chunks/f12ff_next_dist_compiled_react-dom_7b2f6d3d._.js:10175:106)
    at http://localhost:3001/_next/static/chunks/f12ff_next_dist_compiled_react-dom_7b2f6d3d._.js:10249:158 @ http://localhost:3001/_next/static/chunks/f12ff_next_dist_95687940._.js:3132
[  839934ms] [WARNING] Ignoring Event: localhost @ http://localhost:3001/_next/static/chunks/f12ff_next_dist_95687940._.js:2302
[  843222ms] [WARNING] Ignoring Event: localhost @ http://localhost:3001/_next/static/chunks/f12ff_next_dist_95687940._.js:2302
[  844043ms] [ERROR] Failed to load resource: the server responded with a status of 404 (Not Found) @ http://localhost:3001/_next/image?url=https%3A%2F%2Fcdn.sanity.io%2Fimages%2Fgm67v7rk%2Fdevelopment%2Fb729d400282432d98191f5d09b047c932b115928-5760x3240.jpg%3Fw%3D800%26h%3D450%26fit%3Dcrop%26auto%3Dformat&w=640&q=75:0
[  844046ms] [ERROR] Failed to load resource: the server responded with a status of 404 (Not Found) @ http://localhost:3001/_next/image?url=https%3A%2F%2Fcdn.sanity.io%2Fimages%2Fgm67v7rk%2Fdevelopment%2F1d3fae800fffe1b06b1978b583d73667dc0771bc-5760x3240.jpg%3Fw%3D1200%26h%3D675%26fit%3Dcrop%26auto%3Dformat&w=640&q=75:0
[  844052ms] [ERROR] Failed to load resource: the server responded with a status of 404 (Not Found) @ http://localhost:3001/_next/image?url=https%3A%2F%2Fcdn.sanity.io%2Fimages%2Fgm67v7rk%2Fdevelopment%2Fa282930165acf6e24907b0eb70b9a9d451b9ca5e-5760x3240.jpg%3Fw%3D1200%26h%3D675%26fit%3Dcrop%26auto%3Dformat&w=640&q=75:0
[  844053ms] [ERROR] Failed to load resource: the server responded with a status of 404 (Not Found) @ http://localhost:3001/_next/image?url=https%3A%2F%2Fcdn.sanity.io%2Fimages%2Fgm67v7rk%2Fdevelopment%2F409812e1376a6963f9d2c1b5bde737db665072f8-5760x3240.jpg%3Fw%3D800%26h%3D450%26fit%3Dcrop%26auto%3Dformat&w=640&q=75:0
[  844056ms] [ERROR] Failed to load resource: the server responded with a status of 404 (Not Found) @ http://localhost:3001/_next/image?url=https%3A%2F%2Fcdn.sanity.io%2Fimages%2Fgm67v7rk%2Fdevelopment%2F0bd85731843e59465cec14ea6bdcfa3f62ad7755-5760x3240.jpg%3Fw%3D800%26h%3D450%26fit%3Dcrop%26auto%3Dformat&w=640&q=75:0
[  844565ms] [ERROR] Failed to load resource: the server responded with a status of 404 (Not Found) @ http://localhost:3001/_next/image?url=https%3A%2F%2Fcdn.sanity.io%2Fimages%2Fgm67v7rk%2Fdevelopment%2F62a17d25d42626083f78283e26050d1d21db6c3f-5760x3240.jpg%3Fw%3D800%26h%3D450%26fit%3Dcrop%26auto%3Dformat&w=640&q=75:0
[  844567ms] [ERROR] Failed to load resource: the server responded with a status of 404 (Not Found) @ http://localhost:3001/_next/image?url=https%3A%2F%2Fcdn.sanity.io%2Fimages%2Fgm67v7rk%2Fdevelopment%2F4702de34c3d2d250b21cdf332147acfc908c564d-5760x3240.jpg%3Fw%3D800%26h%3D450%26fit%3Dcrop%26auto%3Dformat&w=640&q=75:0
[  844678ms] [ERROR] Failed to load resource: the server responded with a status of 404 (Not Found) @ http://localhost:3001/_next/image?url=https%3A%2F%2Fcdn.sanity.io%2Fimages%2Fgm67v7rk%2Fdevelopment%2Fc187fa8032707cf9a52bfb43bf4953eb13a49c08-5760x3240.jpg%3Fw%3D1200%26h%3D675%26fit%3Dcrop%26auto%3Dformat&w=640&q=75:0
[  844681ms] [ERROR] Failed to load resource: the server responded with a status of 404 (Not Found) @ http://localhost:3001/_next/image?url=https%3A%2F%2Fcdn.sanity.io%2Fimages%2Fgm67v7rk%2Fdevelopment%2F63e576f4a1b0dbfaa57650ee2538f85b7410a365-5760x3240.jpg%3Fw%3D800%26h%3D450%26fit%3Dcrop%26auto%3Dformat&w=640&q=75:0
[  845587ms] [ERROR] Failed to load resource: the server responded with a status of 404 (Not Found) @ http://localhost:3001/_next/image?url=https%3A%2F%2Fcdn.sanity.io%2Fimages%2Fgm67v7rk%2Fdevelopment%2Fba227b8947360c54af92bbcc9a43d498fbdbfff8-5760x3240.jpg%3Fw%3D800%26h%3D450%26fit%3Dcrop%26auto%3Dformat&w=640&q=75:0
[  845614ms] [ERROR] Failed to load resource: the server responded with a status of 404 (Not Found) @ http://localhost:3001/_next/image?url=https%3A%2F%2Fcdn.sanity.io%2Fimages%2Fgm67v7rk%2Fdevelopment%2F14e6994af186afdb274d3672b812e9f7e56cb94f-5760x3240.jpg%3Fw%3D1200%26h%3D675%26fit%3Dcrop%26auto%3Dformat&w=640&q=75:0
[  850018ms] [ERROR] Failed to load resource: the server responded with a status of 404 (Not Found) @ http://localhost:3001/_next/image?url=https%3A%2F%2Fcdn.sanity.io%2Fimages%2Fgm67v7rk%2Fdevelopment%2F14e6994af186afdb274d3672b812e9f7e56cb94f-5760x3240.jpg%3Fw%3D1200%26h%3D675%26fit%3Dcrop%26auto%3Dformat&w=640&q=75:0
[  853374ms] [ERROR] Failed to load resource: the server responded with a status of 404 (Not Found) @ http://localhost:3001/_next/image?url=https%3A%2F%2Fcdn.sanity.io%2Fimages%2Fgm67v7rk%2Fdevelopment%2F1d3fae800fffe1b06b1978b583d73667dc0771bc-5760x3240.jpg%3Fw%3D1200%26h%3D675%26fit%3Dcrop%26auto%3Dformat&w=640&q=75:0
[  853618ms] [ERROR] Failed to load resource: the server responded with a status of 404 (Not Found) @ http://localhost:3001/_next/image?url=https%3A%2F%2Fcdn.sanity.io%2Fimages%2Fgm67v7rk%2Fdevelopment%2Fb729d400282432d98191f5d09b047c932b115928-5760x3240.jpg%3Fw%3D800%26h%3D450%26fit%3Dcrop%26auto%3Dformat&w=640&q=75:0
[  853620ms] [ERROR] Failed to load resource: the server responded with a status of 404 (Not Found) @ http://localhost:3001/_next/image?url=https%3A%2F%2Fcdn.sanity.io%2Fimages%2Fgm67v7rk%2Fdevelopment%2Fa282930165acf6e24907b0eb70b9a9d451b9ca5e-5760x3240.jpg%3Fw%3D1200%26h%3D675%26fit%3Dcrop%26auto%3Dformat&w=640&q=75:0
[  853621ms] [ERROR] Failed to load resource: the server responded with a status of 404 (Not Found) @ http://localhost:3001/_next/image?url=https%3A%2F%2Fcdn.sanity.io%2Fimages%2Fgm67v7rk%2Fdevelopment%2F0bd85731843e59465cec14ea6bdcfa3f62ad7755-5760x3240.jpg%3Fw%3D800%26h%3D450%26fit%3Dcrop%26auto%3Dformat&w=640&q=75:0
[  854180ms] [ERROR] Failed to load resource: the server responded with a status of 404 (Not Found) @ http://localhost:3001/_next/image?url=https%3A%2F%2Fcdn.sanity.io%2Fimages%2Fgm67v7rk%2Fdevelopment%2F409812e1376a6963f9d2c1b5bde737db665072f8-5760x3240.jpg%3Fw%3D800%26h%3D450%26fit%3Dcrop%26auto%3Dformat&w=640&q=75:0
[  858939ms] [WARNING] %c%s%c PortableText block detected in page blocks array. This should be rendered via PortableTextRenderer, not Blocks component. background: #e6e6e6;background: light-dark(rgba(0,0,0,0.1), rgba(255,255,255,0.25));color: #000000;color: light-dark(#000000, #ffffff);border-radius: 2px  Server   ukren1 @ http://localhost:3001/_next/static/chunks/f12ff_next_dist_95687940._.js:2302
[  858939ms] [WARNING] %c%s%c PortableText block detected in page blocks array. This should be rendered via PortableTextRenderer, not Blocks component. background: #e6e6e6;background: light-dark(rgba(0,0,0,0.1), rgba(255,255,255,0.25));color: #000000;color: light-dark(#000000, #ffffff);border-radius: 2px  Server   wm4f29 @ http://localhost:3001/_next/static/chunks/f12ff_next_dist_95687940._.js:2302
[  858939ms] [WARNING] %c%s%c PortableText block detected in page blocks array. This should be rendered via PortableTextRenderer, not Blocks component. background: #e6e6e6;background: light-dark(rgba(0,0,0,0.1), rgba(255,255,255,0.25));color: #000000;color: light-dark(#000000, #ffffff);border-radius: 2px  Server   20o54t @ http://localhost:3001/_next/static/chunks/f12ff_next_dist_95687940._.js:2302
[  859018ms] [LOG] [Fast Refresh] rebuilding @ http://localhost:3001/_next/static/chunks/f12ff_next_dist_95687940._.js:2302
[  859028ms] [WARNING] Ignoring Event: localhost @ http://localhost:3001/_next/static/chunks/f12ff_next_dist_95687940._.js:2302
[  859071ms] [LOG] [Fast Refresh] done in 162ms @ http://localhost:3001/_next/static/chunks/f12ff_next_dist_95687940._.js:2302
[  859383ms] [ERROR] Failed to load resource: the server responded with a status of 404 (Not Found) @ http://localhost:3001/_next/image?url=https%3A%2F%2Fcdn.sanity.io%2Fimages%2Fgm67v7rk%2Fdevelopment%2F4d9d7a94f2c8f2dad9da4d47b702bc091a8795c6-750x750.webp%3Ffm%3Dwebp%26fit%3Dmax&w=96&q=75:0
[  859408ms] [ERROR] Failed to load resource: the server responded with a status of 404 (Not Found) @ http://localhost:3001/_next/image?url=https%3A%2F%2Fcdn.sanity.io%2Fimages%2Fgm67v7rk%2Fdevelopment%2F41c12b03acf832baf1a7bc1dd79c3bcd9854dadf-3937x4096.webp%3Fw%3D1100%26fm%3Dwebp%26fit%3Dmax&w=640&q=75:0
[  859409ms] [ERROR] Failed to load resource: the server responded with a status of 404 (Not Found) @ http://localhost:3001/_next/image?url=https%3A%2F%2Fcdn.sanity.io%2Fimages%2Fgm67v7rk%2Fdevelopment%2F7131d0c3058e42bdacb40588daaa07ca3bf11b5f-2083x1488.png%3Fw%3D1100%26fm%3Dwebp%26fit%3Dmax&w=640&q=75:0
[  859410ms] [ERROR] Failed to load resource: the server responded with a status of 404 (Not Found) @ http://localhost:3001/_next/image?url=https%3A%2F%2Fcdn.sanity.io%2Fimages%2Fgm67v7rk%2Fdevelopment%2F9596343a0722c7e501a5c63912b85e75a989ed3a-828x716.webp%3Fw%3D1100%26fm%3Dwebp%26fit%3Dmax&w=640&q=75:0
[  859461ms] [ERROR] Failed to load resource: the server responded with a status of 404 (Not Found) @ http://localhost:3001/_next/image?url=https%3A%2F%2Fcdn.sanity.io%2Fimages%2Fgm67v7rk%2Fdevelopment%2Fd800ae0083a85016fd1640ec6a414b5dfd8217f1-3840x2160.png%3Frect%3D299%2C0%2C3242%2C2160%26w%3D800%26h%3D533%26fit%3Dcrop%26auto%3Dformat&w=384&q=75:0
[  859487ms] [ERROR] Failed to load resource: the server responded with a status of 404 (Not Found) @ http://localhost:3001/_next/image?url=https%3A%2F%2Fcdn.sanity.io%2Fimages%2Fgm67v7rk%2Fdevelopment%2Fa188992df760eecc7333d6fbe0c264d859fb3523-3840x2160.png%3Frect%3D299%2C0%2C3242%2C2160%26w%3D800%26h%3D533%26fit%3Dcrop%26auto%3Dformat&w=384&q=75:0
[  859488ms] [ERROR] Failed to load resource: the server responded with a status of 404 (Not Found) @ http://localhost:3001/_next/image?url=https%3A%2F%2Fcdn.sanity.io%2Fimages%2Fgm67v7rk%2Fdevelopment%2F5a171b7507c1d52a3190bd70967050359220c0d8-3840x2160.png%3Frect%3D299%2C0%2C3242%2C2160%26w%3D800%26h%3D533%26fit%3Dcrop%26auto%3Dformat&w=384&q=75:0
[  859671ms] [ERROR] Failed to load resource: the server responded with a status of 404 (Not Found) @ http://localhost:3001/_next/image?url=https%3A%2F%2Fcdn.sanity.io%2Fimages%2Fgm67v7rk%2Fdevelopment%2F11af89ad0f6b46dd87a02de8bd5709815561c12e-750x750.webp%3Ffm%3Dwebp%26fit%3Dmax&w=96&q=75:0
[  859801ms] [ERROR] Failed to load resource: the server responded with a status of 404 (Not Found) @ http://localhost:3001/_next/image?url=https%3A%2F%2Fcdn.sanity.io%2Fimages%2Fgm67v7rk%2Fdevelopment%2Feda83dfa50044686af5c5460a7357193fdafe434-750x750.webp%3Ffm%3Dwebp%26fit%3Dmax&w=96&q=75:0
[  861026ms] [ERROR] Failed to load resource: the server responded with a status of 404 (Not Found) @ http://localhost:3001/_next/image?url=https%3A%2F%2Fcdn.sanity.io%2Fimages%2Fgm67v7rk%2Fdevelopment%2F55c6db4f9014a38d8f96aad25fbaa3295abc68e4-1920x1080.webp%3Frect%3D150%2C0%2C1621%2C1080%26w%3D800%26h%3D533%26fit%3Dcrop%26auto%3Dformat&w=384&q=75:0
[  861030ms] [ERROR] Failed to load resource: the server responded with a status of 404 (Not Found) @ http://localhost:3001/_next/image?url=https%3A%2F%2Fcdn.sanity.io%2Fimages%2Fgm67v7rk%2Fdevelopment%2F4a3f03eb4bac43c6d93ce72a569d4de47637ccd4-1920x1080.webp%3Frect%3D150%2C0%2C1621%2C1080%26w%3D800%26h%3D533%26fit%3Dcrop%26auto%3Dformat&w=384&q=75:0
[  861031ms] [ERROR] Failed to load resource: the server responded with a status of 404 (Not Found) @ http://localhost:3001/_next/image?url=https%3A%2F%2Fcdn.sanity.io%2Fimages%2Fgm67v7rk%2Fdevelopment%2F57cb29c17a2461ae75ee12f8427837d0ee0dabe7-1920x1080.webp%3Frect%3D150%2C0%2C1621%2C1080%26w%3D800%26h%3D533%26fit%3Dcrop%26auto%3Dformat&w=384&q=75:0
[  861311ms] [ERROR] Failed to load resource: the server responded with a status of 404 (Not Found) @ http://localhost:3001/_next/image?url=https%3A%2F%2Fcdn.sanity.io%2Fimages%2Fgm67v7rk%2Fdevelopment%2Fe2ad835ed91c9e4296e1436fd8dd63d5d8ce5fcf-1920x1080.webp%3Frect%3D150%2C0%2C1621%2C1080%26w%3D800%26h%3D533%26fit%3Dcrop%26auto%3Dformat&w=384&q=75:0
[  861313ms] [ERROR] Failed to load resource: the server responded with a status of 404 (Not Found) @ http://localhost:3001/_next/image?url=https%3A%2F%2Fcdn.sanity.io%2Fimages%2Fgm67v7rk%2Fdevelopment%2F82a8471785a1948de6dc2263076553c20ea83a8a-1920x1080.webp%3Frect%3D150%2C0%2C1621%2C1080%26w%3D800%26h%3D533%26fit%3Dcrop%26auto%3Dformat&w=384&q=75:0
[  861314ms] [ERROR] Failed to load resource: the server responded with a status of 404 (Not Found) @ http://localhost:3001/_next/image?url=https%3A%2F%2Fcdn.sanity.io%2Fimages%2Fgm67v7rk%2Fdevelopment%2F8f182169a67886cf95906ec92a3beb8ff792e6ae-1920x1080.webp%3Frect%3D150%2C0%2C1621%2C1080%26w%3D800%26h%3D533%26fit%3Dcrop%26auto%3Dformat&w=384&q=75:0
[  861581ms] [ERROR] Failed to load resource: the server responded with a status of 404 (Not Found) @ http://localhost:3001/_next/image?url=https%3A%2F%2Fcdn.sanity.io%2Fimages%2Fgm67v7rk%2Fdevelopment%2F3d248e796789c6d5cd9cb4af3dd45b915348f0f1-1920x1080.webp%3Frect%3D150%2C0%2C1621%2C1080%26w%3D800%26h%3D533%26fit%3Dcrop%26auto%3Dformat&w=384&q=75:0
[  861836ms] [ERROR] Failed to load resource: the server responded with a status of 404 (Not Found) @ http://localhost:3001/_next/image?url=https%3A%2F%2Fcdn.sanity.io%2Fimages%2Fgm67v7rk%2Fdevelopment%2F57418cdb829659625ab81fb7a141aec3ba10dfa2-640x666.webp%3Fw%3D1100%26fm%3Dwebp%26fit%3Dmax&w=640&q=75:0
[  862363ms] [ERROR] Failed to load resource: the server responded with a status of 404 (Not Found) @ http://localhost:3001/_next/image?url=https%3A%2F%2Fcdn.sanity.io%2Fimages%2Fgm67v7rk%2Fdevelopment%2F4808835b193451a77f9f87fd3cccd1d686805cbe-1200x630.jpg%3Frect%3D127%2C0%2C946%2C630%26w%3D800%26h%3D533%26fit%3Dcrop%26auto%3Dformat&w=384&q=75:0
[  862366ms] [ERROR] Failed to load resource: the server responded with a status of 404 (Not Found) @ http://localhost:3001/_next/image?url=https%3A%2F%2Fcdn.sanity.io%2Fimages%2Fgm67v7rk%2Fdevelopment%2F1e53c8216d88a819ddc8ef94749e4f380103ee4e-3840x1280.heif%3Frect%3D960%2C0%2C1921%2C1280%26w%3D800%26h%3D533%26fit%3Dcrop%26auto%3Dformat&w=384&q=75:0
[  862669ms] [ERROR] Failed to load resource: the server responded with a status of 404 (Not Found) @ http://localhost:3001/_next/image?url=https%3A%2F%2Fcdn.sanity.io%2Fimages%2Fgm67v7rk%2Fdevelopment%2F0316fdac42c8440a3ccd61ff5ca6d65582068426-640x603.webp%3Fw%3D1100%26fm%3Dwebp%26fit%3Dmax&w=640&q=75:0
[  863703ms] [ERROR] Failed to load resource: the server responded with a status of 404 (Not Found) @ http://localhost:3001/_next/image?url=https%3A%2F%2Fcdn.sanity.io%2Fimages%2Fgm67v7rk%2Fdevelopment%2F74293faba6e6038a03b01b21d417b6284da694dc-750x750.webp%3Ffm%3Dwebp%26fit%3Dmax&w=96&q=75:0
[  863714ms] [ERROR] Failed to load resource: the server responded with a status of 404 (Not Found) @ http://localhost:3001/_next/image?url=https%3A%2F%2Fcdn.sanity.io%2Fimages%2Fgm67v7rk%2Fdevelopment%2F5efd81114e5949e05f8b5eecfbb48b7a6b9b1d18-384x281.webp%3Ffm%3Dwebp%26fit%3Dmax&w=96&q=75:0
[  863862ms] [ERROR] Failed to load resource: the server responded with a status of 404 (Not Found) @ http://localhost:3001/_next/image?url=https%3A%2F%2Fcdn.sanity.io%2Fimages%2Fgm67v7rk%2Fdevelopment%2F38d69bc1d7ab168e940dafa51abc4837d967d691-750x750.webp%3Ffm%3Dwebp%26fit%3Dmax&w=96&q=75:0
[  863865ms] [ERROR] Failed to load resource: the server responded with a status of 404 (Not Found) @ http://localhost:3001/_next/image?url=https%3A%2F%2Fcdn.sanity.io%2Fimages%2Fgm67v7rk%2Fdevelopment%2Fa7e6dc310b622f00ead8abddd65762ff80b1c104-750x750.webp%3Ffm%3Dwebp%26fit%3Dmax&w=96&q=75:0
[  863866ms] [ERROR] Failed to load resource: the server responded with a status of 404 (Not Found) @ http://localhost:3001/_next/image?url=https%3A%2F%2Fcdn.sanity.io%2Fimages%2Fgm67v7rk%2Fdevelopment%2F6437b4ba6cb5b4f299f64692dc7806d2fceac7ef-750x549.webp%3Ffm%3Dwebp%26fit%3Dmax&w=96&q=75:0
[  863869ms] [ERROR] Failed to load resource: the server responded with a status of 404 (Not Found) @ http://localhost:3001/_next/image?url=https%3A%2F%2Fcdn.sanity.io%2Fimages%2Fgm67v7rk%2Fdevelopment%2Fab11d65d7b66f84578619c8b018a04fbc60559ca-750x549.webp%3Ffm%3Dwebp%26fit%3Dmax&w=96&q=75:0
[  864618ms] [ERROR] Failed to load resource: the server responded with a status of 404 (Not Found) @ http://localhost:3001/_next/image?url=https%3A%2F%2Fcdn.sanity.io%2Fimages%2Fgm67v7rk%2Fdevelopment%2Fb7e4d1e3b0a6c8f4db622ada4a03d2e3e1ad54b3-772x772.webp%3Ffm%3Dwebp%26fit%3Dmax&w=96&q=75:0
[  870576ms] [ERROR] Failed to load resource: the server responded with a status of 404 (Not Found) @ http://localhost:3001/_next/image?url=https%3A%2F%2Fcdn.sanity.io%2Fimages%2Fgm67v7rk%2Fdevelopment%2F84a70c2c58245617e6dca99edfa23e273d4c1aba-750x750.webp%3Ffm%3Dwebp%26fit%3Dmax&w=96&q=75:0
[  870585ms] [ERROR] Failed to load resource: the server responded with a status of 404 (Not Found) @ http://localhost:3001/_next/image?url=https%3A%2F%2Fcdn.sanity.io%2Fimages%2Fgm67v7rk%2Fdevelopment%2F30b103b868e2d0ab9974a66c0cf03a8479b4a228-750x549.webp%3Ffm%3Dwebp%26fit%3Dmax&w=96&q=75:0
[  870585ms] [ERROR] Failed to load resource: the server responded with a status of 404 (Not Found) @ http://localhost:3001/_next/image?url=https%3A%2F%2Fcdn.sanity.io%2Fimages%2Fgm67v7rk%2Fdevelopment%2Fcdc11b432cc1729c2208ecfa720f210f9c8eda6f-750x549.webp%3Ffm%3Dwebp%26fit%3Dmax&w=96&q=75:0
[  870585ms] [ERROR] Failed to load resource: the server responded with a status of 404 (Not Found) @ http://localhost:3001/_next/image?url=https%3A%2F%2Fcdn.sanity.io%2Fimages%2Fgm67v7rk%2Fdevelopment%2Ffc928150891e063f2f7cc221e4a82658b78cb046-750x549.webp%3Ffm%3Dwebp%26fit%3Dmax&w=96&q=75:0
[  870585ms] [ERROR] Failed to load resource: the server responded with a status of 404 (Not Found) @ http://localhost:3001/_next/image?url=https%3A%2F%2Fcdn.sanity.io%2Fimages%2Fgm67v7rk%2Fdevelopment%2F689e390cba4a4a3c089eb0f65fe1d871a65e6b41-750x750.webp%3Ffm%3Dwebp%26fit%3Dmax&w=96&q=75:0
[  870919ms] [ERROR] Failed to load resource: the server responded with a status of 404 (Not Found) @ http://localhost:3001/_next/image?url=https%3A%2F%2Fcdn.sanity.io%2Fimages%2Fgm67v7rk%2Fdevelopment%2Fb5294c3d34ea4dab9b3159a95d664ef180240c5a-772x772.webp%3Ffm%3Dwebp%26fit%3Dmax&w=96&q=75:0
[  871758ms] [ERROR] Failed to load resource: the server responded with a status of 404 (Not Found) @ http://localhost:3001/_next/image?url=https%3A%2F%2Fcdn.sanity.io%2Fimages%2Fgm67v7rk%2Fdevelopment%2F3c59206099c46c53b85b61cf2d73730e6abec90c-750x750.webp%3Ffm%3Dwebp%26fit%3Dmax&w=96&q=75:0
[  872779ms] [ERROR] Failed to load resource: the server responded with a status of 404 (Not Found) @ http://localhost:3001/_next/image?url=https%3A%2F%2Fcdn.sanity.io%2Fimages%2Fgm67v7rk%2Fdevelopment%2Ff7d6a83272a69669d1fcc8f415b894879b7876c4-750x750.webp%3Ffm%3Dwebp%26fit%3Dmax&w=96&q=75:0
[  873619ms] [ERROR] Failed to load resource: the server responded with a status of 404 (Not Found) @ http://localhost:3001/_next/image?url=https%3A%2F%2Fcdn.sanity.io%2Fimages%2Fgm67v7rk%2Fdevelopment%2Feda83dfa50044686af5c5460a7357193fdafe434-750x750.webp%3Ffm%3Dwebp%26fit%3Dmax&w=96&q=75:0
[  874608ms] [ERROR] Failed to load resource: the server responded with a status of 404 (Not Found) @ http://localhost:3001/_next/image?url=https%3A%2F%2Fcdn.sanity.io%2Fimages%2Fgm67v7rk%2Fdevelopment%2F4d9d7a94f2c8f2dad9da4d47b702bc091a8795c6-750x750.webp%3Ffm%3Dwebp%26fit%3Dmax&w=96&q=75:0
[  875622ms] [ERROR] Failed to load resource: the server responded with a status of 404 (Not Found) @ http://localhost:3001/_next/image?url=https%3A%2F%2Fcdn.sanity.io%2Fimages%2Fgm67v7rk%2Fdevelopment%2F11af89ad0f6b46dd87a02de8bd5709815561c12e-750x750.webp%3Ffm%3Dwebp%26fit%3Dmax&w=96&q=75:0
[  876669ms] [ERROR] Failed to load resource: the server responded with a status of 404 (Not Found) @ http://localhost:3001/_next/image?url=https%3A%2F%2Fcdn.sanity.io%2Fimages%2Fgm67v7rk%2Fdevelopment%2Fb98281c67c85a4ad37a1845fd11151112f091da9-750x750.webp%3Ffm%3Dwebp%26fit%3Dmax&w=96&q=75:0
[  878025ms] [ERROR] Failed to load resource: the server responded with a status of 404 (Not Found) @ http://localhost:3001/_next/image?url=https%3A%2F%2Fcdn.sanity.io%2Fimages%2Fgm67v7rk%2Fdevelopment%2Fa916d9a8bee47d6fc90074b1b63d2c976435ab49-750x750.webp%3Ffm%3Dwebp%26fit%3Dmax&w=96&q=75:0
[  878612ms] [ERROR] Failed to load resource: the server responded with a status of 404 (Not Found) @ http://localhost:3001/_next/image?url=https%3A%2F%2Fcdn.sanity.io%2Fimages%2Fgm67v7rk%2Fdevelopment%2F74293faba6e6038a03b01b21d417b6284da694dc-750x750.webp%3Ffm%3Dwebp%26fit%3Dmax&w=96&q=75:0
[  879151ms] [ERROR] Failed to load resource: the server responded with a status of 404 (Not Found) @ http://localhost:3001/_next/image?url=https%3A%2F%2Fcdn.sanity.io%2Fimages%2Fgm67v7rk%2Fdevelopment%2Fb98281c67c85a4ad37a1845fd11151112f091da9-750x750.webp%3Ffm%3Dwebp%26fit%3Dmax&w=96&q=75:0
[  879331ms] [ERROR] Failed to load resource: the server responded with a status of 404 (Not Found) @ http://localhost:3001/_next/image?url=https%3A%2F%2Fcdn.sanity.io%2Fimages%2Fgm67v7rk%2Fdevelopment%2Fa916d9a8bee47d6fc90074b1b63d2c976435ab49-750x750.webp%3Ffm%3Dwebp%26fit%3Dmax&w=96&q=75:0
[  909730ms] [LOG] [Fast Refresh] rebuilding @ http://localhost:3001/_next/static/chunks/f12ff_next_dist_95687940._.js:2302
[  910601ms] [LOG] [Fast Refresh] done in 971ms @ http://localhost:3001/_next/static/chunks/f12ff_next_dist_95687940._.js:2302
[  926663ms] [LOG] [Fast Refresh] rebuilding @ http://localhost:3001/_next/static/chunks/f12ff_next_dist_95687940._.js:2302
[  927591ms] [LOG] [Fast Refresh] done in 1000ms @ http://localhost:3001/_next/static/chunks/f12ff_next_dist_95687940._.js:2302
[  932287ms] [LOG] [Fast Refresh] rebuilding @ http://localhost:3001/_next/static/chunks/f12ff_next_dist_95687940._.js:2302
[  932743ms] [LOG] [Fast Refresh] done in 557ms @ http://localhost:3001/_next/static/chunks/f12ff_next_dist_95687940._.js:2302
[  934091ms] [LOG] [Fast Refresh] rebuilding @ http://localhost:3001/_next/static/chunks/f12ff_next_dist_95687940._.js:2302
[  934146ms] [LOG] [Fast Refresh] done in 164ms @ http://localhost:3001/_next/static/chunks/f12ff_next_dist_95687940._.js:2302
[  934270ms] [WARNING] %c%s%c PortableText block detected in page blocks array. This should be rendered via PortableTextRenderer, not Blocks component. background: #e6e6e6;background: light-dark(rgba(0,0,0,0.1), rgba(255,255,255,0.25));color: #000000;color: light-dark(#000000, #ffffff);border-radius: 2px  Server   19d234d81259 @ http://localhost:3001/_next/static/chunks/f12ff_next_dist_95687940._.js:2302
[  934271ms] [WARNING] %c%s%c PortableText block detected in page blocks array. This should be rendered via PortableTextRenderer, not Blocks component. background: #e6e6e6;background: light-dark(rgba(0,0,0,0.1), rgba(255,255,255,0.25));color: #000000;color: light-dark(#000000, #ffffff);border-radius: 2px  Server   c59bafe040f8 @ http://localhost:3001/_next/static/chunks/f12ff_next_dist_95687940._.js:2302
[  934271ms] [WARNING] %c%s%c PortableText block detected in page blocks array. This should be rendered via PortableTextRenderer, not Blocks component. background: #e6e6e6;background: light-dark(rgba(0,0,0,0.1), rgba(255,255,255,0.25));color: #000000;color: light-dark(#000000, #ffffff);border-radius: 2px  Server   91023982e65d @ http://localhost:3001/_next/static/chunks/f12ff_next_dist_95687940._.js:2302
[  934275ms] [WARNING] %c%s%c PortableText block detected in page blocks array. This should be rendered via PortableTextRenderer, not Blocks component. background: #e6e6e6;background: light-dark(rgba(0,0,0,0.1), rgba(255,255,255,0.25));color: #000000;color: light-dark(#000000, #ffffff);border-radius: 2px  Server   19d234d81259 @ http://localhost:3001/_next/static/chunks/f12ff_next_dist_95687940._.js:2302
[  934275ms] [WARNING] %c%s%c PortableText block detected in page blocks array. This should be rendered via PortableTextRenderer, not Blocks component. background: #e6e6e6;background: light-dark(rgba(0,0,0,0.1), rgba(255,255,255,0.25));color: #000000;color: light-dark(#000000, #ffffff);border-radius: 2px  Server   c59bafe040f8 @ http://localhost:3001/_next/static/chunks/f12ff_next_dist_95687940._.js:2302
[  934275ms] [WARNING] %c%s%c PortableText block detected in page blocks array. This should be rendered via PortableTextRenderer, not Blocks component. background: #e6e6e6;background: light-dark(rgba(0,0,0,0.1), rgba(255,255,255,0.25));color: #000000;color: light-dark(#000000, #ffffff);border-radius: 2px  Server   91023982e65d @ http://localhost:3001/_next/static/chunks/f12ff_next_dist_95687940._.js:2302
[  934329ms] [WARNING] Ignoring Event: localhost @ http://localhost:3001/_next/static/chunks/f12ff_next_dist_95687940._.js:2302
[  934917ms] [ERROR] Failed to load resource: the server responded with a status of 404 (Not Found) @ http://localhost:3001/_next/image?url=https%3A%2F%2Fcdn.sanity.io%2Fimages%2Fgm67v7rk%2Fdevelopment%2F567f9f20e9c9afb035972841f6783838d016e302-3840x2160.png%3Fw%3D800%26h%3D450%26fit%3Dcrop%26auto%3Dformat&w=640&q=75:0
[  934973ms] [ERROR] Failed to load resource: the server responded with a status of 404 (Not Found) @ http://localhost:3001/_next/image?url=https%3A%2F%2Fcdn.sanity.io%2Fimages%2Fgm67v7rk%2Fdevelopment%2F72b19fb988d8fe5d16abf18b8d57c9c6a492af13-3840x2160.png%3Fw%3D800%26h%3D450%26fit%3Dcrop%26auto%3Dformat&w=640&q=75:0
[  934974ms] [ERROR] Failed to load resource: the server responded with a status of 404 (Not Found) @ http://localhost:3001/_next/image?url=https%3A%2F%2Fcdn.sanity.io%2Fimages%2Fgm67v7rk%2Fdevelopment%2F172fcbef06c74ab8cba12e857f608d50e3c9d4ef-1436x776.png%3Frect%3D28%2C0%2C1380%2C776%26w%3D800%26h%3D450%26fit%3Dcrop%26auto%3Dformat&w=640&q=75:0
[  935030ms] [ERROR] Failed to load resource: the server responded with a status of 404 (Not Found) @ http://localhost:3001/_next/image?url=https%3A%2F%2Fcdn.sanity.io%2Fimages%2Fgm67v7rk%2Fdevelopment%2Fe90606c9ce644a7d64fd7f7ab86b558c63c20081-2074x1164.png%3Frect%3D3%2C0%2C2069%2C1164%26w%3D800%26h%3D450%26fit%3Dcrop%26auto%3Dformat&w=640&q=75:0
[  935235ms] [ERROR] Failed to load resource: the server responded with a status of 404 (Not Found) @ http://localhost:3001/_next/image?url=https%3A%2F%2Fcdn.sanity.io%2Fimages%2Fgm67v7rk%2Fdevelopment%2F7131d0c3058e42bdacb40588daaa07ca3bf11b5f-2083x1488.png%3Fw%3D1100%26fm%3Dwebp%26fit%3Dmax&w=640&q=75:0
[  936060ms] [ERROR] Failed to load resource: the server responded with a status of 404 (Not Found) @ http://localhost:3001/_next/image?url=https%3A%2F%2Fcdn.sanity.io%2Fimages%2Fgm67v7rk%2Fdevelopment%2F5819229eb5fca007fe918feac37ea6224444a7e3-2083x1488.png%3Fw%3D1100%26fm%3Dwebp%26fit%3Dmax&w=640&q=75:0
[  940977ms] [INFO] %cDownload the React DevTools for a better development experience: https://react.dev/link/react-devtools font-weight:bold @ http://localhost:3001/_next/static/chunks/f12ff_next_dist_95687940._.js:2302
[  941071ms] [WARNING] %c%s%c PortableText block detected in page blocks array. This should be rendered via PortableTextRenderer, not Blocks component. background: #e6e6e6;background: light-dark(rgba(0,0,0,0.1), rgba(255,255,255,0.25));color: #000000;color: light-dark(#000000, #ffffff);border-radius: 2px  Server   19d234d81259 @ http://localhost:3001/_next/static/chunks/f12ff_next_dist_95687940._.js:2302
[  941071ms] [WARNING] %c%s%c PortableText block detected in page blocks array. This should be rendered via PortableTextRenderer, not Blocks component. background: #e6e6e6;background: light-dark(rgba(0,0,0,0.1), rgba(255,255,255,0.25));color: #000000;color: light-dark(#000000, #ffffff);border-radius: 2px  Server   c59bafe040f8 @ http://localhost:3001/_next/static/chunks/f12ff_next_dist_95687940._.js:2302
[  941071ms] [WARNING] %c%s%c PortableText block detected in page blocks array. This should be rendered via PortableTextRenderer, not Blocks component. background: #e6e6e6;background: light-dark(rgba(0,0,0,0.1), rgba(255,255,255,0.25));color: #000000;color: light-dark(#000000, #ffffff);border-radius: 2px  Server   91023982e65d @ http://localhost:3001/_next/static/chunks/f12ff_next_dist_95687940._.js:2302
[  941171ms] [LOG] [HMR] connected @ http://localhost:3001/_next/static/chunks/f12ff_next_dist_95687940._.js:2302
[  941217ms] [WARNING] Clerk: Clerk has been loaded with development keys. Development instances have strict usage limits and should not be used when deploying your application to production. Learn more: https://clerk.com/docs/deployments/overview @ http://localhost:3001/_next/static/chunks/f12ff_next_dist_95687940._.js:2302
[  941249ms] [ERROR] Failed to load resource: the server responded with a status of 404 (Not Found) @ http://localhost:3001/_next/image?url=https%3A%2F%2Fcdn.sanity.io%2Fimages%2Fgm67v7rk%2Fdevelopment%2F7131d0c3058e42bdacb40588daaa07ca3bf11b5f-2083x1488.png%3Fw%3D1100%26fm%3Dwebp%26fit%3Dmax&w=640&q=75:0
[  941286ms] [WARNING] Missing Algolia environment variables: ALGOLIA_API_KEY @ http://localhost:3001/_next/static/chunks/f12ff_next_dist_95687940._.js:2302
[  941286ms] [WARNING] Algolia admin client not available - missing credentials @ http://localhost:3001/_next/static/chunks/f12ff_next_dist_95687940._.js:2302
[  941286ms] [LOG] ✅ Algolia search client initialized successfully @ http://localhost:3001/_next/static/chunks/f12ff_next_dist_95687940._.js:2302
[  941321ms] [WARNING] Image with src "/connecting-climate-minds-logo-white.png" was detected as the Largest Contentful Paint (LCP). Please add the `loading="eager"` property if this image is above the fold.
Read more: https://nextjs.org/docs/app/api-reference/components/image#loading @ http://localhost:3001/_next/static/chunks/f12ff_next_dist_95687940._.js:2302
[  941327ms] [ERROR] Failed to load resource: the server responded with a status of 404 (Not Found) @ http://localhost:3001/_next/image?url=https%3A%2F%2Fcdn.sanity.io%2Fimages%2Fgm67v7rk%2Fdevelopment%2F172fcbef06c74ab8cba12e857f608d50e3c9d4ef-1436x776.png%3Frect%3D28%2C0%2C1380%2C776%26w%3D800%26h%3D450%26fit%3Dcrop%26auto%3Dformat&w=640&q=75:0
[  941327ms] [ERROR] Failed to load resource: the server responded with a status of 404 (Not Found) @ http://localhost:3001/_next/image?url=https%3A%2F%2Fcdn.sanity.io%2Fimages%2Fgm67v7rk%2Fdevelopment%2F567f9f20e9c9afb035972841f6783838d016e302-3840x2160.png%3Fw%3D800%26h%3D450%26fit%3Dcrop%26auto%3Dformat&w=640&q=75:0
[  941582ms] [WARNING] Ignoring Event: localhost @ http://localhost:3001/_next/static/chunks/f12ff_next_dist_95687940._.js:2302
[  941860ms] [ERROR] Access to resource at 'https://gm67v7rk.api.sanity.io/v2024-04-24/data/live/events/development?tag=next-loader.live' from origin 'http://localhost:3001' has been blocked by CORS policy: No 'Access-Control-Allow-Origin' header is present on the requested resource. @ http://localhost:3001/en/research-and-action/all-outputs:0
[  941861ms] [ERROR] Failed to load resource: net::ERR_FAILED @ https://gm67v7rk.api.sanity.io/v2024-04-24/data/live/events/development?tag=next-loader.live:0
[  941876ms] [ERROR] Failed to load resource: the server responded with a status of 404 (Not Found) @ http://localhost:3001/_next/image?url=https%3A%2F%2Fcdn.sanity.io%2Fimages%2Fgm67v7rk%2Fdevelopment%2F5819229eb5fca007fe918feac37ea6224444a7e3-2083x1488.png%3Fw%3D1100%26fm%3Dwebp%26fit%3Dmax&w=640&q=75:0
[  941985ms] [ERROR] Access to fetch at 'https://gm67v7rk.api.sanity.io/v2024-04-24/data/live/events/development?tag=next-loader.live' from origin 'http://localhost:3001' has been blocked by CORS policy: Response to preflight request doesn't pass access control check: No 'Access-Control-Allow-Origin' header is present on the requested resource. @ http://localhost:3001/en/research-and-action/all-outputs:0
[  941985ms] [ERROR] Failed to load resource: net::ERR_FAILED @ https://gm67v7rk.api.sanity.io/v2024-04-24/data/live/events/development?tag=next-loader.live:0
[  942220ms] [ERROR] Failed to load resource: the server responded with a status of 404 (Not Found) @ http://localhost:3001/_next/image?url=https%3A%2F%2Fcdn.sanity.io%2Fimages%2Fgm67v7rk%2Fdevelopment%2F72b19fb988d8fe5d16abf18b8d57c9c6a492af13-3840x2160.png%3Fw%3D800%26h%3D450%26fit%3Dcrop%26auto%3Dformat&w=640&q=75:0
[  942288ms] [ERROR] Failed to load resource: the server responded with a status of 404 (Not Found) @ http://localhost:3001/_next/image?url=https%3A%2F%2Fcdn.sanity.io%2Fimages%2Fgm67v7rk%2Fdevelopment%2Fe90606c9ce644a7d64fd7f7ab86b558c63c20081-2074x1164.png%3Frect%3D3%2C0%2C2069%2C1164%26w%3D800%26h%3D450%26fit%3Dcrop%26auto%3Dformat&w=640&q=75:0
[  942365ms] [ERROR] Access to fetch at 'https://gm67v7rk.api.sanity.io/v2024-04-24/data/live/events/development?tag=next-loader.live' from origin 'http://localhost:3001' has been blocked by CORS policy: Response to preflight request doesn't pass access control check: No 'Access-Control-Allow-Origin' header is present on the requested resource. @ http://localhost:3001/en/research-and-action/all-outputs:0
[  942366ms] [ERROR] Failed to load resource: net::ERR_FAILED @ https://gm67v7rk.api.sanity.io/v2024-04-24/data/live/events/development?tag=next-loader.live:0
[  942366ms] [WARNING] Sanity Live is unable to connect to the Sanity API as the current origin - http://localhost:3001 - is not in the list of allowed CORS origins for this Sanity Project. Add it here: https://sanity.io/manage/project/gm67v7rk/api?cors=add&origin=http%3A%2F%2Flocalhost%3A3001 @ http://localhost:3001/_next/static/chunks/f12ff_next_dist_95687940._.js:2302
[  945443ms] [INFO] %cDownload the React DevTools for a better development experience: https://react.dev/link/react-devtools font-weight:bold @ http://localhost:3001/_next/static/chunks/f12ff_next_dist_95687940._.js:2302
[  945480ms] [LOG] [HMR] connected @ http://localhost:3001/_next/static/chunks/f12ff_next_dist_95687940._.js:2302
[  945493ms] [WARNING] %c%s%c PortableText block detected in page blocks array. This should be rendered via PortableTextRenderer, not Blocks component. background: #e6e6e6;background: light-dark(rgba(0,0,0,0.1), rgba(255,255,255,0.25));color: #000000;color: light-dark(#000000, #ffffff);border-radius: 2px  Server   19d234d81259 @ http://localhost:3001/_next/static/chunks/f12ff_next_dist_95687940._.js:2302
[  945494ms] [WARNING] %c%s%c PortableText block detected in page blocks array. This should be rendered via PortableTextRenderer, not Blocks component. background: #e6e6e6;background: light-dark(rgba(0,0,0,0.1), rgba(255,255,255,0.25));color: #000000;color: light-dark(#000000, #ffffff);border-radius: 2px  Server   c59bafe040f8 @ http://localhost:3001/_next/static/chunks/f12ff_next_dist_95687940._.js:2302
[  945494ms] [WARNING] %c%s%c PortableText block detected in page blocks array. This should be rendered via PortableTextRenderer, not Blocks component. background: #e6e6e6;background: light-dark(rgba(0,0,0,0.1), rgba(255,255,255,0.25));color: #000000;color: light-dark(#000000, #ffffff);border-radius: 2px  Server   91023982e65d @ http://localhost:3001/_next/static/chunks/f12ff_next_dist_95687940._.js:2302
[  945521ms] [ERROR] Failed to load resource: the server responded with a status of 404 (Not Found) @ http://localhost:3001/_next/image?url=https%3A%2F%2Fcdn.sanity.io%2Fimages%2Fgm67v7rk%2Fdevelopment%2F72b19fb988d8fe5d16abf18b8d57c9c6a492af13-3840x2160.png%3Fw%3D800%26h%3D450%26fit%3Dcrop%26auto%3Dformat&w=640&q=75:0
[  945523ms] [ERROR] Failed to load resource: the server responded with a status of 404 (Not Found) @ http://localhost:3001/_next/image?url=https%3A%2F%2Fcdn.sanity.io%2Fimages%2Fgm67v7rk%2Fdevelopment%2F7131d0c3058e42bdacb40588daaa07ca3bf11b5f-2083x1488.png%3Fw%3D1100%26fm%3Dwebp%26fit%3Dmax&w=640&q=75:0
[  945582ms] [WARNING] Clerk: Clerk has been loaded with development keys. Development instances have strict usage limits and should not be used when deploying your application to production. Learn more: https://clerk.com/docs/deployments/overview @ http://localhost:3001/_next/static/chunks/f12ff_next_dist_95687940._.js:2302
[  945633ms] [WARNING] Missing Algolia environment variables: ALGOLIA_API_KEY @ http://localhost:3001/_next/static/chunks/f12ff_next_dist_95687940._.js:2302
[  945633ms] [WARNING] Algolia admin client not available - missing credentials @ http://localhost:3001/_next/static/chunks/f12ff_next_dist_95687940._.js:2302
[  945633ms] [LOG] ✅ Algolia search client initialized successfully @ http://localhost:3001/_next/static/chunks/f12ff_next_dist_95687940._.js:2302
[  945645ms] [WARNING] Image with src "/connecting-climate-minds-logo-white.png" was detected as the Largest Contentful Paint (LCP). Please add the `loading="eager"` property if this image is above the fold.
Read more: https://nextjs.org/docs/app/api-reference/components/image#loading @ http://localhost:3001/_next/static/chunks/f12ff_next_dist_95687940._.js:2302
[  945725ms] [ERROR] Failed to load resource: the server responded with a status of 404 (Not Found) @ http://localhost:3001/_next/image?url=https%3A%2F%2Fcdn.sanity.io%2Fimages%2Fgm67v7rk%2Fdevelopment%2F172fcbef06c74ab8cba12e857f608d50e3c9d4ef-1436x776.png%3Frect%3D28%2C0%2C1380%2C776%26w%3D800%26h%3D450%26fit%3Dcrop%26auto%3Dformat&w=640&q=75:0
[  945725ms] [ERROR] Failed to load resource: the server responded with a status of 404 (Not Found) @ http://localhost:3001/_next/image?url=https%3A%2F%2Fcdn.sanity.io%2Fimages%2Fgm67v7rk%2Fdevelopment%2F567f9f20e9c9afb035972841f6783838d016e302-3840x2160.png%3Fw%3D800%26h%3D450%26fit%3Dcrop%26auto%3Dformat&w=640&q=75:0
[  945726ms] [ERROR] Failed to load resource: the server responded with a status of 404 (Not Found) @ http://localhost:3001/_next/image?url=https%3A%2F%2Fcdn.sanity.io%2Fimages%2Fgm67v7rk%2Fdevelopment%2Fe90606c9ce644a7d64fd7f7ab86b558c63c20081-2074x1164.png%3Frect%3D3%2C0%2C2069%2C1164%26w%3D800%26h%3D450%26fit%3Dcrop%26auto%3Dformat&w=640&q=75:0
[  945856ms] [WARNING] Ignoring Event: localhost @ http://localhost:3001/_next/static/chunks/f12ff_next_dist_95687940._.js:2302
[  945966ms] [ERROR] Access to resource at 'https://gm67v7rk.api.sanity.io/v2024-04-24/data/live/events/development?tag=next-loader.live' from origin 'http://localhost:3001' has been blocked by CORS policy: No 'Access-Control-Allow-Origin' header is present on the requested resource. @ http://localhost:3001/en/research-and-action/all-outputs:0
[  945967ms] [ERROR] Failed to load resource: net::ERR_FAILED @ https://gm67v7rk.api.sanity.io/v2024-04-24/data/live/events/development?tag=next-loader.live:0
[  946181ms] [ERROR] Failed to load resource: the server responded with a status of 404 (Not Found) @ http://localhost:3001/_next/image?url=https%3A%2F%2Fcdn.sanity.io%2Fimages%2Fgm67v7rk%2Fdevelopment%2F5819229eb5fca007fe918feac37ea6224444a7e3-2083x1488.png%3Fw%3D1100%26fm%3Dwebp%26fit%3Dmax&w=640&q=75:0
[  946319ms] [ERROR] Access to fetch at 'https://gm67v7rk.api.sanity.io/v2024-04-24/data/live/events/development?tag=next-loader.live' from origin 'http://localhost:3001' has been blocked by CORS policy: Response to preflight request doesn't pass access control check: No 'Access-Control-Allow-Origin' header is present on the requested resource. @ http://localhost:3001/en/research-and-action/all-outputs:0
[  946319ms] [ERROR] Failed to load resource: net::ERR_FAILED @ https://gm67v7rk.api.sanity.io/v2024-04-24/data/live/events/development?tag=next-loader.live:0
[  946700ms] [ERROR] Access to fetch at 'https://gm67v7rk.api.sanity.io/v2024-04-24/data/live/events/development?tag=next-loader.live' from origin 'http://localhost:3001' has been blocked by CORS policy: Response to preflight request doesn't pass access control check: No 'Access-Control-Allow-Origin' header is present on the requested resource. @ http://localhost:3001/en/research-and-action/all-outputs:0
[  946700ms] [ERROR] Failed to load resource: net::ERR_FAILED @ https://gm67v7rk.api.sanity.io/v2024-04-24/data/live/events/development?tag=next-loader.live:0
[  946703ms] [WARNING] Sanity Live is unable to connect to the Sanity API as the current origin - http://localhost:3001 - is not in the list of allowed CORS origins for this Sanity Project. Add it here: https://sanity.io/manage/project/gm67v7rk/api?cors=add&origin=http%3A%2F%2Flocalhost%3A3001 @ http://localhost:3001/_next/static/chunks/f12ff_next_dist_95687940._.js:2302
[  949758ms] [LOG] [Fast Refresh] rebuilding @ http://localhost:3001/_next/static/chunks/f12ff_next_dist_95687940._.js:2302
[  949810ms] [LOG] [Fast Refresh] done in 153ms @ http://localhost:3001/_next/static/chunks/f12ff_next_dist_95687940._.js:2302
[  951182ms] [WARNING] Ignoring Event: localhost @ http://localhost:3001/_next/static/chunks/f12ff_next_dist_95687940._.js:2302
[  951496ms] [ERROR] Failed to load resource: the server responded with a status of 404 (Not Found) @ http://localhost:3001/_next/image?url=https%3A%2F%2Fcdn.sanity.io%2Fimages%2Fgm67v7rk%2Fdevelopment%2F5a171b7507c1d52a3190bd70967050359220c0d8-3840x2160.png%3Frect%3D299%2C0%2C3242%2C2160%26w%3D800%26h%3D533%26fit%3Dcrop%26auto%3Dformat&w=384&q=75:0
[  951552ms] [ERROR] Failed to load resource: the server responded with a status of 404 (Not Found) @ http://localhost:3001/_next/image?url=https%3A%2F%2Fcdn.sanity.io%2Fimages%2Fgm67v7rk%2Fdevelopment%2F1dced2c1010c1a934446fedc0b120070ba96e785-2083x1488.png%3Fw%3D1100%26fm%3Dwebp%26fit%3Dmax&w=640&q=75:0
[  951553ms] [ERROR] Failed to load resource: the server responded with a status of 404 (Not Found) @ http://localhost:3001/_next/image?url=https%3A%2F%2Fcdn.sanity.io%2Fimages%2Fgm67v7rk%2Fdevelopment%2F5150b03b749f3ccd562bfc03c998f24e90a6fed1-3840x2160.png%3Frect%3D299%2C0%2C3242%2C2160%26w%3D800%26h%3D533%26fit%3Dcrop%26auto%3Dformat&w=384&q=75:0
[  951946ms] [ERROR] Failed to load resource: the server responded with a status of 404 (Not Found) @ http://localhost:3001/_next/image?url=https%3A%2F%2Fcdn.sanity.io%2Fimages%2Fgm67v7rk%2Fdevelopment%2F108f82694b487b38d05de46c6a00d5ff47fedb7e-3840x2160.png%3Frect%3D299%2C0%2C3242%2C2160%26w%3D800%26h%3D533%26fit%3Dcrop%26auto%3Dformat&w=384&q=75:0
[  954911ms] [WARNING] Ignoring Event: localhost @ http://localhost:3001/_next/static/chunks/f12ff_next_dist_95687940._.js:2302
[  955089ms] [ERROR] Failed to load resource: the server responded with a status of 404 (Not Found) @ http://localhost:3001/_next/image?url=https%3A%2F%2Fcdn.sanity.io%2Fimages%2Fgm67v7rk%2Fdevelopment%2Fd800ae0083a85016fd1640ec6a414b5dfd8217f1-3840x2160.png%3Frect%3D299%2C0%2C3242%2C2160%26w%3D800%26h%3D533%26fit%3Dcrop%26auto%3Dformat&w=384&q=75:0
[  955090ms] [ERROR] Failed to load resource: the server responded with a status of 404 (Not Found) @ http://localhost:3001/_next/image?url=https%3A%2F%2Fcdn.sanity.io%2Fimages%2Fgm67v7rk%2Fdevelopment%2Fd9a60dcfdbf2d1b07ae3e68a200183728b638d46-2083x1488.png%3Fw%3D1100%26fm%3Dwebp%26fit%3Dmax&w=640&q=75:0
[  955091ms] [ERROR] Failed to load resource: the server responded with a status of 404 (Not Found) @ http://localhost:3001/_next/image?url=https%3A%2F%2Fcdn.sanity.io%2Fimages%2Fgm67v7rk%2Fdevelopment%2F567f9f20e9c9afb035972841f6783838d016e302-3840x2160.png%3Frect%3D299%2C0%2C3242%2C2160%26w%3D800%26h%3D533%26fit%3Dcrop%26auto%3Dformat&w=384&q=75:0
[  955092ms] [ERROR] Failed to load resource: the server responded with a status of 404 (Not Found) @ http://localhost:3001/_next/image?url=https%3A%2F%2Fcdn.sanity.io%2Fimages%2Fgm67v7rk%2Fdevelopment%2F693df4ea3c67d4812f2bbe4eaa23c15584ecc1e7-3840x2160.png%3Frect%3D299%2C0%2C3242%2C2160%26w%3D800%26h%3D533%26fit%3Dcrop%26auto%3Dformat&w=384&q=75:0
[  957510ms] [LOG] [Fast Refresh] rebuilding @ http://localhost:3001/_next/static/chunks/f12ff_next_dist_95687940._.js:2302
[  959327ms] [LOG] [Fast Refresh] done in 1918ms @ http://localhost:3001/_next/static/chunks/f12ff_next_dist_95687940._.js:2302
[  960513ms] [WARNING] Ignoring Event: localhost @ http://localhost:3001/_next/static/chunks/f12ff_next_dist_95687940._.js:2302
[  967639ms] [ERROR] WebSocket connection to 'ws://localhost:3001/_next/webpack-hmr?id=O0LBP6BwEtbdMw9Y_wqVb' failed:  @ http://localhost:3001/_next/static/chunks/f12ff_next_dist_client_d93c57ad._.js:10876
[  970394ms] [LOG] [HMR] connected @ http://localhost:3001/_next/static/chunks/f12ff_next_dist_95687940._.js:2302
[  974446ms] [INFO] %cDownload the React DevTools for a better development experience: https://react.dev/link/react-devtools font-weight:bold @ http://localhost:3001/_next/static/chunks/f12ff_next_dist_95687940._.js:2302
[  974496ms] [LOG] [HMR] connected @ http://localhost:3001/_next/static/chunks/f12ff_next_dist_95687940._.js:2302
[  974586ms] [WARNING] Missing Algolia environment variables: ALGOLIA_API_KEY @ http://localhost:3001/_next/static/chunks/f12ff_next_dist_95687940._.js:2302
[  974586ms] [WARNING] Algolia admin client not available - missing credentials @ http://localhost:3001/_next/static/chunks/f12ff_next_dist_95687940._.js:2302
[  974586ms] [LOG] ✅ Algolia search client initialized successfully @ http://localhost:3001/_next/static/chunks/f12ff_next_dist_95687940._.js:2302
[  974594ms] [WARNING] Image with src "/connecting-climate-minds-logo-white.png" was detected as the Largest Contentful Paint (LCP). Please add the `loading="eager"` property if this image is above the fold.
Read more: https://nextjs.org/docs/app/api-reference/components/image#loading @ http://localhost:3001/_next/static/chunks/f12ff_next_dist_95687940._.js:2302
[  974859ms] [LOG] [Fast Refresh] rebuilding @ http://localhost:3001/_next/static/chunks/f12ff_next_dist_95687940._.js:2302
[  974859ms] [WARNING] Ignoring Event: localhost @ http://localhost:3001/_next/static/chunks/f12ff_next_dist_95687940._.js:2302
[  974860ms] [LOG] [Fast Refresh] done in 316ms @ http://localhost:3001/_next/static/chunks/f12ff_next_dist_95687940._.js:2302
[  974862ms] [WARNING] Clerk: Clerk has been loaded with development keys. Development instances have strict usage limits and should not be used when deploying your application to production. Learn more: https://clerk.com/docs/deployments/overview @ http://localhost:3001/_next/static/chunks/f12ff_next_dist_95687940._.js:2302
[  974900ms] [WARNING] Image with src "https://img.youtube.com/vi/FkmM8MNIjfU/mqdefault.jpg" was detected as the Largest Contentful Paint (LCP). Please add the `loading="eager"` property if this image is above the fold.
Read more: https://nextjs.org/docs/app/api-reference/components/image#loading @ http://localhost:3001/_next/static/chunks/f12ff_next_dist_95687940._.js:2302
[  975181ms] [ERROR] Access to resource at 'https://gm67v7rk.api.sanity.io/v2024-04-24/data/live/events/development?tag=next-loader.live' from origin 'http://localhost:3001' has been blocked by CORS policy: No 'Access-Control-Allow-Origin' header is present on the requested resource. @ http://localhost:3001/en/lived-experiences:0
[  975182ms] [ERROR] Failed to load resource: net::ERR_FAILED @ https://gm67v7rk.api.sanity.io/v2024-04-24/data/live/events/development?tag=next-loader.live:0
[  975315ms] [ERROR] Access to fetch at 'https://gm67v7rk.api.sanity.io/v2024-04-24/data/live/events/development?tag=next-loader.live' from origin 'http://localhost:3001' has been blocked by CORS policy: Response to preflight request doesn't pass access control check: No 'Access-Control-Allow-Origin' header is present on the requested resource. @ http://localhost:3001/en/lived-experiences:0
[  975315ms] [ERROR] Failed to load resource: net::ERR_FAILED @ https://gm67v7rk.api.sanity.io/v2024-04-24/data/live/events/development?tag=next-loader.live:0
[  975420ms] [ERROR] Access to fetch at 'https://gm67v7rk.api.sanity.io/v2024-04-24/data/live/events/development?tag=next-loader.live' from origin 'http://localhost:3001' has been blocked by CORS policy: Response to preflight request doesn't pass access control check: No 'Access-Control-Allow-Origin' header is present on the requested resource. @ http://localhost:3001/en/lived-experiences:0
[  975420ms] [ERROR] Failed to load resource: net::ERR_FAILED @ https://gm67v7rk.api.sanity.io/v2024-04-24/data/live/events/development?tag=next-loader.live:0
[  975420ms] [WARNING] Sanity Live is unable to connect to the Sanity API as the current origin - http://localhost:3001 - is not in the list of allowed CORS origins for this Sanity Project. Add it here: https://sanity.io/manage/project/gm67v7rk/api?cors=add&origin=http%3A%2F%2Flocalhost%3A3001 @ http://localhost:3001/_next/static/chunks/f12ff_next_dist_95687940._.js:2302
[  975448ms] [LOG] [Fast Refresh] rebuilding @ http://localhost:3001/_next/static/chunks/f12ff_next_dist_95687940._.js:2302
[  975556ms] [LOG] [Fast Refresh] done in 208ms @ http://localhost:3001/_next/static/chunks/f12ff_next_dist_95687940._.js:2302
