[    2480ms] [LOG] [Fast Refresh] rebuilding @ http://localhost:3000/_next/static/chunks/f12ff_next_dist_95687940._.js:2302
[    4847ms] [LOG] [Fast Refresh] done in 2475ms @ http://localhost:3000/_next/static/chunks/f12ff_next_dist_95687940._.js:2302
[    8916ms] [INFO] %cDownload the React DevTools for a better development experience: https://react.dev/link/react-devtools font-weight:bold @ http://localhost:3000/_next/static/chunks/f12ff_next_dist_95687940._.js:2302
[    9676ms] [LOG] [HMR] connected @ http://localhost:3000/_next/static/chunks/f12ff_next_dist_95687940._.js:2302
[    9854ms] [LOG] [Fast Refresh] rebuilding @ http://localhost:3000/_next/static/chunks/f12ff_next_dist_95687940._.js:2302
[    9962ms] [WARNING] Missing Algolia environment variables: ALGOLIA_API_KEY @ http://localhost:3000/_next/static/chunks/f12ff_next_dist_95687940._.js:2302
[    9963ms] [WARNING] Algolia admin client not available - missing credentials @ http://localhost:3000/_next/static/chunks/f12ff_next_dist_95687940._.js:2302
[    9963ms] [LOG] ✅ Algolia search client initialized successfully @ http://localhost:3000/_next/static/chunks/f12ff_next_dist_95687940._.js:2302
[    9981ms] [WARNING] [react-instantsearch-nextjs] InstantSearchNext relies on experimental APIs and may break in the future.
This message will only be displayed in development mode. @ http://localhost:3000/_next/static/chunks/f12ff_next_dist_95687940._.js:2302
[   10093ms] [WARNING] Ignoring Event: localhost @ http://localhost:3000/_next/static/chunks/f12ff_next_dist_95687940._.js:2302
[   10134ms] [WARNING] Clerk: Clerk has been loaded with development keys. Development instances have strict usage limits and should not be used when deploying your application to production. Learn more: https://clerk.com/docs/deployments/overview @ http://localhost:3000/_next/static/chunks/f12ff_next_dist_95687940._.js:2302
[   10157ms] [INFO] Sanity is live with automatic revalidation of published content @ http://localhost:3000/_next/static/chunks/f12ff_next_dist_95687940._.js:2302
[   10522ms] [LOG] [Fast Refresh] done in 788ms @ http://localhost:3000/_next/static/chunks/f12ff_next_dist_95687940._.js:2302
[   10757ms] [LOG] [Fast Refresh] rebuilding @ http://localhost:3000/_next/static/chunks/f12ff_next_dist_95687940._.js:2302
[   10774ms] [LOG] [Fast Refresh] done in 118ms @ http://localhost:3000/_next/static/chunks/f12ff_next_dist_95687940._.js:2302
[   22184ms] [LOG] [Fast Refresh] rebuilding @ http://localhost:3000/_next/static/chunks/f12ff_next_dist_95687940._.js:2302
[   22352ms] [LOG] [Fast Refresh] done in 271ms @ http://localhost:3000/_next/static/chunks/f12ff_next_dist_95687940._.js:2302
[   51460ms] [LOG] [Fast Refresh] rebuilding @ http://localhost:3000/_next/static/chunks/f12ff_next_dist_95687940._.js:2302
[   51668ms] [LOG] [Fast Refresh] done in 331ms @ http://localhost:3000/_next/static/chunks/f12ff_next_dist_95687940._.js:2302
[  152740ms] [LOG] [Fast Refresh] rebuilding @ http://localhost:3000/_next/static/chunks/f12ff_next_dist_95687940._.js:2302
[  157497ms] [LOG] [Fast Refresh] done in 4794ms @ http://localhost:3000/_next/static/chunks/f12ff_next_dist_95687940._.js:2302
[  179020ms] [LOG] [Fast Refresh] rebuilding @ http://localhost:3000/_next/static/chunks/f12ff_next_dist_95687940._.js:2302
[  179125ms] [LOG] [Fast Refresh] done in 182ms @ http://localhost:3000/_next/static/chunks/f12ff_next_dist_95687940._.js:2302
[  202506ms] [LOG] [Fast Refresh] rebuilding @ http://localhost:3000/_next/static/chunks/f12ff_next_dist_95687940._.js:2302
[  212002ms] [LOG] [Fast Refresh] done in 9164ms @ http://localhost:3000/_next/static/chunks/f12ff_next_dist_95687940._.js:2302
[  212399ms] [WARNING] [Fast Refresh] performing full reload

Fast Refresh will perform a full reload when you edit a file that's imported by modules outside of the React rendering tree.
You might have a file which exports a React component but also exports a value that is imported by a non-React component file.
Consider migrating the non-React component export to a separate file and importing it into both files.

It is also possible the parent component of the component you edited is a class component, which disables Fast Refresh.
Fast Refresh requires at least one parent function component in your React tree. @ http://localhost:3000/_next/static/chunks/f12ff_next_dist_95687940._.js:2302
[  215465ms] [LOG] [Fast Refresh] rebuilding @ http://localhost:3000/_next/static/chunks/f12ff_next_dist_95687940._.js:2302
[  237965ms] [LOG] [Fast Refresh] done in 22596ms @ http://localhost:3000/_next/static/chunks/f12ff_next_dist_95687940._.js:2302
[  239233ms] [LOG] [Fast Refresh] rebuilding @ http://localhost:3000/_next/static/chunks/f12ff_next_dist_95687940._.js:2302
[  239953ms] [LOG] [Fast Refresh] done in 821ms @ http://localhost:3000/_next/static/chunks/f12ff_next_dist_95687940._.js:2302
[  243646ms] [LOG] [Fast Refresh] rebuilding @ http://localhost:3000/_next/static/chunks/f12ff_next_dist_95687940._.js:2302
[  243880ms] [LOG] [Fast Refresh] done in 235ms @ http://localhost:3000/_next/static/chunks/f12ff_next_dist_95687940._.js:2302
[  252746ms] [ERROR] Failed to load resource: the server responded with a status of 500 (Internal Server Error) @ http://localhost:3000/ar/search?q=%D8%A2%D8%B3%D9%8A%D8%A7:0
[  253056ms] [INFO] %cDownload the React DevTools for a better development experience: https://react.dev/link/react-devtools font-weight:bold @ http://localhost:3000/_next/static/chunks/f12ff_next_dist_95687940._.js:2302
[  253560ms] [LOG] [HMR] connected @ http://localhost:3000/_next/static/chunks/f12ff_next_dist_95687940._.js:2302
[  254230ms] [LOG] [Fast Refresh] rebuilding @ http://localhost:3000/_next/static/chunks/f12ff_next_dist_95687940._.js:2302
[  254424ms] [WARNING] Clerk: Clerk has been loaded with development keys. Development instances have strict usage limits and should not be used when deploying your application to production. Learn more: https://clerk.com/docs/deployments/overview @ http://localhost:3000/_next/static/chunks/f12ff_next_dist_95687940._.js:2302
[  254570ms] [WARNING] Missing Algolia environment variables: ALGOLIA_API_KEY @ http://localhost:3000/_next/static/chunks/f12ff_next_dist_95687940._.js:2302
[  254570ms] [WARNING] Algolia admin client not available - missing credentials @ http://localhost:3000/_next/static/chunks/f12ff_next_dist_95687940._.js:2302
[  254570ms] [LOG] ✅ Algolia search client initialized successfully @ http://localhost:3000/_next/static/chunks/f12ff_next_dist_95687940._.js:2302
[  254883ms] [WARNING] [react-instantsearch-nextjs] InstantSearchNext relies on experimental APIs and may break in the future.
This message will only be displayed in development mode. @ http://localhost:3000/_next/static/chunks/f12ff_next_dist_95687940._.js:2302
[  255175ms] [WARNING] Ignoring Event: localhost @ http://localhost:3000/_next/static/chunks/f12ff_next_dist_95687940._.js:2302
[  255348ms] [INFO] Sanity is live with automatic revalidation of published content @ http://localhost:3000/_next/static/chunks/f12ff_next_dist_95687940._.js:2302
[  257135ms] [LOG] [Fast Refresh] done in 3045ms @ http://localhost:3000/_next/static/chunks/f12ff_next_dist_95687940._.js:2302
[  258871ms] [LOG] [Fast Refresh] rebuilding @ http://localhost:3000/_next/static/chunks/f12ff_next_dist_95687940._.js:2302
[  259012ms] [LOG] [Fast Refresh] done in 240ms @ http://localhost:3000/_next/static/chunks/f12ff_next_dist_95687940._.js:2302
[  259136ms] [LOG] [Fast Refresh] rebuilding @ http://localhost:3000/_next/static/chunks/f12ff_next_dist_95687940._.js:2302
[  266099ms] [LOG] [Fast Refresh] done in 7061ms @ http://localhost:3000/_next/static/chunks/f12ff_next_dist_95687940._.js:2302
[  280979ms] [LOG] [Fast Refresh] rebuilding @ http://localhost:3000/_next/static/chunks/f12ff_next_dist_95687940._.js:2302
[  281191ms] [LOG] [Fast Refresh] done in 500ms @ http://localhost:3000/_next/static/chunks/f12ff_next_dist_95687940._.js:2302
[  281583ms] [LOG] [Fast Refresh] rebuilding @ http://localhost:3000/_next/static/chunks/f12ff_next_dist_95687940._.js:2302
[  295787ms] [LOG] [Fast Refresh] done in 14271ms @ http://localhost:3000/_next/static/chunks/f12ff_next_dist_95687940._.js:2302
[  302883ms] [LOG] [Fast Refresh] rebuilding @ http://localhost:3000/_next/static/chunks/f12ff_next_dist_95687940._.js:2302
[  331190ms] [LOG] [Fast Refresh] done in 28389ms @ http://localhost:3000/_next/static/chunks/f12ff_next_dist_95687940._.js:2302
[  338803ms] [LOG] [Fast Refresh] rebuilding @ http://localhost:3000/_next/static/chunks/f12ff_next_dist_95687940._.js:2302
[  339178ms] [LOG] [Fast Refresh] done in 480ms @ http://localhost:3000/_next/static/chunks/f12ff_next_dist_95687940._.js:2302
[  340885ms] [LOG] [Fast Refresh] rebuilding @ http://localhost:3000/_next/static/chunks/f12ff_next_dist_95687940._.js:2302
[  341182ms] [LOG] [Fast Refresh] done in 398ms @ http://localhost:3000/_next/static/chunks/f12ff_next_dist_95687940._.js:2302
[  342173ms] [LOG] [Fast Refresh] rebuilding @ http://localhost:3000/_next/static/chunks/f12ff_next_dist_95687940._.js:2302
[  342198ms] [LOG] [Fast Refresh] done in 126ms @ http://localhost:3000/_next/static/chunks/f12ff_next_dist_95687940._.js:2302
[  342562ms] [LOG] [Fast Refresh] rebuilding @ http://localhost:3000/_next/static/chunks/f12ff_next_dist_95687940._.js:2302
[  342860ms] [LOG] [Fast Refresh] done in 399ms @ http://localhost:3000/_next/static/chunks/f12ff_next_dist_95687940._.js:2302
[  356275ms] [LOG] [Fast Refresh] rebuilding @ http://localhost:3000/_next/static/chunks/f12ff_next_dist_95687940._.js:2302
[  359211ms] [LOG] [Fast Refresh] done in 2845ms @ http://localhost:3000/_next/static/chunks/f12ff_next_dist_95687940._.js:2302
[  374355ms] [LOG] [Fast Refresh] rebuilding @ http://localhost:3000/_next/static/chunks/f12ff_next_dist_95687940._.js:2302
[  382010ms] [LOG] [Fast Refresh] done in 7528ms @ http://localhost:3000/_next/static/chunks/f12ff_next_dist_95687940._.js:2302
[  410507ms] [LOG] [Fast Refresh] rebuilding @ http://localhost:3000/_next/static/chunks/f12ff_next_dist_95687940._.js:2302
[  411080ms] [LOG] [Fast Refresh] done in 469ms @ http://localhost:3000/_next/static/chunks/f12ff_next_dist_95687940._.js:2302
[  430263ms] [LOG] [Fast Refresh] rebuilding @ http://localhost:3000/_next/static/chunks/f12ff_next_dist_95687940._.js:2302
[  430719ms] [LOG] [Fast Refresh] done in 341ms @ http://localhost:3000/_next/static/chunks/f12ff_next_dist_95687940._.js:2302
[  472886ms] [LOG] [Fast Refresh] rebuilding @ http://localhost:3000/_next/static/chunks/f12ff_next_dist_95687940._.js:2302
[  473360ms] [LOG] [Fast Refresh] done in 329ms @ http://localhost:3000/_next/static/chunks/f12ff_next_dist_95687940._.js:2302
[  493792ms] [LOG] [Fast Refresh] rebuilding @ http://localhost:3000/_next/static/chunks/f12ff_next_dist_95687940._.js:2302
[  494406ms] [ERROR] IntlError: MISSING_MESSAGE: Could not resolve `search.allResults` in messages for locale `ar`.
    at getFallbackFromErrorAndNotify (http://localhost:3000/_next/static/chunks/node_modules__pnpm_a92eadf3._.js:7251:23)
    at translateBaseFn (http://localhost:3000/_next/static/chunks/node_modules__pnpm_a92eadf3._.js:7281:28)
    at translateFn (http://localhost:3000/_next/static/chunks/node_modules__pnpm_a92eadf3._.js:7343:24)
    at GroupedSearch (http://localhost:3000/_next/static/chunks/_7c0bf91c._.js?id=%255Bproject%255D%252Fcomponents%252Fsearch%252Fgrouped-search.tsx+%255Bapp-client%255D+%2528ecmascript%2529:854:32)
    at Object.react_stack_bottom_frame (http://localhost:3000/_next/static/chunks/f12ff_next_dist_compiled_react-dom_7b2f6d3d._.js:14826:24)
    at renderWithHooks (http://localhost:3000/_next/static/chunks/f12ff_next_dist_compiled_react-dom_7b2f6d3d._.js:4651:24)
    at updateFunctionComponent (http://localhost:3000/_next/static/chunks/f12ff_next_dist_compiled_react-dom_7b2f6d3d._.js:6112:21)
    at beginWork (http://localhost:3000/_next/static/chunks/f12ff_next_dist_compiled_react-dom_7b2f6d3d._.js:6708:24)
    at runWithFiberInDEV (http://localhost:3000/_next/static/chunks/f12ff_next_dist_compiled_react-dom_7b2f6d3d._.js:965:74)
    at performUnitOfWork (http://localhost:3000/_next/static/chunks/f12ff_next_dist_compiled_react-dom_7b2f6d3d._.js:9562:97)
    at workLoopSync (http://localhost:3000/_next/static/chunks/f12ff_next_dist_compiled_react-dom_7b2f6d3d._.js:9456:40)
    at renderRootSync (http://localhost:3000/_next/static/chunks/f12ff_next_dist_compiled_react-dom_7b2f6d3d._.js:9440:13)
    at performWorkOnRoot (http://localhost:3000/_next/static/chunks/f12ff_next_dist_compiled_react-dom_7b2f6d3d._.js:9068:186)
    at performSyncWorkOnRoot (http://localhost:3000/_next/static/chunks/f12ff_next_dist_compiled_react-dom_7b2f6d3d._.js:10238:9)
    at flushSyncWorkAcrossRoots_impl (http://localhost:3000/_next/static/chunks/f12ff_next_dist_compiled_react-dom_7b2f6d3d._.js:10154:316)
    at flushSyncWork$1 (http://localhost:3000/_next/static/chunks/f12ff_next_dist_compiled_react-dom_7b2f6d3d._.js:9237:86)
    at Object.scheduleRefresh (http://localhost:3000/_next/static/chunks/f12ff_next_dist_compiled_react-dom_7b2f6d3d._.js:299:13)
    at http://localhost:3000/_next/static/chunks/f12ff_next_dist_compiled_cd863794._.js:391:33
    at Set.forEach (<anonymous>)
    at Object.performReactRefresh (http://localhost:3000/_next/static/chunks/f12ff_next_dist_compiled_cd863794._.js:384:38)
    at applyUpdate (http://localhost:3000/_next/static/chunks/f12ff_next_dist_compiled_cd863794._.js:878:31)
    at http://localhost:3000/_next/static/chunks/f12ff_next_dist_compiled_cd863794._.js:886:13 @ http://localhost:3000/_next/static/chunks/f12ff_next_dist_95687940._.js:3132
[  494414ms] [ERROR] IntlError: MISSING_MESSAGE: Could not resolve `search.allResults` in messages for locale `ar`.
    at getFallbackFromErrorAndNotify (http://localhost:3000/_next/static/chunks/node_modules__pnpm_a92eadf3._.js:7251:23)
    at translateBaseFn (http://localhost:3000/_next/static/chunks/node_modules__pnpm_a92eadf3._.js:7281:28)
    at translateFn (http://localhost:3000/_next/static/chunks/node_modules__pnpm_a92eadf3._.js:7343:24)
    at GroupedSearch (http://localhost:3000/_next/static/chunks/_7c0bf91c._.js?id=%255Bproject%255D%252Fcomponents%252Fsearch%252Fgrouped-search.tsx+%255Bapp-client%255D+%2528ecmascript%2529:854:32)
    at Object.react_stack_bottom_frame (http://localhost:3000/_next/static/chunks/f12ff_next_dist_compiled_react-dom_7b2f6d3d._.js:14826:24)
    at renderWithHooksAgain (http://localhost:3000/_next/static/chunks/f12ff_next_dist_compiled_react-dom_7b2f6d3d._.js:4706:24)
    at renderWithHooks (http://localhost:3000/_next/static/chunks/f12ff_next_dist_compiled_react-dom_7b2f6d3d._.js:4657:28)
    at updateFunctionComponent (http://localhost:3000/_next/static/chunks/f12ff_next_dist_compiled_react-dom_7b2f6d3d._.js:6112:21)
    at beginWork (http://localhost:3000/_next/static/chunks/f12ff_next_dist_compiled_react-dom_7b2f6d3d._.js:6708:24)
    at runWithFiberInDEV (http://localhost:3000/_next/static/chunks/f12ff_next_dist_compiled_react-dom_7b2f6d3d._.js:965:74)
    at performUnitOfWork (http://localhost:3000/_next/static/chunks/f12ff_next_dist_compiled_react-dom_7b2f6d3d._.js:9562:97)
    at workLoopSync (http://localhost:3000/_next/static/chunks/f12ff_next_dist_compiled_react-dom_7b2f6d3d._.js:9456:40)
    at renderRootSync (http://localhost:3000/_next/static/chunks/f12ff_next_dist_compiled_react-dom_7b2f6d3d._.js:9440:13)
    at performWorkOnRoot (http://localhost:3000/_next/static/chunks/f12ff_next_dist_compiled_react-dom_7b2f6d3d._.js:9068:186)
    at performSyncWorkOnRoot (http://localhost:3000/_next/static/chunks/f12ff_next_dist_compiled_react-dom_7b2f6d3d._.js:10238:9)
    at flushSyncWorkAcrossRoots_impl (http://localhost:3000/_next/static/chunks/f12ff_next_dist_compiled_react-dom_7b2f6d3d._.js:10154:316)
    at flushSyncWork$1 (http://localhost:3000/_next/static/chunks/f12ff_next_dist_compiled_react-dom_7b2f6d3d._.js:9237:86)
    at Object.scheduleRefresh (http://localhost:3000/_next/static/chunks/f12ff_next_dist_compiled_react-dom_7b2f6d3d._.js:299:13)
    at http://localhost:3000/_next/static/chunks/f12ff_next_dist_compiled_cd863794._.js:391:33
    at Set.forEach (<anonymous>)
    at Object.performReactRefresh (http://localhost:3000/_next/static/chunks/f12ff_next_dist_compiled_cd863794._.js:384:38)
    at applyUpdate (http://localhost:3000/_next/static/chunks/f12ff_next_dist_compiled_cd863794._.js:878:31)
    at http://localhost:3000/_next/static/chunks/f12ff_next_dist_compiled_cd863794._.js:886:13 @ http://localhost:3000/_next/static/chunks/f12ff_next_dist_95687940._.js:3132
[  494457ms] [LOG] [Fast Refresh] done in 632ms @ http://localhost:3000/_next/static/chunks/f12ff_next_dist_95687940._.js:2302
[  494508ms] [ERROR] IntlError: MISSING_MESSAGE: Could not resolve `search.allResults` in messages for locale `ar`.
    at getFallbackFromErrorAndNotify (http://localhost:3000/_next/static/chunks/node_modules__pnpm_a92eadf3._.js:7251:23)
    at translateBaseFn (http://localhost:3000/_next/static/chunks/node_modules__pnpm_a92eadf3._.js:7281:28)
    at translateFn (http://localhost:3000/_next/static/chunks/node_modules__pnpm_a92eadf3._.js:7343:24)
    at GroupedSearch (http://localhost:3000/_next/static/chunks/_7c0bf91c._.js?id=%255Bproject%255D%252Fcomponents%252Fsearch%252Fgrouped-search.tsx+%255Bapp-client%255D+%2528ecmascript%2529:854:32)
    at Object.react_stack_bottom_frame (http://localhost:3000/_next/static/chunks/f12ff_next_dist_compiled_react-dom_7b2f6d3d._.js:14826:24)
    at renderWithHooks (http://localhost:3000/_next/static/chunks/f12ff_next_dist_compiled_react-dom_7b2f6d3d._.js:4651:24)
    at updateFunctionComponent (http://localhost:3000/_next/static/chunks/f12ff_next_dist_compiled_react-dom_7b2f6d3d._.js:6112:21)
    at beginWork (http://localhost:3000/_next/static/chunks/f12ff_next_dist_compiled_react-dom_7b2f6d3d._.js:6708:24)
    at runWithFiberInDEV (http://localhost:3000/_next/static/chunks/f12ff_next_dist_compiled_react-dom_7b2f6d3d._.js:965:74)
    at performUnitOfWork (http://localhost:3000/_next/static/chunks/f12ff_next_dist_compiled_react-dom_7b2f6d3d._.js:9562:97)
    at workLoopSync (http://localhost:3000/_next/static/chunks/f12ff_next_dist_compiled_react-dom_7b2f6d3d._.js:9456:40)
    at renderRootSync (http://localhost:3000/_next/static/chunks/f12ff_next_dist_compiled_react-dom_7b2f6d3d._.js:9440:13)
    at performWorkOnRoot (http://localhost:3000/_next/static/chunks/f12ff_next_dist_compiled_react-dom_7b2f6d3d._.js:9068:186)
    at performWorkOnRootViaSchedulerTask (http://localhost:3000/_next/static/chunks/f12ff_next_dist_compiled_react-dom_7b2f6d3d._.js:10230:9)
    at MessagePort.performWorkUntilDeadline (http://localhost:3000/_next/static/chunks/f12ff_next_dist_compiled_cd863794._.js:2647:64) @ http://localhost:3000/_next/static/chunks/f12ff_next_dist_95687940._.js:3132
[  494509ms] [ERROR] IntlError: MISSING_MESSAGE: Could not resolve `search.allResults` in messages for locale `ar`.
    at getFallbackFromErrorAndNotify (http://localhost:3000/_next/static/chunks/node_modules__pnpm_a92eadf3._.js:7251:23)
    at translateBaseFn (http://localhost:3000/_next/static/chunks/node_modules__pnpm_a92eadf3._.js:7281:28)
    at translateFn (http://localhost:3000/_next/static/chunks/node_modules__pnpm_a92eadf3._.js:7343:24)
    at GroupedSearch (http://localhost:3000/_next/static/chunks/_7c0bf91c._.js?id=%255Bproject%255D%252Fcomponents%252Fsearch%252Fgrouped-search.tsx+%255Bapp-client%255D+%2528ecmascript%2529:854:32)
    at Object.react_stack_bottom_frame (http://localhost:3000/_next/static/chunks/f12ff_next_dist_compiled_react-dom_7b2f6d3d._.js:14826:24)
    at renderWithHooksAgain (http://localhost:3000/_next/static/chunks/f12ff_next_dist_compiled_react-dom_7b2f6d3d._.js:4706:24)
    at renderWithHooks (http://localhost:3000/_next/static/chunks/f12ff_next_dist_compiled_react-dom_7b2f6d3d._.js:4657:28)
    at updateFunctionComponent (http://localhost:3000/_next/static/chunks/f12ff_next_dist_compiled_react-dom_7b2f6d3d._.js:6112:21)
    at beginWork (http://localhost:3000/_next/static/chunks/f12ff_next_dist_compiled_react-dom_7b2f6d3d._.js:6708:24)
    at runWithFiberInDEV (http://localhost:3000/_next/static/chunks/f12ff_next_dist_compiled_react-dom_7b2f6d3d._.js:965:74)
    at performUnitOfWork (http://localhost:3000/_next/static/chunks/f12ff_next_dist_compiled_react-dom_7b2f6d3d._.js:9562:97)
    at workLoopSync (http://localhost:3000/_next/static/chunks/f12ff_next_dist_compiled_react-dom_7b2f6d3d._.js:9456:40)
    at renderRootSync (http://localhost:3000/_next/static/chunks/f12ff_next_dist_compiled_react-dom_7b2f6d3d._.js:9440:13)
    at performWorkOnRoot (http://localhost:3000/_next/static/chunks/f12ff_next_dist_compiled_react-dom_7b2f6d3d._.js:9068:186)
    at performWorkOnRootViaSchedulerTask (http://localhost:3000/_next/static/chunks/f12ff_next_dist_compiled_react-dom_7b2f6d3d._.js:10230:9)
    at MessagePort.performWorkUntilDeadline (http://localhost:3000/_next/static/chunks/f12ff_next_dist_compiled_cd863794._.js:2647:64) @ http://localhost:3000/_next/static/chunks/f12ff_next_dist_95687940._.js:3132
[  494875ms] [LOG] [Fast Refresh] rebuilding @ http://localhost:3000/_next/static/chunks/f12ff_next_dist_95687940._.js:2302
[  495916ms] [LOG] [Fast Refresh] done in 1177ms @ http://localhost:3000/_next/static/chunks/f12ff_next_dist_95687940._.js:2302
[  537977ms] [LOG] [Fast Refresh] rebuilding @ http://localhost:3000/_next/static/chunks/f12ff_next_dist_95687940._.js:2302
[  538454ms] [ERROR] IntlError: MISSING_MESSAGE: Could not resolve `search.allResults` in messages for locale `ar`.
    at getFallbackFromErrorAndNotify (http://localhost:3000/_next/static/chunks/node_modules__pnpm_a92eadf3._.js:7251:23)
    at translateBaseFn (http://localhost:3000/_next/static/chunks/node_modules__pnpm_a92eadf3._.js:7281:28)
    at translateFn (http://localhost:3000/_next/static/chunks/node_modules__pnpm_a92eadf3._.js:7343:24)
    at GroupedSearch (http://localhost:3000/_next/static/chunks/_7c0bf91c._.js?id=%255Bproject%255D%252Fcomponents%252Fsearch%252Fgrouped-search.tsx+%255Bapp-client%255D+%2528ecmascript%2529:853:32)
    at Object.react_stack_bottom_frame (http://localhost:3000/_next/static/chunks/f12ff_next_dist_compiled_react-dom_7b2f6d3d._.js:14826:24)
    at renderWithHooks (http://localhost:3000/_next/static/chunks/f12ff_next_dist_compiled_react-dom_7b2f6d3d._.js:4651:24)
    at updateFunctionComponent (http://localhost:3000/_next/static/chunks/f12ff_next_dist_compiled_react-dom_7b2f6d3d._.js:6112:21)
    at beginWork (http://localhost:3000/_next/static/chunks/f12ff_next_dist_compiled_react-dom_7b2f6d3d._.js:6708:24)
    at runWithFiberInDEV (http://localhost:3000/_next/static/chunks/f12ff_next_dist_compiled_react-dom_7b2f6d3d._.js:965:74)
    at performUnitOfWork (http://localhost:3000/_next/static/chunks/f12ff_next_dist_compiled_react-dom_7b2f6d3d._.js:9562:97)
    at workLoopSync (http://localhost:3000/_next/static/chunks/f12ff_next_dist_compiled_react-dom_7b2f6d3d._.js:9456:40)
    at renderRootSync (http://localhost:3000/_next/static/chunks/f12ff_next_dist_compiled_react-dom_7b2f6d3d._.js:9440:13)
    at performWorkOnRoot (http://localhost:3000/_next/static/chunks/f12ff_next_dist_compiled_react-dom_7b2f6d3d._.js:9068:186)
    at performSyncWorkOnRoot (http://localhost:3000/_next/static/chunks/f12ff_next_dist_compiled_react-dom_7b2f6d3d._.js:10238:9)
    at flushSyncWorkAcrossRoots_impl (http://localhost:3000/_next/static/chunks/f12ff_next_dist_compiled_react-dom_7b2f6d3d._.js:10154:316)
    at flushSyncWork$1 (http://localhost:3000/_next/static/chunks/f12ff_next_dist_compiled_react-dom_7b2f6d3d._.js:9237:86)
    at Object.scheduleRefresh (http://localhost:3000/_next/static/chunks/f12ff_next_dist_compiled_react-dom_7b2f6d3d._.js:299:13)
    at http://localhost:3000/_next/static/chunks/f12ff_next_dist_compiled_cd863794._.js:391:33
    at Set.forEach (<anonymous>)
    at Object.performReactRefresh (http://localhost:3000/_next/static/chunks/f12ff_next_dist_compiled_cd863794._.js:384:38)
    at applyUpdate (http://localhost:3000/_next/static/chunks/f12ff_next_dist_compiled_cd863794._.js:878:31)
    at http://localhost:3000/_next/static/chunks/f12ff_next_dist_compiled_cd863794._.js:886:13 @ http://localhost:3000/_next/static/chunks/f12ff_next_dist_95687940._.js:3132
[  538464ms] [ERROR] IntlError: MISSING_MESSAGE: Could not resolve `search.allResults` in messages for locale `ar`.
    at getFallbackFromErrorAndNotify (http://localhost:3000/_next/static/chunks/node_modules__pnpm_a92eadf3._.js:7251:23)
    at translateBaseFn (http://localhost:3000/_next/static/chunks/node_modules__pnpm_a92eadf3._.js:7281:28)
    at translateFn (http://localhost:3000/_next/static/chunks/node_modules__pnpm_a92eadf3._.js:7343:24)
    at GroupedSearch (http://localhost:3000/_next/static/chunks/_7c0bf91c._.js?id=%255Bproject%255D%252Fcomponents%252Fsearch%252Fgrouped-search.tsx+%255Bapp-client%255D+%2528ecmascript%2529:853:32)
    at Object.react_stack_bottom_frame (http://localhost:3000/_next/static/chunks/f12ff_next_dist_compiled_react-dom_7b2f6d3d._.js:14826:24)
    at renderWithHooksAgain (http://localhost:3000/_next/static/chunks/f12ff_next_dist_compiled_react-dom_7b2f6d3d._.js:4706:24)
    at renderWithHooks (http://localhost:3000/_next/static/chunks/f12ff_next_dist_compiled_react-dom_7b2f6d3d._.js:4657:28)
    at updateFunctionComponent (http://localhost:3000/_next/static/chunks/f12ff_next_dist_compiled_react-dom_7b2f6d3d._.js:6112:21)
    at beginWork (http://localhost:3000/_next/static/chunks/f12ff_next_dist_compiled_react-dom_7b2f6d3d._.js:6708:24)
    at runWithFiberInDEV (http://localhost:3000/_next/static/chunks/f12ff_next_dist_compiled_react-dom_7b2f6d3d._.js:965:74)
    at performUnitOfWork (http://localhost:3000/_next/static/chunks/f12ff_next_dist_compiled_react-dom_7b2f6d3d._.js:9562:97)
    at workLoopSync (http://localhost:3000/_next/static/chunks/f12ff_next_dist_compiled_react-dom_7b2f6d3d._.js:9456:40)
    at renderRootSync (http://localhost:3000/_next/static/chunks/f12ff_next_dist_compiled_react-dom_7b2f6d3d._.js:9440:13)
    at performWorkOnRoot (http://localhost:3000/_next/static/chunks/f12ff_next_dist_compiled_react-dom_7b2f6d3d._.js:9068:186)
    at performSyncWorkOnRoot (http://localhost:3000/_next/static/chunks/f12ff_next_dist_compiled_react-dom_7b2f6d3d._.js:10238:9)
    at flushSyncWorkAcrossRoots_impl (http://localhost:3000/_next/static/chunks/f12ff_next_dist_compiled_react-dom_7b2f6d3d._.js:10154:316)
    at flushSyncWork$1 (http://localhost:3000/_next/static/chunks/f12ff_next_dist_compiled_react-dom_7b2f6d3d._.js:9237:86)
    at Object.scheduleRefresh (http://localhost:3000/_next/static/chunks/f12ff_next_dist_compiled_react-dom_7b2f6d3d._.js:299:13)
    at http://localhost:3000/_next/static/chunks/f12ff_next_dist_compiled_cd863794._.js:391:33
    at Set.forEach (<anonymous>)
    at Object.performReactRefresh (http://localhost:3000/_next/static/chunks/f12ff_next_dist_compiled_cd863794._.js:384:38)
    at applyUpdate (http://localhost:3000/_next/static/chunks/f12ff_next_dist_compiled_cd863794._.js:878:31)
    at http://localhost:3000/_next/static/chunks/f12ff_next_dist_compiled_cd863794._.js:886:13 @ http://localhost:3000/_next/static/chunks/f12ff_next_dist_95687940._.js:3132
[  538544ms] [LOG] [Fast Refresh] done in 482ms @ http://localhost:3000/_next/static/chunks/f12ff_next_dist_95687940._.js:2302
[  538553ms] [ERROR] IntlError: MISSING_MESSAGE: Could not resolve `search.allResults` in messages for locale `ar`.
    at getFallbackFromErrorAndNotify (http://localhost:3000/_next/static/chunks/node_modules__pnpm_a92eadf3._.js:7251:23)
    at translateBaseFn (http://localhost:3000/_next/static/chunks/node_modules__pnpm_a92eadf3._.js:7281:28)
    at translateFn (http://localhost:3000/_next/static/chunks/node_modules__pnpm_a92eadf3._.js:7343:24)
    at GroupedSearch (http://localhost:3000/_next/static/chunks/_7c0bf91c._.js?id=%255Bproject%255D%252Fcomponents%252Fsearch%252Fgrouped-search.tsx+%255Bapp-client%255D+%2528ecmascript%2529:853:32)
    at Object.react_stack_bottom_frame (http://localhost:3000/_next/static/chunks/f12ff_next_dist_compiled_react-dom_7b2f6d3d._.js:14826:24)
    at renderWithHooks (http://localhost:3000/_next/static/chunks/f12ff_next_dist_compiled_react-dom_7b2f6d3d._.js:4651:24)
    at updateFunctionComponent (http://localhost:3000/_next/static/chunks/f12ff_next_dist_compiled_react-dom_7b2f6d3d._.js:6112:21)
    at beginWork (http://localhost:3000/_next/static/chunks/f12ff_next_dist_compiled_react-dom_7b2f6d3d._.js:6708:24)
    at runWithFiberInDEV (http://localhost:3000/_next/static/chunks/f12ff_next_dist_compiled_react-dom_7b2f6d3d._.js:965:74)
    at performUnitOfWork (http://localhost:3000/_next/static/chunks/f12ff_next_dist_compiled_react-dom_7b2f6d3d._.js:9562:97)
    at workLoopSync (http://localhost:3000/_next/static/chunks/f12ff_next_dist_compiled_react-dom_7b2f6d3d._.js:9456:40)
    at renderRootSync (http://localhost:3000/_next/static/chunks/f12ff_next_dist_compiled_react-dom_7b2f6d3d._.js:9440:13)
    at performWorkOnRoot (http://localhost:3000/_next/static/chunks/f12ff_next_dist_compiled_react-dom_7b2f6d3d._.js:9068:186)
    at performWorkOnRootViaSchedulerTask (http://localhost:3000/_next/static/chunks/f12ff_next_dist_compiled_react-dom_7b2f6d3d._.js:10230:9)
    at MessagePort.performWorkUntilDeadline (http://localhost:3000/_next/static/chunks/f12ff_next_dist_compiled_cd863794._.js:2647:64) @ http://localhost:3000/_next/static/chunks/f12ff_next_dist_95687940._.js:3132
[  538554ms] [ERROR] IntlError: MISSING_MESSAGE: Could not resolve `search.allResults` in messages for locale `ar`.
    at getFallbackFromErrorAndNotify (http://localhost:3000/_next/static/chunks/node_modules__pnpm_a92eadf3._.js:7251:23)
    at translateBaseFn (http://localhost:3000/_next/static/chunks/node_modules__pnpm_a92eadf3._.js:7281:28)
    at translateFn (http://localhost:3000/_next/static/chunks/node_modules__pnpm_a92eadf3._.js:7343:24)
    at GroupedSearch (http://localhost:3000/_next/static/chunks/_7c0bf91c._.js?id=%255Bproject%255D%252Fcomponents%252Fsearch%252Fgrouped-search.tsx+%255Bapp-client%255D+%2528ecmascript%2529:853:32)
    at Object.react_stack_bottom_frame (http://localhost:3000/_next/static/chunks/f12ff_next_dist_compiled_react-dom_7b2f6d3d._.js:14826:24)
    at renderWithHooksAgain (http://localhost:3000/_next/static/chunks/f12ff_next_dist_compiled_react-dom_7b2f6d3d._.js:4706:24)
    at renderWithHooks (http://localhost:3000/_next/static/chunks/f12ff_next_dist_compiled_react-dom_7b2f6d3d._.js:4657:28)
    at updateFunctionComponent (http://localhost:3000/_next/static/chunks/f12ff_next_dist_compiled_react-dom_7b2f6d3d._.js:6112:21)
    at beginWork (http://localhost:3000/_next/static/chunks/f12ff_next_dist_compiled_react-dom_7b2f6d3d._.js:6708:24)
    at runWithFiberInDEV (http://localhost:3000/_next/static/chunks/f12ff_next_dist_compiled_react-dom_7b2f6d3d._.js:965:74)
    at performUnitOfWork (http://localhost:3000/_next/static/chunks/f12ff_next_dist_compiled_react-dom_7b2f6d3d._.js:9562:97)
    at workLoopSync (http://localhost:3000/_next/static/chunks/f12ff_next_dist_compiled_react-dom_7b2f6d3d._.js:9456:40)
    at renderRootSync (http://localhost:3000/_next/static/chunks/f12ff_next_dist_compiled_react-dom_7b2f6d3d._.js:9440:13)
    at performWorkOnRoot (http://localhost:3000/_next/static/chunks/f12ff_next_dist_compiled_react-dom_7b2f6d3d._.js:9068:186)
    at performWorkOnRootViaSchedulerTask (http://localhost:3000/_next/static/chunks/f12ff_next_dist_compiled_react-dom_7b2f6d3d._.js:10230:9)
    at MessagePort.performWorkUntilDeadline (http://localhost:3000/_next/static/chunks/f12ff_next_dist_compiled_cd863794._.js:2647:64) @ http://localhost:3000/_next/static/chunks/f12ff_next_dist_95687940._.js:3132
[  538904ms] [LOG] [Fast Refresh] rebuilding @ http://localhost:3000/_next/static/chunks/f12ff_next_dist_95687940._.js:2302
[  539052ms] [LOG] [Fast Refresh] done in 251ms @ http://localhost:3000/_next/static/chunks/f12ff_next_dist_95687940._.js:2302
[  562901ms] [LOG] [Fast Refresh] rebuilding @ http://localhost:3000/_next/static/chunks/f12ff_next_dist_95687940._.js:2302
[  563055ms] [ERROR] IntlError: MISSING_MESSAGE: Could not resolve `search.allResults` in messages for locale `ar`.
    at getFallbackFromErrorAndNotify (http://localhost:3000/_next/static/chunks/node_modules__pnpm_a92eadf3._.js:7251:23)
    at translateBaseFn (http://localhost:3000/_next/static/chunks/node_modules__pnpm_a92eadf3._.js:7281:28)
    at translateFn (http://localhost:3000/_next/static/chunks/node_modules__pnpm_a92eadf3._.js:7343:24)
    at GroupedSearch (http://localhost:3000/_next/static/chunks/_7c0bf91c._.js?id=%255Bproject%255D%252Fcomponents%252Fsearch%252Fgrouped-search.tsx+%255Bapp-client%255D+%2528ecmascript%2529:853:32)
    at Object.react_stack_bottom_frame (http://localhost:3000/_next/static/chunks/f12ff_next_dist_compiled_react-dom_7b2f6d3d._.js:14826:24)
    at renderWithHooks (http://localhost:3000/_next/static/chunks/f12ff_next_dist_compiled_react-dom_7b2f6d3d._.js:4651:24)
    at updateFunctionComponent (http://localhost:3000/_next/static/chunks/f12ff_next_dist_compiled_react-dom_7b2f6d3d._.js:6112:21)
    at beginWork (http://localhost:3000/_next/static/chunks/f12ff_next_dist_compiled_react-dom_7b2f6d3d._.js:6708:24)
    at runWithFiberInDEV (http://localhost:3000/_next/static/chunks/f12ff_next_dist_compiled_react-dom_7b2f6d3d._.js:965:74)
    at performUnitOfWork (http://localhost:3000/_next/static/chunks/f12ff_next_dist_compiled_react-dom_7b2f6d3d._.js:9562:97)
    at workLoopSync (http://localhost:3000/_next/static/chunks/f12ff_next_dist_compiled_react-dom_7b2f6d3d._.js:9456:40)
    at renderRootSync (http://localhost:3000/_next/static/chunks/f12ff_next_dist_compiled_react-dom_7b2f6d3d._.js:9440:13)
    at performWorkOnRoot (http://localhost:3000/_next/static/chunks/f12ff_next_dist_compiled_react-dom_7b2f6d3d._.js:9068:186)
    at performSyncWorkOnRoot (http://localhost:3000/_next/static/chunks/f12ff_next_dist_compiled_react-dom_7b2f6d3d._.js:10238:9)
    at flushSyncWorkAcrossRoots_impl (http://localhost:3000/_next/static/chunks/f12ff_next_dist_compiled_react-dom_7b2f6d3d._.js:10154:316)
    at flushSyncWork$1 (http://localhost:3000/_next/static/chunks/f12ff_next_dist_compiled_react-dom_7b2f6d3d._.js:9237:86)
    at Object.scheduleRefresh (http://localhost:3000/_next/static/chunks/f12ff_next_dist_compiled_react-dom_7b2f6d3d._.js:299:13)
    at http://localhost:3000/_next/static/chunks/f12ff_next_dist_compiled_cd863794._.js:391:33
    at Set.forEach (<anonymous>)
    at Object.performReactRefresh (http://localhost:3000/_next/static/chunks/f12ff_next_dist_compiled_cd863794._.js:384:38)
    at applyUpdate (http://localhost:3000/_next/static/chunks/f12ff_next_dist_compiled_cd863794._.js:878:31)
    at http://localhost:3000/_next/static/chunks/f12ff_next_dist_compiled_cd863794._.js:886:13 @ http://localhost:3000/_next/static/chunks/f12ff_next_dist_95687940._.js:3132
[  563063ms] [ERROR] IntlError: MISSING_MESSAGE: Could not resolve `search.allResults` in messages for locale `ar`.
    at getFallbackFromErrorAndNotify (http://localhost:3000/_next/static/chunks/node_modules__pnpm_a92eadf3._.js:7251:23)
    at translateBaseFn (http://localhost:3000/_next/static/chunks/node_modules__pnpm_a92eadf3._.js:7281:28)
    at translateFn (http://localhost:3000/_next/static/chunks/node_modules__pnpm_a92eadf3._.js:7343:24)
    at GroupedSearch (http://localhost:3000/_next/static/chunks/_7c0bf91c._.js?id=%255Bproject%255D%252Fcomponents%252Fsearch%252Fgrouped-search.tsx+%255Bapp-client%255D+%2528ecmascript%2529:853:32)
    at Object.react_stack_bottom_frame (http://localhost:3000/_next/static/chunks/f12ff_next_dist_compiled_react-dom_7b2f6d3d._.js:14826:24)
    at renderWithHooksAgain (http://localhost:3000/_next/static/chunks/f12ff_next_dist_compiled_react-dom_7b2f6d3d._.js:4706:24)
    at renderWithHooks (http://localhost:3000/_next/static/chunks/f12ff_next_dist_compiled_react-dom_7b2f6d3d._.js:4657:28)
    at updateFunctionComponent (http://localhost:3000/_next/static/chunks/f12ff_next_dist_compiled_react-dom_7b2f6d3d._.js:6112:21)
    at beginWork (http://localhost:3000/_next/static/chunks/f12ff_next_dist_compiled_react-dom_7b2f6d3d._.js:6708:24)
    at runWithFiberInDEV (http://localhost:3000/_next/static/chunks/f12ff_next_dist_compiled_react-dom_7b2f6d3d._.js:965:74)
    at performUnitOfWork (http://localhost:3000/_next/static/chunks/f12ff_next_dist_compiled_react-dom_7b2f6d3d._.js:9562:97)
    at workLoopSync (http://localhost:3000/_next/static/chunks/f12ff_next_dist_compiled_react-dom_7b2f6d3d._.js:9456:40)
    at renderRootSync (http://localhost:3000/_next/static/chunks/f12ff_next_dist_compiled_react-dom_7b2f6d3d._.js:9440:13)
    at performWorkOnRoot (http://localhost:3000/_next/static/chunks/f12ff_next_dist_compiled_react-dom_7b2f6d3d._.js:9068:186)
    at performSyncWorkOnRoot (http://localhost:3000/_next/static/chunks/f12ff_next_dist_compiled_react-dom_7b2f6d3d._.js:10238:9)
    at flushSyncWorkAcrossRoots_impl (http://localhost:3000/_next/static/chunks/f12ff_next_dist_compiled_react-dom_7b2f6d3d._.js:10154:316)
    at flushSyncWork$1 (http://localhost:3000/_next/static/chunks/f12ff_next_dist_compiled_react-dom_7b2f6d3d._.js:9237:86)
    at Object.scheduleRefresh (http://localhost:3000/_next/static/chunks/f12ff_next_dist_compiled_react-dom_7b2f6d3d._.js:299:13)
    at http://localhost:3000/_next/static/chunks/f12ff_next_dist_compiled_cd863794._.js:391:33
    at Set.forEach (<anonymous>)
    at Object.performReactRefresh (http://localhost:3000/_next/static/chunks/f12ff_next_dist_compiled_cd863794._.js:384:38)
    at applyUpdate (http://localhost:3000/_next/static/chunks/f12ff_next_dist_compiled_cd863794._.js:878:31)
    at http://localhost:3000/_next/static/chunks/f12ff_next_dist_compiled_cd863794._.js:886:13 @ http://localhost:3000/_next/static/chunks/f12ff_next_dist_95687940._.js:3132
[  563103ms] [ERROR] IntlError: MISSING_MESSAGE: Could not resolve `search.allResults` in messages for locale `ar`.
    at getFallbackFromErrorAndNotify (http://localhost:3000/_next/static/chunks/node_modules__pnpm_a92eadf3._.js:7251:23)
    at translateBaseFn (http://localhost:3000/_next/static/chunks/node_modules__pnpm_a92eadf3._.js:7281:28)
    at translateFn (http://localhost:3000/_next/static/chunks/node_modules__pnpm_a92eadf3._.js:7343:24)
    at GroupedSearch (http://localhost:3000/_next/static/chunks/_7c0bf91c._.js?id=%255Bproject%255D%252Fcomponents%252Fsearch%252Fgrouped-search.tsx+%255Bapp-client%255D+%2528ecmascript%2529:853:32)
    at Object.react_stack_bottom_frame (http://localhost:3000/_next/static/chunks/f12ff_next_dist_compiled_react-dom_7b2f6d3d._.js:14826:24)
    at renderWithHooks (http://localhost:3000/_next/static/chunks/f12ff_next_dist_compiled_react-dom_7b2f6d3d._.js:4651:24)
    at updateFunctionComponent (http://localhost:3000/_next/static/chunks/f12ff_next_dist_compiled_react-dom_7b2f6d3d._.js:6112:21)
    at beginWork (http://localhost:3000/_next/static/chunks/f12ff_next_dist_compiled_react-dom_7b2f6d3d._.js:6708:24)
    at runWithFiberInDEV (http://localhost:3000/_next/static/chunks/f12ff_next_dist_compiled_react-dom_7b2f6d3d._.js:965:74)
    at performUnitOfWork (http://localhost:3000/_next/static/chunks/f12ff_next_dist_compiled_react-dom_7b2f6d3d._.js:9562:97)
    at workLoopSync (http://localhost:3000/_next/static/chunks/f12ff_next_dist_compiled_react-dom_7b2f6d3d._.js:9456:40)
    at renderRootSync (http://localhost:3000/_next/static/chunks/f12ff_next_dist_compiled_react-dom_7b2f6d3d._.js:9440:13)
    at performWorkOnRoot (http://localhost:3000/_next/static/chunks/f12ff_next_dist_compiled_react-dom_7b2f6d3d._.js:9068:186)
    at performWorkOnRootViaSchedulerTask (http://localhost:3000/_next/static/chunks/f12ff_next_dist_compiled_react-dom_7b2f6d3d._.js:10230:9)
    at MessagePort.performWorkUntilDeadline (http://localhost:3000/_next/static/chunks/f12ff_next_dist_compiled_cd863794._.js:2647:64) @ http://localhost:3000/_next/static/chunks/f12ff_next_dist_95687940._.js:3132
[  563105ms] [ERROR] IntlError: MISSING_MESSAGE: Could not resolve `search.allResults` in messages for locale `ar`.
    at getFallbackFromErrorAndNotify (http://localhost:3000/_next/static/chunks/node_modules__pnpm_a92eadf3._.js:7251:23)
    at translateBaseFn (http://localhost:3000/_next/static/chunks/node_modules__pnpm_a92eadf3._.js:7281:28)
    at translateFn (http://localhost:3000/_next/static/chunks/node_modules__pnpm_a92eadf3._.js:7343:24)
    at GroupedSearch (http://localhost:3000/_next/static/chunks/_7c0bf91c._.js?id=%255Bproject%255D%252Fcomponents%252Fsearch%252Fgrouped-search.tsx+%255Bapp-client%255D+%2528ecmascript%2529:853:32)
    at Object.react_stack_bottom_frame (http://localhost:3000/_next/static/chunks/f12ff_next_dist_compiled_react-dom_7b2f6d3d._.js:14826:24)
    at renderWithHooksAgain (http://localhost:3000/_next/static/chunks/f12ff_next_dist_compiled_react-dom_7b2f6d3d._.js:4706:24)
    at renderWithHooks (http://localhost:3000/_next/static/chunks/f12ff_next_dist_compiled_react-dom_7b2f6d3d._.js:4657:28)
    at updateFunctionComponent (http://localhost:3000/_next/static/chunks/f12ff_next_dist_compiled_react-dom_7b2f6d3d._.js:6112:21)
    at beginWork (http://localhost:3000/_next/static/chunks/f12ff_next_dist_compiled_react-dom_7b2f6d3d._.js:6708:24)
    at runWithFiberInDEV (http://localhost:3000/_next/static/chunks/f12ff_next_dist_compiled_react-dom_7b2f6d3d._.js:965:74)
    at performUnitOfWork (http://localhost:3000/_next/static/chunks/f12ff_next_dist_compiled_react-dom_7b2f6d3d._.js:9562:97)
    at workLoopSync (http://localhost:3000/_next/static/chunks/f12ff_next_dist_compiled_react-dom_7b2f6d3d._.js:9456:40)
    at renderRootSync (http://localhost:3000/_next/static/chunks/f12ff_next_dist_compiled_react-dom_7b2f6d3d._.js:9440:13)
    at performWorkOnRoot (http://localhost:3000/_next/static/chunks/f12ff_next_dist_compiled_react-dom_7b2f6d3d._.js:9068:186)
    at performWorkOnRootViaSchedulerTask (http://localhost:3000/_next/static/chunks/f12ff_next_dist_compiled_react-dom_7b2f6d3d._.js:10230:9)
    at MessagePort.performWorkUntilDeadline (http://localhost:3000/_next/static/chunks/f12ff_next_dist_compiled_cd863794._.js:2647:64) @ http://localhost:3000/_next/static/chunks/f12ff_next_dist_95687940._.js:3132
[  563108ms] [LOG] [Fast Refresh] done in 207ms @ http://localhost:3000/_next/static/chunks/f12ff_next_dist_95687940._.js:2302
[  579565ms] [LOG] [Fast Refresh] rebuilding @ http://localhost:3000/_next/static/chunks/f12ff_next_dist_95687940._.js:2302
[  579822ms] [ERROR] IntlError: MISSING_MESSAGE: Could not resolve `search.allResults` in messages for locale `ar`.
    at getFallbackFromErrorAndNotify (http://localhost:3000/_next/static/chunks/node_modules__pnpm_a92eadf3._.js:7251:23)
    at translateBaseFn (http://localhost:3000/_next/static/chunks/node_modules__pnpm_a92eadf3._.js:7281:28)
    at translateFn (http://localhost:3000/_next/static/chunks/node_modules__pnpm_a92eadf3._.js:7343:24)
    at GroupedSearch (http://localhost:3000/_next/static/chunks/_7c0bf91c._.js?id=%255Bproject%255D%252Fcomponents%252Fsearch%252Fgrouped-search.tsx+%255Bapp-client%255D+%2528ecmascript%2529:853:32)
    at Object.react_stack_bottom_frame (http://localhost:3000/_next/static/chunks/f12ff_next_dist_compiled_react-dom_7b2f6d3d._.js:14826:24)
    at renderWithHooks (http://localhost:3000/_next/static/chunks/f12ff_next_dist_compiled_react-dom_7b2f6d3d._.js:4651:24)
    at updateFunctionComponent (http://localhost:3000/_next/static/chunks/f12ff_next_dist_compiled_react-dom_7b2f6d3d._.js:6112:21)
    at beginWork (http://localhost:3000/_next/static/chunks/f12ff_next_dist_compiled_react-dom_7b2f6d3d._.js:6708:24)
    at runWithFiberInDEV (http://localhost:3000/_next/static/chunks/f12ff_next_dist_compiled_react-dom_7b2f6d3d._.js:965:74)
    at performUnitOfWork (http://localhost:3000/_next/static/chunks/f12ff_next_dist_compiled_react-dom_7b2f6d3d._.js:9562:97)
    at workLoopSync (http://localhost:3000/_next/static/chunks/f12ff_next_dist_compiled_react-dom_7b2f6d3d._.js:9456:40)
    at renderRootSync (http://localhost:3000/_next/static/chunks/f12ff_next_dist_compiled_react-dom_7b2f6d3d._.js:9440:13)
    at performWorkOnRoot (http://localhost:3000/_next/static/chunks/f12ff_next_dist_compiled_react-dom_7b2f6d3d._.js:9068:186)
    at performSyncWorkOnRoot (http://localhost:3000/_next/static/chunks/f12ff_next_dist_compiled_react-dom_7b2f6d3d._.js:10238:9)
    at flushSyncWorkAcrossRoots_impl (http://localhost:3000/_next/static/chunks/f12ff_next_dist_compiled_react-dom_7b2f6d3d._.js:10154:316)
    at flushSyncWork$1 (http://localhost:3000/_next/static/chunks/f12ff_next_dist_compiled_react-dom_7b2f6d3d._.js:9237:86)
    at Object.scheduleRefresh (http://localhost:3000/_next/static/chunks/f12ff_next_dist_compiled_react-dom_7b2f6d3d._.js:299:13)
    at http://localhost:3000/_next/static/chunks/f12ff_next_dist_compiled_cd863794._.js:391:33
    at Set.forEach (<anonymous>)
    at Object.performReactRefresh (http://localhost:3000/_next/static/chunks/f12ff_next_dist_compiled_cd863794._.js:384:38)
    at applyUpdate (http://localhost:3000/_next/static/chunks/f12ff_next_dist_compiled_cd863794._.js:878:31)
    at http://localhost:3000/_next/static/chunks/f12ff_next_dist_compiled_cd863794._.js:886:13 @ http://localhost:3000/_next/static/chunks/f12ff_next_dist_95687940._.js:3132
[  579837ms] [ERROR] IntlError: MISSING_MESSAGE: Could not resolve `search.allResults` in messages for locale `ar`.
    at getFallbackFromErrorAndNotify (http://localhost:3000/_next/static/chunks/node_modules__pnpm_a92eadf3._.js:7251:23)
    at translateBaseFn (http://localhost:3000/_next/static/chunks/node_modules__pnpm_a92eadf3._.js:7281:28)
    at translateFn (http://localhost:3000/_next/static/chunks/node_modules__pnpm_a92eadf3._.js:7343:24)
    at GroupedSearch (http://localhost:3000/_next/static/chunks/_7c0bf91c._.js?id=%255Bproject%255D%252Fcomponents%252Fsearch%252Fgrouped-search.tsx+%255Bapp-client%255D+%2528ecmascript%2529:853:32)
    at Object.react_stack_bottom_frame (http://localhost:3000/_next/static/chunks/f12ff_next_dist_compiled_react-dom_7b2f6d3d._.js:14826:24)
    at renderWithHooksAgain (http://localhost:3000/_next/static/chunks/f12ff_next_dist_compiled_react-dom_7b2f6d3d._.js:4706:24)
    at renderWithHooks (http://localhost:3000/_next/static/chunks/f12ff_next_dist_compiled_react-dom_7b2f6d3d._.js:4657:28)
    at updateFunctionComponent (http://localhost:3000/_next/static/chunks/f12ff_next_dist_compiled_react-dom_7b2f6d3d._.js:6112:21)
    at beginWork (http://localhost:3000/_next/static/chunks/f12ff_next_dist_compiled_react-dom_7b2f6d3d._.js:6708:24)
    at runWithFiberInDEV (http://localhost:3000/_next/static/chunks/f12ff_next_dist_compiled_react-dom_7b2f6d3d._.js:965:74)
    at performUnitOfWork (http://localhost:3000/_next/static/chunks/f12ff_next_dist_compiled_react-dom_7b2f6d3d._.js:9562:97)
    at workLoopSync (http://localhost:3000/_next/static/chunks/f12ff_next_dist_compiled_react-dom_7b2f6d3d._.js:9456:40)
    at renderRootSync (http://localhost:3000/_next/static/chunks/f12ff_next_dist_compiled_react-dom_7b2f6d3d._.js:9440:13)
    at performWorkOnRoot (http://localhost:3000/_next/static/chunks/f12ff_next_dist_compiled_react-dom_7b2f6d3d._.js:9068:186)
    at performSyncWorkOnRoot (http://localhost:3000/_next/static/chunks/f12ff_next_dist_compiled_react-dom_7b2f6d3d._.js:10238:9)
    at flushSyncWorkAcrossRoots_impl (http://localhost:3000/_next/static/chunks/f12ff_next_dist_compiled_react-dom_7b2f6d3d._.js:10154:316)
    at flushSyncWork$1 (http://localhost:3000/_next/static/chunks/f12ff_next_dist_compiled_react-dom_7b2f6d3d._.js:9237:86)
    at Object.scheduleRefresh (http://localhost:3000/_next/static/chunks/f12ff_next_dist_compiled_react-dom_7b2f6d3d._.js:299:13)
    at http://localhost:3000/_next/static/chunks/f12ff_next_dist_compiled_cd863794._.js:391:33
    at Set.forEach (<anonymous>)
    at Object.performReactRefresh (http://localhost:3000/_next/static/chunks/f12ff_next_dist_compiled_cd863794._.js:384:38)
    at applyUpdate (http://localhost:3000/_next/static/chunks/f12ff_next_dist_compiled_cd863794._.js:878:31)
    at http://localhost:3000/_next/static/chunks/f12ff_next_dist_compiled_cd863794._.js:886:13 @ http://localhost:3000/_next/static/chunks/f12ff_next_dist_95687940._.js:3132
[  579921ms] [ERROR] IntlError: MISSING_MESSAGE: Could not resolve `search.allResults` in messages for locale `ar`.
    at getFallbackFromErrorAndNotify (http://localhost:3000/_next/static/chunks/node_modules__pnpm_a92eadf3._.js:7251:23)
    at translateBaseFn (http://localhost:3000/_next/static/chunks/node_modules__pnpm_a92eadf3._.js:7281:28)
    at translateFn (http://localhost:3000/_next/static/chunks/node_modules__pnpm_a92eadf3._.js:7343:24)
    at GroupedSearch (http://localhost:3000/_next/static/chunks/_7c0bf91c._.js?id=%255Bproject%255D%252Fcomponents%252Fsearch%252Fgrouped-search.tsx+%255Bapp-client%255D+%2528ecmascript%2529:853:32)
    at Object.react_stack_bottom_frame (http://localhost:3000/_next/static/chunks/f12ff_next_dist_compiled_react-dom_7b2f6d3d._.js:14826:24)
    at renderWithHooks (http://localhost:3000/_next/static/chunks/f12ff_next_dist_compiled_react-dom_7b2f6d3d._.js:4651:24)
    at updateFunctionComponent (http://localhost:3000/_next/static/chunks/f12ff_next_dist_compiled_react-dom_7b2f6d3d._.js:6112:21)
    at beginWork (http://localhost:3000/_next/static/chunks/f12ff_next_dist_compiled_react-dom_7b2f6d3d._.js:6708:24)
    at runWithFiberInDEV (http://localhost:3000/_next/static/chunks/f12ff_next_dist_compiled_react-dom_7b2f6d3d._.js:965:74)
    at performUnitOfWork (http://localhost:3000/_next/static/chunks/f12ff_next_dist_compiled_react-dom_7b2f6d3d._.js:9562:97)
    at workLoopSync (http://localhost:3000/_next/static/chunks/f12ff_next_dist_compiled_react-dom_7b2f6d3d._.js:9456:40)
    at renderRootSync (http://localhost:3000/_next/static/chunks/f12ff_next_dist_compiled_react-dom_7b2f6d3d._.js:9440:13)
    at performWorkOnRoot (http://localhost:3000/_next/static/chunks/f12ff_next_dist_compiled_react-dom_7b2f6d3d._.js:9068:186)
    at performWorkOnRootViaSchedulerTask (http://localhost:3000/_next/static/chunks/f12ff_next_dist_compiled_react-dom_7b2f6d3d._.js:10230:9)
    at MessagePort.performWorkUntilDeadline (http://localhost:3000/_next/static/chunks/f12ff_next_dist_compiled_cd863794._.js:2647:64) @ http://localhost:3000/_next/static/chunks/f12ff_next_dist_95687940._.js:3132
[  579921ms] [ERROR] IntlError: MISSING_MESSAGE: Could not resolve `search.allResults` in messages for locale `ar`.
    at getFallbackFromErrorAndNotify (http://localhost:3000/_next/static/chunks/node_modules__pnpm_a92eadf3._.js:7251:23)
    at translateBaseFn (http://localhost:3000/_next/static/chunks/node_modules__pnpm_a92eadf3._.js:7281:28)
    at translateFn (http://localhost:3000/_next/static/chunks/node_modules__pnpm_a92eadf3._.js:7343:24)
    at GroupedSearch (http://localhost:3000/_next/static/chunks/_7c0bf91c._.js?id=%255Bproject%255D%252Fcomponents%252Fsearch%252Fgrouped-search.tsx+%255Bapp-client%255D+%2528ecmascript%2529:853:32)
    at Object.react_stack_bottom_frame (http://localhost:3000/_next/static/chunks/f12ff_next_dist_compiled_react-dom_7b2f6d3d._.js:14826:24)
    at renderWithHooksAgain (http://localhost:3000/_next/static/chunks/f12ff_next_dist_compiled_react-dom_7b2f6d3d._.js:4706:24)
    at renderWithHooks (http://localhost:3000/_next/static/chunks/f12ff_next_dist_compiled_react-dom_7b2f6d3d._.js:4657:28)
    at updateFunctionComponent (http://localhost:3000/_next/static/chunks/f12ff_next_dist_compiled_react-dom_7b2f6d3d._.js:6112:21)
    at beginWork (http://localhost:3000/_next/static/chunks/f12ff_next_dist_compiled_react-dom_7b2f6d3d._.js:6708:24)
    at runWithFiberInDEV (http://localhost:3000/_next/static/chunks/f12ff_next_dist_compiled_react-dom_7b2f6d3d._.js:965:74)
    at performUnitOfWork (http://localhost:3000/_next/static/chunks/f12ff_next_dist_compiled_react-dom_7b2f6d3d._.js:9562:97)
    at workLoopSync (http://localhost:3000/_next/static/chunks/f12ff_next_dist_compiled_react-dom_7b2f6d3d._.js:9456:40)
    at renderRootSync (http://localhost:3000/_next/static/chunks/f12ff_next_dist_compiled_react-dom_7b2f6d3d._.js:9440:13)
    at performWorkOnRoot (http://localhost:3000/_next/static/chunks/f12ff_next_dist_compiled_react-dom_7b2f6d3d._.js:9068:186)
    at performWorkOnRootViaSchedulerTask (http://localhost:3000/_next/static/chunks/f12ff_next_dist_compiled_react-dom_7b2f6d3d._.js:10230:9)
    at MessagePort.performWorkUntilDeadline (http://localhost:3000/_next/static/chunks/f12ff_next_dist_compiled_cd863794._.js:2647:64) @ http://localhost:3000/_next/static/chunks/f12ff_next_dist_95687940._.js:3132
[  579929ms] [LOG] [Fast Refresh] done in 273ms @ http://localhost:3000/_next/static/chunks/f12ff_next_dist_95687940._.js:2302
[  580164ms] [LOG] [Fast Refresh] rebuilding @ http://localhost:3000/_next/static/chunks/f12ff_next_dist_95687940._.js:2302
[  580234ms] [LOG] [Fast Refresh] done in 172ms @ http://localhost:3000/_next/static/chunks/f12ff_next_dist_95687940._.js:2302
[  594753ms] [LOG] [Fast Refresh] rebuilding @ http://localhost:3000/_next/static/chunks/f12ff_next_dist_95687940._.js:2302
[  594961ms] [ERROR] IntlError: MISSING_MESSAGE: Could not resolve `search.allResults` in messages for locale `ar`.
    at getFallbackFromErrorAndNotify (http://localhost:3000/_next/static/chunks/node_modules__pnpm_a92eadf3._.js:7251:23)
    at translateBaseFn (http://localhost:3000/_next/static/chunks/node_modules__pnpm_a92eadf3._.js:7281:28)
    at translateFn (http://localhost:3000/_next/static/chunks/node_modules__pnpm_a92eadf3._.js:7343:24)
    at GroupedSearch (http://localhost:3000/_next/static/chunks/_7c0bf91c._.js?id=%255Bproject%255D%252Fcomponents%252Fsearch%252Fgrouped-search.tsx+%255Bapp-client%255D+%2528ecmascript%2529:853:32)
    at Object.react_stack_bottom_frame (http://localhost:3000/_next/static/chunks/f12ff_next_dist_compiled_react-dom_7b2f6d3d._.js:14826:24)
    at renderWithHooks (http://localhost:3000/_next/static/chunks/f12ff_next_dist_compiled_react-dom_7b2f6d3d._.js:4651:24)
    at updateFunctionComponent (http://localhost:3000/_next/static/chunks/f12ff_next_dist_compiled_react-dom_7b2f6d3d._.js:6112:21)
    at beginWork (http://localhost:3000/_next/static/chunks/f12ff_next_dist_compiled_react-dom_7b2f6d3d._.js:6708:24)
    at runWithFiberInDEV (http://localhost:3000/_next/static/chunks/f12ff_next_dist_compiled_react-dom_7b2f6d3d._.js:965:74)
    at performUnitOfWork (http://localhost:3000/_next/static/chunks/f12ff_next_dist_compiled_react-dom_7b2f6d3d._.js:9562:97)
    at workLoopSync (http://localhost:3000/_next/static/chunks/f12ff_next_dist_compiled_react-dom_7b2f6d3d._.js:9456:40)
    at renderRootSync (http://localhost:3000/_next/static/chunks/f12ff_next_dist_compiled_react-dom_7b2f6d3d._.js:9440:13)
    at performWorkOnRoot (http://localhost:3000/_next/static/chunks/f12ff_next_dist_compiled_react-dom_7b2f6d3d._.js:9068:186)
    at performSyncWorkOnRoot (http://localhost:3000/_next/static/chunks/f12ff_next_dist_compiled_react-dom_7b2f6d3d._.js:10238:9)
    at flushSyncWorkAcrossRoots_impl (http://localhost:3000/_next/static/chunks/f12ff_next_dist_compiled_react-dom_7b2f6d3d._.js:10154:316)
    at flushSyncWork$1 (http://localhost:3000/_next/static/chunks/f12ff_next_dist_compiled_react-dom_7b2f6d3d._.js:9237:86)
    at Object.scheduleRefresh (http://localhost:3000/_next/static/chunks/f12ff_next_dist_compiled_react-dom_7b2f6d3d._.js:299:13)
    at http://localhost:3000/_next/static/chunks/f12ff_next_dist_compiled_cd863794._.js:391:33
    at Set.forEach (<anonymous>)
    at Object.performReactRefresh (http://localhost:3000/_next/static/chunks/f12ff_next_dist_compiled_cd863794._.js:384:38)
    at applyUpdate (http://localhost:3000/_next/static/chunks/f12ff_next_dist_compiled_cd863794._.js:878:31)
    at http://localhost:3000/_next/static/chunks/f12ff_next_dist_compiled_cd863794._.js:886:13 @ http://localhost:3000/_next/static/chunks/f12ff_next_dist_95687940._.js:3132
[  594974ms] [ERROR] IntlError: MISSING_MESSAGE: Could not resolve `search.allResults` in messages for locale `ar`.
    at getFallbackFromErrorAndNotify (http://localhost:3000/_next/static/chunks/node_modules__pnpm_a92eadf3._.js:7251:23)
    at translateBaseFn (http://localhost:3000/_next/static/chunks/node_modules__pnpm_a92eadf3._.js:7281:28)
    at translateFn (http://localhost:3000/_next/static/chunks/node_modules__pnpm_a92eadf3._.js:7343:24)
    at GroupedSearch (http://localhost:3000/_next/static/chunks/_7c0bf91c._.js?id=%255Bproject%255D%252Fcomponents%252Fsearch%252Fgrouped-search.tsx+%255Bapp-client%255D+%2528ecmascript%2529:853:32)
    at Object.react_stack_bottom_frame (http://localhost:3000/_next/static/chunks/f12ff_next_dist_compiled_react-dom_7b2f6d3d._.js:14826:24)
    at renderWithHooksAgain (http://localhost:3000/_next/static/chunks/f12ff_next_dist_compiled_react-dom_7b2f6d3d._.js:4706:24)
    at renderWithHooks (http://localhost:3000/_next/static/chunks/f12ff_next_dist_compiled_react-dom_7b2f6d3d._.js:4657:28)
    at updateFunctionComponent (http://localhost:3000/_next/static/chunks/f12ff_next_dist_compiled_react-dom_7b2f6d3d._.js:6112:21)
    at beginWork (http://localhost:3000/_next/static/chunks/f12ff_next_dist_compiled_react-dom_7b2f6d3d._.js:6708:24)
    at runWithFiberInDEV (http://localhost:3000/_next/static/chunks/f12ff_next_dist_compiled_react-dom_7b2f6d3d._.js:965:74)
    at performUnitOfWork (http://localhost:3000/_next/static/chunks/f12ff_next_dist_compiled_react-dom_7b2f6d3d._.js:9562:97)
    at workLoopSync (http://localhost:3000/_next/static/chunks/f12ff_next_dist_compiled_react-dom_7b2f6d3d._.js:9456:40)
    at renderRootSync (http://localhost:3000/_next/static/chunks/f12ff_next_dist_compiled_react-dom_7b2f6d3d._.js:9440:13)
    at performWorkOnRoot (http://localhost:3000/_next/static/chunks/f12ff_next_dist_compiled_react-dom_7b2f6d3d._.js:9068:186)
    at performSyncWorkOnRoot (http://localhost:3000/_next/static/chunks/f12ff_next_dist_compiled_react-dom_7b2f6d3d._.js:10238:9)
    at flushSyncWorkAcrossRoots_impl (http://localhost:3000/_next/static/chunks/f12ff_next_dist_compiled_react-dom_7b2f6d3d._.js:10154:316)
    at flushSyncWork$1 (http://localhost:3000/_next/static/chunks/f12ff_next_dist_compiled_react-dom_7b2f6d3d._.js:9237:86)
    at Object.scheduleRefresh (http://localhost:3000/_next/static/chunks/f12ff_next_dist_compiled_react-dom_7b2f6d3d._.js:299:13)
    at http://localhost:3000/_next/static/chunks/f12ff_next_dist_compiled_cd863794._.js:391:33
    at Set.forEach (<anonymous>)
    at Object.performReactRefresh (http://localhost:3000/_next/static/chunks/f12ff_next_dist_compiled_cd863794._.js:384:38)
    at applyUpdate (http://localhost:3000/_next/static/chunks/f12ff_next_dist_compiled_cd863794._.js:878:31)
    at http://localhost:3000/_next/static/chunks/f12ff_next_dist_compiled_cd863794._.js:886:13 @ http://localhost:3000/_next/static/chunks/f12ff_next_dist_95687940._.js:3132
[  595025ms] [ERROR] IntlError: MISSING_MESSAGE: Could not resolve `search.allResults` in messages for locale `ar`.
    at getFallbackFromErrorAndNotify (http://localhost:3000/_next/static/chunks/node_modules__pnpm_a92eadf3._.js:7251:23)
    at translateBaseFn (http://localhost:3000/_next/static/chunks/node_modules__pnpm_a92eadf3._.js:7281:28)
    at translateFn (http://localhost:3000/_next/static/chunks/node_modules__pnpm_a92eadf3._.js:7343:24)
    at GroupedSearch (http://localhost:3000/_next/static/chunks/_7c0bf91c._.js?id=%255Bproject%255D%252Fcomponents%252Fsearch%252Fgrouped-search.tsx+%255Bapp-client%255D+%2528ecmascript%2529:853:32)
    at Object.react_stack_bottom_frame (http://localhost:3000/_next/static/chunks/f12ff_next_dist_compiled_react-dom_7b2f6d3d._.js:14826:24)
    at renderWithHooks (http://localhost:3000/_next/static/chunks/f12ff_next_dist_compiled_react-dom_7b2f6d3d._.js:4651:24)
    at updateFunctionComponent (http://localhost:3000/_next/static/chunks/f12ff_next_dist_compiled_react-dom_7b2f6d3d._.js:6112:21)
    at beginWork (http://localhost:3000/_next/static/chunks/f12ff_next_dist_compiled_react-dom_7b2f6d3d._.js:6708:24)
    at runWithFiberInDEV (http://localhost:3000/_next/static/chunks/f12ff_next_dist_compiled_react-dom_7b2f6d3d._.js:965:74)
    at performUnitOfWork (http://localhost:3000/_next/static/chunks/f12ff_next_dist_compiled_react-dom_7b2f6d3d._.js:9562:97)
    at workLoopSync (http://localhost:3000/_next/static/chunks/f12ff_next_dist_compiled_react-dom_7b2f6d3d._.js:9456:40)
    at renderRootSync (http://localhost:3000/_next/static/chunks/f12ff_next_dist_compiled_react-dom_7b2f6d3d._.js:9440:13)
    at performWorkOnRoot (http://localhost:3000/_next/static/chunks/f12ff_next_dist_compiled_react-dom_7b2f6d3d._.js:9068:186)
    at performWorkOnRootViaSchedulerTask (http://localhost:3000/_next/static/chunks/f12ff_next_dist_compiled_react-dom_7b2f6d3d._.js:10230:9)
    at MessagePort.performWorkUntilDeadline (http://localhost:3000/_next/static/chunks/f12ff_next_dist_compiled_cd863794._.js:2647:64) @ http://localhost:3000/_next/static/chunks/f12ff_next_dist_95687940._.js:3132
[  595027ms] [ERROR] IntlError: MISSING_MESSAGE: Could not resolve `search.allResults` in messages for locale `ar`.
    at getFallbackFromErrorAndNotify (http://localhost:3000/_next/static/chunks/node_modules__pnpm_a92eadf3._.js:7251:23)
    at translateBaseFn (http://localhost:3000/_next/static/chunks/node_modules__pnpm_a92eadf3._.js:7281:28)
    at translateFn (http://localhost:3000/_next/static/chunks/node_modules__pnpm_a92eadf3._.js:7343:24)
    at GroupedSearch (http://localhost:3000/_next/static/chunks/_7c0bf91c._.js?id=%255Bproject%255D%252Fcomponents%252Fsearch%252Fgrouped-search.tsx+%255Bapp-client%255D+%2528ecmascript%2529:853:32)
    at Object.react_stack_bottom_frame (http://localhost:3000/_next/static/chunks/f12ff_next_dist_compiled_react-dom_7b2f6d3d._.js:14826:24)
    at renderWithHooksAgain (http://localhost:3000/_next/static/chunks/f12ff_next_dist_compiled_react-dom_7b2f6d3d._.js:4706:24)
    at renderWithHooks (http://localhost:3000/_next/static/chunks/f12ff_next_dist_compiled_react-dom_7b2f6d3d._.js:4657:28)
    at updateFunctionComponent (http://localhost:3000/_next/static/chunks/f12ff_next_dist_compiled_react-dom_7b2f6d3d._.js:6112:21)
    at beginWork (http://localhost:3000/_next/static/chunks/f12ff_next_dist_compiled_react-dom_7b2f6d3d._.js:6708:24)
    at runWithFiberInDEV (http://localhost:3000/_next/static/chunks/f12ff_next_dist_compiled_react-dom_7b2f6d3d._.js:965:74)
    at performUnitOfWork (http://localhost:3000/_next/static/chunks/f12ff_next_dist_compiled_react-dom_7b2f6d3d._.js:9562:97)
    at workLoopSync (http://localhost:3000/_next/static/chunks/f12ff_next_dist_compiled_react-dom_7b2f6d3d._.js:9456:40)
    at renderRootSync (http://localhost:3000/_next/static/chunks/f12ff_next_dist_compiled_react-dom_7b2f6d3d._.js:9440:13)
    at performWorkOnRoot (http://localhost:3000/_next/static/chunks/f12ff_next_dist_compiled_react-dom_7b2f6d3d._.js:9068:186)
    at performWorkOnRootViaSchedulerTask (http://localhost:3000/_next/static/chunks/f12ff_next_dist_compiled_react-dom_7b2f6d3d._.js:10230:9)
    at MessagePort.performWorkUntilDeadline (http://localhost:3000/_next/static/chunks/f12ff_next_dist_compiled_cd863794._.js:2647:64) @ http://localhost:3000/_next/static/chunks/f12ff_next_dist_95687940._.js:3132
[  595029ms] [LOG] [Fast Refresh] done in 247ms @ http://localhost:3000/_next/static/chunks/f12ff_next_dist_95687940._.js:2302
[  614776ms] [LOG] [Fast Refresh] rebuilding @ http://localhost:3000/_next/static/chunks/f12ff_next_dist_95687940._.js:2302
[  614805ms] [ERROR] IntlError: MISSING_MESSAGE: Could not resolve `search.allResults` in messages for locale `ar`.
    at getFallbackFromErrorAndNotify (http://localhost:3000/_next/static/chunks/node_modules__pnpm_a92eadf3._.js:7251:23)
    at translateBaseFn (http://localhost:3000/_next/static/chunks/node_modules__pnpm_a92eadf3._.js:7281:28)
    at translateFn (http://localhost:3000/_next/static/chunks/node_modules__pnpm_a92eadf3._.js:7343:24)
    at GroupedSearch (http://localhost:3000/_next/static/chunks/_7c0bf91c._.js?id=%255Bproject%255D%252Fcomponents%252Fsearch%252Fgrouped-search.tsx+%255Bapp-client%255D+%2528ecmascript%2529:853:32)
    at Object.react_stack_bottom_frame (http://localhost:3000/_next/static/chunks/f12ff_next_dist_compiled_react-dom_7b2f6d3d._.js:14826:24)
    at renderWithHooks (http://localhost:3000/_next/static/chunks/f12ff_next_dist_compiled_react-dom_7b2f6d3d._.js:4651:24)
    at updateFunctionComponent (http://localhost:3000/_next/static/chunks/f12ff_next_dist_compiled_react-dom_7b2f6d3d._.js:6112:21)
    at beginWork (http://localhost:3000/_next/static/chunks/f12ff_next_dist_compiled_react-dom_7b2f6d3d._.js:6708:24)
    at runWithFiberInDEV (http://localhost:3000/_next/static/chunks/f12ff_next_dist_compiled_react-dom_7b2f6d3d._.js:965:74)
    at performUnitOfWork (http://localhost:3000/_next/static/chunks/f12ff_next_dist_compiled_react-dom_7b2f6d3d._.js:9562:97)
    at workLoopSync (http://localhost:3000/_next/static/chunks/f12ff_next_dist_compiled_react-dom_7b2f6d3d._.js:9456:40)
    at renderRootSync (http://localhost:3000/_next/static/chunks/f12ff_next_dist_compiled_react-dom_7b2f6d3d._.js:9440:13)
    at performWorkOnRoot (http://localhost:3000/_next/static/chunks/f12ff_next_dist_compiled_react-dom_7b2f6d3d._.js:9068:186)
    at performSyncWorkOnRoot (http://localhost:3000/_next/static/chunks/f12ff_next_dist_compiled_react-dom_7b2f6d3d._.js:10238:9)
    at flushSyncWorkAcrossRoots_impl (http://localhost:3000/_next/static/chunks/f12ff_next_dist_compiled_react-dom_7b2f6d3d._.js:10154:316)
    at flushSyncWork$1 (http://localhost:3000/_next/static/chunks/f12ff_next_dist_compiled_react-dom_7b2f6d3d._.js:9237:86)
    at Object.scheduleRefresh (http://localhost:3000/_next/static/chunks/f12ff_next_dist_compiled_react-dom_7b2f6d3d._.js:299:13)
    at http://localhost:3000/_next/static/chunks/f12ff_next_dist_compiled_cd863794._.js:391:33
    at Set.forEach (<anonymous>)
    at Object.performReactRefresh (http://localhost:3000/_next/static/chunks/f12ff_next_dist_compiled_cd863794._.js:384:38)
    at applyUpdate (http://localhost:3000/_next/static/chunks/f12ff_next_dist_compiled_cd863794._.js:878:31)
    at http://localhost:3000/_next/static/chunks/f12ff_next_dist_compiled_cd863794._.js:886:13 @ http://localhost:3000/_next/static/chunks/f12ff_next_dist_95687940._.js:3132
[  614808ms] [ERROR] IntlError: MISSING_MESSAGE: Could not resolve `search.allResults` in messages for locale `ar`.
    at getFallbackFromErrorAndNotify (http://localhost:3000/_next/static/chunks/node_modules__pnpm_a92eadf3._.js:7251:23)
    at translateBaseFn (http://localhost:3000/_next/static/chunks/node_modules__pnpm_a92eadf3._.js:7281:28)
    at translateFn (http://localhost:3000/_next/static/chunks/node_modules__pnpm_a92eadf3._.js:7343:24)
    at GroupedSearch (http://localhost:3000/_next/static/chunks/_7c0bf91c._.js?id=%255Bproject%255D%252Fcomponents%252Fsearch%252Fgrouped-search.tsx+%255Bapp-client%255D+%2528ecmascript%2529:853:32)
    at Object.react_stack_bottom_frame (http://localhost:3000/_next/static/chunks/f12ff_next_dist_compiled_react-dom_7b2f6d3d._.js:14826:24)
    at renderWithHooksAgain (http://localhost:3000/_next/static/chunks/f12ff_next_dist_compiled_react-dom_7b2f6d3d._.js:4706:24)
    at renderWithHooks (http://localhost:3000/_next/static/chunks/f12ff_next_dist_compiled_react-dom_7b2f6d3d._.js:4657:28)
    at updateFunctionComponent (http://localhost:3000/_next/static/chunks/f12ff_next_dist_compiled_react-dom_7b2f6d3d._.js:6112:21)
    at beginWork (http://localhost:3000/_next/static/chunks/f12ff_next_dist_compiled_react-dom_7b2f6d3d._.js:6708:24)
    at runWithFiberInDEV (http://localhost:3000/_next/static/chunks/f12ff_next_dist_compiled_react-dom_7b2f6d3d._.js:965:74)
    at performUnitOfWork (http://localhost:3000/_next/static/chunks/f12ff_next_dist_compiled_react-dom_7b2f6d3d._.js:9562:97)
    at workLoopSync (http://localhost:3000/_next/static/chunks/f12ff_next_dist_compiled_react-dom_7b2f6d3d._.js:9456:40)
    at renderRootSync (http://localhost:3000/_next/static/chunks/f12ff_next_dist_compiled_react-dom_7b2f6d3d._.js:9440:13)
    at performWorkOnRoot (http://localhost:3000/_next/static/chunks/f12ff_next_dist_compiled_react-dom_7b2f6d3d._.js:9068:186)
    at performSyncWorkOnRoot (http://localhost:3000/_next/static/chunks/f12ff_next_dist_compiled_react-dom_7b2f6d3d._.js:10238:9)
    at flushSyncWorkAcrossRoots_impl (http://localhost:3000/_next/static/chunks/f12ff_next_dist_compiled_react-dom_7b2f6d3d._.js:10154:316)
    at flushSyncWork$1 (http://localhost:3000/_next/static/chunks/f12ff_next_dist_compiled_react-dom_7b2f6d3d._.js:9237:86)
    at Object.scheduleRefresh (http://localhost:3000/_next/static/chunks/f12ff_next_dist_compiled_react-dom_7b2f6d3d._.js:299:13)
    at http://localhost:3000/_next/static/chunks/f12ff_next_dist_compiled_cd863794._.js:391:33
    at Set.forEach (<anonymous>)
    at Object.performReactRefresh (http://localhost:3000/_next/static/chunks/f12ff_next_dist_compiled_cd863794._.js:384:38)
    at applyUpdate (http://localhost:3000/_next/static/chunks/f12ff_next_dist_compiled_cd863794._.js:878:31)
    at http://localhost:3000/_next/static/chunks/f12ff_next_dist_compiled_cd863794._.js:886:13 @ http://localhost:3000/_next/static/chunks/f12ff_next_dist_95687940._.js:3132
[  614820ms] [ERROR] IntlError: MISSING_MESSAGE: Could not resolve `search.allResults` in messages for locale `ar`.
    at getFallbackFromErrorAndNotify (http://localhost:3000/_next/static/chunks/node_modules__pnpm_a92eadf3._.js:7251:23)
    at translateBaseFn (http://localhost:3000/_next/static/chunks/node_modules__pnpm_a92eadf3._.js:7281:28)
    at translateFn (http://localhost:3000/_next/static/chunks/node_modules__pnpm_a92eadf3._.js:7343:24)
    at GroupedSearch (http://localhost:3000/_next/static/chunks/_7c0bf91c._.js?id=%255Bproject%255D%252Fcomponents%252Fsearch%252Fgrouped-search.tsx+%255Bapp-client%255D+%2528ecmascript%2529:853:32)
    at Object.react_stack_bottom_frame (http://localhost:3000/_next/static/chunks/f12ff_next_dist_compiled_react-dom_7b2f6d3d._.js:14826:24)
    at renderWithHooks (http://localhost:3000/_next/static/chunks/f12ff_next_dist_compiled_react-dom_7b2f6d3d._.js:4651:24)
    at updateFunctionComponent (http://localhost:3000/_next/static/chunks/f12ff_next_dist_compiled_react-dom_7b2f6d3d._.js:6112:21)
    at beginWork (http://localhost:3000/_next/static/chunks/f12ff_next_dist_compiled_react-dom_7b2f6d3d._.js:6708:24)
    at runWithFiberInDEV (http://localhost:3000/_next/static/chunks/f12ff_next_dist_compiled_react-dom_7b2f6d3d._.js:965:74)
    at performUnitOfWork (http://localhost:3000/_next/static/chunks/f12ff_next_dist_compiled_react-dom_7b2f6d3d._.js:9562:97)
    at workLoopSync (http://localhost:3000/_next/static/chunks/f12ff_next_dist_compiled_react-dom_7b2f6d3d._.js:9456:40)
    at renderRootSync (http://localhost:3000/_next/static/chunks/f12ff_next_dist_compiled_react-dom_7b2f6d3d._.js:9440:13)
    at performWorkOnRoot (http://localhost:3000/_next/static/chunks/f12ff_next_dist_compiled_react-dom_7b2f6d3d._.js:9068:186)
    at performWorkOnRootViaSchedulerTask (http://localhost:3000/_next/static/chunks/f12ff_next_dist_compiled_react-dom_7b2f6d3d._.js:10230:9)
    at MessagePort.performWorkUntilDeadline (http://localhost:3000/_next/static/chunks/f12ff_next_dist_compiled_cd863794._.js:2647:64) @ http://localhost:3000/_next/static/chunks/f12ff_next_dist_95687940._.js:3132
[  614821ms] [ERROR] IntlError: MISSING_MESSAGE: Could not resolve `search.allResults` in messages for locale `ar`.
    at getFallbackFromErrorAndNotify (http://localhost:3000/_next/static/chunks/node_modules__pnpm_a92eadf3._.js:7251:23)
    at translateBaseFn (http://localhost:3000/_next/static/chunks/node_modules__pnpm_a92eadf3._.js:7281:28)
    at translateFn (http://localhost:3000/_next/static/chunks/node_modules__pnpm_a92eadf3._.js:7343:24)
    at GroupedSearch (http://localhost:3000/_next/static/chunks/_7c0bf91c._.js?id=%255Bproject%255D%252Fcomponents%252Fsearch%252Fgrouped-search.tsx+%255Bapp-client%255D+%2528ecmascript%2529:853:32)
    at Object.react_stack_bottom_frame (http://localhost:3000/_next/static/chunks/f12ff_next_dist_compiled_react-dom_7b2f6d3d._.js:14826:24)
    at renderWithHooksAgain (http://localhost:3000/_next/static/chunks/f12ff_next_dist_compiled_react-dom_7b2f6d3d._.js:4706:24)
    at renderWithHooks (http://localhost:3000/_next/static/chunks/f12ff_next_dist_compiled_react-dom_7b2f6d3d._.js:4657:28)
    at updateFunctionComponent (http://localhost:3000/_next/static/chunks/f12ff_next_dist_compiled_react-dom_7b2f6d3d._.js:6112:21)
    at beginWork (http://localhost:3000/_next/static/chunks/f12ff_next_dist_compiled_react-dom_7b2f6d3d._.js:6708:24)
    at runWithFiberInDEV (http://localhost:3000/_next/static/chunks/f12ff_next_dist_compiled_react-dom_7b2f6d3d._.js:965:74)
    at performUnitOfWork (http://localhost:3000/_next/static/chunks/f12ff_next_dist_compiled_react-dom_7b2f6d3d._.js:9562:97)
    at workLoopSync (http://localhost:3000/_next/static/chunks/f12ff_next_dist_compiled_react-dom_7b2f6d3d._.js:9456:40)
    at renderRootSync (http://localhost:3000/_next/static/chunks/f12ff_next_dist_compiled_react-dom_7b2f6d3d._.js:9440:13)
    at performWorkOnRoot (http://localhost:3000/_next/static/chunks/f12ff_next_dist_compiled_react-dom_7b2f6d3d._.js:9068:186)
    at performWorkOnRootViaSchedulerTask (http://localhost:3000/_next/static/chunks/f12ff_next_dist_compiled_react-dom_7b2f6d3d._.js:10230:9)
    at MessagePort.performWorkUntilDeadline (http://localhost:3000/_next/static/chunks/f12ff_next_dist_compiled_cd863794._.js:2647:64) @ http://localhost:3000/_next/static/chunks/f12ff_next_dist_95687940._.js:3132
[  614823ms] [LOG] [Fast Refresh] done in 122ms @ http://localhost:3000/_next/static/chunks/f12ff_next_dist_95687940._.js:2302
[  628834ms] [LOG] [Fast Refresh] rebuilding @ http://localhost:3000/_next/static/chunks/f12ff_next_dist_95687940._.js:2302
[  629121ms] [LOG] [Fast Refresh] done in 388ms @ http://localhost:3000/_next/static/chunks/f12ff_next_dist_95687940._.js:2302
[  629619ms] [LOG] [Fast Refresh] rebuilding @ http://localhost:3000/_next/static/chunks/f12ff_next_dist_95687940._.js:2302
[  645770ms] [LOG] [Fast Refresh] done in 16248ms @ http://localhost:3000/_next/static/chunks/f12ff_next_dist_95687940._.js:2302
[  646849ms] [LOG] [Fast Refresh] rebuilding @ http://localhost:3000/_next/static/chunks/f12ff_next_dist_95687940._.js:2302
[  647113ms] [ERROR] Failed to load resource: net::ERR_EMPTY_RESPONSE @ http://localhost:3000/ar/search?q=%D8%A2%D8%B3%D9%8A%D8%A7&_rsc=19sjk:0
[  647114ms] [ERROR] Failed to fetch RSC payload for http://localhost:3000/ar/search?q=%D8%A2%D8%B3%D9%8A%D8%A7. Falling back to browser navigation. TypeError: Failed to fetch
    at createFetch (http://localhost:3000/_next/static/chunks/f12ff_next_dist_client_d93c57ad._.js:2588:24)
    at fetchServerResponse (http://localhost:3000/_next/static/chunks/f12ff_next_dist_client_d93c57ad._.js:2490:27)
    at fetchMissingDynamicData (http://localhost:3000/_next/static/chunks/f12ff_next_dist_client_d93c57ad._.js:3654:75)
    at spawnDynamicRequests (http://localhost:3000/_next/static/chunks/f12ff_next_dist_client_d93c57ad._.js:3501:35)
    at navigateToSeededRoute (http://localhost:3000/_next/static/chunks/f12ff_next_dist_client_d93c57ad._.js:7739:50)
    at refreshDynamicData (http://localhost:3000/_next/static/chunks/f12ff_next_dist_client_d93c57ad._.js:8345:58)
    at hmrRefreshReducer (http://localhost:3000/_next/static/chunks/f12ff_next_dist_client_d93c57ad._.js:8511:51)
    at clientReducer (http://localhost:3000/_next/static/chunks/f12ff_next_dist_client_d93c57ad._.js:9079:65)
    at Object.action (http://localhost:3000/_next/static/chunks/f12ff_next_dist_client_d93c57ad._.js:9308:55)
    at runAction (http://localhost:3000/_next/static/chunks/f12ff_next_dist_client_d93c57ad._.js:9213:38)
    at dispatchAction (http://localhost:3000/_next/static/chunks/f12ff_next_dist_client_d93c57ad._.js:9276:9)
    at Object.dispatch (http://localhost:3000/_next/static/chunks/f12ff_next_dist_client_d93c57ad._.js:9306:40)
    at http://localhost:3000/_next/static/chunks/f12ff_next_dist_client_d93c57ad._.js:1489:29
    at startTransition (http://localhost:3000/_next/static/chunks/f12ff_next_dist_compiled_react-dom_7b2f6d3d._.js:5500:31)
    at dispatch (http://localhost:3000/_next/static/chunks/f12ff_next_dist_client_d93c57ad._.js:1488:13)
    at dispatchAppRouterAction (http://localhost:3000/_next/static/chunks/f12ff_next_dist_client_d93c57ad._.js:1470:5)
    at http://localhost:3000/_next/static/chunks/f12ff_next_dist_client_d93c57ad._.js:9437:61
    at startTransition (http://localhost:3000/_next/static/chunks/f12ff_next_dist_compiled_cd863794._.js:1279:31)
    at Object.hmrRefresh (http://localhost:3000/_next/static/chunks/f12ff_next_dist_client_d93c57ad._.js:9436:40)
    at http://localhost:3000/_next/static/chunks/f12ff_next_dist_client_d93c57ad._.js:11618:64
    at startTransition (http://localhost:3000/_next/static/chunks/f12ff_next_dist_compiled_cd863794._.js:1279:31)
    at processMessage (http://localhost:3000/_next/static/chunks/f12ff_next_dist_client_d93c57ad._.js:11617:44)
    at WebSocket.handleMessage (http://localhost:3000/_next/static/chunks/f12ff_next_dist_client_d93c57ad._.js:10912:52) @ http://localhost:3000/_next/static/chunks/f12ff_next_dist_95687940._.js:3132
[  647122ms] [ERROR] Failed to load resource: net::ERR_CONNECTION_REFUSED @ http://localhost:3000/ar/search?q=%D8%A2%D8%B3%D9%8A%D8%A7&_rsc=19sjk:0
[  647123ms] [ERROR] Failed to fetch RSC payload for http://localhost:3000/ar/search?q=%D8%A2%D8%B3%D9%8A%D8%A7. Falling back to browser navigation. TypeError: Failed to fetch
    at createFetch (http://localhost:3000/_next/static/chunks/f12ff_next_dist_client_d93c57ad._.js:2588:24)
    at fetchServerResponse (http://localhost:3000/_next/static/chunks/f12ff_next_dist_client_d93c57ad._.js:2490:27)
    at fetchMissingDynamicData (http://localhost:3000/_next/static/chunks/f12ff_next_dist_client_d93c57ad._.js:3654:75)
    at spawnDynamicRequests (http://localhost:3000/_next/static/chunks/f12ff_next_dist_client_d93c57ad._.js:3501:35)
    at navigateToSeededRoute (http://localhost:3000/_next/static/chunks/f12ff_next_dist_client_d93c57ad._.js:7739:50)
    at refreshDynamicData (http://localhost:3000/_next/static/chunks/f12ff_next_dist_client_d93c57ad._.js:8345:58)
    at hmrRefreshReducer (http://localhost:3000/_next/static/chunks/f12ff_next_dist_client_d93c57ad._.js:8511:51)
    at clientReducer (http://localhost:3000/_next/static/chunks/f12ff_next_dist_client_d93c57ad._.js:9079:65)
    at Object.action (http://localhost:3000/_next/static/chunks/f12ff_next_dist_client_d93c57ad._.js:9308:55)
    at runAction (http://localhost:3000/_next/static/chunks/f12ff_next_dist_client_d93c57ad._.js:9213:38)
    at dispatchAction (http://localhost:3000/_next/static/chunks/f12ff_next_dist_client_d93c57ad._.js:9276:9)
    at Object.dispatch (http://localhost:3000/_next/static/chunks/f12ff_next_dist_client_d93c57ad._.js:9306:40)
    at http://localhost:3000/_next/static/chunks/f12ff_next_dist_client_d93c57ad._.js:1489:29
    at startTransition (http://localhost:3000/_next/static/chunks/f12ff_next_dist_compiled_react-dom_7b2f6d3d._.js:5500:31)
    at dispatch (http://localhost:3000/_next/static/chunks/f12ff_next_dist_client_d93c57ad._.js:1488:13)
    at dispatchAppRouterAction (http://localhost:3000/_next/static/chunks/f12ff_next_dist_client_d93c57ad._.js:1470:5)
    at http://localhost:3000/_next/static/chunks/f12ff_next_dist_client_d93c57ad._.js:9437:61
    at startTransition (http://localhost:3000/_next/static/chunks/f12ff_next_dist_compiled_cd863794._.js:1279:31)
    at Object.hmrRefresh (http://localhost:3000/_next/static/chunks/f12ff_next_dist_client_d93c57ad._.js:9436:40)
    at http://localhost:3000/_next/static/chunks/f12ff_next_dist_client_d93c57ad._.js:11618:64
    at startTransition (http://localhost:3000/_next/static/chunks/f12ff_next_dist_compiled_cd863794._.js:1279:31)
    at processMessage (http://localhost:3000/_next/static/chunks/f12ff_next_dist_client_d93c57ad._.js:11617:44)
    at WebSocket.handleMessage (http://localhost:3000/_next/static/chunks/f12ff_next_dist_client_d93c57ad._.js:10912:52) @ http://localhost:3000/_next/static/chunks/f12ff_next_dist_95687940._.js:3132
[  647123ms] [ERROR] Failed to load resource: net::ERR_CONNECTION_REFUSED @ http://localhost:3000/ar/search?q=%D8%A2%D8%B3%D9%8A%D8%A7&_rsc=19sjk:0
[  647123ms] [ERROR] Failed to fetch RSC payload for http://localhost:3000/ar/search?q=%D8%A2%D8%B3%D9%8A%D8%A7. Falling back to browser navigation. TypeError: Failed to fetch
    at createFetch (http://localhost:3000/_next/static/chunks/f12ff_next_dist_client_d93c57ad._.js:2588:24)
    at fetchServerResponse (http://localhost:3000/_next/static/chunks/f12ff_next_dist_client_d93c57ad._.js:2490:27)
    at fetchMissingDynamicData (http://localhost:3000/_next/static/chunks/f12ff_next_dist_client_d93c57ad._.js:3654:75)
    at spawnDynamicRequests (http://localhost:3000/_next/static/chunks/f12ff_next_dist_client_d93c57ad._.js:3501:35)
    at navigateToSeededRoute (http://localhost:3000/_next/static/chunks/f12ff_next_dist_client_d93c57ad._.js:7739:50)
    at refreshDynamicData (http://localhost:3000/_next/static/chunks/f12ff_next_dist_client_d93c57ad._.js:8345:58)
    at hmrRefreshReducer (http://localhost:3000/_next/static/chunks/f12ff_next_dist_client_d93c57ad._.js:8511:51)
    at clientReducer (http://localhost:3000/_next/static/chunks/f12ff_next_dist_client_d93c57ad._.js:9079:65)
    at Object.action (http://localhost:3000/_next/static/chunks/f12ff_next_dist_client_d93c57ad._.js:9308:55)
    at runAction (http://localhost:3000/_next/static/chunks/f12ff_next_dist_client_d93c57ad._.js:9213:38)
    at dispatchAction (http://localhost:3000/_next/static/chunks/f12ff_next_dist_client_d93c57ad._.js:9276:9)
    at Object.dispatch (http://localhost:3000/_next/static/chunks/f12ff_next_dist_client_d93c57ad._.js:9306:40)
    at http://localhost:3000/_next/static/chunks/f12ff_next_dist_client_d93c57ad._.js:1489:29
    at startTransition (http://localhost:3000/_next/static/chunks/f12ff_next_dist_compiled_react-dom_7b2f6d3d._.js:5500:31)
    at dispatch (http://localhost:3000/_next/static/chunks/f12ff_next_dist_client_d93c57ad._.js:1488:13)
    at dispatchAppRouterAction (http://localhost:3000/_next/static/chunks/f12ff_next_dist_client_d93c57ad._.js:1470:5)
    at http://localhost:3000/_next/static/chunks/f12ff_next_dist_client_d93c57ad._.js:9437:61
    at startTransition (http://localhost:3000/_next/static/chunks/f12ff_next_dist_compiled_cd863794._.js:1279:31)
    at Object.hmrRefresh (http://localhost:3000/_next/static/chunks/f12ff_next_dist_client_d93c57ad._.js:9436:40)
    at http://localhost:3000/_next/static/chunks/f12ff_next_dist_client_d93c57ad._.js:11618:64
    at startTransition (http://localhost:3000/_next/static/chunks/f12ff_next_dist_compiled_cd863794._.js:1279:31)
    at processMessage (http://localhost:3000/_next/static/chunks/f12ff_next_dist_client_d93c57ad._.js:11617:44)
    at WebSocket.handleMessage (http://localhost:3000/_next/static/chunks/f12ff_next_dist_client_d93c57ad._.js:10912:52) @ http://localhost:3000/_next/static/chunks/f12ff_next_dist_95687940._.js:3132
[  647124ms] [ERROR] Failed to load resource: net::ERR_CONNECTION_REFUSED @ http://localhost:3000/ar/search?q=%D8%A2%D8%B3%D9%8A%D8%A7&_rsc=19sjk:0
[  647124ms] [ERROR] Failed to fetch RSC payload for http://localhost:3000/ar/search?q=%D8%A2%D8%B3%D9%8A%D8%A7. Falling back to browser navigation. TypeError: Failed to fetch
    at createFetch (http://localhost:3000/_next/static/chunks/f12ff_next_dist_client_d93c57ad._.js:2588:24)
    at fetchServerResponse (http://localhost:3000/_next/static/chunks/f12ff_next_dist_client_d93c57ad._.js:2490:27)
    at fetchMissingDynamicData (http://localhost:3000/_next/static/chunks/f12ff_next_dist_client_d93c57ad._.js:3654:75)
    at spawnDynamicRequests (http://localhost:3000/_next/static/chunks/f12ff_next_dist_client_d93c57ad._.js:3501:35)
    at navigateToSeededRoute (http://localhost:3000/_next/static/chunks/f12ff_next_dist_client_d93c57ad._.js:7739:50)
    at refreshDynamicData (http://localhost:3000/_next/static/chunks/f12ff_next_dist_client_d93c57ad._.js:8345:58)
    at hmrRefreshReducer (http://localhost:3000/_next/static/chunks/f12ff_next_dist_client_d93c57ad._.js:8511:51)
    at clientReducer (http://localhost:3000/_next/static/chunks/f12ff_next_dist_client_d93c57ad._.js:9079:65)
    at Object.action (http://localhost:3000/_next/static/chunks/f12ff_next_dist_client_d93c57ad._.js:9308:55)
    at runAction (http://localhost:3000/_next/static/chunks/f12ff_next_dist_client_d93c57ad._.js:9213:38)
    at dispatchAction (http://localhost:3000/_next/static/chunks/f12ff_next_dist_client_d93c57ad._.js:9276:9)
    at Object.dispatch (http://localhost:3000/_next/static/chunks/f12ff_next_dist_client_d93c57ad._.js:9306:40)
    at http://localhost:3000/_next/static/chunks/f12ff_next_dist_client_d93c57ad._.js:1489:29
    at startTransition (http://localhost:3000/_next/static/chunks/f12ff_next_dist_compiled_react-dom_7b2f6d3d._.js:5500:31)
    at dispatch (http://localhost:3000/_next/static/chunks/f12ff_next_dist_client_d93c57ad._.js:1488:13)
    at dispatchAppRouterAction (http://localhost:3000/_next/static/chunks/f12ff_next_dist_client_d93c57ad._.js:1470:5)
    at http://localhost:3000/_next/static/chunks/f12ff_next_dist_client_d93c57ad._.js:9437:61
    at startTransition (http://localhost:3000/_next/static/chunks/f12ff_next_dist_compiled_cd863794._.js:1279:31)
    at Object.hmrRefresh (http://localhost:3000/_next/static/chunks/f12ff_next_dist_client_d93c57ad._.js:9436:40)
    at http://localhost:3000/_next/static/chunks/f12ff_next_dist_client_d93c57ad._.js:11618:64
    at startTransition (http://localhost:3000/_next/static/chunks/f12ff_next_dist_compiled_cd863794._.js:1279:31)
    at processMessage (http://localhost:3000/_next/static/chunks/f12ff_next_dist_client_d93c57ad._.js:11617:44)
    at WebSocket.handleMessage (http://localhost:3000/_next/static/chunks/f12ff_next_dist_client_d93c57ad._.js:10912:52) @ http://localhost:3000/_next/static/chunks/f12ff_next_dist_95687940._.js:3132
[  647124ms] [ERROR] Failed to load resource: net::ERR_CONNECTION_REFUSED @ http://localhost:3000/ar/search?q=%D8%A2%D8%B3%D9%8A%D8%A7&_rsc=19sjk:0
[  647124ms] [ERROR] Failed to fetch RSC payload for http://localhost:3000/ar/search?q=%D8%A2%D8%B3%D9%8A%D8%A7. Falling back to browser navigation. TypeError: Failed to fetch
    at createFetch (http://localhost:3000/_next/static/chunks/f12ff_next_dist_client_d93c57ad._.js:2588:24)
    at fetchServerResponse (http://localhost:3000/_next/static/chunks/f12ff_next_dist_client_d93c57ad._.js:2490:27)
    at fetchMissingDynamicData (http://localhost:3000/_next/static/chunks/f12ff_next_dist_client_d93c57ad._.js:3654:75)
    at spawnDynamicRequests (http://localhost:3000/_next/static/chunks/f12ff_next_dist_client_d93c57ad._.js:3501:35)
    at navigateToSeededRoute (http://localhost:3000/_next/static/chunks/f12ff_next_dist_client_d93c57ad._.js:7739:50)
    at refreshDynamicData (http://localhost:3000/_next/static/chunks/f12ff_next_dist_client_d93c57ad._.js:8345:58)
    at hmrRefreshReducer (http://localhost:3000/_next/static/chunks/f12ff_next_dist_client_d93c57ad._.js:8511:51)
    at clientReducer (http://localhost:3000/_next/static/chunks/f12ff_next_dist_client_d93c57ad._.js:9079:65)
    at Object.action (http://localhost:3000/_next/static/chunks/f12ff_next_dist_client_d93c57ad._.js:9308:55)
    at runAction (http://localhost:3000/_next/static/chunks/f12ff_next_dist_client_d93c57ad._.js:9213:38)
    at dispatchAction (http://localhost:3000/_next/static/chunks/f12ff_next_dist_client_d93c57ad._.js:9276:9)
    at Object.dispatch (http://localhost:3000/_next/static/chunks/f12ff_next_dist_client_d93c57ad._.js:9306:40)
    at http://localhost:3000/_next/static/chunks/f12ff_next_dist_client_d93c57ad._.js:1489:29
    at startTransition (http://localhost:3000/_next/static/chunks/f12ff_next_dist_compiled_react-dom_7b2f6d3d._.js:5500:31)
    at dispatch (http://localhost:3000/_next/static/chunks/f12ff_next_dist_client_d93c57ad._.js:1488:13)
    at dispatchAppRouterAction (http://localhost:3000/_next/static/chunks/f12ff_next_dist_client_d93c57ad._.js:1470:5)
    at http://localhost:3000/_next/static/chunks/f12ff_next_dist_client_d93c57ad._.js:9437:61
    at startTransition (http://localhost:3000/_next/static/chunks/f12ff_next_dist_compiled_cd863794._.js:1279:31)
    at Object.hmrRefresh (http://localhost:3000/_next/static/chunks/f12ff_next_dist_client_d93c57ad._.js:9436:40)
    at http://localhost:3000/_next/static/chunks/f12ff_next_dist_client_d93c57ad._.js:11618:64
    at startTransition (http://localhost:3000/_next/static/chunks/f12ff_next_dist_compiled_cd863794._.js:1279:31)
    at processMessage (http://localhost:3000/_next/static/chunks/f12ff_next_dist_client_d93c57ad._.js:11617:44)
    at WebSocket.handleMessage (http://localhost:3000/_next/static/chunks/f12ff_next_dist_client_d93c57ad._.js:10912:52) @ http://localhost:3000/_next/static/chunks/f12ff_next_dist_95687940._.js:3132
[  647126ms] [ERROR] Failed to load resource: net::ERR_CONNECTION_REFUSED @ http://localhost:3000/ar/search?q=%D8%A2%D8%B3%D9%8A%D8%A7&_rsc=19sjk:0
[  647126ms] [ERROR] Failed to fetch RSC payload for http://localhost:3000/ar/search?q=%D8%A2%D8%B3%D9%8A%D8%A7. Falling back to browser navigation. TypeError: Failed to fetch
    at createFetch (http://localhost:3000/_next/static/chunks/f12ff_next_dist_client_d93c57ad._.js:2588:24)
    at fetchServerResponse (http://localhost:3000/_next/static/chunks/f12ff_next_dist_client_d93c57ad._.js:2490:27)
    at fetchMissingDynamicData (http://localhost:3000/_next/static/chunks/f12ff_next_dist_client_d93c57ad._.js:3654:75)
    at spawnDynamicRequests (http://localhost:3000/_next/static/chunks/f12ff_next_dist_client_d93c57ad._.js:3501:35)
    at navigateToSeededRoute (http://localhost:3000/_next/static/chunks/f12ff_next_dist_client_d93c57ad._.js:7739:50)
    at refreshDynamicData (http://localhost:3000/_next/static/chunks/f12ff_next_dist_client_d93c57ad._.js:8345:58)
    at hmrRefreshReducer (http://localhost:3000/_next/static/chunks/f12ff_next_dist_client_d93c57ad._.js:8511:51)
    at clientReducer (http://localhost:3000/_next/static/chunks/f12ff_next_dist_client_d93c57ad._.js:9079:65)
    at Object.action (http://localhost:3000/_next/static/chunks/f12ff_next_dist_client_d93c57ad._.js:9308:55)
    at runAction (http://localhost:3000/_next/static/chunks/f12ff_next_dist_client_d93c57ad._.js:9213:38)
    at dispatchAction (http://localhost:3000/_next/static/chunks/f12ff_next_dist_client_d93c57ad._.js:9276:9)
    at Object.dispatch (http://localhost:3000/_next/static/chunks/f12ff_next_dist_client_d93c57ad._.js:9306:40)
    at http://localhost:3000/_next/static/chunks/f12ff_next_dist_client_d93c57ad._.js:1489:29
    at startTransition (http://localhost:3000/_next/static/chunks/f12ff_next_dist_compiled_react-dom_7b2f6d3d._.js:5500:31)
    at dispatch (http://localhost:3000/_next/static/chunks/f12ff_next_dist_client_d93c57ad._.js:1488:13)
    at dispatchAppRouterAction (http://localhost:3000/_next/static/chunks/f12ff_next_dist_client_d93c57ad._.js:1470:5)
    at http://localhost:3000/_next/static/chunks/f12ff_next_dist_client_d93c57ad._.js:9437:61
    at startTransition (http://localhost:3000/_next/static/chunks/f12ff_next_dist_compiled_cd863794._.js:1279:31)
    at Object.hmrRefresh (http://localhost:3000/_next/static/chunks/f12ff_next_dist_client_d93c57ad._.js:9436:40)
    at http://localhost:3000/_next/static/chunks/f12ff_next_dist_client_d93c57ad._.js:11618:64
    at startTransition (http://localhost:3000/_next/static/chunks/f12ff_next_dist_compiled_cd863794._.js:1279:31)
    at processMessage (http://localhost:3000/_next/static/chunks/f12ff_next_dist_client_d93c57ad._.js:11617:44)
    at WebSocket.handleMessage (http://localhost:3000/_next/static/chunks/f12ff_next_dist_client_d93c57ad._.js:10912:52) @ http://localhost:3000/_next/static/chunks/f12ff_next_dist_95687940._.js:3132
[  647127ms] [ERROR] Failed to load resource: net::ERR_CONNECTION_REFUSED @ http://localhost:3000/ar/search?q=%D8%A2%D8%B3%D9%8A%D8%A7&_rsc=19sjk:0
[  647127ms] [ERROR] Failed to fetch RSC payload for http://localhost:3000/ar/search?q=%D8%A2%D8%B3%D9%8A%D8%A7. Falling back to browser navigation. TypeError: Failed to fetch
    at createFetch (http://localhost:3000/_next/static/chunks/f12ff_next_dist_client_d93c57ad._.js:2588:24)
    at fetchServerResponse (http://localhost:3000/_next/static/chunks/f12ff_next_dist_client_d93c57ad._.js:2490:27)
    at fetchMissingDynamicData (http://localhost:3000/_next/static/chunks/f12ff_next_dist_client_d93c57ad._.js:3654:75)
    at spawnDynamicRequests (http://localhost:3000/_next/static/chunks/f12ff_next_dist_client_d93c57ad._.js:3501:35)
    at navigateToSeededRoute (http://localhost:3000/_next/static/chunks/f12ff_next_dist_client_d93c57ad._.js:7739:50)
    at refreshDynamicData (http://localhost:3000/_next/static/chunks/f12ff_next_dist_client_d93c57ad._.js:8345:58)
    at hmrRefreshReducer (http://localhost:3000/_next/static/chunks/f12ff_next_dist_client_d93c57ad._.js:8511:51)
    at clientReducer (http://localhost:3000/_next/static/chunks/f12ff_next_dist_client_d93c57ad._.js:9079:65)
    at Object.action (http://localhost:3000/_next/static/chunks/f12ff_next_dist_client_d93c57ad._.js:9308:55)
    at runAction (http://localhost:3000/_next/static/chunks/f12ff_next_dist_client_d93c57ad._.js:9213:38)
    at dispatchAction (http://localhost:3000/_next/static/chunks/f12ff_next_dist_client_d93c57ad._.js:9276:9)
    at Object.dispatch (http://localhost:3000/_next/static/chunks/f12ff_next_dist_client_d93c57ad._.js:9306:40)
    at http://localhost:3000/_next/static/chunks/f12ff_next_dist_client_d93c57ad._.js:1489:29
    at startTransition (http://localhost:3000/_next/static/chunks/f12ff_next_dist_compiled_react-dom_7b2f6d3d._.js:5500:31)
    at dispatch (http://localhost:3000/_next/static/chunks/f12ff_next_dist_client_d93c57ad._.js:1488:13)
    at dispatchAppRouterAction (http://localhost:3000/_next/static/chunks/f12ff_next_dist_client_d93c57ad._.js:1470:5)
    at http://localhost:3000/_next/static/chunks/f12ff_next_dist_client_d93c57ad._.js:9437:61
    at startTransition (http://localhost:3000/_next/static/chunks/f12ff_next_dist_compiled_cd863794._.js:1279:31)
    at Object.hmrRefresh (http://localhost:3000/_next/static/chunks/f12ff_next_dist_client_d93c57ad._.js:9436:40)
    at http://localhost:3000/_next/static/chunks/f12ff_next_dist_client_d93c57ad._.js:11618:64
    at startTransition (http://localhost:3000/_next/static/chunks/f12ff_next_dist_compiled_cd863794._.js:1279:31)
    at processMessage (http://localhost:3000/_next/static/chunks/f12ff_next_dist_client_d93c57ad._.js:11617:44)
    at WebSocket.handleMessage (http://localhost:3000/_next/static/chunks/f12ff_next_dist_client_d93c57ad._.js:10912:52) @ http://localhost:3000/_next/static/chunks/f12ff_next_dist_95687940._.js:3132
[  647127ms] [ERROR] Failed to load resource: net::ERR_CONNECTION_REFUSED @ http://localhost:3000/ar/search?q=%D8%A2%D8%B3%D9%8A%D8%A7&_rsc=19sjk:0
[  647127ms] [ERROR] Failed to fetch RSC payload for http://localhost:3000/ar/search?q=%D8%A2%D8%B3%D9%8A%D8%A7. Falling back to browser navigation. TypeError: Failed to fetch
    at createFetch (http://localhost:3000/_next/static/chunks/f12ff_next_dist_client_d93c57ad._.js:2588:24)
    at fetchServerResponse (http://localhost:3000/_next/static/chunks/f12ff_next_dist_client_d93c57ad._.js:2490:27)
    at fetchMissingDynamicData (http://localhost:3000/_next/static/chunks/f12ff_next_dist_client_d93c57ad._.js:3654:75)
    at spawnDynamicRequests (http://localhost:3000/_next/static/chunks/f12ff_next_dist_client_d93c57ad._.js:3501:35)
    at navigateToSeededRoute (http://localhost:3000/_next/static/chunks/f12ff_next_dist_client_d93c57ad._.js:7739:50)
    at refreshDynamicData (http://localhost:3000/_next/static/chunks/f12ff_next_dist_client_d93c57ad._.js:8345:58)
    at hmrRefreshReducer (http://localhost:3000/_next/static/chunks/f12ff_next_dist_client_d93c57ad._.js:8511:51)
    at clientReducer (http://localhost:3000/_next/static/chunks/f12ff_next_dist_client_d93c57ad._.js:9079:65)
    at Object.action (http://localhost:3000/_next/static/chunks/f12ff_next_dist_client_d93c57ad._.js:9308:55)
    at runAction (http://localhost:3000/_next/static/chunks/f12ff_next_dist_client_d93c57ad._.js:9213:38)
    at dispatchAction (http://localhost:3000/_next/static/chunks/f12ff_next_dist_client_d93c57ad._.js:9276:9)
    at Object.dispatch (http://localhost:3000/_next/static/chunks/f12ff_next_dist_client_d93c57ad._.js:9306:40)
    at http://localhost:3000/_next/static/chunks/f12ff_next_dist_client_d93c57ad._.js:1489:29
    at startTransition (http://localhost:3000/_next/static/chunks/f12ff_next_dist_compiled_react-dom_7b2f6d3d._.js:5500:31)
    at dispatch (http://localhost:3000/_next/static/chunks/f12ff_next_dist_client_d93c57ad._.js:1488:13)
    at dispatchAppRouterAction (http://localhost:3000/_next/static/chunks/f12ff_next_dist_client_d93c57ad._.js:1470:5)
    at http://localhost:3000/_next/static/chunks/f12ff_next_dist_client_d93c57ad._.js:9437:61
    at startTransition (http://localhost:3000/_next/static/chunks/f12ff_next_dist_compiled_cd863794._.js:1279:31)
    at Object.hmrRefresh (http://localhost:3000/_next/static/chunks/f12ff_next_dist_client_d93c57ad._.js:9436:40)
    at http://localhost:3000/_next/static/chunks/f12ff_next_dist_client_d93c57ad._.js:11618:64
    at startTransition (http://localhost:3000/_next/static/chunks/f12ff_next_dist_compiled_cd863794._.js:1279:31)
    at processMessage (http://localhost:3000/_next/static/chunks/f12ff_next_dist_client_d93c57ad._.js:11617:44)
    at WebSocket.handleMessage (http://localhost:3000/_next/static/chunks/f12ff_next_dist_client_d93c57ad._.js:10912:52) @ http://localhost:3000/_next/static/chunks/f12ff_next_dist_95687940._.js:3132
[  647127ms] [ERROR] Failed to load resource: net::ERR_CONNECTION_REFUSED @ http://localhost:3000/ar/search?q=%D8%A2%D8%B3%D9%8A%D8%A7&_rsc=19sjk:0
[  647127ms] [ERROR] Failed to fetch RSC payload for http://localhost:3000/ar/search?q=%D8%A2%D8%B3%D9%8A%D8%A7. Falling back to browser navigation. TypeError: Failed to fetch
    at createFetch (http://localhost:3000/_next/static/chunks/f12ff_next_dist_client_d93c57ad._.js:2588:24)
    at fetchServerResponse (http://localhost:3000/_next/static/chunks/f12ff_next_dist_client_d93c57ad._.js:2490:27)
    at fetchMissingDynamicData (http://localhost:3000/_next/static/chunks/f12ff_next_dist_client_d93c57ad._.js:3654:75)
    at spawnDynamicRequests (http://localhost:3000/_next/static/chunks/f12ff_next_dist_client_d93c57ad._.js:3501:35)
    at navigateToSeededRoute (http://localhost:3000/_next/static/chunks/f12ff_next_dist_client_d93c57ad._.js:7739:50)
    at refreshDynamicData (http://localhost:3000/_next/static/chunks/f12ff_next_dist_client_d93c57ad._.js:8345:58)
    at hmrRefreshReducer (http://localhost:3000/_next/static/chunks/f12ff_next_dist_client_d93c57ad._.js:8511:51)
    at clientReducer (http://localhost:3000/_next/static/chunks/f12ff_next_dist_client_d93c57ad._.js:9079:65)
    at Object.action (http://localhost:3000/_next/static/chunks/f12ff_next_dist_client_d93c57ad._.js:9308:55)
    at runAction (http://localhost:3000/_next/static/chunks/f12ff_next_dist_client_d93c57ad._.js:9213:38)
    at dispatchAction (http://localhost:3000/_next/static/chunks/f12ff_next_dist_client_d93c57ad._.js:9276:9)
    at Object.dispatch (http://localhost:3000/_next/static/chunks/f12ff_next_dist_client_d93c57ad._.js:9306:40)
    at http://localhost:3000/_next/static/chunks/f12ff_next_dist_client_d93c57ad._.js:1489:29
    at startTransition (http://localhost:3000/_next/static/chunks/f12ff_next_dist_compiled_react-dom_7b2f6d3d._.js:5500:31)
    at dispatch (http://localhost:3000/_next/static/chunks/f12ff_next_dist_client_d93c57ad._.js:1488:13)
    at dispatchAppRouterAction (http://localhost:3000/_next/static/chunks/f12ff_next_dist_client_d93c57ad._.js:1470:5)
    at http://localhost:3000/_next/static/chunks/f12ff_next_dist_client_d93c57ad._.js:9437:61
    at startTransition (http://localhost:3000/_next/static/chunks/f12ff_next_dist_compiled_cd863794._.js:1279:31)
    at Object.hmrRefresh (http://localhost:3000/_next/static/chunks/f12ff_next_dist_client_d93c57ad._.js:9436:40)
    at http://localhost:3000/_next/static/chunks/f12ff_next_dist_client_d93c57ad._.js:11618:64
    at startTransition (http://localhost:3000/_next/static/chunks/f12ff_next_dist_compiled_cd863794._.js:1279:31)
    at processMessage (http://localhost:3000/_next/static/chunks/f12ff_next_dist_client_d93c57ad._.js:11617:44)
    at WebSocket.handleMessage (http://localhost:3000/_next/static/chunks/f12ff_next_dist_client_d93c57ad._.js:10912:52) @ http://localhost:3000/_next/static/chunks/f12ff_next_dist_95687940._.js:3132
[  647128ms] [ERROR] Failed to load resource: net::ERR_CONNECTION_REFUSED @ http://localhost:3000/ar/search?q=%D8%A2%D8%B3%D9%8A%D8%A7&_rsc=19sjk:0
[  647128ms] [ERROR] Failed to fetch RSC payload for http://localhost:3000/ar/search?q=%D8%A2%D8%B3%D9%8A%D8%A7. Falling back to browser navigation. TypeError: Failed to fetch
    at createFetch (http://localhost:3000/_next/static/chunks/f12ff_next_dist_client_d93c57ad._.js:2588:24)
    at fetchServerResponse (http://localhost:3000/_next/static/chunks/f12ff_next_dist_client_d93c57ad._.js:2490:27)
    at fetchMissingDynamicData (http://localhost:3000/_next/static/chunks/f12ff_next_dist_client_d93c57ad._.js:3654:75)
    at spawnDynamicRequests (http://localhost:3000/_next/static/chunks/f12ff_next_dist_client_d93c57ad._.js:3501:35)
    at navigateToSeededRoute (http://localhost:3000/_next/static/chunks/f12ff_next_dist_client_d93c57ad._.js:7739:50)
    at refreshDynamicData (http://localhost:3000/_next/static/chunks/f12ff_next_dist_client_d93c57ad._.js:8345:58)
    at hmrRefreshReducer (http://localhost:3000/_next/static/chunks/f12ff_next_dist_client_d93c57ad._.js:8511:51)
    at clientReducer (http://localhost:3000/_next/static/chunks/f12ff_next_dist_client_d93c57ad._.js:9079:65)
    at Object.action (http://localhost:3000/_next/static/chunks/f12ff_next_dist_client_d93c57ad._.js:9308:55)
    at runAction (http://localhost:3000/_next/static/chunks/f12ff_next_dist_client_d93c57ad._.js:9213:38)
    at dispatchAction (http://localhost:3000/_next/static/chunks/f12ff_next_dist_client_d93c57ad._.js:9276:9)
    at Object.dispatch (http://localhost:3000/_next/static/chunks/f12ff_next_dist_client_d93c57ad._.js:9306:40)
    at http://localhost:3000/_next/static/chunks/f12ff_next_dist_client_d93c57ad._.js:1489:29
    at startTransition (http://localhost:3000/_next/static/chunks/f12ff_next_dist_compiled_react-dom_7b2f6d3d._.js:5500:31)
    at dispatch (http://localhost:3000/_next/static/chunks/f12ff_next_dist_client_d93c57ad._.js:1488:13)
    at dispatchAppRouterAction (http://localhost:3000/_next/static/chunks/f12ff_next_dist_client_d93c57ad._.js:1470:5)
    at http://localhost:3000/_next/static/chunks/f12ff_next_dist_client_d93c57ad._.js:9437:61
    at startTransition (http://localhost:3000/_next/static/chunks/f12ff_next_dist_compiled_cd863794._.js:1279:31)
    at Object.hmrRefresh (http://localhost:3000/_next/static/chunks/f12ff_next_dist_client_d93c57ad._.js:9436:40)
    at http://localhost:3000/_next/static/chunks/f12ff_next_dist_client_d93c57ad._.js:11618:64
    at startTransition (http://localhost:3000/_next/static/chunks/f12ff_next_dist_compiled_cd863794._.js:1279:31)
    at processMessage (http://localhost:3000/_next/static/chunks/f12ff_next_dist_client_d93c57ad._.js:11617:44)
    at WebSocket.handleMessage (http://localhost:3000/_next/static/chunks/f12ff_next_dist_client_d93c57ad._.js:10912:52) @ http://localhost:3000/_next/static/chunks/f12ff_next_dist_95687940._.js:3132
[  647128ms] [ERROR] Failed to load resource: net::ERR_CONNECTION_REFUSED @ http://localhost:3000/ar/search?q=%D8%A2%D8%B3%D9%8A%D8%A7&_rsc=19sjk:0
[  647128ms] [ERROR] Failed to fetch RSC payload for http://localhost:3000/ar/search?q=%D8%A2%D8%B3%D9%8A%D8%A7. Falling back to browser navigation. TypeError: Failed to fetch
    at createFetch (http://localhost:3000/_next/static/chunks/f12ff_next_dist_client_d93c57ad._.js:2588:24)
    at fetchServerResponse (http://localhost:3000/_next/static/chunks/f12ff_next_dist_client_d93c57ad._.js:2490:27)
    at fetchMissingDynamicData (http://localhost:3000/_next/static/chunks/f12ff_next_dist_client_d93c57ad._.js:3654:75)
    at spawnDynamicRequests (http://localhost:3000/_next/static/chunks/f12ff_next_dist_client_d93c57ad._.js:3501:35)
    at navigateToSeededRoute (http://localhost:3000/_next/static/chunks/f12ff_next_dist_client_d93c57ad._.js:7739:50)
    at refreshDynamicData (http://localhost:3000/_next/static/chunks/f12ff_next_dist_client_d93c57ad._.js:8345:58)
    at hmrRefreshReducer (http://localhost:3000/_next/static/chunks/f12ff_next_dist_client_d93c57ad._.js:8511:51)
    at clientReducer (http://localhost:3000/_next/static/chunks/f12ff_next_dist_client_d93c57ad._.js:9079:65)
    at Object.action (http://localhost:3000/_next/static/chunks/f12ff_next_dist_client_d93c57ad._.js:9308:55)
    at runAction (http://localhost:3000/_next/static/chunks/f12ff_next_dist_client_d93c57ad._.js:9213:38)
    at dispatchAction (http://localhost:3000/_next/static/chunks/f12ff_next_dist_client_d93c57ad._.js:9276:9)
    at Object.dispatch (http://localhost:3000/_next/static/chunks/f12ff_next_dist_client_d93c57ad._.js:9306:40)
    at http://localhost:3000/_next/static/chunks/f12ff_next_dist_client_d93c57ad._.js:1489:29
    at startTransition (http://localhost:3000/_next/static/chunks/f12ff_next_dist_compiled_react-dom_7b2f6d3d._.js:5500:31)
    at dispatch (http://localhost:3000/_next/static/chunks/f12ff_next_dist_client_d93c57ad._.js:1488:13)
    at dispatchAppRouterAction (http://localhost:3000/_next/static/chunks/f12ff_next_dist_client_d93c57ad._.js:1470:5)
    at http://localhost:3000/_next/static/chunks/f12ff_next_dist_client_d93c57ad._.js:9437:61
    at startTransition (http://localhost:3000/_next/static/chunks/f12ff_next_dist_compiled_cd863794._.js:1279:31)
    at Object.hmrRefresh (http://localhost:3000/_next/static/chunks/f12ff_next_dist_client_d93c57ad._.js:9436:40)
    at http://localhost:3000/_next/static/chunks/f12ff_next_dist_client_d93c57ad._.js:11618:64
    at startTransition (http://localhost:3000/_next/static/chunks/f12ff_next_dist_compiled_cd863794._.js:1279:31)
    at processMessage (http://localhost:3000/_next/static/chunks/f12ff_next_dist_client_d93c57ad._.js:11617:44)
    at WebSocket.handleMessage (http://localhost:3000/_next/static/chunks/f12ff_next_dist_client_d93c57ad._.js:10912:52) @ http://localhost:3000/_next/static/chunks/f12ff_next_dist_95687940._.js:3132
[  647129ms] [ERROR] Failed to load resource: net::ERR_CONNECTION_REFUSED @ http://localhost:3000/ar/search?q=%D8%A2%D8%B3%D9%8A%D8%A7&_rsc=19sjk:0
[  647129ms] [ERROR] Failed to fetch RSC payload for http://localhost:3000/ar/search?q=%D8%A2%D8%B3%D9%8A%D8%A7. Falling back to browser navigation. TypeError: Failed to fetch
    at createFetch (http://localhost:3000/_next/static/chunks/f12ff_next_dist_client_d93c57ad._.js:2588:24)
    at fetchServerResponse (http://localhost:3000/_next/static/chunks/f12ff_next_dist_client_d93c57ad._.js:2490:27)
    at fetchMissingDynamicData (http://localhost:3000/_next/static/chunks/f12ff_next_dist_client_d93c57ad._.js:3654:75)
    at spawnDynamicRequests (http://localhost:3000/_next/static/chunks/f12ff_next_dist_client_d93c57ad._.js:3501:35)
    at navigateToSeededRoute (http://localhost:3000/_next/static/chunks/f12ff_next_dist_client_d93c57ad._.js:7739:50)
    at refreshDynamicData (http://localhost:3000/_next/static/chunks/f12ff_next_dist_client_d93c57ad._.js:8345:58)
    at hmrRefreshReducer (http://localhost:3000/_next/static/chunks/f12ff_next_dist_client_d93c57ad._.js:8511:51)
    at clientReducer (http://localhost:3000/_next/static/chunks/f12ff_next_dist_client_d93c57ad._.js:9079:65)
    at Object.action (http://localhost:3000/_next/static/chunks/f12ff_next_dist_client_d93c57ad._.js:9308:55)
    at runAction (http://localhost:3000/_next/static/chunks/f12ff_next_dist_client_d93c57ad._.js:9213:38)
    at dispatchAction (http://localhost:3000/_next/static/chunks/f12ff_next_dist_client_d93c57ad._.js:9276:9)
    at Object.dispatch (http://localhost:3000/_next/static/chunks/f12ff_next_dist_client_d93c57ad._.js:9306:40)
    at http://localhost:3000/_next/static/chunks/f12ff_next_dist_client_d93c57ad._.js:1489:29
    at startTransition (http://localhost:3000/_next/static/chunks/f12ff_next_dist_compiled_react-dom_7b2f6d3d._.js:5500:31)
    at dispatch (http://localhost:3000/_next/static/chunks/f12ff_next_dist_client_d93c57ad._.js:1488:13)
    at dispatchAppRouterAction (http://localhost:3000/_next/static/chunks/f12ff_next_dist_client_d93c57ad._.js:1470:5)
    at http://localhost:3000/_next/static/chunks/f12ff_next_dist_client_d93c57ad._.js:9437:61
    at startTransition (http://localhost:3000/_next/static/chunks/f12ff_next_dist_compiled_cd863794._.js:1279:31)
    at Object.hmrRefresh (http://localhost:3000/_next/static/chunks/f12ff_next_dist_client_d93c57ad._.js:9436:40)
    at http://localhost:3000/_next/static/chunks/f12ff_next_dist_client_d93c57ad._.js:11618:64
    at startTransition (http://localhost:3000/_next/static/chunks/f12ff_next_dist_compiled_cd863794._.js:1279:31)
    at processMessage (http://localhost:3000/_next/static/chunks/f12ff_next_dist_client_d93c57ad._.js:11617:44)
    at WebSocket.handleMessage (http://localhost:3000/_next/static/chunks/f12ff_next_dist_client_d93c57ad._.js:10912:52) @ http://localhost:3000/_next/static/chunks/f12ff_next_dist_95687940._.js:3132
[  647129ms] [ERROR] Failed to load resource: net::ERR_CONNECTION_REFUSED @ http://localhost:3000/ar/search?q=%D8%A2%D8%B3%D9%8A%D8%A7&_rsc=19sjk:0
[  647129ms] [ERROR] Failed to fetch RSC payload for http://localhost:3000/ar/search?q=%D8%A2%D8%B3%D9%8A%D8%A7. Falling back to browser navigation. TypeError: Failed to fetch
    at createFetch (http://localhost:3000/_next/static/chunks/f12ff_next_dist_client_d93c57ad._.js:2588:24)
    at fetchServerResponse (http://localhost:3000/_next/static/chunks/f12ff_next_dist_client_d93c57ad._.js:2490:27)
    at fetchMissingDynamicData (http://localhost:3000/_next/static/chunks/f12ff_next_dist_client_d93c57ad._.js:3654:75)
    at spawnDynamicRequests (http://localhost:3000/_next/static/chunks/f12ff_next_dist_client_d93c57ad._.js:3501:35)
    at navigateToSeededRoute (http://localhost:3000/_next/static/chunks/f12ff_next_dist_client_d93c57ad._.js:7739:50)
    at refreshDynamicData (http://localhost:3000/_next/static/chunks/f12ff_next_dist_client_d93c57ad._.js:8345:58)
    at hmrRefreshReducer (http://localhost:3000/_next/static/chunks/f12ff_next_dist_client_d93c57ad._.js:8511:51)
    at clientReducer (http://localhost:3000/_next/static/chunks/f12ff_next_dist_client_d93c57ad._.js:9079:65)
    at Object.action (http://localhost:3000/_next/static/chunks/f12ff_next_dist_client_d93c57ad._.js:9308:55)
    at runAction (http://localhost:3000/_next/static/chunks/f12ff_next_dist_client_d93c57ad._.js:9213:38)
    at dispatchAction (http://localhost:3000/_next/static/chunks/f12ff_next_dist_client_d93c57ad._.js:9276:9)
    at Object.dispatch (http://localhost:3000/_next/static/chunks/f12ff_next_dist_client_d93c57ad._.js:9306:40)
    at http://localhost:3000/_next/static/chunks/f12ff_next_dist_client_d93c57ad._.js:1489:29
    at startTransition (http://localhost:3000/_next/static/chunks/f12ff_next_dist_compiled_react-dom_7b2f6d3d._.js:5500:31)
    at dispatch (http://localhost:3000/_next/static/chunks/f12ff_next_dist_client_d93c57ad._.js:1488:13)
    at dispatchAppRouterAction (http://localhost:3000/_next/static/chunks/f12ff_next_dist_client_d93c57ad._.js:1470:5)
    at http://localhost:3000/_next/static/chunks/f12ff_next_dist_client_d93c57ad._.js:9437:61
    at startTransition (http://localhost:3000/_next/static/chunks/f12ff_next_dist_compiled_cd863794._.js:1279:31)
    at Object.hmrRefresh (http://localhost:3000/_next/static/chunks/f12ff_next_dist_client_d93c57ad._.js:9436:40)
    at http://localhost:3000/_next/static/chunks/f12ff_next_dist_client_d93c57ad._.js:11618:64
    at startTransition (http://localhost:3000/_next/static/chunks/f12ff_next_dist_compiled_cd863794._.js:1279:31)
    at processMessage (http://localhost:3000/_next/static/chunks/f12ff_next_dist_client_d93c57ad._.js:11617:44)
    at WebSocket.handleMessage (http://localhost:3000/_next/static/chunks/f12ff_next_dist_client_d93c57ad._.js:10912:52) @ http://localhost:3000/_next/static/chunks/f12ff_next_dist_95687940._.js:3132
[  647130ms] [ERROR] Failed to load resource: net::ERR_CONNECTION_REFUSED @ http://localhost:3000/_next/static/chunks/_7c0bf91c._.js:0
[  647130ms] [ERROR] Failed to load resource: net::ERR_CONNECTION_REFUSED @ http://localhost:3000/ar/search?q=%D8%A2%D8%B3%D9%8A%D8%A7&_rsc=19sjk:0
[  647130ms] [ERROR] Failed to fetch RSC payload for http://localhost:3000/ar/search?q=%D8%A2%D8%B3%D9%8A%D8%A7. Falling back to browser navigation. TypeError: Failed to fetch
    at createFetch (http://localhost:3000/_next/static/chunks/f12ff_next_dist_client_d93c57ad._.js:2588:24)
    at fetchServerResponse (http://localhost:3000/_next/static/chunks/f12ff_next_dist_client_d93c57ad._.js:2490:27)
    at fetchMissingDynamicData (http://localhost:3000/_next/static/chunks/f12ff_next_dist_client_d93c57ad._.js:3654:75)
    at spawnDynamicRequests (http://localhost:3000/_next/static/chunks/f12ff_next_dist_client_d93c57ad._.js:3501:35)
    at navigateToSeededRoute (http://localhost:3000/_next/static/chunks/f12ff_next_dist_client_d93c57ad._.js:7739:50)
    at refreshDynamicData (http://localhost:3000/_next/static/chunks/f12ff_next_dist_client_d93c57ad._.js:8345:58)
    at hmrRefreshReducer (http://localhost:3000/_next/static/chunks/f12ff_next_dist_client_d93c57ad._.js:8511:51)
    at clientReducer (http://localhost:3000/_next/static/chunks/f12ff_next_dist_client_d93c57ad._.js:9079:65)
    at Object.action (http://localhost:3000/_next/static/chunks/f12ff_next_dist_client_d93c57ad._.js:9308:55)
    at runAction (http://localhost:3000/_next/static/chunks/f12ff_next_dist_client_d93c57ad._.js:9213:38)
    at dispatchAction (http://localhost:3000/_next/static/chunks/f12ff_next_dist_client_d93c57ad._.js:9276:9)
    at Object.dispatch (http://localhost:3000/_next/static/chunks/f12ff_next_dist_client_d93c57ad._.js:9306:40)
    at http://localhost:3000/_next/static/chunks/f12ff_next_dist_client_d93c57ad._.js:1489:29
    at startTransition (http://localhost:3000/_next/static/chunks/f12ff_next_dist_compiled_react-dom_7b2f6d3d._.js:5500:31)
    at dispatch (http://localhost:3000/_next/static/chunks/f12ff_next_dist_client_d93c57ad._.js:1488:13)
    at dispatchAppRouterAction (http://localhost:3000/_next/static/chunks/f12ff_next_dist_client_d93c57ad._.js:1470:5)
    at http://localhost:3000/_next/static/chunks/f12ff_next_dist_client_d93c57ad._.js:9437:61
    at startTransition (http://localhost:3000/_next/static/chunks/f12ff_next_dist_compiled_cd863794._.js:1279:31)
    at Object.hmrRefresh (http://localhost:3000/_next/static/chunks/f12ff_next_dist_client_d93c57ad._.js:9436:40)
    at http://localhost:3000/_next/static/chunks/f12ff_next_dist_client_d93c57ad._.js:11618:64
    at startTransition (http://localhost:3000/_next/static/chunks/f12ff_next_dist_compiled_cd863794._.js:1279:31)
    at processMessage (http://localhost:3000/_next/static/chunks/f12ff_next_dist_client_d93c57ad._.js:11617:44)
    at WebSocket.handleMessage (http://localhost:3000/_next/static/chunks/f12ff_next_dist_client_d93c57ad._.js:10912:52) @ http://localhost:3000/_next/static/chunks/f12ff_next_dist_95687940._.js:3132
[  647131ms] [ERROR] Failed to load resource: net::ERR_CONNECTION_REFUSED @ http://localhost:3000/ar/search?q=%D8%A2%D8%B3%D9%8A%D8%A7&_rsc=19sjk:0
[  647131ms] [ERROR] Failed to fetch RSC payload for http://localhost:3000/ar/search?q=%D8%A2%D8%B3%D9%8A%D8%A7. Falling back to browser navigation. TypeError: Failed to fetch
    at createFetch (http://localhost:3000/_next/static/chunks/f12ff_next_dist_client_d93c57ad._.js:2588:24)
    at fetchServerResponse (http://localhost:3000/_next/static/chunks/f12ff_next_dist_client_d93c57ad._.js:2490:27)
    at fetchMissingDynamicData (http://localhost:3000/_next/static/chunks/f12ff_next_dist_client_d93c57ad._.js:3654:75)
    at spawnDynamicRequests (http://localhost:3000/_next/static/chunks/f12ff_next_dist_client_d93c57ad._.js:3501:35)
    at navigateToSeededRoute (http://localhost:3000/_next/static/chunks/f12ff_next_dist_client_d93c57ad._.js:7739:50)
    at refreshDynamicData (http://localhost:3000/_next/static/chunks/f12ff_next_dist_client_d93c57ad._.js:8345:58)
    at hmrRefreshReducer (http://localhost:3000/_next/static/chunks/f12ff_next_dist_client_d93c57ad._.js:8511:51)
    at clientReducer (http://localhost:3000/_next/static/chunks/f12ff_next_dist_client_d93c57ad._.js:9079:65)
    at Object.action (http://localhost:3000/_next/static/chunks/f12ff_next_dist_client_d93c57ad._.js:9308:55)
    at runAction (http://localhost:3000/_next/static/chunks/f12ff_next_dist_client_d93c57ad._.js:9213:38)
    at dispatchAction (http://localhost:3000/_next/static/chunks/f12ff_next_dist_client_d93c57ad._.js:9276:9)
    at Object.dispatch (http://localhost:3000/_next/static/chunks/f12ff_next_dist_client_d93c57ad._.js:9306:40)
    at http://localhost:3000/_next/static/chunks/f12ff_next_dist_client_d93c57ad._.js:1489:29
    at startTransition (http://localhost:3000/_next/static/chunks/f12ff_next_dist_compiled_react-dom_7b2f6d3d._.js:5500:31)
    at dispatch (http://localhost:3000/_next/static/chunks/f12ff_next_dist_client_d93c57ad._.js:1488:13)
    at dispatchAppRouterAction (http://localhost:3000/_next/static/chunks/f12ff_next_dist_client_d93c57ad._.js:1470:5)
    at http://localhost:3000/_next/static/chunks/f12ff_next_dist_client_d93c57ad._.js:9437:61
    at startTransition (http://localhost:3000/_next/static/chunks/f12ff_next_dist_compiled_cd863794._.js:1279:31)
    at Object.hmrRefresh (http://localhost:3000/_next/static/chunks/f12ff_next_dist_client_d93c57ad._.js:9436:40)
    at http://localhost:3000/_next/static/chunks/f12ff_next_dist_client_d93c57ad._.js:11618:64
    at startTransition (http://localhost:3000/_next/static/chunks/f12ff_next_dist_compiled_cd863794._.js:1279:31)
    at processMessage (http://localhost:3000/_next/static/chunks/f12ff_next_dist_client_d93c57ad._.js:11617:44)
    at WebSocket.handleMessage (http://localhost:3000/_next/static/chunks/f12ff_next_dist_client_d93c57ad._.js:10912:52) @ http://localhost:3000/_next/static/chunks/f12ff_next_dist_95687940._.js:3132
[  647132ms] [ERROR] Failed to load resource: net::ERR_CONNECTION_REFUSED @ http://localhost:3000/ar/search?q=%D8%A2%D8%B3%D9%8A%D8%A7&_rsc=19sjk:0
[  647132ms] [ERROR] Failed to fetch RSC payload for http://localhost:3000/ar/search?q=%D8%A2%D8%B3%D9%8A%D8%A7. Falling back to browser navigation. TypeError: Failed to fetch
    at createFetch (http://localhost:3000/_next/static/chunks/f12ff_next_dist_client_d93c57ad._.js:2588:24)
    at fetchServerResponse (http://localhost:3000/_next/static/chunks/f12ff_next_dist_client_d93c57ad._.js:2490:27)
    at fetchMissingDynamicData (http://localhost:3000/_next/static/chunks/f12ff_next_dist_client_d93c57ad._.js:3654:75)
    at spawnDynamicRequests (http://localhost:3000/_next/static/chunks/f12ff_next_dist_client_d93c57ad._.js:3501:35)
    at navigateToSeededRoute (http://localhost:3000/_next/static/chunks/f12ff_next_dist_client_d93c57ad._.js:7739:50)
    at refreshDynamicData (http://localhost:3000/_next/static/chunks/f12ff_next_dist_client_d93c57ad._.js:8345:58)
    at hmrRefreshReducer (http://localhost:3000/_next/static/chunks/f12ff_next_dist_client_d93c57ad._.js:8511:51)
    at clientReducer (http://localhost:3000/_next/static/chunks/f12ff_next_dist_client_d93c57ad._.js:9079:65)
    at Object.action (http://localhost:3000/_next/static/chunks/f12ff_next_dist_client_d93c57ad._.js:9308:55)
    at runAction (http://localhost:3000/_next/static/chunks/f12ff_next_dist_client_d93c57ad._.js:9213:38)
    at dispatchAction (http://localhost:3000/_next/static/chunks/f12ff_next_dist_client_d93c57ad._.js:9276:9)
    at Object.dispatch (http://localhost:3000/_next/static/chunks/f12ff_next_dist_client_d93c57ad._.js:9306:40)
    at http://localhost:3000/_next/static/chunks/f12ff_next_dist_client_d93c57ad._.js:1489:29
    at startTransition (http://localhost:3000/_next/static/chunks/f12ff_next_dist_compiled_react-dom_7b2f6d3d._.js:5500:31)
    at dispatch (http://localhost:3000/_next/static/chunks/f12ff_next_dist_client_d93c57ad._.js:1488:13)
    at dispatchAppRouterAction (http://localhost:3000/_next/static/chunks/f12ff_next_dist_client_d93c57ad._.js:1470:5)
    at http://localhost:3000/_next/static/chunks/f12ff_next_dist_client_d93c57ad._.js:9437:61
    at startTransition (http://localhost:3000/_next/static/chunks/f12ff_next_dist_compiled_cd863794._.js:1279:31)
    at Object.hmrRefresh (http://localhost:3000/_next/static/chunks/f12ff_next_dist_client_d93c57ad._.js:9436:40)
    at http://localhost:3000/_next/static/chunks/f12ff_next_dist_client_d93c57ad._.js:11618:64
    at startTransition (http://localhost:3000/_next/static/chunks/f12ff_next_dist_compiled_cd863794._.js:1279:31)
    at processMessage (http://localhost:3000/_next/static/chunks/f12ff_next_dist_client_d93c57ad._.js:11617:44)
    at WebSocket.handleMessage (http://localhost:3000/_next/static/chunks/f12ff_next_dist_client_d93c57ad._.js:10912:52) @ http://localhost:3000/_next/static/chunks/f12ff_next_dist_95687940._.js:3132
[  647132ms] [ERROR] Failed to load resource: net::ERR_CONNECTION_REFUSED @ http://localhost:3000/ar/search?q=%D8%A2%D8%B3%D9%8A%D8%A7&_rsc=19sjk:0
[  647132ms] [ERROR] Failed to fetch RSC payload for http://localhost:3000/ar/search?q=%D8%A2%D8%B3%D9%8A%D8%A7. Falling back to browser navigation. TypeError: Failed to fetch
    at createFetch (http://localhost:3000/_next/static/chunks/f12ff_next_dist_client_d93c57ad._.js:2588:24)
    at fetchServerResponse (http://localhost:3000/_next/static/chunks/f12ff_next_dist_client_d93c57ad._.js:2490:27)
    at fetchMissingDynamicData (http://localhost:3000/_next/static/chunks/f12ff_next_dist_client_d93c57ad._.js:3654:75)
    at spawnDynamicRequests (http://localhost:3000/_next/static/chunks/f12ff_next_dist_client_d93c57ad._.js:3501:35)
    at navigateToSeededRoute (http://localhost:3000/_next/static/chunks/f12ff_next_dist_client_d93c57ad._.js:7739:50)
    at refreshDynamicData (http://localhost:3000/_next/static/chunks/f12ff_next_dist_client_d93c57ad._.js:8345:58)
    at hmrRefreshReducer (http://localhost:3000/_next/static/chunks/f12ff_next_dist_client_d93c57ad._.js:8511:51)
    at clientReducer (http://localhost:3000/_next/static/chunks/f12ff_next_dist_client_d93c57ad._.js:9079:65)
    at Object.action (http://localhost:3000/_next/static/chunks/f12ff_next_dist_client_d93c57ad._.js:9308:55)
    at runAction (http://localhost:3000/_next/static/chunks/f12ff_next_dist_client_d93c57ad._.js:9213:38)
    at dispatchAction (http://localhost:3000/_next/static/chunks/f12ff_next_dist_client_d93c57ad._.js:9276:9)
    at Object.dispatch (http://localhost:3000/_next/static/chunks/f12ff_next_dist_client_d93c57ad._.js:9306:40)
    at http://localhost:3000/_next/static/chunks/f12ff_next_dist_client_d93c57ad._.js:1489:29
    at startTransition (http://localhost:3000/_next/static/chunks/f12ff_next_dist_compiled_react-dom_7b2f6d3d._.js:5500:31)
    at dispatch (http://localhost:3000/_next/static/chunks/f12ff_next_dist_client_d93c57ad._.js:1488:13)
    at dispatchAppRouterAction (http://localhost:3000/_next/static/chunks/f12ff_next_dist_client_d93c57ad._.js:1470:5)
    at http://localhost:3000/_next/static/chunks/f12ff_next_dist_client_d93c57ad._.js:9437:61
    at startTransition (http://localhost:3000/_next/static/chunks/f12ff_next_dist_compiled_cd863794._.js:1279:31)
    at Object.hmrRefresh (http://localhost:3000/_next/static/chunks/f12ff_next_dist_client_d93c57ad._.js:9436:40)
    at http://localhost:3000/_next/static/chunks/f12ff_next_dist_client_d93c57ad._.js:11618:64
    at startTransition (http://localhost:3000/_next/static/chunks/f12ff_next_dist_compiled_cd863794._.js:1279:31)
    at processMessage (http://localhost:3000/_next/static/chunks/f12ff_next_dist_client_d93c57ad._.js:11617:44)
    at WebSocket.handleMessage (http://localhost:3000/_next/static/chunks/f12ff_next_dist_client_d93c57ad._.js:10912:52) @ http://localhost:3000/_next/static/chunks/f12ff_next_dist_95687940._.js:3132
[  647166ms] [ERROR] Failed to load resource: net::ERR_CONNECTION_REFUSED @ http://localhost:3000/__nextjs_original-stack-frames:0
[  652214ms] [INFO] %cDownload the React DevTools for a better development experience: https://react.dev/link/react-devtools font-weight:bold @ http://localhost:3000/_next/static/chunks/f12ff_next_dist_95687940._.js:2302
[  652337ms] [WARNING] Clerk: Clerk has been loaded with development keys. Development instances have strict usage limits and should not be used when deploying your application to production. Learn more: https://clerk.com/docs/deployments/overview @ http://localhost:3000/_next/static/chunks/f12ff_next_dist_95687940._.js:2302
[  652371ms] [LOG] [HMR] connected @ http://localhost:3000/_next/static/chunks/f12ff_next_dist_95687940._.js:2302
[  652477ms] [WARNING] Missing Algolia environment variables: ALGOLIA_API_KEY @ http://localhost:3000/_next/static/chunks/f12ff_next_dist_95687940._.js:2302
[  652478ms] [WARNING] Algolia admin client not available - missing credentials @ http://localhost:3000/_next/static/chunks/f12ff_next_dist_95687940._.js:2302
[  652478ms] [LOG] ✅ Algolia search client initialized successfully @ http://localhost:3000/_next/static/chunks/f12ff_next_dist_95687940._.js:2302
[  652522ms] [ERROR] IntlError: MISSING_MESSAGE: Could not resolve `search.allResults` in messages for locale `ar`.
    at getFallbackFromErrorAndNotify (http://localhost:3000/_next/static/chunks/node_modules__pnpm_a92eadf3._.js:7251:23)
    at translateBaseFn (http://localhost:3000/_next/static/chunks/node_modules__pnpm_a92eadf3._.js:7281:28)
    at translateFn (http://localhost:3000/_next/static/chunks/node_modules__pnpm_a92eadf3._.js:7343:24)
    at GroupedSearch (http://localhost:3000/_next/static/chunks/_7c0bf91c._.js:1789:32)
    at Object.react_stack_bottom_frame (http://localhost:3000/_next/static/chunks/f12ff_next_dist_compiled_react-dom_7b2f6d3d._.js:14826:24)
    at renderWithHooks (http://localhost:3000/_next/static/chunks/f12ff_next_dist_compiled_react-dom_7b2f6d3d._.js:4651:24)
    at updateFunctionComponent (http://localhost:3000/_next/static/chunks/f12ff_next_dist_compiled_react-dom_7b2f6d3d._.js:6112:21)
    at beginWork (http://localhost:3000/_next/static/chunks/f12ff_next_dist_compiled_react-dom_7b2f6d3d._.js:6708:24)
    at runWithFiberInDEV (http://localhost:3000/_next/static/chunks/f12ff_next_dist_compiled_react-dom_7b2f6d3d._.js:965:74)
    at performUnitOfWork (http://localhost:3000/_next/static/chunks/f12ff_next_dist_compiled_react-dom_7b2f6d3d._.js:9562:97)
    at workLoopSync (http://localhost:3000/_next/static/chunks/f12ff_next_dist_compiled_react-dom_7b2f6d3d._.js:9456:40)
    at renderRootSync (http://localhost:3000/_next/static/chunks/f12ff_next_dist_compiled_react-dom_7b2f6d3d._.js:9440:13)
    at performWorkOnRoot (http://localhost:3000/_next/static/chunks/f12ff_next_dist_compiled_react-dom_7b2f6d3d._.js:9068:186)
    at performSyncWorkOnRoot (http://localhost:3000/_next/static/chunks/f12ff_next_dist_compiled_react-dom_7b2f6d3d._.js:10238:9)
    at flushSyncWorkAcrossRoots_impl (http://localhost:3000/_next/static/chunks/f12ff_next_dist_compiled_react-dom_7b2f6d3d._.js:10154:316)
    at flushSpawnedWork (http://localhost:3000/_next/static/chunks/f12ff_next_dist_compiled_react-dom_7b2f6d3d._.js:9914:13)
    at commitRoot (http://localhost:3000/_next/static/chunks/f12ff_next_dist_compiled_react-dom_7b2f6d3d._.js:9720:432)
    at commitRootWhenReady (http://localhost:3000/_next/static/chunks/f12ff_next_dist_compiled_react-dom_7b2f6d3d._.js:9194:9)
    at performWorkOnRoot (http://localhost:3000/_next/static/chunks/f12ff_next_dist_compiled_react-dom_7b2f6d3d._.js:9166:25)
    at performWorkOnRootViaSchedulerTask (http://localhost:3000/_next/static/chunks/f12ff_next_dist_compiled_react-dom_7b2f6d3d._.js:10230:9)
    at MessagePort.performWorkUntilDeadline (http://localhost:3000/_next/static/chunks/f12ff_next_dist_compiled_cd863794._.js:2647:64) @ http://localhost:3000/_next/static/chunks/f12ff_next_dist_95687940._.js:3132
[  652525ms] [ERROR] IntlError: MISSING_MESSAGE: Could not resolve `search.allResults` in messages for locale `ar`.
    at getFallbackFromErrorAndNotify (http://localhost:3000/_next/static/chunks/node_modules__pnpm_a92eadf3._.js:7251:23)
    at translateBaseFn (http://localhost:3000/_next/static/chunks/node_modules__pnpm_a92eadf3._.js:7281:28)
    at translateFn (http://localhost:3000/_next/static/chunks/node_modules__pnpm_a92eadf3._.js:7343:24)
    at GroupedSearch (http://localhost:3000/_next/static/chunks/_7c0bf91c._.js:1789:32)
    at Object.react_stack_bottom_frame (http://localhost:3000/_next/static/chunks/f12ff_next_dist_compiled_react-dom_7b2f6d3d._.js:14826:24)
    at renderWithHooksAgain (http://localhost:3000/_next/static/chunks/f12ff_next_dist_compiled_react-dom_7b2f6d3d._.js:4706:24)
    at renderWithHooks (http://localhost:3000/_next/static/chunks/f12ff_next_dist_compiled_react-dom_7b2f6d3d._.js:4657:28)
    at updateFunctionComponent (http://localhost:3000/_next/static/chunks/f12ff_next_dist_compiled_react-dom_7b2f6d3d._.js:6112:21)
    at beginWork (http://localhost:3000/_next/static/chunks/f12ff_next_dist_compiled_react-dom_7b2f6d3d._.js:6708:24)
    at runWithFiberInDEV (http://localhost:3000/_next/static/chunks/f12ff_next_dist_compiled_react-dom_7b2f6d3d._.js:965:74)
    at performUnitOfWork (http://localhost:3000/_next/static/chunks/f12ff_next_dist_compiled_react-dom_7b2f6d3d._.js:9562:97)
    at workLoopSync (http://localhost:3000/_next/static/chunks/f12ff_next_dist_compiled_react-dom_7b2f6d3d._.js:9456:40)
    at renderRootSync (http://localhost:3000/_next/static/chunks/f12ff_next_dist_compiled_react-dom_7b2f6d3d._.js:9440:13)
    at performWorkOnRoot (http://localhost:3000/_next/static/chunks/f12ff_next_dist_compiled_react-dom_7b2f6d3d._.js:9068:186)
    at performSyncWorkOnRoot (http://localhost:3000/_next/static/chunks/f12ff_next_dist_compiled_react-dom_7b2f6d3d._.js:10238:9)
    at flushSyncWorkAcrossRoots_impl (http://localhost:3000/_next/static/chunks/f12ff_next_dist_compiled_react-dom_7b2f6d3d._.js:10154:316)
    at flushSpawnedWork (http://localhost:3000/_next/static/chunks/f12ff_next_dist_compiled_react-dom_7b2f6d3d._.js:9914:13)
    at commitRoot (http://localhost:3000/_next/static/chunks/f12ff_next_dist_compiled_react-dom_7b2f6d3d._.js:9720:432)
    at commitRootWhenReady (http://localhost:3000/_next/static/chunks/f12ff_next_dist_compiled_react-dom_7b2f6d3d._.js:9194:9)
    at performWorkOnRoot (http://localhost:3000/_next/static/chunks/f12ff_next_dist_compiled_react-dom_7b2f6d3d._.js:9166:25)
    at performWorkOnRootViaSchedulerTask (http://localhost:3000/_next/static/chunks/f12ff_next_dist_compiled_react-dom_7b2f6d3d._.js:10230:9)
    at MessagePort.performWorkUntilDeadline (http://localhost:3000/_next/static/chunks/f12ff_next_dist_compiled_cd863794._.js:2647:64) @ http://localhost:3000/_next/static/chunks/f12ff_next_dist_95687940._.js:3132
[  652530ms] [WARNING] [react-instantsearch-nextjs] InstantSearchNext relies on experimental APIs and may break in the future.
This message will only be displayed in development mode. @ http://localhost:3000/_next/static/chunks/f12ff_next_dist_95687940._.js:2302
[  652548ms] [ERROR] IntlError: MISSING_MESSAGE: Could not resolve `search.allResults` in messages for locale `ar`.
    at getFallbackFromErrorAndNotify (http://localhost:3000/_next/static/chunks/node_modules__pnpm_a92eadf3._.js:7251:23)
    at translateBaseFn (http://localhost:3000/_next/static/chunks/node_modules__pnpm_a92eadf3._.js:7281:28)
    at translateFn (http://localhost:3000/_next/static/chunks/node_modules__pnpm_a92eadf3._.js:7343:24)
    at GroupedSearch (http://localhost:3000/_next/static/chunks/_7c0bf91c._.js:1789:32)
    at Object.react_stack_bottom_frame (http://localhost:3000/_next/static/chunks/f12ff_next_dist_compiled_react-dom_7b2f6d3d._.js:14826:24)
    at renderWithHooks (http://localhost:3000/_next/static/chunks/f12ff_next_dist_compiled_react-dom_7b2f6d3d._.js:4651:24)
    at updateFunctionComponent (http://localhost:3000/_next/static/chunks/f12ff_next_dist_compiled_react-dom_7b2f6d3d._.js:6112:21)
    at beginWork (http://localhost:3000/_next/static/chunks/f12ff_next_dist_compiled_react-dom_7b2f6d3d._.js:6708:24)
    at runWithFiberInDEV (http://localhost:3000/_next/static/chunks/f12ff_next_dist_compiled_react-dom_7b2f6d3d._.js:965:74)
    at performUnitOfWork (http://localhost:3000/_next/static/chunks/f12ff_next_dist_compiled_react-dom_7b2f6d3d._.js:9562:97)
    at workLoopSync (http://localhost:3000/_next/static/chunks/f12ff_next_dist_compiled_react-dom_7b2f6d3d._.js:9456:40)
    at renderRootSync (http://localhost:3000/_next/static/chunks/f12ff_next_dist_compiled_react-dom_7b2f6d3d._.js:9440:13)
    at performWorkOnRoot (http://localhost:3000/_next/static/chunks/f12ff_next_dist_compiled_react-dom_7b2f6d3d._.js:9068:186)
    at performSyncWorkOnRoot (http://localhost:3000/_next/static/chunks/f12ff_next_dist_compiled_react-dom_7b2f6d3d._.js:10238:9)
    at flushSyncWorkAcrossRoots_impl (http://localhost:3000/_next/static/chunks/f12ff_next_dist_compiled_react-dom_7b2f6d3d._.js:10154:316)
    at flushSpawnedWork (http://localhost:3000/_next/static/chunks/f12ff_next_dist_compiled_react-dom_7b2f6d3d._.js:9914:13)
    at commitRoot (http://localhost:3000/_next/static/chunks/f12ff_next_dist_compiled_react-dom_7b2f6d3d._.js:9720:432)
    at commitRootWhenReady (http://localhost:3000/_next/static/chunks/f12ff_next_dist_compiled_react-dom_7b2f6d3d._.js:9194:9)
    at performWorkOnRoot (http://localhost:3000/_next/static/chunks/f12ff_next_dist_compiled_react-dom_7b2f6d3d._.js:9166:25)
    at performWorkOnRootViaSchedulerTask (http://localhost:3000/_next/static/chunks/f12ff_next_dist_compiled_react-dom_7b2f6d3d._.js:10230:9)
    at MessagePort.performWorkUntilDeadline (http://localhost:3000/_next/static/chunks/f12ff_next_dist_compiled_cd863794._.js:2647:64) @ http://localhost:3000/_next/static/chunks/f12ff_next_dist_95687940._.js:3132
[  652549ms] [ERROR] IntlError: MISSING_MESSAGE: Could not resolve `search.allResults` in messages for locale `ar`.
    at getFallbackFromErrorAndNotify (http://localhost:3000/_next/static/chunks/node_modules__pnpm_a92eadf3._.js:7251:23)
    at translateBaseFn (http://localhost:3000/_next/static/chunks/node_modules__pnpm_a92eadf3._.js:7281:28)
    at translateFn (http://localhost:3000/_next/static/chunks/node_modules__pnpm_a92eadf3._.js:7343:24)
    at GroupedSearch (http://localhost:3000/_next/static/chunks/_7c0bf91c._.js:1789:32)
    at Object.react_stack_bottom_frame (http://localhost:3000/_next/static/chunks/f12ff_next_dist_compiled_react-dom_7b2f6d3d._.js:14826:24)
    at renderWithHooksAgain (http://localhost:3000/_next/static/chunks/f12ff_next_dist_compiled_react-dom_7b2f6d3d._.js:4706:24)
    at renderWithHooks (http://localhost:3000/_next/static/chunks/f12ff_next_dist_compiled_react-dom_7b2f6d3d._.js:4657:28)
    at updateFunctionComponent (http://localhost:3000/_next/static/chunks/f12ff_next_dist_compiled_react-dom_7b2f6d3d._.js:6112:21)
    at beginWork (http://localhost:3000/_next/static/chunks/f12ff_next_dist_compiled_react-dom_7b2f6d3d._.js:6708:24)
    at runWithFiberInDEV (http://localhost:3000/_next/static/chunks/f12ff_next_dist_compiled_react-dom_7b2f6d3d._.js:965:74)
    at performUnitOfWork (http://localhost:3000/_next/static/chunks/f12ff_next_dist_compiled_react-dom_7b2f6d3d._.js:9562:97)
    at workLoopSync (http://localhost:3000/_next/static/chunks/f12ff_next_dist_compiled_react-dom_7b2f6d3d._.js:9456:40)
    at renderRootSync (http://localhost:3000/_next/static/chunks/f12ff_next_dist_compiled_react-dom_7b2f6d3d._.js:9440:13)
    at performWorkOnRoot (http://localhost:3000/_next/static/chunks/f12ff_next_dist_compiled_react-dom_7b2f6d3d._.js:9068:186)
    at performSyncWorkOnRoot (http://localhost:3000/_next/static/chunks/f12ff_next_dist_compiled_react-dom_7b2f6d3d._.js:10238:9)
    at flushSyncWorkAcrossRoots_impl (http://localhost:3000/_next/static/chunks/f12ff_next_dist_compiled_react-dom_7b2f6d3d._.js:10154:316)
    at flushSpawnedWork (http://localhost:3000/_next/static/chunks/f12ff_next_dist_compiled_react-dom_7b2f6d3d._.js:9914:13)
    at commitRoot (http://localhost:3000/_next/static/chunks/f12ff_next_dist_compiled_react-dom_7b2f6d3d._.js:9720:432)
    at commitRootWhenReady (http://localhost:3000/_next/static/chunks/f12ff_next_dist_compiled_react-dom_7b2f6d3d._.js:9194:9)
    at performWorkOnRoot (http://localhost:3000/_next/static/chunks/f12ff_next_dist_compiled_react-dom_7b2f6d3d._.js:9166:25)
    at performWorkOnRootViaSchedulerTask (http://localhost:3000/_next/static/chunks/f12ff_next_dist_compiled_react-dom_7b2f6d3d._.js:10230:9)
    at MessagePort.performWorkUntilDeadline (http://localhost:3000/_next/static/chunks/f12ff_next_dist_compiled_cd863794._.js:2647:64) @ http://localhost:3000/_next/static/chunks/f12ff_next_dist_95687940._.js:3132
[  652576ms] [ERROR] IntlError: MISSING_MESSAGE: Could not resolve `search.allResults` in messages for locale `ar`.
    at getFallbackFromErrorAndNotify (http://localhost:3000/_next/static/chunks/node_modules__pnpm_a92eadf3._.js:7251:23)
    at translateBaseFn (http://localhost:3000/_next/static/chunks/node_modules__pnpm_a92eadf3._.js:7281:28)
    at translateFn (http://localhost:3000/_next/static/chunks/node_modules__pnpm_a92eadf3._.js:7343:24)
    at GroupedSearch (http://localhost:3000/_next/static/chunks/_7c0bf91c._.js:1789:32)
    at Object.react_stack_bottom_frame (http://localhost:3000/_next/static/chunks/f12ff_next_dist_compiled_react-dom_7b2f6d3d._.js:14826:24)
    at renderWithHooks (http://localhost:3000/_next/static/chunks/f12ff_next_dist_compiled_react-dom_7b2f6d3d._.js:4651:24)
    at updateFunctionComponent (http://localhost:3000/_next/static/chunks/f12ff_next_dist_compiled_react-dom_7b2f6d3d._.js:6112:21)
    at beginWork (http://localhost:3000/_next/static/chunks/f12ff_next_dist_compiled_react-dom_7b2f6d3d._.js:6708:24)
    at runWithFiberInDEV (http://localhost:3000/_next/static/chunks/f12ff_next_dist_compiled_react-dom_7b2f6d3d._.js:965:74)
    at performUnitOfWork (http://localhost:3000/_next/static/chunks/f12ff_next_dist_compiled_react-dom_7b2f6d3d._.js:9562:97)
    at workLoopSync (http://localhost:3000/_next/static/chunks/f12ff_next_dist_compiled_react-dom_7b2f6d3d._.js:9456:40)
    at renderRootSync (http://localhost:3000/_next/static/chunks/f12ff_next_dist_compiled_react-dom_7b2f6d3d._.js:9440:13)
    at performWorkOnRoot (http://localhost:3000/_next/static/chunks/f12ff_next_dist_compiled_react-dom_7b2f6d3d._.js:9068:186)
    at performSyncWorkOnRoot (http://localhost:3000/_next/static/chunks/f12ff_next_dist_compiled_react-dom_7b2f6d3d._.js:10238:9)
    at flushSyncWorkAcrossRoots_impl (http://localhost:3000/_next/static/chunks/f12ff_next_dist_compiled_react-dom_7b2f6d3d._.js:10154:316)
    at flushSpawnedWork (http://localhost:3000/_next/static/chunks/f12ff_next_dist_compiled_react-dom_7b2f6d3d._.js:9914:13)
    at commitRoot (http://localhost:3000/_next/static/chunks/f12ff_next_dist_compiled_react-dom_7b2f6d3d._.js:9720:432)
    at commitRootWhenReady (http://localhost:3000/_next/static/chunks/f12ff_next_dist_compiled_react-dom_7b2f6d3d._.js:9194:9)
    at performWorkOnRoot (http://localhost:3000/_next/static/chunks/f12ff_next_dist_compiled_react-dom_7b2f6d3d._.js:9166:25)
    at performWorkOnRootViaSchedulerTask (http://localhost:3000/_next/static/chunks/f12ff_next_dist_compiled_react-dom_7b2f6d3d._.js:10230:9)
    at MessagePort.performWorkUntilDeadline (http://localhost:3000/_next/static/chunks/f12ff_next_dist_compiled_cd863794._.js:2647:64) @ http://localhost:3000/_next/static/chunks/f12ff_next_dist_95687940._.js:3132
[  652577ms] [ERROR] IntlError: MISSING_MESSAGE: Could not resolve `search.allResults` in messages for locale `ar`.
    at getFallbackFromErrorAndNotify (http://localhost:3000/_next/static/chunks/node_modules__pnpm_a92eadf3._.js:7251:23)
    at translateBaseFn (http://localhost:3000/_next/static/chunks/node_modules__pnpm_a92eadf3._.js:7281:28)
    at translateFn (http://localhost:3000/_next/static/chunks/node_modules__pnpm_a92eadf3._.js:7343:24)
    at GroupedSearch (http://localhost:3000/_next/static/chunks/_7c0bf91c._.js:1789:32)
    at Object.react_stack_bottom_frame (http://localhost:3000/_next/static/chunks/f12ff_next_dist_compiled_react-dom_7b2f6d3d._.js:14826:24)
    at renderWithHooksAgain (http://localhost:3000/_next/static/chunks/f12ff_next_dist_compiled_react-dom_7b2f6d3d._.js:4706:24)
    at renderWithHooks (http://localhost:3000/_next/static/chunks/f12ff_next_dist_compiled_react-dom_7b2f6d3d._.js:4657:28)
    at updateFunctionComponent (http://localhost:3000/_next/static/chunks/f12ff_next_dist_compiled_react-dom_7b2f6d3d._.js:6112:21)
    at beginWork (http://localhost:3000/_next/static/chunks/f12ff_next_dist_compiled_react-dom_7b2f6d3d._.js:6708:24)
    at runWithFiberInDEV (http://localhost:3000/_next/static/chunks/f12ff_next_dist_compiled_react-dom_7b2f6d3d._.js:965:74)
    at performUnitOfWork (http://localhost:3000/_next/static/chunks/f12ff_next_dist_compiled_react-dom_7b2f6d3d._.js:9562:97)
    at workLoopSync (http://localhost:3000/_next/static/chunks/f12ff_next_dist_compiled_react-dom_7b2f6d3d._.js:9456:40)
    at renderRootSync (http://localhost:3000/_next/static/chunks/f12ff_next_dist_compiled_react-dom_7b2f6d3d._.js:9440:13)
    at performWorkOnRoot (http://localhost:3000/_next/static/chunks/f12ff_next_dist_compiled_react-dom_7b2f6d3d._.js:9068:186)
    at performSyncWorkOnRoot (http://localhost:3000/_next/static/chunks/f12ff_next_dist_compiled_react-dom_7b2f6d3d._.js:10238:9)
    at flushSyncWorkAcrossRoots_impl (http://localhost:3000/_next/static/chunks/f12ff_next_dist_compiled_react-dom_7b2f6d3d._.js:10154:316)
    at flushSpawnedWork (http://localhost:3000/_next/static/chunks/f12ff_next_dist_compiled_react-dom_7b2f6d3d._.js:9914:13)
    at commitRoot (http://localhost:3000/_next/static/chunks/f12ff_next_dist_compiled_react-dom_7b2f6d3d._.js:9720:432)
    at commitRootWhenReady (http://localhost:3000/_next/static/chunks/f12ff_next_dist_compiled_react-dom_7b2f6d3d._.js:9194:9)
    at performWorkOnRoot (http://localhost:3000/_next/static/chunks/f12ff_next_dist_compiled_react-dom_7b2f6d3d._.js:9166:25)
    at performWorkOnRootViaSchedulerTask (http://localhost:3000/_next/static/chunks/f12ff_next_dist_compiled_react-dom_7b2f6d3d._.js:10230:9)
    at MessagePort.performWorkUntilDeadline (http://localhost:3000/_next/static/chunks/f12ff_next_dist_compiled_cd863794._.js:2647:64) @ http://localhost:3000/_next/static/chunks/f12ff_next_dist_95687940._.js:3132
[  652592ms] [WARNING] Ignoring Event: localhost @ http://localhost:3000/_next/static/chunks/f12ff_next_dist_95687940._.js:2302
[  652597ms] [LOG] [Fast Refresh] rebuilding @ http://localhost:3000/_next/static/chunks/f12ff_next_dist_95687940._.js:2302
[  652623ms] [ERROR] IntlError: MISSING_MESSAGE: Could not resolve `search.allResults` in messages for locale `ar`.
    at getFallbackFromErrorAndNotify (http://localhost:3000/_next/static/chunks/node_modules__pnpm_a92eadf3._.js:7251:23)
    at translateBaseFn (http://localhost:3000/_next/static/chunks/node_modules__pnpm_a92eadf3._.js:7281:28)
    at translateFn (http://localhost:3000/_next/static/chunks/node_modules__pnpm_a92eadf3._.js:7343:24)
    at GroupedSearch (http://localhost:3000/_next/static/chunks/_7c0bf91c._.js:1789:32)
    at Object.react_stack_bottom_frame (http://localhost:3000/_next/static/chunks/f12ff_next_dist_compiled_react-dom_7b2f6d3d._.js:14826:24)
    at renderWithHooks (http://localhost:3000/_next/static/chunks/f12ff_next_dist_compiled_react-dom_7b2f6d3d._.js:4651:24)
    at updateFunctionComponent (http://localhost:3000/_next/static/chunks/f12ff_next_dist_compiled_react-dom_7b2f6d3d._.js:6112:21)
    at beginWork (http://localhost:3000/_next/static/chunks/f12ff_next_dist_compiled_react-dom_7b2f6d3d._.js:6708:24)
    at runWithFiberInDEV (http://localhost:3000/_next/static/chunks/f12ff_next_dist_compiled_react-dom_7b2f6d3d._.js:965:74)
    at performUnitOfWork (http://localhost:3000/_next/static/chunks/f12ff_next_dist_compiled_react-dom_7b2f6d3d._.js:9562:97)
    at workLoopSync (http://localhost:3000/_next/static/chunks/f12ff_next_dist_compiled_react-dom_7b2f6d3d._.js:9456:40)
    at renderRootSync (http://localhost:3000/_next/static/chunks/f12ff_next_dist_compiled_react-dom_7b2f6d3d._.js:9440:13)
    at performWorkOnRoot (http://localhost:3000/_next/static/chunks/f12ff_next_dist_compiled_react-dom_7b2f6d3d._.js:9068:186)
    at performWorkOnRootViaSchedulerTask (http://localhost:3000/_next/static/chunks/f12ff_next_dist_compiled_react-dom_7b2f6d3d._.js:10230:9)
    at MessagePort.performWorkUntilDeadline (http://localhost:3000/_next/static/chunks/f12ff_next_dist_compiled_cd863794._.js:2647:64) @ http://localhost:3000/_next/static/chunks/f12ff_next_dist_95687940._.js:3132
[  652623ms] [ERROR] IntlError: MISSING_MESSAGE: Could not resolve `search.allResults` in messages for locale `ar`.
    at getFallbackFromErrorAndNotify (http://localhost:3000/_next/static/chunks/node_modules__pnpm_a92eadf3._.js:7251:23)
    at translateBaseFn (http://localhost:3000/_next/static/chunks/node_modules__pnpm_a92eadf3._.js:7281:28)
    at translateFn (http://localhost:3000/_next/static/chunks/node_modules__pnpm_a92eadf3._.js:7343:24)
    at GroupedSearch (http://localhost:3000/_next/static/chunks/_7c0bf91c._.js:1789:32)
    at Object.react_stack_bottom_frame (http://localhost:3000/_next/static/chunks/f12ff_next_dist_compiled_react-dom_7b2f6d3d._.js:14826:24)
    at renderWithHooksAgain (http://localhost:3000/_next/static/chunks/f12ff_next_dist_compiled_react-dom_7b2f6d3d._.js:4706:24)
    at renderWithHooks (http://localhost:3000/_next/static/chunks/f12ff_next_dist_compiled_react-dom_7b2f6d3d._.js:4657:28)
    at updateFunctionComponent (http://localhost:3000/_next/static/chunks/f12ff_next_dist_compiled_react-dom_7b2f6d3d._.js:6112:21)
    at beginWork (http://localhost:3000/_next/static/chunks/f12ff_next_dist_compiled_react-dom_7b2f6d3d._.js:6708:24)
    at runWithFiberInDEV (http://localhost:3000/_next/static/chunks/f12ff_next_dist_compiled_react-dom_7b2f6d3d._.js:965:74)
    at performUnitOfWork (http://localhost:3000/_next/static/chunks/f12ff_next_dist_compiled_react-dom_7b2f6d3d._.js:9562:97)
    at workLoopSync (http://localhost:3000/_next/static/chunks/f12ff_next_dist_compiled_react-dom_7b2f6d3d._.js:9456:40)
    at renderRootSync (http://localhost:3000/_next/static/chunks/f12ff_next_dist_compiled_react-dom_7b2f6d3d._.js:9440:13)
    at performWorkOnRoot (http://localhost:3000/_next/static/chunks/f12ff_next_dist_compiled_react-dom_7b2f6d3d._.js:9068:186)
    at performWorkOnRootViaSchedulerTask (http://localhost:3000/_next/static/chunks/f12ff_next_dist_compiled_react-dom_7b2f6d3d._.js:10230:9)
    at MessagePort.performWorkUntilDeadline (http://localhost:3000/_next/static/chunks/f12ff_next_dist_compiled_cd863794._.js:2647:64) @ http://localhost:3000/_next/static/chunks/f12ff_next_dist_95687940._.js:3132
[  652638ms] [INFO] Sanity is live with automatic revalidation of published content @ http://localhost:3000/_next/static/chunks/f12ff_next_dist_95687940._.js:2302
[  652731ms] [LOG] [Fast Refresh] done in 338ms @ http://localhost:3000/_next/static/chunks/f12ff_next_dist_95687940._.js:2302
[  652903ms] [LOG] [Fast Refresh] rebuilding @ http://localhost:3000/_next/static/chunks/f12ff_next_dist_95687940._.js:2302
[  652904ms] [LOG] [Fast Refresh] done in 157ms @ http://localhost:3000/_next/static/chunks/f12ff_next_dist_95687940._.js:2302
[  656844ms] [LOG] [Fast Refresh] rebuilding @ http://localhost:3000/_next/static/chunks/f12ff_next_dist_95687940._.js:2302
[  658190ms] [LOG] [Fast Refresh] done in 1434ms @ http://localhost:3000/_next/static/chunks/f12ff_next_dist_95687940._.js:2302
[  658459ms] [ERROR] IntlError: MISSING_MESSAGE: Could not resolve `search.allResults` in messages for locale `ar`.
    at getFallbackFromErrorAndNotify (http://localhost:3000/_next/static/chunks/node_modules__pnpm_a92eadf3._.js:7251:23)
    at translateBaseFn (http://localhost:3000/_next/static/chunks/node_modules__pnpm_a92eadf3._.js:7281:28)
    at translateFn (http://localhost:3000/_next/static/chunks/node_modules__pnpm_a92eadf3._.js:7343:24)
    at GroupedSearch (http://localhost:3000/_next/static/chunks/_7c0bf91c._.js:1789:32)
    at Object.react_stack_bottom_frame (http://localhost:3000/_next/static/chunks/f12ff_next_dist_compiled_react-dom_7b2f6d3d._.js:14826:24)
    at renderWithHooks (http://localhost:3000/_next/static/chunks/f12ff_next_dist_compiled_react-dom_7b2f6d3d._.js:4651:24)
    at updateFunctionComponent (http://localhost:3000/_next/static/chunks/f12ff_next_dist_compiled_react-dom_7b2f6d3d._.js:6112:21)
    at beginWork (http://localhost:3000/_next/static/chunks/f12ff_next_dist_compiled_react-dom_7b2f6d3d._.js:6708:24)
    at runWithFiberInDEV (http://localhost:3000/_next/static/chunks/f12ff_next_dist_compiled_react-dom_7b2f6d3d._.js:965:74)
    at performUnitOfWork (http://localhost:3000/_next/static/chunks/f12ff_next_dist_compiled_react-dom_7b2f6d3d._.js:9562:97)
    at workLoopConcurrentByScheduler (http://localhost:3000/_next/static/chunks/f12ff_next_dist_compiled_react-dom_7b2f6d3d._.js:9558:58)
    at renderRootConcurrent (http://localhost:3000/_next/static/chunks/f12ff_next_dist_compiled_react-dom_7b2f6d3d._.js:9541:71)
    at performWorkOnRoot (http://localhost:3000/_next/static/chunks/f12ff_next_dist_compiled_react-dom_7b2f6d3d._.js:9068:150)
    at performWorkOnRootViaSchedulerTask (http://localhost:3000/_next/static/chunks/f12ff_next_dist_compiled_react-dom_7b2f6d3d._.js:10230:9)
    at MessagePort.performWorkUntilDeadline (http://localhost:3000/_next/static/chunks/f12ff_next_dist_compiled_cd863794._.js:2647:64) @ http://localhost:3000/_next/static/chunks/f12ff_next_dist_95687940._.js:3132
[  658472ms] [ERROR] IntlError: MISSING_MESSAGE: Could not resolve `search.allResults` in messages for locale `ar`.
    at getFallbackFromErrorAndNotify (http://localhost:3000/_next/static/chunks/node_modules__pnpm_a92eadf3._.js:7251:23)
    at translateBaseFn (http://localhost:3000/_next/static/chunks/node_modules__pnpm_a92eadf3._.js:7281:28)
    at translateFn (http://localhost:3000/_next/static/chunks/node_modules__pnpm_a92eadf3._.js:7343:24)
    at GroupedSearch (http://localhost:3000/_next/static/chunks/_7c0bf91c._.js:1789:32)
    at Object.react_stack_bottom_frame (http://localhost:3000/_next/static/chunks/f12ff_next_dist_compiled_react-dom_7b2f6d3d._.js:14826:24)
    at renderWithHooksAgain (http://localhost:3000/_next/static/chunks/f12ff_next_dist_compiled_react-dom_7b2f6d3d._.js:4706:24)
    at renderWithHooks (http://localhost:3000/_next/static/chunks/f12ff_next_dist_compiled_react-dom_7b2f6d3d._.js:4657:28)
    at updateFunctionComponent (http://localhost:3000/_next/static/chunks/f12ff_next_dist_compiled_react-dom_7b2f6d3d._.js:6112:21)
    at beginWork (http://localhost:3000/_next/static/chunks/f12ff_next_dist_compiled_react-dom_7b2f6d3d._.js:6708:24)
    at runWithFiberInDEV (http://localhost:3000/_next/static/chunks/f12ff_next_dist_compiled_react-dom_7b2f6d3d._.js:965:74)
    at performUnitOfWork (http://localhost:3000/_next/static/chunks/f12ff_next_dist_compiled_react-dom_7b2f6d3d._.js:9562:97)
    at workLoopConcurrentByScheduler (http://localhost:3000/_next/static/chunks/f12ff_next_dist_compiled_react-dom_7b2f6d3d._.js:9558:58)
    at renderRootConcurrent (http://localhost:3000/_next/static/chunks/f12ff_next_dist_compiled_react-dom_7b2f6d3d._.js:9541:71)
    at performWorkOnRoot (http://localhost:3000/_next/static/chunks/f12ff_next_dist_compiled_react-dom_7b2f6d3d._.js:9068:150)
    at performWorkOnRootViaSchedulerTask (http://localhost:3000/_next/static/chunks/f12ff_next_dist_compiled_react-dom_7b2f6d3d._.js:10230:9)
    at MessagePort.performWorkUntilDeadline (http://localhost:3000/_next/static/chunks/f12ff_next_dist_compiled_cd863794._.js:2647:64) @ http://localhost:3000/_next/static/chunks/f12ff_next_dist_95687940._.js:3132
[  671311ms] [LOG] [Fast Refresh] rebuilding @ http://localhost:3000/_next/static/chunks/f12ff_next_dist_95687940._.js:2302
[  671776ms] [LOG] [Fast Refresh] done in 233ms @ http://localhost:3000/_next/static/chunks/f12ff_next_dist_95687940._.js:2302
