[    1396ms] [LOG] [Fast Refresh] rebuilding @ http://localhost:3000/_next/static/chunks/f12ff_next_dist_95687940._.js:2302
[    2195ms] [LOG] [Fast Refresh] done in 902ms @ http://localhost:3000/_next/static/chunks/f12ff_next_dist_95687940._.js:2302
[    4454ms] [INFO] %cDownload the React DevTools for a better development experience: https://react.dev/link/react-devtools font-weight:bold @ http://localhost:3000/_next/static/chunks/f12ff_next_dist_95687940._.js:2302
[    4753ms] [LOG] [HMR] connected @ http://localhost:3000/_next/static/chunks/f12ff_next_dist_95687940._.js:2302
[    5186ms] [WARNING] Clerk: Clerk has been loaded with development keys. Development instances have strict usage limits and should not be used when deploying your application to production. Learn more: https://clerk.com/docs/deployments/overview @ http://localhost:3000/_next/static/chunks/f12ff_next_dist_95687940._.js:2302
[    6014ms] [LOG] [Fast Refresh] rebuilding @ http://localhost:3000/_next/static/chunks/f12ff_next_dist_95687940._.js:2302
[    6112ms] [LOG] [Fast Refresh] done in 227ms @ http://localhost:3000/_next/static/chunks/f12ff_next_dist_95687940._.js:2302
[    6739ms] [WARNING] Ignoring Event: localhost @ http://localhost:3000/_next/static/chunks/f12ff_next_dist_95687940._.js:2302
[    6770ms] [INFO] Sanity is live with automatic revalidation of published content @ http://localhost:3000/_next/static/chunks/f12ff_next_dist_95687940._.js:2302
[   11594ms] [LOG] [Fast Refresh] rebuilding @ http://localhost:3000/_next/static/chunks/f12ff_next_dist_95687940._.js:2302
[   11596ms] [LOG] [Fast Refresh] done in 104ms @ http://localhost:3000/_next/static/chunks/f12ff_next_dist_95687940._.js:2302
[   61407ms] [LOG] [Fast Refresh] rebuilding @ http://localhost:3000/_next/static/chunks/f12ff_next_dist_95687940._.js:2302
[   61706ms] [LOG] [Fast Refresh] done in 411ms @ http://localhost:3000/_next/static/chunks/f12ff_next_dist_95687940._.js:2302
[   79035ms] [LOG] [Fast Refresh] rebuilding @ http://localhost:3000/_next/static/chunks/f12ff_next_dist_95687940._.js:2302
[   81630ms] [LOG] [Fast Refresh] done in 2697ms @ http://localhost:3000/_next/static/chunks/f12ff_next_dist_95687940._.js:2302
[ 1333035ms] [LOG] [Fast Refresh] rebuilding @ http://localhost:3000/_next/static/chunks/f12ff_next_dist_95687940._.js:2302
[ 1334469ms] [LOG] [Fast Refresh] done in 1497ms @ http://localhost:3000/_next/static/chunks/f12ff_next_dist_95687940._.js:2302
[ 1335586ms] [LOG] [Fast Refresh] rebuilding @ http://localhost:3000/_next/static/chunks/f12ff_next_dist_95687940._.js:2302
[ 1339099ms] [LOG] [Fast Refresh] done in 3613ms @ http://localhost:3000/_next/static/chunks/f12ff_next_dist_95687940._.js:2302
[ 1339853ms] [LOG] [Fast Refresh] rebuilding @ http://localhost:3000/_next/static/chunks/f12ff_next_dist_95687940._.js:2302
[ 1340417ms] [LOG] [Fast Refresh] done in 664ms @ http://localhost:3000/_next/static/chunks/f12ff_next_dist_95687940._.js:2302
[ 1354566ms] [LOG] [Fast Refresh] rebuilding @ http://localhost:3000/_next/static/chunks/f12ff_next_dist_95687940._.js:2302
[ 1354835ms] [LOG] [Fast Refresh] done in 346ms @ http://localhost:3000/_next/static/chunks/f12ff_next_dist_95687940._.js:2302
[ 1354936ms] [LOG] [Fast Refresh] rebuilding @ http://localhost:3000/_next/static/chunks/f12ff_next_dist_95687940._.js:2302
[ 1355565ms] [LOG] [Fast Refresh] done in 729ms @ http://localhost:3000/_next/static/chunks/f12ff_next_dist_95687940._.js:2302
[ 1373474ms] [LOG] [Fast Refresh] rebuilding @ http://localhost:3000/_next/static/chunks/f12ff_next_dist_95687940._.js:2302
[ 1373537ms] [LOG] [Fast Refresh] done in 141ms @ http://localhost:3000/_next/static/chunks/f12ff_next_dist_95687940._.js:2302
[ 1373642ms] [LOG] [Fast Refresh] rebuilding @ http://localhost:3000/_next/static/chunks/f12ff_next_dist_95687940._.js:2302
[ 1374225ms] [LOG] [Fast Refresh] done in 685ms @ http://localhost:3000/_next/static/chunks/f12ff_next_dist_95687940._.js:2302
[ 1390139ms] [LOG] [Fast Refresh] rebuilding @ http://localhost:3000/_next/static/chunks/f12ff_next_dist_95687940._.js:2302
[ 1390265ms] [LOG] [Fast Refresh] done in 203ms @ http://localhost:3000/_next/static/chunks/f12ff_next_dist_95687940._.js:2302
[ 1390370ms] [LOG] [Fast Refresh] rebuilding @ http://localhost:3000/_next/static/chunks/f12ff_next_dist_95687940._.js:2302
[ 1391016ms] [LOG] [Fast Refresh] done in 748ms @ http://localhost:3000/_next/static/chunks/f12ff_next_dist_95687940._.js:2302
[ 1391373ms] [LOG] [Fast Refresh] rebuilding @ http://localhost:3000/_next/static/chunks/f12ff_next_dist_95687940._.js:2302
[ 1391383ms] [LOG] [Fast Refresh] done in 110ms @ http://localhost:3000/_next/static/chunks/f12ff_next_dist_95687940._.js:2302
[ 1421111ms] [LOG] [Fast Refresh] rebuilding @ http://localhost:3000/_next/static/chunks/f12ff_next_dist_95687940._.js:2302
[ 1422605ms] TypeError: Cannot read properties of undefined (reading 'map')
    at NavMain (http://localhost:3000/_next/static/chunks/_d6ccf526._.js:1623:33)
    at Object.react_stack_bottom_frame (http://localhost:3000/_next/static/chunks/f12ff_next_dist_compiled_react-dom_7b2f6d3d._.js:14826:24)
    at renderWithHooks (http://localhost:3000/_next/static/chunks/f12ff_next_dist_compiled_react-dom_7b2f6d3d._.js:4651:24)
    at updateFunctionComponent (http://localhost:3000/_next/static/chunks/f12ff_next_dist_compiled_react-dom_7b2f6d3d._.js:6112:21)
    at beginWork (http://localhost:3000/_next/static/chunks/f12ff_next_dist_compiled_react-dom_7b2f6d3d._.js:6708:24)
    at runWithFiberInDEV (http://localhost:3000/_next/static/chunks/f12ff_next_dist_compiled_react-dom_7b2f6d3d._.js:965:74)
    at performUnitOfWork (http://localhost:3000/_next/static/chunks/f12ff_next_dist_compiled_react-dom_7b2f6d3d._.js:9562:97)
    at workLoopSync (http://localhost:3000/_next/static/chunks/f12ff_next_dist_compiled_react-dom_7b2f6d3d._.js:9456:40)
    at renderRootSync (http://localhost:3000/_next/static/chunks/f12ff_next_dist_compiled_react-dom_7b2f6d3d._.js:9440:13)
    at performWorkOnRoot (http://localhost:3000/_next/static/chunks/f12ff_next_dist_compiled_react-dom_7b2f6d3d._.js:9105:47)
    at performSyncWorkOnRoot (http://localhost:3000/_next/static/chunks/f12ff_next_dist_compiled_react-dom_7b2f6d3d._.js:10238:9)
    at flushSyncWorkAcrossRoots_impl (http://localhost:3000/_next/static/chunks/f12ff_next_dist_compiled_react-dom_7b2f6d3d._.js:10154:316)
    at flushSyncWork$1 (http://localhost:3000/_next/static/chunks/f12ff_next_dist_compiled_react-dom_7b2f6d3d._.js:9237:86)
    at Object.scheduleRefresh (http://localhost:3000/_next/static/chunks/f12ff_next_dist_compiled_react-dom_7b2f6d3d._.js:299:13)
    at http://localhost:3000/_next/static/chunks/f12ff_next_dist_compiled_cd863794._.js:391:33
    at Set.forEach (<anonymous>)
    at Object.performReactRefresh (http://localhost:3000/_next/static/chunks/f12ff_next_dist_compiled_cd863794._.js:384:38)
    at applyUpdate (http://localhost:3000/_next/static/chunks/f12ff_next_dist_compiled_cd863794._.js:878:31)
    at http://localhost:3000/_next/static/chunks/f12ff_next_dist_compiled_cd863794._.js:886:13
[ 1422563ms] [ERROR] Global error: TypeError: Cannot read properties of undefined (reading 'map')
    at NavMain (http://localhost:3000/_next/static/chunks/_d6ccf526._.js:1623:33)
    at Object.react_stack_bottom_frame (http://localhost:3000/_next/static/chunks/f12ff_next_dist_compiled_react-dom_7b2f6d3d._.js:14826:24)
    at renderWithHooks (http://localhost:3000/_next/static/chunks/f12ff_next_dist_compiled_react-dom_7b2f6d3d._.js:4651:24)
    at updateFunctionComponent (http://localhost:3000/_next/static/chunks/f12ff_next_dist_compiled_react-dom_7b2f6d3d._.js:6112:21)
    at beginWork (http://localhost:3000/_next/static/chunks/f12ff_next_dist_compiled_react-dom_7b2f6d3d._.js:6708:24)
    at runWithFiberInDEV (http://localhost:3000/_next/static/chunks/f12ff_next_dist_compiled_react-dom_7b2f6d3d._.js:965:74)
    at performUnitOfWork (http://localhost:3000/_next/static/chunks/f12ff_next_dist_compiled_react-dom_7b2f6d3d._.js:9562:97)
    at workLoopSync (http://localhost:3000/_next/static/chunks/f12ff_next_dist_compiled_react-dom_7b2f6d3d._.js:9456:40)
    at renderRootSync (http://localhost:3000/_next/static/chunks/f12ff_next_dist_compiled_react-dom_7b2f6d3d._.js:9440:13)
    at performWorkOnRoot (http://localhost:3000/_next/static/chunks/f12ff_next_dist_compiled_react-dom_7b2f6d3d._.js:9105:47)
    at performSyncWorkOnRoot (http://localhost:3000/_next/static/chunks/f12ff_next_dist_compiled_react-dom_7b2f6d3d._.js:10238:9)
    at flushSyncWorkAcrossRoots_impl (http://localhost:3000/_next/static/chunks/f12ff_next_dist_compiled_react-dom_7b2f6d3d._.js:10154:316)
    at flushSyncWork$1 (http://localhost:3000/_next/static/chunks/f12ff_next_dist_compiled_react-dom_7b2f6d3d._.js:9237:86)
    at Object.scheduleRefresh (http://localhost:3000/_next/static/chunks/f12ff_next_dist_compiled_react-dom_7b2f6d3d._.js:299:13)
    at http://localhost:3000/_next/static/chunks/f12ff_next_dist_compiled_cd863794._.js:391:33
    at Set.forEach (<anonymous>)
    at Object.performReactRefresh (http://localhost:3000/_next/static/chunks/f12ff_next_dist_compiled_cd863794._.js:384:38)
    at applyUpdate (http://localhost:3000/_next/static/chunks/f12ff_next_dist_compiled_cd863794._.js:878:31)
    at http://localhost:3000/_next/static/chunks/f12ff_next_dist_compiled_cd863794._.js:886:13 @ http://localhost:3000/_next/static/chunks/f12ff_next_dist_95687940._.js:3132
[ 1422566ms] [ERROR] Global error: TypeError: Cannot read properties of undefined (reading 'map')
    at NavMain (http://localhost:3000/_next/static/chunks/_d6ccf526._.js:1623:33)
    at Object.react_stack_bottom_frame (http://localhost:3000/_next/static/chunks/f12ff_next_dist_compiled_react-dom_7b2f6d3d._.js:14826:24)
    at renderWithHooks (http://localhost:3000/_next/static/chunks/f12ff_next_dist_compiled_react-dom_7b2f6d3d._.js:4651:24)
    at updateFunctionComponent (http://localhost:3000/_next/static/chunks/f12ff_next_dist_compiled_react-dom_7b2f6d3d._.js:6112:21)
    at beginWork (http://localhost:3000/_next/static/chunks/f12ff_next_dist_compiled_react-dom_7b2f6d3d._.js:6708:24)
    at runWithFiberInDEV (http://localhost:3000/_next/static/chunks/f12ff_next_dist_compiled_react-dom_7b2f6d3d._.js:965:74)
    at performUnitOfWork (http://localhost:3000/_next/static/chunks/f12ff_next_dist_compiled_react-dom_7b2f6d3d._.js:9562:97)
    at workLoopSync (http://localhost:3000/_next/static/chunks/f12ff_next_dist_compiled_react-dom_7b2f6d3d._.js:9456:40)
    at renderRootSync (http://localhost:3000/_next/static/chunks/f12ff_next_dist_compiled_react-dom_7b2f6d3d._.js:9440:13)
    at performWorkOnRoot (http://localhost:3000/_next/static/chunks/f12ff_next_dist_compiled_react-dom_7b2f6d3d._.js:9105:47)
    at performSyncWorkOnRoot (http://localhost:3000/_next/static/chunks/f12ff_next_dist_compiled_react-dom_7b2f6d3d._.js:10238:9)
    at flushSyncWorkAcrossRoots_impl (http://localhost:3000/_next/static/chunks/f12ff_next_dist_compiled_react-dom_7b2f6d3d._.js:10154:316)
    at flushSyncWork$1 (http://localhost:3000/_next/static/chunks/f12ff_next_dist_compiled_react-dom_7b2f6d3d._.js:9237:86)
    at Object.scheduleRefresh (http://localhost:3000/_next/static/chunks/f12ff_next_dist_compiled_react-dom_7b2f6d3d._.js:299:13)
    at http://localhost:3000/_next/static/chunks/f12ff_next_dist_compiled_cd863794._.js:391:33
    at Set.forEach (<anonymous>)
    at Object.performReactRefresh (http://localhost:3000/_next/static/chunks/f12ff_next_dist_compiled_cd863794._.js:384:38)
    at applyUpdate (http://localhost:3000/_next/static/chunks/f12ff_next_dist_compiled_cd863794._.js:878:31)
    at http://localhost:3000/_next/static/chunks/f12ff_next_dist_compiled_cd863794._.js:886:13 @ http://localhost:3000/_next/static/chunks/f12ff_next_dist_95687940._.js:3132
[ 1422694ms] [LOG] [Fast Refresh] done in 1324ms @ http://localhost:3000/_next/static/chunks/f12ff_next_dist_95687940._.js:2302
[ 1422894ms] [LOG] [Fast Refresh] rebuilding @ http://localhost:3000/_next/static/chunks/f12ff_next_dist_95687940._.js:2302
[ 1424781ms] [LOG] [Fast Refresh] done in 1988ms @ http://localhost:3000/_next/static/chunks/f12ff_next_dist_95687940._.js:2302
[ 1437190ms] [LOG] [Fast Refresh] rebuilding @ http://localhost:3000/_next/static/chunks/f12ff_next_dist_95687940._.js:2302
[ 1439259ms] [WARNING] [Fast Refresh] performing full reload because your application had an unrecoverable error @ http://localhost:3000/_next/static/chunks/f12ff_next_dist_95687940._.js:2302
[ 1440046ms] [LOG] [Fast Refresh] done in 2151ms @ http://localhost:3000/_next/static/chunks/f12ff_next_dist_95687940._.js:2302
[ 1440354ms] [INFO] Sanity is live with automatic revalidation of published content @ http://localhost:3000/_next/static/chunks/f12ff_next_dist_95687940._.js:2302
[ 1440354ms] [LOG] [Fast Refresh] rebuilding @ http://localhost:3000/_next/static/chunks/f12ff_next_dist_95687940._.js:2302
[ 1442151ms] [LOG] [Fast Refresh] done in 1900ms @ http://localhost:3000/_next/static/chunks/f12ff_next_dist_95687940._.js:2302
[ 1445842ms] [INFO] %cDownload the React DevTools for a better development experience: https://react.dev/link/react-devtools font-weight:bold @ http://localhost:3000/_next/static/chunks/f12ff_next_dist_95687940._.js:2302
[ 1446133ms] [LOG] [HMR] connected @ http://localhost:3000/_next/static/chunks/f12ff_next_dist_95687940._.js:2302
[ 1446182ms] [WARNING] Clerk: Clerk has been loaded with development keys. Development instances have strict usage limits and should not be used when deploying your application to production. Learn more: https://clerk.com/docs/deployments/overview @ http://localhost:3000/_next/static/chunks/f12ff_next_dist_95687940._.js:2302
[ 1446359ms] [WARNING] Image with src "/connecting-climate-minds-logo-white.png" was detected as the Largest Contentful Paint (LCP). Please add the `loading="eager"` property if this image is above the fold.
Read more: https://nextjs.org/docs/app/api-reference/components/image#loading @ http://localhost:3000/_next/static/chunks/f12ff_next_dist_95687940._.js:2302
[ 1446773ms] [WARNING] Ignoring Event: localhost @ http://localhost:3000/_next/static/chunks/f12ff_next_dist_95687940._.js:2302
[ 1446821ms] [INFO] Sanity is live with automatic revalidation of published content @ http://localhost:3000/_next/static/chunks/f12ff_next_dist_95687940._.js:2302
[ 1447010ms] [LOG] [Fast Refresh] rebuilding @ http://localhost:3000/_next/static/chunks/f12ff_next_dist_95687940._.js:2302
[ 1447012ms] [LOG] [Fast Refresh] done in 204ms @ http://localhost:3000/_next/static/chunks/f12ff_next_dist_95687940._.js:2302
[ 1456169ms] [LOG] [Fast Refresh] rebuilding @ http://localhost:3000/_next/static/chunks/f12ff_next_dist_95687940._.js:2302
[ 1456487ms] [LOG] [Fast Refresh] done in 335ms @ http://localhost:3000/_next/static/chunks/f12ff_next_dist_95687940._.js:2302
[ 1471775ms] [LOG] [Fast Refresh] rebuilding @ http://localhost:3000/_next/static/chunks/f12ff_next_dist_95687940._.js:2302
[ 1472568ms] [LOG] [Fast Refresh] done in 699ms @ http://localhost:3000/_next/static/chunks/f12ff_next_dist_95687940._.js:2302
[ 1490973ms] [LOG] [Fast Refresh] rebuilding @ http://localhost:3000/_next/static/chunks/f12ff_next_dist_95687940._.js:2302
[ 1507942ms] [LOG] [Fast Refresh] done in 7880ms @ http://localhost:3000/_next/static/chunks/f12ff_next_dist_95687940._.js:2302
[ 1508717ms] [WARNING] [Fast Refresh] performing full reload

Fast Refresh will perform a full reload when you edit a file that's imported by modules outside of the React rendering tree.
You might have a file which exports a React component but also exports a value that is imported by a non-React component file.
Consider migrating the non-React component export to a separate file and importing it into both files.

It is also possible the parent component of the component you edited is a class component, which disables Fast Refresh.
Fast Refresh requires at least one parent function component in your React tree. @ http://localhost:3000/_next/static/chunks/f12ff_next_dist_95687940._.js:2302
[ 1516311ms] [LOG] [Fast Refresh] rebuilding @ http://localhost:3000/_next/static/chunks/f12ff_next_dist_95687940._.js:2302
[ 1519433ms] [INFO] %cDownload the React DevTools for a better development experience: https://react.dev/link/react-devtools font-weight:bold @ http://localhost:3000/_next/static/chunks/f12ff_next_dist_95687940._.js:2302
[ 1519786ms] [LOG] [HMR] connected @ http://localhost:3000/_next/static/chunks/f12ff_next_dist_95687940._.js:2302
[ 1520038ms] [WARNING] Clerk: Clerk has been loaded with development keys. Development instances have strict usage limits and should not be used when deploying your application to production. Learn more: https://clerk.com/docs/deployments/overview @ http://localhost:3000/_next/static/chunks/f12ff_next_dist_95687940._.js:2302
[ 1520332ms] [ERROR] IntlError: MISSING_MESSAGE: Could not resolve `navigation.startOrFindProject` in messages for locale `ar`.
    at getFallbackFromErrorAndNotify (http://localhost:3000/_next/static/chunks/node_modules__pnpm_a92eadf3._.js:7251:23)
    at translateBaseFn (http://localhost:3000/_next/static/chunks/node_modules__pnpm_a92eadf3._.js:7281:28)
    at translateFn (http://localhost:3000/_next/static/chunks/node_modules__pnpm_a92eadf3._.js:7343:24)
    at AppSidebar.useMemo[data] (http://localhost:3000/_next/static/chunks/_d6ccf526._.js:3687:32)
    at mountMemo (http://localhost:3000/_next/static/chunks/f12ff_next_dist_compiled_react-dom_7b2f6d3d._.js:5424:25)
    at Object.useMemo (http://localhost:3000/_next/static/chunks/f12ff_next_dist_compiled_react-dom_7b2f6d3d._.js:15003:24)
    at exports.useMemo (http://localhost:3000/_next/static/chunks/f12ff_next_dist_compiled_cd863794._.js:1742:36)
    at AppSidebar (http://localhost:3000/_next/static/chunks/_d6ccf526._.js:3624:387)
    at Object.react_stack_bottom_frame (http://localhost:3000/_next/static/chunks/f12ff_next_dist_compiled_react-dom_7b2f6d3d._.js:14826:24)
    at renderWithHooks (http://localhost:3000/_next/static/chunks/f12ff_next_dist_compiled_react-dom_7b2f6d3d._.js:4651:24)
    at updateFunctionComponent (http://localhost:3000/_next/static/chunks/f12ff_next_dist_compiled_react-dom_7b2f6d3d._.js:6112:21)
    at beginWork (http://localhost:3000/_next/static/chunks/f12ff_next_dist_compiled_react-dom_7b2f6d3d._.js:6687:639)
    at runWithFiberInDEV (http://localhost:3000/_next/static/chunks/f12ff_next_dist_compiled_react-dom_7b2f6d3d._.js:965:74)
    at performUnitOfWork (http://localhost:3000/_next/static/chunks/f12ff_next_dist_compiled_react-dom_7b2f6d3d._.js:9562:97)
    at workLoopConcurrentByScheduler (http://localhost:3000/_next/static/chunks/f12ff_next_dist_compiled_react-dom_7b2f6d3d._.js:9558:58)
    at renderRootConcurrent (http://localhost:3000/_next/static/chunks/f12ff_next_dist_compiled_react-dom_7b2f6d3d._.js:9541:71)
    at performWorkOnRoot (http://localhost:3000/_next/static/chunks/f12ff_next_dist_compiled_react-dom_7b2f6d3d._.js:9068:150)
    at performWorkOnRootViaSchedulerTask (http://localhost:3000/_next/static/chunks/f12ff_next_dist_compiled_react-dom_7b2f6d3d._.js:10230:9)
    at MessagePort.performWorkUntilDeadline (http://localhost:3000/_next/static/chunks/f12ff_next_dist_compiled_cd863794._.js:2647:64) @ http://localhost:3000/_next/static/chunks/f12ff_next_dist_95687940._.js:3132
[ 1520350ms] [ERROR] IntlError: MISSING_MESSAGE: Could not resolve `navigation.startOrFindProject` in messages for locale `ar`.
    at getFallbackFromErrorAndNotify (http://localhost:3000/_next/static/chunks/node_modules__pnpm_a92eadf3._.js:7251:23)
    at translateBaseFn (http://localhost:3000/_next/static/chunks/node_modules__pnpm_a92eadf3._.js:7281:28)
    at translateFn (http://localhost:3000/_next/static/chunks/node_modules__pnpm_a92eadf3._.js:7343:24)
    at AppSidebar.useMemo[data] (http://localhost:3000/_next/static/chunks/_d6ccf526._.js:3687:32)
    at mountMemo (http://localhost:3000/_next/static/chunks/f12ff_next_dist_compiled_react-dom_7b2f6d3d._.js:5428:17)
    at Object.useMemo (http://localhost:3000/_next/static/chunks/f12ff_next_dist_compiled_react-dom_7b2f6d3d._.js:15003:24)
    at exports.useMemo (http://localhost:3000/_next/static/chunks/f12ff_next_dist_compiled_cd863794._.js:1742:36)
    at AppSidebar (http://localhost:3000/_next/static/chunks/_d6ccf526._.js:3624:387)
    at Object.react_stack_bottom_frame (http://localhost:3000/_next/static/chunks/f12ff_next_dist_compiled_react-dom_7b2f6d3d._.js:14826:24)
    at renderWithHooks (http://localhost:3000/_next/static/chunks/f12ff_next_dist_compiled_react-dom_7b2f6d3d._.js:4651:24)
    at updateFunctionComponent (http://localhost:3000/_next/static/chunks/f12ff_next_dist_compiled_react-dom_7b2f6d3d._.js:6112:21)
    at beginWork (http://localhost:3000/_next/static/chunks/f12ff_next_dist_compiled_react-dom_7b2f6d3d._.js:6687:639)
    at runWithFiberInDEV (http://localhost:3000/_next/static/chunks/f12ff_next_dist_compiled_react-dom_7b2f6d3d._.js:965:74)
    at performUnitOfWork (http://localhost:3000/_next/static/chunks/f12ff_next_dist_compiled_react-dom_7b2f6d3d._.js:9562:97)
    at workLoopConcurrentByScheduler (http://localhost:3000/_next/static/chunks/f12ff_next_dist_compiled_react-dom_7b2f6d3d._.js:9558:58)
    at renderRootConcurrent (http://localhost:3000/_next/static/chunks/f12ff_next_dist_compiled_react-dom_7b2f6d3d._.js:9541:71)
    at performWorkOnRoot (http://localhost:3000/_next/static/chunks/f12ff_next_dist_compiled_react-dom_7b2f6d3d._.js:9068:150)
    at performWorkOnRootViaSchedulerTask (http://localhost:3000/_next/static/chunks/f12ff_next_dist_compiled_react-dom_7b2f6d3d._.js:10230:9)
    at MessagePort.performWorkUntilDeadline (http://localhost:3000/_next/static/chunks/f12ff_next_dist_compiled_cd863794._.js:2647:64) @ http://localhost:3000/_next/static/chunks/f12ff_next_dist_95687940._.js:3132
[ 1520351ms] [ERROR] IntlError: MISSING_MESSAGE: Could not resolve `navigation.startOrFindProject` in messages for locale `ar`.
    at getFallbackFromErrorAndNotify (http://localhost:3000/_next/static/chunks/node_modules__pnpm_a92eadf3._.js:7251:23)
    at translateBaseFn (http://localhost:3000/_next/static/chunks/node_modules__pnpm_a92eadf3._.js:7281:28)
    at translateFn (http://localhost:3000/_next/static/chunks/node_modules__pnpm_a92eadf3._.js:7343:24)
    at AppSidebar.useMemo[data] (http://localhost:3000/_next/static/chunks/_d6ccf526._.js:3687:32)
    at updateMemo (http://localhost:3000/_next/static/chunks/f12ff_next_dist_compiled_react-dom_7b2f6d3d._.js:5444:21)
    at Object.useMemo (http://localhost:3000/_next/static/chunks/f12ff_next_dist_compiled_react-dom_7b2f6d3d._.js:15381:24)
    at exports.useMemo (http://localhost:3000/_next/static/chunks/f12ff_next_dist_compiled_cd863794._.js:1742:36)
    at AppSidebar (http://localhost:3000/_next/static/chunks/_d6ccf526._.js:3624:387)
    at Object.react_stack_bottom_frame (http://localhost:3000/_next/static/chunks/f12ff_next_dist_compiled_react-dom_7b2f6d3d._.js:14826:24)
    at renderWithHooksAgain (http://localhost:3000/_next/static/chunks/f12ff_next_dist_compiled_react-dom_7b2f6d3d._.js:4706:24)
    at renderWithHooks (http://localhost:3000/_next/static/chunks/f12ff_next_dist_compiled_react-dom_7b2f6d3d._.js:4657:28)
    at updateFunctionComponent (http://localhost:3000/_next/static/chunks/f12ff_next_dist_compiled_react-dom_7b2f6d3d._.js:6112:21)
    at beginWork (http://localhost:3000/_next/static/chunks/f12ff_next_dist_compiled_react-dom_7b2f6d3d._.js:6687:639)
    at runWithFiberInDEV (http://localhost:3000/_next/static/chunks/f12ff_next_dist_compiled_react-dom_7b2f6d3d._.js:965:74)
    at performUnitOfWork (http://localhost:3000/_next/static/chunks/f12ff_next_dist_compiled_react-dom_7b2f6d3d._.js:9562:97)
    at workLoopConcurrentByScheduler (http://localhost:3000/_next/static/chunks/f12ff_next_dist_compiled_react-dom_7b2f6d3d._.js:9558:58)
    at renderRootConcurrent (http://localhost:3000/_next/static/chunks/f12ff_next_dist_compiled_react-dom_7b2f6d3d._.js:9541:71)
    at performWorkOnRoot (http://localhost:3000/_next/static/chunks/f12ff_next_dist_compiled_react-dom_7b2f6d3d._.js:9068:150)
    at performWorkOnRootViaSchedulerTask (http://localhost:3000/_next/static/chunks/f12ff_next_dist_compiled_react-dom_7b2f6d3d._.js:10230:9)
    at MessagePort.performWorkUntilDeadline (http://localhost:3000/_next/static/chunks/f12ff_next_dist_compiled_cd863794._.js:2647:64) @ http://localhost:3000/_next/static/chunks/f12ff_next_dist_95687940._.js:3132
[ 1520542ms] [WARNING] Image with src "/connecting-climate-minds-logo-white.png" was detected as the Largest Contentful Paint (LCP). Please add the `loading="eager"` property if this image is above the fold.
Read more: https://nextjs.org/docs/app/api-reference/components/image#loading @ http://localhost:3000/_next/static/chunks/f12ff_next_dist_95687940._.js:2302
[ 1520811ms] [ERROR] IntlError: MISSING_MESSAGE: Could not resolve `navigation.startOrFindProject` in messages for locale `ar`.
    at getFallbackFromErrorAndNotify (http://localhost:3000/_next/static/chunks/node_modules__pnpm_a92eadf3._.js:7251:23)
    at translateBaseFn (http://localhost:3000/_next/static/chunks/node_modules__pnpm_a92eadf3._.js:7281:28)
    at translateFn (http://localhost:3000/_next/static/chunks/node_modules__pnpm_a92eadf3._.js:7343:24)
    at AppSidebar.useMemo[data] (http://localhost:3000/_next/static/chunks/_d6ccf526._.js:3687:32)
    at updateMemo (http://localhost:3000/_next/static/chunks/f12ff_next_dist_compiled_react-dom_7b2f6d3d._.js:5444:21)
    at Object.useMemo (http://localhost:3000/_next/static/chunks/f12ff_next_dist_compiled_react-dom_7b2f6d3d._.js:15255:24)
    at exports.useMemo (http://localhost:3000/_next/static/chunks/f12ff_next_dist_compiled_cd863794._.js:1742:36)
    at AppSidebar (http://localhost:3000/_next/static/chunks/_d6ccf526._.js:3624:387)
    at Object.react_stack_bottom_frame (http://localhost:3000/_next/static/chunks/f12ff_next_dist_compiled_react-dom_7b2f6d3d._.js:14826:24)
    at renderWithHooks (http://localhost:3000/_next/static/chunks/f12ff_next_dist_compiled_react-dom_7b2f6d3d._.js:4651:24)
    at updateFunctionComponent (http://localhost:3000/_next/static/chunks/f12ff_next_dist_compiled_react-dom_7b2f6d3d._.js:6112:21)
    at beginWork (http://localhost:3000/_next/static/chunks/f12ff_next_dist_compiled_react-dom_7b2f6d3d._.js:6708:24)
    at runWithFiberInDEV (http://localhost:3000/_next/static/chunks/f12ff_next_dist_compiled_react-dom_7b2f6d3d._.js:965:74)
    at performUnitOfWork (http://localhost:3000/_next/static/chunks/f12ff_next_dist_compiled_react-dom_7b2f6d3d._.js:9562:97)
    at workLoopSync (http://localhost:3000/_next/static/chunks/f12ff_next_dist_compiled_react-dom_7b2f6d3d._.js:9456:40)
    at renderRootSync (http://localhost:3000/_next/static/chunks/f12ff_next_dist_compiled_react-dom_7b2f6d3d._.js:9440:13)
    at performWorkOnRoot (http://localhost:3000/_next/static/chunks/f12ff_next_dist_compiled_react-dom_7b2f6d3d._.js:9068:186)
    at performSyncWorkOnRoot (http://localhost:3000/_next/static/chunks/f12ff_next_dist_compiled_react-dom_7b2f6d3d._.js:10238:9)
    at flushSyncWorkAcrossRoots_impl (http://localhost:3000/_next/static/chunks/f12ff_next_dist_compiled_react-dom_7b2f6d3d._.js:10154:316)
    at flushSpawnedWork (http://localhost:3000/_next/static/chunks/f12ff_next_dist_compiled_react-dom_7b2f6d3d._.js:9914:13)
    at commitRoot (http://localhost:3000/_next/static/chunks/f12ff_next_dist_compiled_react-dom_7b2f6d3d._.js:9720:432)
    at commitRootWhenReady (http://localhost:3000/_next/static/chunks/f12ff_next_dist_compiled_react-dom_7b2f6d3d._.js:9194:9)
    at performWorkOnRoot (http://localhost:3000/_next/static/chunks/f12ff_next_dist_compiled_react-dom_7b2f6d3d._.js:9166:25)
    at performWorkOnRootViaSchedulerTask (http://localhost:3000/_next/static/chunks/f12ff_next_dist_compiled_react-dom_7b2f6d3d._.js:10230:9)
    at MessagePort.performWorkUntilDeadline (http://localhost:3000/_next/static/chunks/f12ff_next_dist_compiled_cd863794._.js:2647:64) @ http://localhost:3000/_next/static/chunks/f12ff_next_dist_95687940._.js:3132
[ 1520815ms] [ERROR] IntlError: MISSING_MESSAGE: Could not resolve `navigation.startOrFindProject` in messages for locale `ar`.
    at getFallbackFromErrorAndNotify (http://localhost:3000/_next/static/chunks/node_modules__pnpm_a92eadf3._.js:7251:23)
    at translateBaseFn (http://localhost:3000/_next/static/chunks/node_modules__pnpm_a92eadf3._.js:7281:28)
    at translateFn (http://localhost:3000/_next/static/chunks/node_modules__pnpm_a92eadf3._.js:7343:24)
    at AppSidebar.useMemo[data] (http://localhost:3000/_next/static/chunks/_d6ccf526._.js:3687:32)
    at updateMemo (http://localhost:3000/_next/static/chunks/f12ff_next_dist_compiled_react-dom_7b2f6d3d._.js:5448:17)
    at Object.useMemo (http://localhost:3000/_next/static/chunks/f12ff_next_dist_compiled_react-dom_7b2f6d3d._.js:15255:24)
    at exports.useMemo (http://localhost:3000/_next/static/chunks/f12ff_next_dist_compiled_cd863794._.js:1742:36)
    at AppSidebar (http://localhost:3000/_next/static/chunks/_d6ccf526._.js:3624:387)
    at Object.react_stack_bottom_frame (http://localhost:3000/_next/static/chunks/f12ff_next_dist_compiled_react-dom_7b2f6d3d._.js:14826:24)
    at renderWithHooks (http://localhost:3000/_next/static/chunks/f12ff_next_dist_compiled_react-dom_7b2f6d3d._.js:4651:24)
    at updateFunctionComponent (http://localhost:3000/_next/static/chunks/f12ff_next_dist_compiled_react-dom_7b2f6d3d._.js:6112:21)
    at beginWork (http://localhost:3000/_next/static/chunks/f12ff_next_dist_compiled_react-dom_7b2f6d3d._.js:6708:24)
    at runWithFiberInDEV (http://localhost:3000/_next/static/chunks/f12ff_next_dist_compiled_react-dom_7b2f6d3d._.js:965:74)
    at performUnitOfWork (http://localhost:3000/_next/static/chunks/f12ff_next_dist_compiled_react-dom_7b2f6d3d._.js:9562:97)
    at workLoopSync (http://localhost:3000/_next/static/chunks/f12ff_next_dist_compiled_react-dom_7b2f6d3d._.js:9456:40)
    at renderRootSync (http://localhost:3000/_next/static/chunks/f12ff_next_dist_compiled_react-dom_7b2f6d3d._.js:9440:13)
    at performWorkOnRoot (http://localhost:3000/_next/static/chunks/f12ff_next_dist_compiled_react-dom_7b2f6d3d._.js:9068:186)
    at performSyncWorkOnRoot (http://localhost:3000/_next/static/chunks/f12ff_next_dist_compiled_react-dom_7b2f6d3d._.js:10238:9)
    at flushSyncWorkAcrossRoots_impl (http://localhost:3000/_next/static/chunks/f12ff_next_dist_compiled_react-dom_7b2f6d3d._.js:10154:316)
    at flushSpawnedWork (http://localhost:3000/_next/static/chunks/f12ff_next_dist_compiled_react-dom_7b2f6d3d._.js:9914:13)
    at commitRoot (http://localhost:3000/_next/static/chunks/f12ff_next_dist_compiled_react-dom_7b2f6d3d._.js:9720:432)
    at commitRootWhenReady (http://localhost:3000/_next/static/chunks/f12ff_next_dist_compiled_react-dom_7b2f6d3d._.js:9194:9)
    at performWorkOnRoot (http://localhost:3000/_next/static/chunks/f12ff_next_dist_compiled_react-dom_7b2f6d3d._.js:9166:25)
    at performWorkOnRootViaSchedulerTask (http://localhost:3000/_next/static/chunks/f12ff_next_dist_compiled_react-dom_7b2f6d3d._.js:10230:9)
    at MessagePort.performWorkUntilDeadline (http://localhost:3000/_next/static/chunks/f12ff_next_dist_compiled_cd863794._.js:2647:64) @ http://localhost:3000/_next/static/chunks/f12ff_next_dist_95687940._.js:3132
[ 1520819ms] [ERROR] IntlError: MISSING_MESSAGE: Could not resolve `navigation.startOrFindProject` in messages for locale `ar`.
    at getFallbackFromErrorAndNotify (http://localhost:3000/_next/static/chunks/node_modules__pnpm_a92eadf3._.js:7251:23)
    at translateBaseFn (http://localhost:3000/_next/static/chunks/node_modules__pnpm_a92eadf3._.js:7281:28)
    at translateFn (http://localhost:3000/_next/static/chunks/node_modules__pnpm_a92eadf3._.js:7343:24)
    at AppSidebar.useMemo[data] (http://localhost:3000/_next/static/chunks/_d6ccf526._.js:3687:32)
    at updateMemo (http://localhost:3000/_next/static/chunks/f12ff_next_dist_compiled_react-dom_7b2f6d3d._.js:5444:21)
    at Object.useMemo (http://localhost:3000/_next/static/chunks/f12ff_next_dist_compiled_react-dom_7b2f6d3d._.js:15381:24)
    at exports.useMemo (http://localhost:3000/_next/static/chunks/f12ff_next_dist_compiled_cd863794._.js:1742:36)
    at AppSidebar (http://localhost:3000/_next/static/chunks/_d6ccf526._.js:3624:387)
    at Object.react_stack_bottom_frame (http://localhost:3000/_next/static/chunks/f12ff_next_dist_compiled_react-dom_7b2f6d3d._.js:14826:24)
    at renderWithHooksAgain (http://localhost:3000/_next/static/chunks/f12ff_next_dist_compiled_react-dom_7b2f6d3d._.js:4706:24)
    at renderWithHooks (http://localhost:3000/_next/static/chunks/f12ff_next_dist_compiled_react-dom_7b2f6d3d._.js:4657:28)
    at updateFunctionComponent (http://localhost:3000/_next/static/chunks/f12ff_next_dist_compiled_react-dom_7b2f6d3d._.js:6112:21)
    at beginWork (http://localhost:3000/_next/static/chunks/f12ff_next_dist_compiled_react-dom_7b2f6d3d._.js:6708:24)
    at runWithFiberInDEV (http://localhost:3000/_next/static/chunks/f12ff_next_dist_compiled_react-dom_7b2f6d3d._.js:965:74)
    at performUnitOfWork (http://localhost:3000/_next/static/chunks/f12ff_next_dist_compiled_react-dom_7b2f6d3d._.js:9562:97)
    at workLoopSync (http://localhost:3000/_next/static/chunks/f12ff_next_dist_compiled_react-dom_7b2f6d3d._.js:9456:40)
    at renderRootSync (http://localhost:3000/_next/static/chunks/f12ff_next_dist_compiled_react-dom_7b2f6d3d._.js:9440:13)
    at performWorkOnRoot (http://localhost:3000/_next/static/chunks/f12ff_next_dist_compiled_react-dom_7b2f6d3d._.js:9068:186)
    at performSyncWorkOnRoot (http://localhost:3000/_next/static/chunks/f12ff_next_dist_compiled_react-dom_7b2f6d3d._.js:10238:9)
    at flushSyncWorkAcrossRoots_impl (http://localhost:3000/_next/static/chunks/f12ff_next_dist_compiled_react-dom_7b2f6d3d._.js:10154:316)
    at flushSpawnedWork (http://localhost:3000/_next/static/chunks/f12ff_next_dist_compiled_react-dom_7b2f6d3d._.js:9914:13)
    at commitRoot (http://localhost:3000/_next/static/chunks/f12ff_next_dist_compiled_react-dom_7b2f6d3d._.js:9720:432)
    at commitRootWhenReady (http://localhost:3000/_next/static/chunks/f12ff_next_dist_compiled_react-dom_7b2f6d3d._.js:9194:9)
    at performWorkOnRoot (http://localhost:3000/_next/static/chunks/f12ff_next_dist_compiled_react-dom_7b2f6d3d._.js:9166:25)
    at performWorkOnRootViaSchedulerTask (http://localhost:3000/_next/static/chunks/f12ff_next_dist_compiled_react-dom_7b2f6d3d._.js:10230:9)
    at MessagePort.performWorkUntilDeadline (http://localhost:3000/_next/static/chunks/f12ff_next_dist_compiled_cd863794._.js:2647:64) @ http://localhost:3000/_next/static/chunks/f12ff_next_dist_95687940._.js:3132
[ 1520981ms] [ERROR] IntlError: MISSING_MESSAGE: Could not resolve `navigation.startOrFindProject` in messages for locale `ar`.
    at getFallbackFromErrorAndNotify (http://localhost:3000/_next/static/chunks/node_modules__pnpm_a92eadf3._.js:7251:23)
    at translateBaseFn (http://localhost:3000/_next/static/chunks/node_modules__pnpm_a92eadf3._.js:7281:28)
    at translateFn (http://localhost:3000/_next/static/chunks/node_modules__pnpm_a92eadf3._.js:7343:24)
    at AppSidebar.useMemo[data] (http://localhost:3000/_next/static/chunks/_d6ccf526._.js:3687:32)
    at updateMemo (http://localhost:3000/_next/static/chunks/f12ff_next_dist_compiled_react-dom_7b2f6d3d._.js:5444:21)
    at Object.useMemo (http://localhost:3000/_next/static/chunks/f12ff_next_dist_compiled_react-dom_7b2f6d3d._.js:15255:24)
    at exports.useMemo (http://localhost:3000/_next/static/chunks/f12ff_next_dist_compiled_cd863794._.js:1742:36)
    at AppSidebar (http://localhost:3000/_next/static/chunks/_d6ccf526._.js:3624:387)
    at Object.react_stack_bottom_frame (http://localhost:3000/_next/static/chunks/f12ff_next_dist_compiled_react-dom_7b2f6d3d._.js:14826:24)
    at renderWithHooks (http://localhost:3000/_next/static/chunks/f12ff_next_dist_compiled_react-dom_7b2f6d3d._.js:4651:24)
    at updateFunctionComponent (http://localhost:3000/_next/static/chunks/f12ff_next_dist_compiled_react-dom_7b2f6d3d._.js:6112:21)
    at beginWork (http://localhost:3000/_next/static/chunks/f12ff_next_dist_compiled_react-dom_7b2f6d3d._.js:6708:24)
    at runWithFiberInDEV (http://localhost:3000/_next/static/chunks/f12ff_next_dist_compiled_react-dom_7b2f6d3d._.js:965:74)
    at performUnitOfWork (http://localhost:3000/_next/static/chunks/f12ff_next_dist_compiled_react-dom_7b2f6d3d._.js:9562:97)
    at workLoopSync (http://localhost:3000/_next/static/chunks/f12ff_next_dist_compiled_react-dom_7b2f6d3d._.js:9456:40)
    at renderRootSync (http://localhost:3000/_next/static/chunks/f12ff_next_dist_compiled_react-dom_7b2f6d3d._.js:9440:13)
    at performWorkOnRoot (http://localhost:3000/_next/static/chunks/f12ff_next_dist_compiled_react-dom_7b2f6d3d._.js:9068:186)
    at performSyncWorkOnRoot (http://localhost:3000/_next/static/chunks/f12ff_next_dist_compiled_react-dom_7b2f6d3d._.js:10238:9)
    at flushSyncWorkAcrossRoots_impl (http://localhost:3000/_next/static/chunks/f12ff_next_dist_compiled_react-dom_7b2f6d3d._.js:10154:316)
    at flushSpawnedWork (http://localhost:3000/_next/static/chunks/f12ff_next_dist_compiled_react-dom_7b2f6d3d._.js:9914:13)
    at commitRoot (http://localhost:3000/_next/static/chunks/f12ff_next_dist_compiled_react-dom_7b2f6d3d._.js:9720:432)
    at commitRootWhenReady (http://localhost:3000/_next/static/chunks/f12ff_next_dist_compiled_react-dom_7b2f6d3d._.js:9194:9)
    at performWorkOnRoot (http://localhost:3000/_next/static/chunks/f12ff_next_dist_compiled_react-dom_7b2f6d3d._.js:9166:25)
    at performWorkOnRootViaSchedulerTask (http://localhost:3000/_next/static/chunks/f12ff_next_dist_compiled_react-dom_7b2f6d3d._.js:10230:9)
    at MessagePort.performWorkUntilDeadline (http://localhost:3000/_next/static/chunks/f12ff_next_dist_compiled_cd863794._.js:2647:64) @ http://localhost:3000/_next/static/chunks/f12ff_next_dist_95687940._.js:3132
[ 1520982ms] [ERROR] IntlError: MISSING_MESSAGE: Could not resolve `navigation.startOrFindProject` in messages for locale `ar`.
    at getFallbackFromErrorAndNotify (http://localhost:3000/_next/static/chunks/node_modules__pnpm_a92eadf3._.js:7251:23)
    at translateBaseFn (http://localhost:3000/_next/static/chunks/node_modules__pnpm_a92eadf3._.js:7281:28)
    at translateFn (http://localhost:3000/_next/static/chunks/node_modules__pnpm_a92eadf3._.js:7343:24)
    at AppSidebar.useMemo[data] (http://localhost:3000/_next/static/chunks/_d6ccf526._.js:3687:32)
    at updateMemo (http://localhost:3000/_next/static/chunks/f12ff_next_dist_compiled_react-dom_7b2f6d3d._.js:5448:17)
    at Object.useMemo (http://localhost:3000/_next/static/chunks/f12ff_next_dist_compiled_react-dom_7b2f6d3d._.js:15255:24)
    at exports.useMemo (http://localhost:3000/_next/static/chunks/f12ff_next_dist_compiled_cd863794._.js:1742:36)
    at AppSidebar (http://localhost:3000/_next/static/chunks/_d6ccf526._.js:3624:387)
    at Object.react_stack_bottom_frame (http://localhost:3000/_next/static/chunks/f12ff_next_dist_compiled_react-dom_7b2f6d3d._.js:14826:24)
    at renderWithHooks (http://localhost:3000/_next/static/chunks/f12ff_next_dist_compiled_react-dom_7b2f6d3d._.js:4651:24)
    at updateFunctionComponent (http://localhost:3000/_next/static/chunks/f12ff_next_dist_compiled_react-dom_7b2f6d3d._.js:6112:21)
    at beginWork (http://localhost:3000/_next/static/chunks/f12ff_next_dist_compiled_react-dom_7b2f6d3d._.js:6708:24)
    at runWithFiberInDEV (http://localhost:3000/_next/static/chunks/f12ff_next_dist_compiled_react-dom_7b2f6d3d._.js:965:74)
    at performUnitOfWork (http://localhost:3000/_next/static/chunks/f12ff_next_dist_compiled_react-dom_7b2f6d3d._.js:9562:97)
    at workLoopSync (http://localhost:3000/_next/static/chunks/f12ff_next_dist_compiled_react-dom_7b2f6d3d._.js:9456:40)
    at renderRootSync (http://localhost:3000/_next/static/chunks/f12ff_next_dist_compiled_react-dom_7b2f6d3d._.js:9440:13)
    at performWorkOnRoot (http://localhost:3000/_next/static/chunks/f12ff_next_dist_compiled_react-dom_7b2f6d3d._.js:9068:186)
    at performSyncWorkOnRoot (http://localhost:3000/_next/static/chunks/f12ff_next_dist_compiled_react-dom_7b2f6d3d._.js:10238:9)
    at flushSyncWorkAcrossRoots_impl (http://localhost:3000/_next/static/chunks/f12ff_next_dist_compiled_react-dom_7b2f6d3d._.js:10154:316)
    at flushSpawnedWork (http://localhost:3000/_next/static/chunks/f12ff_next_dist_compiled_react-dom_7b2f6d3d._.js:9914:13)
    at commitRoot (http://localhost:3000/_next/static/chunks/f12ff_next_dist_compiled_react-dom_7b2f6d3d._.js:9720:432)
    at commitRootWhenReady (http://localhost:3000/_next/static/chunks/f12ff_next_dist_compiled_react-dom_7b2f6d3d._.js:9194:9)
    at performWorkOnRoot (http://localhost:3000/_next/static/chunks/f12ff_next_dist_compiled_react-dom_7b2f6d3d._.js:9166:25)
    at performWorkOnRootViaSchedulerTask (http://localhost:3000/_next/static/chunks/f12ff_next_dist_compiled_react-dom_7b2f6d3d._.js:10230:9)
    at MessagePort.performWorkUntilDeadline (http://localhost:3000/_next/static/chunks/f12ff_next_dist_compiled_cd863794._.js:2647:64) @ http://localhost:3000/_next/static/chunks/f12ff_next_dist_95687940._.js:3132
[ 1520983ms] [ERROR] IntlError: MISSING_MESSAGE: Could not resolve `navigation.startOrFindProject` in messages for locale `ar`.
    at getFallbackFromErrorAndNotify (http://localhost:3000/_next/static/chunks/node_modules__pnpm_a92eadf3._.js:7251:23)
    at translateBaseFn (http://localhost:3000/_next/static/chunks/node_modules__pnpm_a92eadf3._.js:7281:28)
    at translateFn (http://localhost:3000/_next/static/chunks/node_modules__pnpm_a92eadf3._.js:7343:24)
    at AppSidebar.useMemo[data] (http://localhost:3000/_next/static/chunks/_d6ccf526._.js:3687:32)
    at updateMemo (http://localhost:3000/_next/static/chunks/f12ff_next_dist_compiled_react-dom_7b2f6d3d._.js:5444:21)
    at Object.useMemo (http://localhost:3000/_next/static/chunks/f12ff_next_dist_compiled_react-dom_7b2f6d3d._.js:15381:24)
    at exports.useMemo (http://localhost:3000/_next/static/chunks/f12ff_next_dist_compiled_cd863794._.js:1742:36)
    at AppSidebar (http://localhost:3000/_next/static/chunks/_d6ccf526._.js:3624:387)
    at Object.react_stack_bottom_frame (http://localhost:3000/_next/static/chunks/f12ff_next_dist_compiled_react-dom_7b2f6d3d._.js:14826:24)
    at renderWithHooksAgain (http://localhost:3000/_next/static/chunks/f12ff_next_dist_compiled_react-dom_7b2f6d3d._.js:4706:24)
    at renderWithHooks (http://localhost:3000/_next/static/chunks/f12ff_next_dist_compiled_react-dom_7b2f6d3d._.js:4657:28)
    at updateFunctionComponent (http://localhost:3000/_next/static/chunks/f12ff_next_dist_compiled_react-dom_7b2f6d3d._.js:6112:21)
    at beginWork (http://localhost:3000/_next/static/chunks/f12ff_next_dist_compiled_react-dom_7b2f6d3d._.js:6708:24)
    at runWithFiberInDEV (http://localhost:3000/_next/static/chunks/f12ff_next_dist_compiled_react-dom_7b2f6d3d._.js:965:74)
    at performUnitOfWork (http://localhost:3000/_next/static/chunks/f12ff_next_dist_compiled_react-dom_7b2f6d3d._.js:9562:97)
    at workLoopSync (http://localhost:3000/_next/static/chunks/f12ff_next_dist_compiled_react-dom_7b2f6d3d._.js:9456:40)
    at renderRootSync (http://localhost:3000/_next/static/chunks/f12ff_next_dist_compiled_react-dom_7b2f6d3d._.js:9440:13)
    at performWorkOnRoot (http://localhost:3000/_next/static/chunks/f12ff_next_dist_compiled_react-dom_7b2f6d3d._.js:9068:186)
    at performSyncWorkOnRoot (http://localhost:3000/_next/static/chunks/f12ff_next_dist_compiled_react-dom_7b2f6d3d._.js:10238:9)
    at flushSyncWorkAcrossRoots_impl (http://localhost:3000/_next/static/chunks/f12ff_next_dist_compiled_react-dom_7b2f6d3d._.js:10154:316)
    at flushSpawnedWork (http://localhost:3000/_next/static/chunks/f12ff_next_dist_compiled_react-dom_7b2f6d3d._.js:9914:13)
    at commitRoot (http://localhost:3000/_next/static/chunks/f12ff_next_dist_compiled_react-dom_7b2f6d3d._.js:9720:432)
    at commitRootWhenReady (http://localhost:3000/_next/static/chunks/f12ff_next_dist_compiled_react-dom_7b2f6d3d._.js:9194:9)
    at performWorkOnRoot (http://localhost:3000/_next/static/chunks/f12ff_next_dist_compiled_react-dom_7b2f6d3d._.js:9166:25)
    at performWorkOnRootViaSchedulerTask (http://localhost:3000/_next/static/chunks/f12ff_next_dist_compiled_react-dom_7b2f6d3d._.js:10230:9)
    at MessagePort.performWorkUntilDeadline (http://localhost:3000/_next/static/chunks/f12ff_next_dist_compiled_cd863794._.js:2647:64) @ http://localhost:3000/_next/static/chunks/f12ff_next_dist_95687940._.js:3132
[ 1521218ms] [ERROR] IntlError: MISSING_MESSAGE: Could not resolve `navigation.startOrFindProject` in messages for locale `ar`.
    at getFallbackFromErrorAndNotify (http://localhost:3000/_next/static/chunks/node_modules__pnpm_a92eadf3._.js:7251:23)
    at translateBaseFn (http://localhost:3000/_next/static/chunks/node_modules__pnpm_a92eadf3._.js:7281:28)
    at translateFn (http://localhost:3000/_next/static/chunks/node_modules__pnpm_a92eadf3._.js:7343:24)
    at AppSidebar.useMemo[data] (http://localhost:3000/_next/static/chunks/_d6ccf526._.js:3687:32)
    at updateMemo (http://localhost:3000/_next/static/chunks/f12ff_next_dist_compiled_react-dom_7b2f6d3d._.js:5444:21)
    at Object.useMemo (http://localhost:3000/_next/static/chunks/f12ff_next_dist_compiled_react-dom_7b2f6d3d._.js:15255:24)
    at exports.useMemo (http://localhost:3000/_next/static/chunks/f12ff_next_dist_compiled_cd863794._.js:1742:36)
    at AppSidebar (http://localhost:3000/_next/static/chunks/_d6ccf526._.js:3624:387)
    at Object.react_stack_bottom_frame (http://localhost:3000/_next/static/chunks/f12ff_next_dist_compiled_react-dom_7b2f6d3d._.js:14826:24)
    at renderWithHooks (http://localhost:3000/_next/static/chunks/f12ff_next_dist_compiled_react-dom_7b2f6d3d._.js:4651:24)
    at updateFunctionComponent (http://localhost:3000/_next/static/chunks/f12ff_next_dist_compiled_react-dom_7b2f6d3d._.js:6112:21)
    at beginWork (http://localhost:3000/_next/static/chunks/f12ff_next_dist_compiled_react-dom_7b2f6d3d._.js:6708:24)
    at runWithFiberInDEV (http://localhost:3000/_next/static/chunks/f12ff_next_dist_compiled_react-dom_7b2f6d3d._.js:965:74)
    at performUnitOfWork (http://localhost:3000/_next/static/chunks/f12ff_next_dist_compiled_react-dom_7b2f6d3d._.js:9562:97)
    at workLoopSync (http://localhost:3000/_next/static/chunks/f12ff_next_dist_compiled_react-dom_7b2f6d3d._.js:9456:40)
    at renderRootSync (http://localhost:3000/_next/static/chunks/f12ff_next_dist_compiled_react-dom_7b2f6d3d._.js:9440:13)
    at performWorkOnRoot (http://localhost:3000/_next/static/chunks/f12ff_next_dist_compiled_react-dom_7b2f6d3d._.js:9068:186)
    at performSyncWorkOnRoot (http://localhost:3000/_next/static/chunks/f12ff_next_dist_compiled_react-dom_7b2f6d3d._.js:10238:9)
    at flushSyncWorkAcrossRoots_impl (http://localhost:3000/_next/static/chunks/f12ff_next_dist_compiled_react-dom_7b2f6d3d._.js:10154:316)
    at flushSpawnedWork (http://localhost:3000/_next/static/chunks/f12ff_next_dist_compiled_react-dom_7b2f6d3d._.js:9914:13)
    at commitRoot (http://localhost:3000/_next/static/chunks/f12ff_next_dist_compiled_react-dom_7b2f6d3d._.js:9720:432)
    at commitRootWhenReady (http://localhost:3000/_next/static/chunks/f12ff_next_dist_compiled_react-dom_7b2f6d3d._.js:9194:9)
    at performWorkOnRoot (http://localhost:3000/_next/static/chunks/f12ff_next_dist_compiled_react-dom_7b2f6d3d._.js:9166:25)
    at performWorkOnRootViaSchedulerTask (http://localhost:3000/_next/static/chunks/f12ff_next_dist_compiled_react-dom_7b2f6d3d._.js:10230:9)
    at MessagePort.performWorkUntilDeadline (http://localhost:3000/_next/static/chunks/f12ff_next_dist_compiled_cd863794._.js:2647:64) @ http://localhost:3000/_next/static/chunks/f12ff_next_dist_95687940._.js:3132
[ 1521218ms] [ERROR] IntlError: MISSING_MESSAGE: Could not resolve `navigation.startOrFindProject` in messages for locale `ar`.
    at getFallbackFromErrorAndNotify (http://localhost:3000/_next/static/chunks/node_modules__pnpm_a92eadf3._.js:7251:23)
    at translateBaseFn (http://localhost:3000/_next/static/chunks/node_modules__pnpm_a92eadf3._.js:7281:28)
    at translateFn (http://localhost:3000/_next/static/chunks/node_modules__pnpm_a92eadf3._.js:7343:24)
    at AppSidebar.useMemo[data] (http://localhost:3000/_next/static/chunks/_d6ccf526._.js:3687:32)
    at updateMemo (http://localhost:3000/_next/static/chunks/f12ff_next_dist_compiled_react-dom_7b2f6d3d._.js:5448:17)
    at Object.useMemo (http://localhost:3000/_next/static/chunks/f12ff_next_dist_compiled_react-dom_7b2f6d3d._.js:15255:24)
    at exports.useMemo (http://localhost:3000/_next/static/chunks/f12ff_next_dist_compiled_cd863794._.js:1742:36)
    at AppSidebar (http://localhost:3000/_next/static/chunks/_d6ccf526._.js:3624:387)
    at Object.react_stack_bottom_frame (http://localhost:3000/_next/static/chunks/f12ff_next_dist_compiled_react-dom_7b2f6d3d._.js:14826:24)
    at renderWithHooks (http://localhost:3000/_next/static/chunks/f12ff_next_dist_compiled_react-dom_7b2f6d3d._.js:4651:24)
    at updateFunctionComponent (http://localhost:3000/_next/static/chunks/f12ff_next_dist_compiled_react-dom_7b2f6d3d._.js:6112:21)
    at beginWork (http://localhost:3000/_next/static/chunks/f12ff_next_dist_compiled_react-dom_7b2f6d3d._.js:6708:24)
    at runWithFiberInDEV (http://localhost:3000/_next/static/chunks/f12ff_next_dist_compiled_react-dom_7b2f6d3d._.js:965:74)
    at performUnitOfWork (http://localhost:3000/_next/static/chunks/f12ff_next_dist_compiled_react-dom_7b2f6d3d._.js:9562:97)
    at workLoopSync (http://localhost:3000/_next/static/chunks/f12ff_next_dist_compiled_react-dom_7b2f6d3d._.js:9456:40)
    at renderRootSync (http://localhost:3000/_next/static/chunks/f12ff_next_dist_compiled_react-dom_7b2f6d3d._.js:9440:13)
    at performWorkOnRoot (http://localhost:3000/_next/static/chunks/f12ff_next_dist_compiled_react-dom_7b2f6d3d._.js:9068:186)
    at performSyncWorkOnRoot (http://localhost:3000/_next/static/chunks/f12ff_next_dist_compiled_react-dom_7b2f6d3d._.js:10238:9)
    at flushSyncWorkAcrossRoots_impl (http://localhost:3000/_next/static/chunks/f12ff_next_dist_compiled_react-dom_7b2f6d3d._.js:10154:316)
    at flushSpawnedWork (http://localhost:3000/_next/static/chunks/f12ff_next_dist_compiled_react-dom_7b2f6d3d._.js:9914:13)
    at commitRoot (http://localhost:3000/_next/static/chunks/f12ff_next_dist_compiled_react-dom_7b2f6d3d._.js:9720:432)
    at commitRootWhenReady (http://localhost:3000/_next/static/chunks/f12ff_next_dist_compiled_react-dom_7b2f6d3d._.js:9194:9)
    at performWorkOnRoot (http://localhost:3000/_next/static/chunks/f12ff_next_dist_compiled_react-dom_7b2f6d3d._.js:9166:25)
    at performWorkOnRootViaSchedulerTask (http://localhost:3000/_next/static/chunks/f12ff_next_dist_compiled_react-dom_7b2f6d3d._.js:10230:9)
    at MessagePort.performWorkUntilDeadline (http://localhost:3000/_next/static/chunks/f12ff_next_dist_compiled_cd863794._.js:2647:64) @ http://localhost:3000/_next/static/chunks/f12ff_next_dist_95687940._.js:3132
[ 1521220ms] [ERROR] IntlError: MISSING_MESSAGE: Could not resolve `navigation.startOrFindProject` in messages for locale `ar`.
    at getFallbackFromErrorAndNotify (http://localhost:3000/_next/static/chunks/node_modules__pnpm_a92eadf3._.js:7251:23)
    at translateBaseFn (http://localhost:3000/_next/static/chunks/node_modules__pnpm_a92eadf3._.js:7281:28)
    at translateFn (http://localhost:3000/_next/static/chunks/node_modules__pnpm_a92eadf3._.js:7343:24)
    at AppSidebar.useMemo[data] (http://localhost:3000/_next/static/chunks/_d6ccf526._.js:3687:32)
    at updateMemo (http://localhost:3000/_next/static/chunks/f12ff_next_dist_compiled_react-dom_7b2f6d3d._.js:5444:21)
    at Object.useMemo (http://localhost:3000/_next/static/chunks/f12ff_next_dist_compiled_react-dom_7b2f6d3d._.js:15381:24)
    at exports.useMemo (http://localhost:3000/_next/static/chunks/f12ff_next_dist_compiled_cd863794._.js:1742:36)
    at AppSidebar (http://localhost:3000/_next/static/chunks/_d6ccf526._.js:3624:387)
    at Object.react_stack_bottom_frame (http://localhost:3000/_next/static/chunks/f12ff_next_dist_compiled_react-dom_7b2f6d3d._.js:14826:24)
    at renderWithHooksAgain (http://localhost:3000/_next/static/chunks/f12ff_next_dist_compiled_react-dom_7b2f6d3d._.js:4706:24)
    at renderWithHooks (http://localhost:3000/_next/static/chunks/f12ff_next_dist_compiled_react-dom_7b2f6d3d._.js:4657:28)
    at updateFunctionComponent (http://localhost:3000/_next/static/chunks/f12ff_next_dist_compiled_react-dom_7b2f6d3d._.js:6112:21)
    at beginWork (http://localhost:3000/_next/static/chunks/f12ff_next_dist_compiled_react-dom_7b2f6d3d._.js:6708:24)
    at runWithFiberInDEV (http://localhost:3000/_next/static/chunks/f12ff_next_dist_compiled_react-dom_7b2f6d3d._.js:965:74)
    at performUnitOfWork (http://localhost:3000/_next/static/chunks/f12ff_next_dist_compiled_react-dom_7b2f6d3d._.js:9562:97)
    at workLoopSync (http://localhost:3000/_next/static/chunks/f12ff_next_dist_compiled_react-dom_7b2f6d3d._.js:9456:40)
    at renderRootSync (http://localhost:3000/_next/static/chunks/f12ff_next_dist_compiled_react-dom_7b2f6d3d._.js:9440:13)
    at performWorkOnRoot (http://localhost:3000/_next/static/chunks/f12ff_next_dist_compiled_react-dom_7b2f6d3d._.js:9068:186)
    at performSyncWorkOnRoot (http://localhost:3000/_next/static/chunks/f12ff_next_dist_compiled_react-dom_7b2f6d3d._.js:10238:9)
    at flushSyncWorkAcrossRoots_impl (http://localhost:3000/_next/static/chunks/f12ff_next_dist_compiled_react-dom_7b2f6d3d._.js:10154:316)
    at flushSpawnedWork (http://localhost:3000/_next/static/chunks/f12ff_next_dist_compiled_react-dom_7b2f6d3d._.js:9914:13)
    at commitRoot (http://localhost:3000/_next/static/chunks/f12ff_next_dist_compiled_react-dom_7b2f6d3d._.js:9720:432)
    at commitRootWhenReady (http://localhost:3000/_next/static/chunks/f12ff_next_dist_compiled_react-dom_7b2f6d3d._.js:9194:9)
    at performWorkOnRoot (http://localhost:3000/_next/static/chunks/f12ff_next_dist_compiled_react-dom_7b2f6d3d._.js:9166:25)
    at performWorkOnRootViaSchedulerTask (http://localhost:3000/_next/static/chunks/f12ff_next_dist_compiled_react-dom_7b2f6d3d._.js:10230:9)
    at MessagePort.performWorkUntilDeadline (http://localhost:3000/_next/static/chunks/f12ff_next_dist_compiled_cd863794._.js:2647:64) @ http://localhost:3000/_next/static/chunks/f12ff_next_dist_95687940._.js:3132
[ 1521277ms] [ERROR] IntlError: MISSING_MESSAGE: Could not resolve `navigation.startOrFindProject` in messages for locale `ar`.
    at getFallbackFromErrorAndNotify (http://localhost:3000/_next/static/chunks/node_modules__pnpm_a92eadf3._.js:7251:23)
    at translateBaseFn (http://localhost:3000/_next/static/chunks/node_modules__pnpm_a92eadf3._.js:7281:28)
    at translateFn (http://localhost:3000/_next/static/chunks/node_modules__pnpm_a92eadf3._.js:7343:24)
    at AppSidebar.useMemo[data] (http://localhost:3000/_next/static/chunks/_d6ccf526._.js:3687:32)
    at updateMemo (http://localhost:3000/_next/static/chunks/f12ff_next_dist_compiled_react-dom_7b2f6d3d._.js:5444:21)
    at Object.useMemo (http://localhost:3000/_next/static/chunks/f12ff_next_dist_compiled_react-dom_7b2f6d3d._.js:15255:24)
    at exports.useMemo (http://localhost:3000/_next/static/chunks/f12ff_next_dist_compiled_cd863794._.js:1742:36)
    at AppSidebar (http://localhost:3000/_next/static/chunks/_d6ccf526._.js:3624:387)
    at Object.react_stack_bottom_frame (http://localhost:3000/_next/static/chunks/f12ff_next_dist_compiled_react-dom_7b2f6d3d._.js:14826:24)
    at renderWithHooks (http://localhost:3000/_next/static/chunks/f12ff_next_dist_compiled_react-dom_7b2f6d3d._.js:4651:24)
    at updateFunctionComponent (http://localhost:3000/_next/static/chunks/f12ff_next_dist_compiled_react-dom_7b2f6d3d._.js:6112:21)
    at beginWork (http://localhost:3000/_next/static/chunks/f12ff_next_dist_compiled_react-dom_7b2f6d3d._.js:6708:24)
    at runWithFiberInDEV (http://localhost:3000/_next/static/chunks/f12ff_next_dist_compiled_react-dom_7b2f6d3d._.js:965:74)
    at performUnitOfWork (http://localhost:3000/_next/static/chunks/f12ff_next_dist_compiled_react-dom_7b2f6d3d._.js:9562:97)
    at workLoopSync (http://localhost:3000/_next/static/chunks/f12ff_next_dist_compiled_react-dom_7b2f6d3d._.js:9456:40)
    at renderRootSync (http://localhost:3000/_next/static/chunks/f12ff_next_dist_compiled_react-dom_7b2f6d3d._.js:9440:13)
    at performWorkOnRoot (http://localhost:3000/_next/static/chunks/f12ff_next_dist_compiled_react-dom_7b2f6d3d._.js:9068:186)
    at performSyncWorkOnRoot (http://localhost:3000/_next/static/chunks/f12ff_next_dist_compiled_react-dom_7b2f6d3d._.js:10238:9)
    at flushSyncWorkAcrossRoots_impl (http://localhost:3000/_next/static/chunks/f12ff_next_dist_compiled_react-dom_7b2f6d3d._.js:10154:316)
    at flushSpawnedWork (http://localhost:3000/_next/static/chunks/f12ff_next_dist_compiled_react-dom_7b2f6d3d._.js:9914:13)
    at commitRoot (http://localhost:3000/_next/static/chunks/f12ff_next_dist_compiled_react-dom_7b2f6d3d._.js:9720:432)
    at commitRootWhenReady (http://localhost:3000/_next/static/chunks/f12ff_next_dist_compiled_react-dom_7b2f6d3d._.js:9194:9)
    at performWorkOnRoot (http://localhost:3000/_next/static/chunks/f12ff_next_dist_compiled_react-dom_7b2f6d3d._.js:9166:25)
    at performWorkOnRootViaSchedulerTask (http://localhost:3000/_next/static/chunks/f12ff_next_dist_compiled_react-dom_7b2f6d3d._.js:10230:9)
    at MessagePort.performWorkUntilDeadline (http://localhost:3000/_next/static/chunks/f12ff_next_dist_compiled_cd863794._.js:2647:64) @ http://localhost:3000/_next/static/chunks/f12ff_next_dist_95687940._.js:3132
[ 1521277ms] [ERROR] IntlError: MISSING_MESSAGE: Could not resolve `navigation.startOrFindProject` in messages for locale `ar`.
    at getFallbackFromErrorAndNotify (http://localhost:3000/_next/static/chunks/node_modules__pnpm_a92eadf3._.js:7251:23)
    at translateBaseFn (http://localhost:3000/_next/static/chunks/node_modules__pnpm_a92eadf3._.js:7281:28)
    at translateFn (http://localhost:3000/_next/static/chunks/node_modules__pnpm_a92eadf3._.js:7343:24)
    at AppSidebar.useMemo[data] (http://localhost:3000/_next/static/chunks/_d6ccf526._.js:3687:32)
    at updateMemo (http://localhost:3000/_next/static/chunks/f12ff_next_dist_compiled_react-dom_7b2f6d3d._.js:5448:17)
    at Object.useMemo (http://localhost:3000/_next/static/chunks/f12ff_next_dist_compiled_react-dom_7b2f6d3d._.js:15255:24)
    at exports.useMemo (http://localhost:3000/_next/static/chunks/f12ff_next_dist_compiled_cd863794._.js:1742:36)
    at AppSidebar (http://localhost:3000/_next/static/chunks/_d6ccf526._.js:3624:387)
    at Object.react_stack_bottom_frame (http://localhost:3000/_next/static/chunks/f12ff_next_dist_compiled_react-dom_7b2f6d3d._.js:14826:24)
    at renderWithHooks (http://localhost:3000/_next/static/chunks/f12ff_next_dist_compiled_react-dom_7b2f6d3d._.js:4651:24)
    at updateFunctionComponent (http://localhost:3000/_next/static/chunks/f12ff_next_dist_compiled_react-dom_7b2f6d3d._.js:6112:21)
    at beginWork (http://localhost:3000/_next/static/chunks/f12ff_next_dist_compiled_react-dom_7b2f6d3d._.js:6708:24)
    at runWithFiberInDEV (http://localhost:3000/_next/static/chunks/f12ff_next_dist_compiled_react-dom_7b2f6d3d._.js:965:74)
    at performUnitOfWork (http://localhost:3000/_next/static/chunks/f12ff_next_dist_compiled_react-dom_7b2f6d3d._.js:9562:97)
    at workLoopSync (http://localhost:3000/_next/static/chunks/f12ff_next_dist_compiled_react-dom_7b2f6d3d._.js:9456:40)
    at renderRootSync (http://localhost:3000/_next/static/chunks/f12ff_next_dist_compiled_react-dom_7b2f6d3d._.js:9440:13)
    at performWorkOnRoot (http://localhost:3000/_next/static/chunks/f12ff_next_dist_compiled_react-dom_7b2f6d3d._.js:9068:186)
    at performSyncWorkOnRoot (http://localhost:3000/_next/static/chunks/f12ff_next_dist_compiled_react-dom_7b2f6d3d._.js:10238:9)
    at flushSyncWorkAcrossRoots_impl (http://localhost:3000/_next/static/chunks/f12ff_next_dist_compiled_react-dom_7b2f6d3d._.js:10154:316)
    at flushSpawnedWork (http://localhost:3000/_next/static/chunks/f12ff_next_dist_compiled_react-dom_7b2f6d3d._.js:9914:13)
    at commitRoot (http://localhost:3000/_next/static/chunks/f12ff_next_dist_compiled_react-dom_7b2f6d3d._.js:9720:432)
    at commitRootWhenReady (http://localhost:3000/_next/static/chunks/f12ff_next_dist_compiled_react-dom_7b2f6d3d._.js:9194:9)
    at performWorkOnRoot (http://localhost:3000/_next/static/chunks/f12ff_next_dist_compiled_react-dom_7b2f6d3d._.js:9166:25)
    at performWorkOnRootViaSchedulerTask (http://localhost:3000/_next/static/chunks/f12ff_next_dist_compiled_react-dom_7b2f6d3d._.js:10230:9)
    at MessagePort.performWorkUntilDeadline (http://localhost:3000/_next/static/chunks/f12ff_next_dist_compiled_cd863794._.js:2647:64) @ http://localhost:3000/_next/static/chunks/f12ff_next_dist_95687940._.js:3132
[ 1521278ms] [ERROR] IntlError: MISSING_MESSAGE: Could not resolve `navigation.startOrFindProject` in messages for locale `ar`.
    at getFallbackFromErrorAndNotify (http://localhost:3000/_next/static/chunks/node_modules__pnpm_a92eadf3._.js:7251:23)
    at translateBaseFn (http://localhost:3000/_next/static/chunks/node_modules__pnpm_a92eadf3._.js:7281:28)
    at translateFn (http://localhost:3000/_next/static/chunks/node_modules__pnpm_a92eadf3._.js:7343:24)
    at AppSidebar.useMemo[data] (http://localhost:3000/_next/static/chunks/_d6ccf526._.js:3687:32)
    at updateMemo (http://localhost:3000/_next/static/chunks/f12ff_next_dist_compiled_react-dom_7b2f6d3d._.js:5444:21)
    at Object.useMemo (http://localhost:3000/_next/static/chunks/f12ff_next_dist_compiled_react-dom_7b2f6d3d._.js:15381:24)
    at exports.useMemo (http://localhost:3000/_next/static/chunks/f12ff_next_dist_compiled_cd863794._.js:1742:36)
    at AppSidebar (http://localhost:3000/_next/static/chunks/_d6ccf526._.js:3624:387)
    at Object.react_stack_bottom_frame (http://localhost:3000/_next/static/chunks/f12ff_next_dist_compiled_react-dom_7b2f6d3d._.js:14826:24)
    at renderWithHooksAgain (http://localhost:3000/_next/static/chunks/f12ff_next_dist_compiled_react-dom_7b2f6d3d._.js:4706:24)
    at renderWithHooks (http://localhost:3000/_next/static/chunks/f12ff_next_dist_compiled_react-dom_7b2f6d3d._.js:4657:28)
    at updateFunctionComponent (http://localhost:3000/_next/static/chunks/f12ff_next_dist_compiled_react-dom_7b2f6d3d._.js:6112:21)
    at beginWork (http://localhost:3000/_next/static/chunks/f12ff_next_dist_compiled_react-dom_7b2f6d3d._.js:6708:24)
    at runWithFiberInDEV (http://localhost:3000/_next/static/chunks/f12ff_next_dist_compiled_react-dom_7b2f6d3d._.js:965:74)
    at performUnitOfWork (http://localhost:3000/_next/static/chunks/f12ff_next_dist_compiled_react-dom_7b2f6d3d._.js:9562:97)
    at workLoopSync (http://localhost:3000/_next/static/chunks/f12ff_next_dist_compiled_react-dom_7b2f6d3d._.js:9456:40)
    at renderRootSync (http://localhost:3000/_next/static/chunks/f12ff_next_dist_compiled_react-dom_7b2f6d3d._.js:9440:13)
    at performWorkOnRoot (http://localhost:3000/_next/static/chunks/f12ff_next_dist_compiled_react-dom_7b2f6d3d._.js:9068:186)
    at performSyncWorkOnRoot (http://localhost:3000/_next/static/chunks/f12ff_next_dist_compiled_react-dom_7b2f6d3d._.js:10238:9)
    at flushSyncWorkAcrossRoots_impl (http://localhost:3000/_next/static/chunks/f12ff_next_dist_compiled_react-dom_7b2f6d3d._.js:10154:316)
    at flushSpawnedWork (http://localhost:3000/_next/static/chunks/f12ff_next_dist_compiled_react-dom_7b2f6d3d._.js:9914:13)
    at commitRoot (http://localhost:3000/_next/static/chunks/f12ff_next_dist_compiled_react-dom_7b2f6d3d._.js:9720:432)
    at commitRootWhenReady (http://localhost:3000/_next/static/chunks/f12ff_next_dist_compiled_react-dom_7b2f6d3d._.js:9194:9)
    at performWorkOnRoot (http://localhost:3000/_next/static/chunks/f12ff_next_dist_compiled_react-dom_7b2f6d3d._.js:9166:25)
    at performWorkOnRootViaSchedulerTask (http://localhost:3000/_next/static/chunks/f12ff_next_dist_compiled_react-dom_7b2f6d3d._.js:10230:9)
    at MessagePort.performWorkUntilDeadline (http://localhost:3000/_next/static/chunks/f12ff_next_dist_compiled_cd863794._.js:2647:64) @ http://localhost:3000/_next/static/chunks/f12ff_next_dist_95687940._.js:3132
[ 1521349ms] [ERROR] IntlError: MISSING_MESSAGE: Could not resolve `navigation.startOrFindProject` in messages for locale `ar`.
    at getFallbackFromErrorAndNotify (http://localhost:3000/_next/static/chunks/node_modules__pnpm_a92eadf3._.js:7251:23)
    at translateBaseFn (http://localhost:3000/_next/static/chunks/node_modules__pnpm_a92eadf3._.js:7281:28)
    at translateFn (http://localhost:3000/_next/static/chunks/node_modules__pnpm_a92eadf3._.js:7343:24)
    at AppSidebar.useMemo[data] (http://localhost:3000/_next/static/chunks/_d6ccf526._.js:3687:32)
    at updateMemo (http://localhost:3000/_next/static/chunks/f12ff_next_dist_compiled_react-dom_7b2f6d3d._.js:5444:21)
    at Object.useMemo (http://localhost:3000/_next/static/chunks/f12ff_next_dist_compiled_react-dom_7b2f6d3d._.js:15255:24)
    at exports.useMemo (http://localhost:3000/_next/static/chunks/f12ff_next_dist_compiled_cd863794._.js:1742:36)
    at AppSidebar (http://localhost:3000/_next/static/chunks/_d6ccf526._.js:3624:387)
    at Object.react_stack_bottom_frame (http://localhost:3000/_next/static/chunks/f12ff_next_dist_compiled_react-dom_7b2f6d3d._.js:14826:24)
    at renderWithHooks (http://localhost:3000/_next/static/chunks/f12ff_next_dist_compiled_react-dom_7b2f6d3d._.js:4651:24)
    at updateFunctionComponent (http://localhost:3000/_next/static/chunks/f12ff_next_dist_compiled_react-dom_7b2f6d3d._.js:6112:21)
    at beginWork (http://localhost:3000/_next/static/chunks/f12ff_next_dist_compiled_react-dom_7b2f6d3d._.js:6708:24)
    at runWithFiberInDEV (http://localhost:3000/_next/static/chunks/f12ff_next_dist_compiled_react-dom_7b2f6d3d._.js:965:74)
    at performUnitOfWork (http://localhost:3000/_next/static/chunks/f12ff_next_dist_compiled_react-dom_7b2f6d3d._.js:9562:97)
    at workLoopSync (http://localhost:3000/_next/static/chunks/f12ff_next_dist_compiled_react-dom_7b2f6d3d._.js:9456:40)
    at renderRootSync (http://localhost:3000/_next/static/chunks/f12ff_next_dist_compiled_react-dom_7b2f6d3d._.js:9440:13)
    at performWorkOnRoot (http://localhost:3000/_next/static/chunks/f12ff_next_dist_compiled_react-dom_7b2f6d3d._.js:9068:186)
    at performSyncWorkOnRoot (http://localhost:3000/_next/static/chunks/f12ff_next_dist_compiled_react-dom_7b2f6d3d._.js:10238:9)
    at flushSyncWorkAcrossRoots_impl (http://localhost:3000/_next/static/chunks/f12ff_next_dist_compiled_react-dom_7b2f6d3d._.js:10154:316)
    at flushSpawnedWork (http://localhost:3000/_next/static/chunks/f12ff_next_dist_compiled_react-dom_7b2f6d3d._.js:9914:13)
    at commitRoot (http://localhost:3000/_next/static/chunks/f12ff_next_dist_compiled_react-dom_7b2f6d3d._.js:9720:432)
    at commitRootWhenReady (http://localhost:3000/_next/static/chunks/f12ff_next_dist_compiled_react-dom_7b2f6d3d._.js:9194:9)
    at performWorkOnRoot (http://localhost:3000/_next/static/chunks/f12ff_next_dist_compiled_react-dom_7b2f6d3d._.js:9166:25)
    at performWorkOnRootViaSchedulerTask (http://localhost:3000/_next/static/chunks/f12ff_next_dist_compiled_react-dom_7b2f6d3d._.js:10230:9)
    at MessagePort.performWorkUntilDeadline (http://localhost:3000/_next/static/chunks/f12ff_next_dist_compiled_cd863794._.js:2647:64) @ http://localhost:3000/_next/static/chunks/f12ff_next_dist_95687940._.js:3132
[ 1521350ms] [ERROR] IntlError: MISSING_MESSAGE: Could not resolve `navigation.startOrFindProject` in messages for locale `ar`.
    at getFallbackFromErrorAndNotify (http://localhost:3000/_next/static/chunks/node_modules__pnpm_a92eadf3._.js:7251:23)
    at translateBaseFn (http://localhost:3000/_next/static/chunks/node_modules__pnpm_a92eadf3._.js:7281:28)
    at translateFn (http://localhost:3000/_next/static/chunks/node_modules__pnpm_a92eadf3._.js:7343:24)
    at AppSidebar.useMemo[data] (http://localhost:3000/_next/static/chunks/_d6ccf526._.js:3687:32)
    at updateMemo (http://localhost:3000/_next/static/chunks/f12ff_next_dist_compiled_react-dom_7b2f6d3d._.js:5448:17)
    at Object.useMemo (http://localhost:3000/_next/static/chunks/f12ff_next_dist_compiled_react-dom_7b2f6d3d._.js:15255:24)
    at exports.useMemo (http://localhost:3000/_next/static/chunks/f12ff_next_dist_compiled_cd863794._.js:1742:36)
    at AppSidebar (http://localhost:3000/_next/static/chunks/_d6ccf526._.js:3624:387)
    at Object.react_stack_bottom_frame (http://localhost:3000/_next/static/chunks/f12ff_next_dist_compiled_react-dom_7b2f6d3d._.js:14826:24)
    at renderWithHooks (http://localhost:3000/_next/static/chunks/f12ff_next_dist_compiled_react-dom_7b2f6d3d._.js:4651:24)
    at updateFunctionComponent (http://localhost:3000/_next/static/chunks/f12ff_next_dist_compiled_react-dom_7b2f6d3d._.js:6112:21)
    at beginWork (http://localhost:3000/_next/static/chunks/f12ff_next_dist_compiled_react-dom_7b2f6d3d._.js:6708:24)
    at runWithFiberInDEV (http://localhost:3000/_next/static/chunks/f12ff_next_dist_compiled_react-dom_7b2f6d3d._.js:965:74)
    at performUnitOfWork (http://localhost:3000/_next/static/chunks/f12ff_next_dist_compiled_react-dom_7b2f6d3d._.js:9562:97)
    at workLoopSync (http://localhost:3000/_next/static/chunks/f12ff_next_dist_compiled_react-dom_7b2f6d3d._.js:9456:40)
    at renderRootSync (http://localhost:3000/_next/static/chunks/f12ff_next_dist_compiled_react-dom_7b2f6d3d._.js:9440:13)
    at performWorkOnRoot (http://localhost:3000/_next/static/chunks/f12ff_next_dist_compiled_react-dom_7b2f6d3d._.js:9068:186)
    at performSyncWorkOnRoot (http://localhost:3000/_next/static/chunks/f12ff_next_dist_compiled_react-dom_7b2f6d3d._.js:10238:9)
    at flushSyncWorkAcrossRoots_impl (http://localhost:3000/_next/static/chunks/f12ff_next_dist_compiled_react-dom_7b2f6d3d._.js:10154:316)
    at flushSpawnedWork (http://localhost:3000/_next/static/chunks/f12ff_next_dist_compiled_react-dom_7b2f6d3d._.js:9914:13)
    at commitRoot (http://localhost:3000/_next/static/chunks/f12ff_next_dist_compiled_react-dom_7b2f6d3d._.js:9720:432)
    at commitRootWhenReady (http://localhost:3000/_next/static/chunks/f12ff_next_dist_compiled_react-dom_7b2f6d3d._.js:9194:9)
    at performWorkOnRoot (http://localhost:3000/_next/static/chunks/f12ff_next_dist_compiled_react-dom_7b2f6d3d._.js:9166:25)
    at performWorkOnRootViaSchedulerTask (http://localhost:3000/_next/static/chunks/f12ff_next_dist_compiled_react-dom_7b2f6d3d._.js:10230:9)
    at MessagePort.performWorkUntilDeadline (http://localhost:3000/_next/static/chunks/f12ff_next_dist_compiled_cd863794._.js:2647:64) @ http://localhost:3000/_next/static/chunks/f12ff_next_dist_95687940._.js:3132
[ 1521351ms] [ERROR] IntlError: MISSING_MESSAGE: Could not resolve `navigation.startOrFindProject` in messages for locale `ar`.
    at getFallbackFromErrorAndNotify (http://localhost:3000/_next/static/chunks/node_modules__pnpm_a92eadf3._.js:7251:23)
    at translateBaseFn (http://localhost:3000/_next/static/chunks/node_modules__pnpm_a92eadf3._.js:7281:28)
    at translateFn (http://localhost:3000/_next/static/chunks/node_modules__pnpm_a92eadf3._.js:7343:24)
    at AppSidebar.useMemo[data] (http://localhost:3000/_next/static/chunks/_d6ccf526._.js:3687:32)
    at updateMemo (http://localhost:3000/_next/static/chunks/f12ff_next_dist_compiled_react-dom_7b2f6d3d._.js:5444:21)
    at Object.useMemo (http://localhost:3000/_next/static/chunks/f12ff_next_dist_compiled_react-dom_7b2f6d3d._.js:15381:24)
    at exports.useMemo (http://localhost:3000/_next/static/chunks/f12ff_next_dist_compiled_cd863794._.js:1742:36)
    at AppSidebar (http://localhost:3000/_next/static/chunks/_d6ccf526._.js:3624:387)
    at Object.react_stack_bottom_frame (http://localhost:3000/_next/static/chunks/f12ff_next_dist_compiled_react-dom_7b2f6d3d._.js:14826:24)
    at renderWithHooksAgain (http://localhost:3000/_next/static/chunks/f12ff_next_dist_compiled_react-dom_7b2f6d3d._.js:4706:24)
    at renderWithHooks (http://localhost:3000/_next/static/chunks/f12ff_next_dist_compiled_react-dom_7b2f6d3d._.js:4657:28)
    at updateFunctionComponent (http://localhost:3000/_next/static/chunks/f12ff_next_dist_compiled_react-dom_7b2f6d3d._.js:6112:21)
    at beginWork (http://localhost:3000/_next/static/chunks/f12ff_next_dist_compiled_react-dom_7b2f6d3d._.js:6708:24)
    at runWithFiberInDEV (http://localhost:3000/_next/static/chunks/f12ff_next_dist_compiled_react-dom_7b2f6d3d._.js:965:74)
    at performUnitOfWork (http://localhost:3000/_next/static/chunks/f12ff_next_dist_compiled_react-dom_7b2f6d3d._.js:9562:97)
    at workLoopSync (http://localhost:3000/_next/static/chunks/f12ff_next_dist_compiled_react-dom_7b2f6d3d._.js:9456:40)
    at renderRootSync (http://localhost:3000/_next/static/chunks/f12ff_next_dist_compiled_react-dom_7b2f6d3d._.js:9440:13)
    at performWorkOnRoot (http://localhost:3000/_next/static/chunks/f12ff_next_dist_compiled_react-dom_7b2f6d3d._.js:9068:186)
    at performSyncWorkOnRoot (http://localhost:3000/_next/static/chunks/f12ff_next_dist_compiled_react-dom_7b2f6d3d._.js:10238:9)
    at flushSyncWorkAcrossRoots_impl (http://localhost:3000/_next/static/chunks/f12ff_next_dist_compiled_react-dom_7b2f6d3d._.js:10154:316)
    at flushSpawnedWork (http://localhost:3000/_next/static/chunks/f12ff_next_dist_compiled_react-dom_7b2f6d3d._.js:9914:13)
    at commitRoot (http://localhost:3000/_next/static/chunks/f12ff_next_dist_compiled_react-dom_7b2f6d3d._.js:9720:432)
    at commitRootWhenReady (http://localhost:3000/_next/static/chunks/f12ff_next_dist_compiled_react-dom_7b2f6d3d._.js:9194:9)
    at performWorkOnRoot (http://localhost:3000/_next/static/chunks/f12ff_next_dist_compiled_react-dom_7b2f6d3d._.js:9166:25)
    at performWorkOnRootViaSchedulerTask (http://localhost:3000/_next/static/chunks/f12ff_next_dist_compiled_react-dom_7b2f6d3d._.js:10230:9)
    at MessagePort.performWorkUntilDeadline (http://localhost:3000/_next/static/chunks/f12ff_next_dist_compiled_cd863794._.js:2647:64) @ http://localhost:3000/_next/static/chunks/f12ff_next_dist_95687940._.js:3132
[ 1521440ms] [WARNING] Ignoring Event: localhost @ http://localhost:3000/_next/static/chunks/f12ff_next_dist_95687940._.js:2302
[ 1521562ms] [INFO] Sanity is live with automatic revalidation of published content @ http://localhost:3000/_next/static/chunks/f12ff_next_dist_95687940._.js:2302
[ 1521787ms] [LOG] [Fast Refresh] rebuilding @ http://localhost:3000/_next/static/chunks/f12ff_next_dist_95687940._.js:2302
[ 1523785ms] [LOG] [Fast Refresh] done in 2126ms @ http://localhost:3000/_next/static/chunks/f12ff_next_dist_95687940._.js:2302
[ 1524014ms] [LOG] [Fast Refresh] rebuilding @ http://localhost:3000/_next/static/chunks/f12ff_next_dist_95687940._.js:2302
[ 1524034ms] [LOG] [Fast Refresh] done in 122ms @ http://localhost:3000/_next/static/chunks/f12ff_next_dist_95687940._.js:2302
[ 1524116ms] [ERROR] IntlError: MISSING_MESSAGE: Could not resolve `navigation.startOrFindProject` in messages for locale `ar`.
    at getFallbackFromErrorAndNotify (http://localhost:3000/_next/static/chunks/node_modules__pnpm_a92eadf3._.js:7251:23)
    at translateBaseFn (http://localhost:3000/_next/static/chunks/node_modules__pnpm_a92eadf3._.js:7281:28)
    at translateFn (http://localhost:3000/_next/static/chunks/node_modules__pnpm_a92eadf3._.js:7343:24)
    at AppSidebar.useMemo[data] (http://localhost:3000/_next/static/chunks/_d6ccf526._.js:3687:32)
    at updateMemo (http://localhost:3000/_next/static/chunks/f12ff_next_dist_compiled_react-dom_7b2f6d3d._.js:5444:21)
    at Object.useMemo (http://localhost:3000/_next/static/chunks/f12ff_next_dist_compiled_react-dom_7b2f6d3d._.js:15255:24)
    at exports.useMemo (http://localhost:3000/_next/static/chunks/f12ff_next_dist_compiled_cd863794._.js:1742:36)
    at AppSidebar (http://localhost:3000/_next/static/chunks/_d6ccf526._.js:3624:387)
    at Object.react_stack_bottom_frame (http://localhost:3000/_next/static/chunks/f12ff_next_dist_compiled_react-dom_7b2f6d3d._.js:14826:24)
    at renderWithHooks (http://localhost:3000/_next/static/chunks/f12ff_next_dist_compiled_react-dom_7b2f6d3d._.js:4651:24)
    at updateFunctionComponent (http://localhost:3000/_next/static/chunks/f12ff_next_dist_compiled_react-dom_7b2f6d3d._.js:6112:21)
    at beginWork (http://localhost:3000/_next/static/chunks/f12ff_next_dist_compiled_react-dom_7b2f6d3d._.js:6708:24)
    at runWithFiberInDEV (http://localhost:3000/_next/static/chunks/f12ff_next_dist_compiled_react-dom_7b2f6d3d._.js:965:74)
    at performUnitOfWork (http://localhost:3000/_next/static/chunks/f12ff_next_dist_compiled_react-dom_7b2f6d3d._.js:9562:97)
    at workLoopConcurrentByScheduler (http://localhost:3000/_next/static/chunks/f12ff_next_dist_compiled_react-dom_7b2f6d3d._.js:9558:58)
    at renderRootConcurrent (http://localhost:3000/_next/static/chunks/f12ff_next_dist_compiled_react-dom_7b2f6d3d._.js:9541:71)
    at performWorkOnRoot (http://localhost:3000/_next/static/chunks/f12ff_next_dist_compiled_react-dom_7b2f6d3d._.js:9068:150)
    at performWorkOnRootViaSchedulerTask (http://localhost:3000/_next/static/chunks/f12ff_next_dist_compiled_react-dom_7b2f6d3d._.js:10230:9)
    at MessagePort.performWorkUntilDeadline (http://localhost:3000/_next/static/chunks/f12ff_next_dist_compiled_cd863794._.js:2647:64) @ http://localhost:3000/_next/static/chunks/f12ff_next_dist_95687940._.js:3132
[ 1524117ms] [ERROR] IntlError: MISSING_MESSAGE: Could not resolve `navigation.startOrFindProject` in messages for locale `ar`.
    at getFallbackFromErrorAndNotify (http://localhost:3000/_next/static/chunks/node_modules__pnpm_a92eadf3._.js:7251:23)
    at translateBaseFn (http://localhost:3000/_next/static/chunks/node_modules__pnpm_a92eadf3._.js:7281:28)
    at translateFn (http://localhost:3000/_next/static/chunks/node_modules__pnpm_a92eadf3._.js:7343:24)
    at AppSidebar.useMemo[data] (http://localhost:3000/_next/static/chunks/_d6ccf526._.js:3687:32)
    at updateMemo (http://localhost:3000/_next/static/chunks/f12ff_next_dist_compiled_react-dom_7b2f6d3d._.js:5448:17)
    at Object.useMemo (http://localhost:3000/_next/static/chunks/f12ff_next_dist_compiled_react-dom_7b2f6d3d._.js:15255:24)
    at exports.useMemo (http://localhost:3000/_next/static/chunks/f12ff_next_dist_compiled_cd863794._.js:1742:36)
    at AppSidebar (http://localhost:3000/_next/static/chunks/_d6ccf526._.js:3624:387)
    at Object.react_stack_bottom_frame (http://localhost:3000/_next/static/chunks/f12ff_next_dist_compiled_react-dom_7b2f6d3d._.js:14826:24)
    at renderWithHooks (http://localhost:3000/_next/static/chunks/f12ff_next_dist_compiled_react-dom_7b2f6d3d._.js:4651:24)
    at updateFunctionComponent (http://localhost:3000/_next/static/chunks/f12ff_next_dist_compiled_react-dom_7b2f6d3d._.js:6112:21)
    at beginWork (http://localhost:3000/_next/static/chunks/f12ff_next_dist_compiled_react-dom_7b2f6d3d._.js:6708:24)
    at runWithFiberInDEV (http://localhost:3000/_next/static/chunks/f12ff_next_dist_compiled_react-dom_7b2f6d3d._.js:965:74)
    at performUnitOfWork (http://localhost:3000/_next/static/chunks/f12ff_next_dist_compiled_react-dom_7b2f6d3d._.js:9562:97)
    at workLoopConcurrentByScheduler (http://localhost:3000/_next/static/chunks/f12ff_next_dist_compiled_react-dom_7b2f6d3d._.js:9558:58)
    at renderRootConcurrent (http://localhost:3000/_next/static/chunks/f12ff_next_dist_compiled_react-dom_7b2f6d3d._.js:9541:71)
    at performWorkOnRoot (http://localhost:3000/_next/static/chunks/f12ff_next_dist_compiled_react-dom_7b2f6d3d._.js:9068:150)
    at performWorkOnRootViaSchedulerTask (http://localhost:3000/_next/static/chunks/f12ff_next_dist_compiled_react-dom_7b2f6d3d._.js:10230:9)
    at MessagePort.performWorkUntilDeadline (http://localhost:3000/_next/static/chunks/f12ff_next_dist_compiled_cd863794._.js:2647:64) @ http://localhost:3000/_next/static/chunks/f12ff_next_dist_95687940._.js:3132
[ 1524118ms] [ERROR] IntlError: MISSING_MESSAGE: Could not resolve `navigation.startOrFindProject` in messages for locale `ar`.
    at getFallbackFromErrorAndNotify (http://localhost:3000/_next/static/chunks/node_modules__pnpm_a92eadf3._.js:7251:23)
    at translateBaseFn (http://localhost:3000/_next/static/chunks/node_modules__pnpm_a92eadf3._.js:7281:28)
    at translateFn (http://localhost:3000/_next/static/chunks/node_modules__pnpm_a92eadf3._.js:7343:24)
    at AppSidebar.useMemo[data] (http://localhost:3000/_next/static/chunks/_d6ccf526._.js:3687:32)
    at updateMemo (http://localhost:3000/_next/static/chunks/f12ff_next_dist_compiled_react-dom_7b2f6d3d._.js:5444:21)
    at Object.useMemo (http://localhost:3000/_next/static/chunks/f12ff_next_dist_compiled_react-dom_7b2f6d3d._.js:15381:24)
    at exports.useMemo (http://localhost:3000/_next/static/chunks/f12ff_next_dist_compiled_cd863794._.js:1742:36)
    at AppSidebar (http://localhost:3000/_next/static/chunks/_d6ccf526._.js:3624:387)
    at Object.react_stack_bottom_frame (http://localhost:3000/_next/static/chunks/f12ff_next_dist_compiled_react-dom_7b2f6d3d._.js:14826:24)
    at renderWithHooksAgain (http://localhost:3000/_next/static/chunks/f12ff_next_dist_compiled_react-dom_7b2f6d3d._.js:4706:24)
    at renderWithHooks (http://localhost:3000/_next/static/chunks/f12ff_next_dist_compiled_react-dom_7b2f6d3d._.js:4657:28)
    at updateFunctionComponent (http://localhost:3000/_next/static/chunks/f12ff_next_dist_compiled_react-dom_7b2f6d3d._.js:6112:21)
    at beginWork (http://localhost:3000/_next/static/chunks/f12ff_next_dist_compiled_react-dom_7b2f6d3d._.js:6708:24)
    at runWithFiberInDEV (http://localhost:3000/_next/static/chunks/f12ff_next_dist_compiled_react-dom_7b2f6d3d._.js:965:74)
    at performUnitOfWork (http://localhost:3000/_next/static/chunks/f12ff_next_dist_compiled_react-dom_7b2f6d3d._.js:9562:97)
    at workLoopConcurrentByScheduler (http://localhost:3000/_next/static/chunks/f12ff_next_dist_compiled_react-dom_7b2f6d3d._.js:9558:58)
    at renderRootConcurrent (http://localhost:3000/_next/static/chunks/f12ff_next_dist_compiled_react-dom_7b2f6d3d._.js:9541:71)
    at performWorkOnRoot (http://localhost:3000/_next/static/chunks/f12ff_next_dist_compiled_react-dom_7b2f6d3d._.js:9068:150)
    at performWorkOnRootViaSchedulerTask (http://localhost:3000/_next/static/chunks/f12ff_next_dist_compiled_react-dom_7b2f6d3d._.js:10230:9)
    at MessagePort.performWorkUntilDeadline (http://localhost:3000/_next/static/chunks/f12ff_next_dist_compiled_cd863794._.js:2647:64) @ http://localhost:3000/_next/static/chunks/f12ff_next_dist_95687940._.js:3132
[ 1526384ms] [LOG] [Fast Refresh] rebuilding @ http://localhost:3000/_next/static/chunks/f12ff_next_dist_95687940._.js:2302
[ 1527243ms] [LOG] [Fast Refresh] done in 951ms @ http://localhost:3000/_next/static/chunks/f12ff_next_dist_95687940._.js:2302
[ 1527421ms] [LOG] [Fast Refresh] rebuilding @ http://localhost:3000/_next/static/chunks/f12ff_next_dist_95687940._.js:2302
[ 1530681ms] [LOG] [Fast Refresh] done in 3362ms @ http://localhost:3000/_next/static/chunks/f12ff_next_dist_95687940._.js:2302
[ 1531728ms] [ERROR] IntlError: MISSING_MESSAGE: Could not resolve `navigation.startOrFindProject` in messages for locale `ar`.
    at getFallbackFromErrorAndNotify (http://localhost:3000/_next/static/chunks/node_modules__pnpm_a92eadf3._.js:7251:23)
    at translateBaseFn (http://localhost:3000/_next/static/chunks/node_modules__pnpm_a92eadf3._.js:7281:28)
    at translateFn (http://localhost:3000/_next/static/chunks/node_modules__pnpm_a92eadf3._.js:7343:24)
    at AppSidebar.useMemo[data] (http://localhost:3000/_next/static/chunks/_d6ccf526._.js:3687:32)
    at updateMemo (http://localhost:3000/_next/static/chunks/f12ff_next_dist_compiled_react-dom_7b2f6d3d._.js:5444:21)
    at Object.useMemo (http://localhost:3000/_next/static/chunks/f12ff_next_dist_compiled_react-dom_7b2f6d3d._.js:15255:24)
    at exports.useMemo (http://localhost:3000/_next/static/chunks/f12ff_next_dist_compiled_cd863794._.js:1742:36)
    at AppSidebar (http://localhost:3000/_next/static/chunks/_d6ccf526._.js:3624:387)
    at Object.react_stack_bottom_frame (http://localhost:3000/_next/static/chunks/f12ff_next_dist_compiled_react-dom_7b2f6d3d._.js:14826:24)
    at renderWithHooks (http://localhost:3000/_next/static/chunks/f12ff_next_dist_compiled_react-dom_7b2f6d3d._.js:4651:24)
    at updateFunctionComponent (http://localhost:3000/_next/static/chunks/f12ff_next_dist_compiled_react-dom_7b2f6d3d._.js:6112:21)
    at beginWork (http://localhost:3000/_next/static/chunks/f12ff_next_dist_compiled_react-dom_7b2f6d3d._.js:6708:24)
    at runWithFiberInDEV (http://localhost:3000/_next/static/chunks/f12ff_next_dist_compiled_react-dom_7b2f6d3d._.js:965:74)
    at performUnitOfWork (http://localhost:3000/_next/static/chunks/f12ff_next_dist_compiled_react-dom_7b2f6d3d._.js:9562:97)
    at workLoopConcurrentByScheduler (http://localhost:3000/_next/static/chunks/f12ff_next_dist_compiled_react-dom_7b2f6d3d._.js:9558:58)
    at renderRootConcurrent (http://localhost:3000/_next/static/chunks/f12ff_next_dist_compiled_react-dom_7b2f6d3d._.js:9541:71)
    at performWorkOnRoot (http://localhost:3000/_next/static/chunks/f12ff_next_dist_compiled_react-dom_7b2f6d3d._.js:9068:150)
    at performWorkOnRootViaSchedulerTask (http://localhost:3000/_next/static/chunks/f12ff_next_dist_compiled_react-dom_7b2f6d3d._.js:10230:9)
    at MessagePort.performWorkUntilDeadline (http://localhost:3000/_next/static/chunks/f12ff_next_dist_compiled_cd863794._.js:2647:64) @ http://localhost:3000/_next/static/chunks/f12ff_next_dist_95687940._.js:3132
[ 1531728ms] [ERROR] IntlError: MISSING_MESSAGE: Could not resolve `navigation.startOrFindProject` in messages for locale `ar`.
    at getFallbackFromErrorAndNotify (http://localhost:3000/_next/static/chunks/node_modules__pnpm_a92eadf3._.js:7251:23)
    at translateBaseFn (http://localhost:3000/_next/static/chunks/node_modules__pnpm_a92eadf3._.js:7281:28)
    at translateFn (http://localhost:3000/_next/static/chunks/node_modules__pnpm_a92eadf3._.js:7343:24)
    at AppSidebar.useMemo[data] (http://localhost:3000/_next/static/chunks/_d6ccf526._.js:3687:32)
    at updateMemo (http://localhost:3000/_next/static/chunks/f12ff_next_dist_compiled_react-dom_7b2f6d3d._.js:5448:17)
    at Object.useMemo (http://localhost:3000/_next/static/chunks/f12ff_next_dist_compiled_react-dom_7b2f6d3d._.js:15255:24)
    at exports.useMemo (http://localhost:3000/_next/static/chunks/f12ff_next_dist_compiled_cd863794._.js:1742:36)
    at AppSidebar (http://localhost:3000/_next/static/chunks/_d6ccf526._.js:3624:387)
    at Object.react_stack_bottom_frame (http://localhost:3000/_next/static/chunks/f12ff_next_dist_compiled_react-dom_7b2f6d3d._.js:14826:24)
    at renderWithHooks (http://localhost:3000/_next/static/chunks/f12ff_next_dist_compiled_react-dom_7b2f6d3d._.js:4651:24)
    at updateFunctionComponent (http://localhost:3000/_next/static/chunks/f12ff_next_dist_compiled_react-dom_7b2f6d3d._.js:6112:21)
    at beginWork (http://localhost:3000/_next/static/chunks/f12ff_next_dist_compiled_react-dom_7b2f6d3d._.js:6708:24)
    at runWithFiberInDEV (http://localhost:3000/_next/static/chunks/f12ff_next_dist_compiled_react-dom_7b2f6d3d._.js:965:74)
    at performUnitOfWork (http://localhost:3000/_next/static/chunks/f12ff_next_dist_compiled_react-dom_7b2f6d3d._.js:9562:97)
    at workLoopConcurrentByScheduler (http://localhost:3000/_next/static/chunks/f12ff_next_dist_compiled_react-dom_7b2f6d3d._.js:9558:58)
    at renderRootConcurrent (http://localhost:3000/_next/static/chunks/f12ff_next_dist_compiled_react-dom_7b2f6d3d._.js:9541:71)
    at performWorkOnRoot (http://localhost:3000/_next/static/chunks/f12ff_next_dist_compiled_react-dom_7b2f6d3d._.js:9068:150)
    at performWorkOnRootViaSchedulerTask (http://localhost:3000/_next/static/chunks/f12ff_next_dist_compiled_react-dom_7b2f6d3d._.js:10230:9)
    at MessagePort.performWorkUntilDeadline (http://localhost:3000/_next/static/chunks/f12ff_next_dist_compiled_cd863794._.js:2647:64) @ http://localhost:3000/_next/static/chunks/f12ff_next_dist_95687940._.js:3132
[ 1531729ms] [ERROR] IntlError: MISSING_MESSAGE: Could not resolve `navigation.startOrFindProject` in messages for locale `ar`.
    at getFallbackFromErrorAndNotify (http://localhost:3000/_next/static/chunks/node_modules__pnpm_a92eadf3._.js:7251:23)
    at translateBaseFn (http://localhost:3000/_next/static/chunks/node_modules__pnpm_a92eadf3._.js:7281:28)
    at translateFn (http://localhost:3000/_next/static/chunks/node_modules__pnpm_a92eadf3._.js:7343:24)
    at AppSidebar.useMemo[data] (http://localhost:3000/_next/static/chunks/_d6ccf526._.js:3687:32)
    at updateMemo (http://localhost:3000/_next/static/chunks/f12ff_next_dist_compiled_react-dom_7b2f6d3d._.js:5444:21)
    at Object.useMemo (http://localhost:3000/_next/static/chunks/f12ff_next_dist_compiled_react-dom_7b2f6d3d._.js:15381:24)
    at exports.useMemo (http://localhost:3000/_next/static/chunks/f12ff_next_dist_compiled_cd863794._.js:1742:36)
    at AppSidebar (http://localhost:3000/_next/static/chunks/_d6ccf526._.js:3624:387)
    at Object.react_stack_bottom_frame (http://localhost:3000/_next/static/chunks/f12ff_next_dist_compiled_react-dom_7b2f6d3d._.js:14826:24)
    at renderWithHooksAgain (http://localhost:3000/_next/static/chunks/f12ff_next_dist_compiled_react-dom_7b2f6d3d._.js:4706:24)
    at renderWithHooks (http://localhost:3000/_next/static/chunks/f12ff_next_dist_compiled_react-dom_7b2f6d3d._.js:4657:28)
    at updateFunctionComponent (http://localhost:3000/_next/static/chunks/f12ff_next_dist_compiled_react-dom_7b2f6d3d._.js:6112:21)
    at beginWork (http://localhost:3000/_next/static/chunks/f12ff_next_dist_compiled_react-dom_7b2f6d3d._.js:6708:24)
    at runWithFiberInDEV (http://localhost:3000/_next/static/chunks/f12ff_next_dist_compiled_react-dom_7b2f6d3d._.js:965:74)
    at performUnitOfWork (http://localhost:3000/_next/static/chunks/f12ff_next_dist_compiled_react-dom_7b2f6d3d._.js:9562:97)
    at workLoopConcurrentByScheduler (http://localhost:3000/_next/static/chunks/f12ff_next_dist_compiled_react-dom_7b2f6d3d._.js:9558:58)
    at renderRootConcurrent (http://localhost:3000/_next/static/chunks/f12ff_next_dist_compiled_react-dom_7b2f6d3d._.js:9541:71)
    at performWorkOnRoot (http://localhost:3000/_next/static/chunks/f12ff_next_dist_compiled_react-dom_7b2f6d3d._.js:9068:150)
    at performWorkOnRootViaSchedulerTask (http://localhost:3000/_next/static/chunks/f12ff_next_dist_compiled_react-dom_7b2f6d3d._.js:10230:9)
    at MessagePort.performWorkUntilDeadline (http://localhost:3000/_next/static/chunks/f12ff_next_dist_compiled_cd863794._.js:2647:64) @ http://localhost:3000/_next/static/chunks/f12ff_next_dist_95687940._.js:3132
[ 1547328ms] [LOG] [Fast Refresh] rebuilding @ http://localhost:3000/_next/static/chunks/f12ff_next_dist_95687940._.js:2302
[ 1547628ms] [LOG] [Fast Refresh] done in 403ms @ http://localhost:3000/_next/static/chunks/f12ff_next_dist_95687940._.js:2302
[ 1548101ms] [LOG] [Fast Refresh] rebuilding @ http://localhost:3000/_next/static/chunks/f12ff_next_dist_95687940._.js:2302
[ 1551852ms] [LOG] [Fast Refresh] done in 3860ms @ http://localhost:3000/_next/static/chunks/f12ff_next_dist_95687940._.js:2302
[ 1552208ms] [LOG] [Fast Refresh] rebuilding @ http://localhost:3000/_next/static/chunks/f12ff_next_dist_95687940._.js:2302
[ 1552221ms] [LOG] [Fast Refresh] done in 114ms @ http://localhost:3000/_next/static/chunks/f12ff_next_dist_95687940._.js:2302
[ 1553174ms] [LOG] [Fast Refresh] rebuilding @ http://localhost:3000/_next/static/chunks/f12ff_next_dist_95687940._.js:2302
[ 1553524ms] [LOG] [Fast Refresh] done in 452ms @ http://localhost:3000/_next/static/chunks/f12ff_next_dist_95687940._.js:2302
[ 1554084ms] [LOG] [Fast Refresh] rebuilding @ http://localhost:3000/_next/static/chunks/f12ff_next_dist_95687940._.js:2302
[ 1554201ms] [LOG] [Fast Refresh] done in 218ms @ http://localhost:3000/_next/static/chunks/f12ff_next_dist_95687940._.js:2302
[ 1554424ms] [ERROR] IntlError: MISSING_MESSAGE: Could not resolve `navigation.startOrFindProject` in messages for locale `ar`.
    at getFallbackFromErrorAndNotify (http://localhost:3000/_next/static/chunks/node_modules__pnpm_a92eadf3._.js:7251:23)
    at translateBaseFn (http://localhost:3000/_next/static/chunks/node_modules__pnpm_a92eadf3._.js:7281:28)
    at translateFn (http://localhost:3000/_next/static/chunks/node_modules__pnpm_a92eadf3._.js:7343:24)
    at AppSidebar.useMemo[data] (http://localhost:3000/_next/static/chunks/_d6ccf526._.js:3687:32)
    at updateMemo (http://localhost:3000/_next/static/chunks/f12ff_next_dist_compiled_react-dom_7b2f6d3d._.js:5444:21)
    at Object.useMemo (http://localhost:3000/_next/static/chunks/f12ff_next_dist_compiled_react-dom_7b2f6d3d._.js:15255:24)
    at exports.useMemo (http://localhost:3000/_next/static/chunks/f12ff_next_dist_compiled_cd863794._.js:1742:36)
    at AppSidebar (http://localhost:3000/_next/static/chunks/_d6ccf526._.js:3624:387)
    at Object.react_stack_bottom_frame (http://localhost:3000/_next/static/chunks/f12ff_next_dist_compiled_react-dom_7b2f6d3d._.js:14826:24)
    at renderWithHooks (http://localhost:3000/_next/static/chunks/f12ff_next_dist_compiled_react-dom_7b2f6d3d._.js:4651:24)
    at updateFunctionComponent (http://localhost:3000/_next/static/chunks/f12ff_next_dist_compiled_react-dom_7b2f6d3d._.js:6112:21)
    at beginWork (http://localhost:3000/_next/static/chunks/f12ff_next_dist_compiled_react-dom_7b2f6d3d._.js:6708:24)
    at runWithFiberInDEV (http://localhost:3000/_next/static/chunks/f12ff_next_dist_compiled_react-dom_7b2f6d3d._.js:965:74)
    at performUnitOfWork (http://localhost:3000/_next/static/chunks/f12ff_next_dist_compiled_react-dom_7b2f6d3d._.js:9562:97)
    at workLoopConcurrentByScheduler (http://localhost:3000/_next/static/chunks/f12ff_next_dist_compiled_react-dom_7b2f6d3d._.js:9558:58)
    at renderRootConcurrent (http://localhost:3000/_next/static/chunks/f12ff_next_dist_compiled_react-dom_7b2f6d3d._.js:9541:71)
    at performWorkOnRoot (http://localhost:3000/_next/static/chunks/f12ff_next_dist_compiled_react-dom_7b2f6d3d._.js:9068:150)
    at performWorkOnRootViaSchedulerTask (http://localhost:3000/_next/static/chunks/f12ff_next_dist_compiled_react-dom_7b2f6d3d._.js:10230:9)
    at MessagePort.performWorkUntilDeadline (http://localhost:3000/_next/static/chunks/f12ff_next_dist_compiled_cd863794._.js:2647:64) @ http://localhost:3000/_next/static/chunks/f12ff_next_dist_95687940._.js:3132
[ 1554426ms] [ERROR] IntlError: MISSING_MESSAGE: Could not resolve `navigation.startOrFindProject` in messages for locale `ar`.
    at getFallbackFromErrorAndNotify (http://localhost:3000/_next/static/chunks/node_modules__pnpm_a92eadf3._.js:7251:23)
    at translateBaseFn (http://localhost:3000/_next/static/chunks/node_modules__pnpm_a92eadf3._.js:7281:28)
    at translateFn (http://localhost:3000/_next/static/chunks/node_modules__pnpm_a92eadf3._.js:7343:24)
    at AppSidebar.useMemo[data] (http://localhost:3000/_next/static/chunks/_d6ccf526._.js:3687:32)
    at updateMemo (http://localhost:3000/_next/static/chunks/f12ff_next_dist_compiled_react-dom_7b2f6d3d._.js:5448:17)
    at Object.useMemo (http://localhost:3000/_next/static/chunks/f12ff_next_dist_compiled_react-dom_7b2f6d3d._.js:15255:24)
    at exports.useMemo (http://localhost:3000/_next/static/chunks/f12ff_next_dist_compiled_cd863794._.js:1742:36)
    at AppSidebar (http://localhost:3000/_next/static/chunks/_d6ccf526._.js:3624:387)
    at Object.react_stack_bottom_frame (http://localhost:3000/_next/static/chunks/f12ff_next_dist_compiled_react-dom_7b2f6d3d._.js:14826:24)
    at renderWithHooks (http://localhost:3000/_next/static/chunks/f12ff_next_dist_compiled_react-dom_7b2f6d3d._.js:4651:24)
    at updateFunctionComponent (http://localhost:3000/_next/static/chunks/f12ff_next_dist_compiled_react-dom_7b2f6d3d._.js:6112:21)
    at beginWork (http://localhost:3000/_next/static/chunks/f12ff_next_dist_compiled_react-dom_7b2f6d3d._.js:6708:24)
    at runWithFiberInDEV (http://localhost:3000/_next/static/chunks/f12ff_next_dist_compiled_react-dom_7b2f6d3d._.js:965:74)
    at performUnitOfWork (http://localhost:3000/_next/static/chunks/f12ff_next_dist_compiled_react-dom_7b2f6d3d._.js:9562:97)
    at workLoopConcurrentByScheduler (http://localhost:3000/_next/static/chunks/f12ff_next_dist_compiled_react-dom_7b2f6d3d._.js:9558:58)
    at renderRootConcurrent (http://localhost:3000/_next/static/chunks/f12ff_next_dist_compiled_react-dom_7b2f6d3d._.js:9541:71)
    at performWorkOnRoot (http://localhost:3000/_next/static/chunks/f12ff_next_dist_compiled_react-dom_7b2f6d3d._.js:9068:150)
    at performWorkOnRootViaSchedulerTask (http://localhost:3000/_next/static/chunks/f12ff_next_dist_compiled_react-dom_7b2f6d3d._.js:10230:9)
    at MessagePort.performWorkUntilDeadline (http://localhost:3000/_next/static/chunks/f12ff_next_dist_compiled_cd863794._.js:2647:64) @ http://localhost:3000/_next/static/chunks/f12ff_next_dist_95687940._.js:3132
[ 1554427ms] [ERROR] IntlError: MISSING_MESSAGE: Could not resolve `navigation.startOrFindProject` in messages for locale `ar`.
    at getFallbackFromErrorAndNotify (http://localhost:3000/_next/static/chunks/node_modules__pnpm_a92eadf3._.js:7251:23)
    at translateBaseFn (http://localhost:3000/_next/static/chunks/node_modules__pnpm_a92eadf3._.js:7281:28)
    at translateFn (http://localhost:3000/_next/static/chunks/node_modules__pnpm_a92eadf3._.js:7343:24)
    at AppSidebar.useMemo[data] (http://localhost:3000/_next/static/chunks/_d6ccf526._.js:3687:32)
    at updateMemo (http://localhost:3000/_next/static/chunks/f12ff_next_dist_compiled_react-dom_7b2f6d3d._.js:5444:21)
    at Object.useMemo (http://localhost:3000/_next/static/chunks/f12ff_next_dist_compiled_react-dom_7b2f6d3d._.js:15381:24)
    at exports.useMemo (http://localhost:3000/_next/static/chunks/f12ff_next_dist_compiled_cd863794._.js:1742:36)
    at AppSidebar (http://localhost:3000/_next/static/chunks/_d6ccf526._.js:3624:387)
    at Object.react_stack_bottom_frame (http://localhost:3000/_next/static/chunks/f12ff_next_dist_compiled_react-dom_7b2f6d3d._.js:14826:24)
    at renderWithHooksAgain (http://localhost:3000/_next/static/chunks/f12ff_next_dist_compiled_react-dom_7b2f6d3d._.js:4706:24)
    at renderWithHooks (http://localhost:3000/_next/static/chunks/f12ff_next_dist_compiled_react-dom_7b2f6d3d._.js:4657:28)
    at updateFunctionComponent (http://localhost:3000/_next/static/chunks/f12ff_next_dist_compiled_react-dom_7b2f6d3d._.js:6112:21)
    at beginWork (http://localhost:3000/_next/static/chunks/f12ff_next_dist_compiled_react-dom_7b2f6d3d._.js:6708:24)
    at runWithFiberInDEV (http://localhost:3000/_next/static/chunks/f12ff_next_dist_compiled_react-dom_7b2f6d3d._.js:965:74)
    at performUnitOfWork (http://localhost:3000/_next/static/chunks/f12ff_next_dist_compiled_react-dom_7b2f6d3d._.js:9562:97)
    at workLoopConcurrentByScheduler (http://localhost:3000/_next/static/chunks/f12ff_next_dist_compiled_react-dom_7b2f6d3d._.js:9558:58)
    at renderRootConcurrent (http://localhost:3000/_next/static/chunks/f12ff_next_dist_compiled_react-dom_7b2f6d3d._.js:9541:71)
    at performWorkOnRoot (http://localhost:3000/_next/static/chunks/f12ff_next_dist_compiled_react-dom_7b2f6d3d._.js:9068:150)
    at performWorkOnRootViaSchedulerTask (http://localhost:3000/_next/static/chunks/f12ff_next_dist_compiled_react-dom_7b2f6d3d._.js:10230:9)
    at MessagePort.performWorkUntilDeadline (http://localhost:3000/_next/static/chunks/f12ff_next_dist_compiled_cd863794._.js:2647:64) @ http://localhost:3000/_next/static/chunks/f12ff_next_dist_95687940._.js:3132
[ 1565242ms] [LOG] [Fast Refresh] rebuilding @ http://localhost:3000/_next/static/chunks/f12ff_next_dist_95687940._.js:2302
[ 1566397ms] [LOG] [Fast Refresh] done in 1255ms @ http://localhost:3000/_next/static/chunks/f12ff_next_dist_95687940._.js:2302
[ 1566702ms] [LOG] [Fast Refresh] rebuilding @ http://localhost:3000/_next/static/chunks/f12ff_next_dist_95687940._.js:2302
[ 1568922ms] [LOG] [Fast Refresh] done in 2321ms @ http://localhost:3000/_next/static/chunks/f12ff_next_dist_95687940._.js:2302
[ 1570602ms] [ERROR] IntlError: MISSING_MESSAGE: Could not resolve `navigation.startOrFindProject` in messages for locale `ar`.
    at getFallbackFromErrorAndNotify (http://localhost:3000/_next/static/chunks/node_modules__pnpm_a92eadf3._.js:7251:23)
    at translateBaseFn (http://localhost:3000/_next/static/chunks/node_modules__pnpm_a92eadf3._.js:7281:28)
    at translateFn (http://localhost:3000/_next/static/chunks/node_modules__pnpm_a92eadf3._.js:7343:24)
    at AppSidebar.useMemo[data] (http://localhost:3000/_next/static/chunks/_d6ccf526._.js:3687:32)
    at updateMemo (http://localhost:3000/_next/static/chunks/f12ff_next_dist_compiled_react-dom_7b2f6d3d._.js:5444:21)
    at Object.useMemo (http://localhost:3000/_next/static/chunks/f12ff_next_dist_compiled_react-dom_7b2f6d3d._.js:15255:24)
    at exports.useMemo (http://localhost:3000/_next/static/chunks/f12ff_next_dist_compiled_cd863794._.js:1742:36)
    at AppSidebar (http://localhost:3000/_next/static/chunks/_d6ccf526._.js:3624:387)
    at Object.react_stack_bottom_frame (http://localhost:3000/_next/static/chunks/f12ff_next_dist_compiled_react-dom_7b2f6d3d._.js:14826:24)
    at renderWithHooks (http://localhost:3000/_next/static/chunks/f12ff_next_dist_compiled_react-dom_7b2f6d3d._.js:4651:24)
    at updateFunctionComponent (http://localhost:3000/_next/static/chunks/f12ff_next_dist_compiled_react-dom_7b2f6d3d._.js:6112:21)
    at beginWork (http://localhost:3000/_next/static/chunks/f12ff_next_dist_compiled_react-dom_7b2f6d3d._.js:6708:24)
    at runWithFiberInDEV (http://localhost:3000/_next/static/chunks/f12ff_next_dist_compiled_react-dom_7b2f6d3d._.js:965:74)
    at performUnitOfWork (http://localhost:3000/_next/static/chunks/f12ff_next_dist_compiled_react-dom_7b2f6d3d._.js:9562:97)
    at workLoopConcurrentByScheduler (http://localhost:3000/_next/static/chunks/f12ff_next_dist_compiled_react-dom_7b2f6d3d._.js:9558:58)
    at renderRootConcurrent (http://localhost:3000/_next/static/chunks/f12ff_next_dist_compiled_react-dom_7b2f6d3d._.js:9541:71)
    at performWorkOnRoot (http://localhost:3000/_next/static/chunks/f12ff_next_dist_compiled_react-dom_7b2f6d3d._.js:9068:150)
    at performWorkOnRootViaSchedulerTask (http://localhost:3000/_next/static/chunks/f12ff_next_dist_compiled_react-dom_7b2f6d3d._.js:10230:9)
    at MessagePort.performWorkUntilDeadline (http://localhost:3000/_next/static/chunks/f12ff_next_dist_compiled_cd863794._.js:2647:64) @ http://localhost:3000/_next/static/chunks/f12ff_next_dist_95687940._.js:3132
[ 1570602ms] [ERROR] IntlError: MISSING_MESSAGE: Could not resolve `navigation.startOrFindProject` in messages for locale `ar`.
    at getFallbackFromErrorAndNotify (http://localhost:3000/_next/static/chunks/node_modules__pnpm_a92eadf3._.js:7251:23)
    at translateBaseFn (http://localhost:3000/_next/static/chunks/node_modules__pnpm_a92eadf3._.js:7281:28)
    at translateFn (http://localhost:3000/_next/static/chunks/node_modules__pnpm_a92eadf3._.js:7343:24)
    at AppSidebar.useMemo[data] (http://localhost:3000/_next/static/chunks/_d6ccf526._.js:3687:32)
    at updateMemo (http://localhost:3000/_next/static/chunks/f12ff_next_dist_compiled_react-dom_7b2f6d3d._.js:5448:17)
    at Object.useMemo (http://localhost:3000/_next/static/chunks/f12ff_next_dist_compiled_react-dom_7b2f6d3d._.js:15255:24)
    at exports.useMemo (http://localhost:3000/_next/static/chunks/f12ff_next_dist_compiled_cd863794._.js:1742:36)
    at AppSidebar (http://localhost:3000/_next/static/chunks/_d6ccf526._.js:3624:387)
    at Object.react_stack_bottom_frame (http://localhost:3000/_next/static/chunks/f12ff_next_dist_compiled_react-dom_7b2f6d3d._.js:14826:24)
    at renderWithHooks (http://localhost:3000/_next/static/chunks/f12ff_next_dist_compiled_react-dom_7b2f6d3d._.js:4651:24)
    at updateFunctionComponent (http://localhost:3000/_next/static/chunks/f12ff_next_dist_compiled_react-dom_7b2f6d3d._.js:6112:21)
    at beginWork (http://localhost:3000/_next/static/chunks/f12ff_next_dist_compiled_react-dom_7b2f6d3d._.js:6708:24)
    at runWithFiberInDEV (http://localhost:3000/_next/static/chunks/f12ff_next_dist_compiled_react-dom_7b2f6d3d._.js:965:74)
    at performUnitOfWork (http://localhost:3000/_next/static/chunks/f12ff_next_dist_compiled_react-dom_7b2f6d3d._.js:9562:97)
    at workLoopConcurrentByScheduler (http://localhost:3000/_next/static/chunks/f12ff_next_dist_compiled_react-dom_7b2f6d3d._.js:9558:58)
    at renderRootConcurrent (http://localhost:3000/_next/static/chunks/f12ff_next_dist_compiled_react-dom_7b2f6d3d._.js:9541:71)
    at performWorkOnRoot (http://localhost:3000/_next/static/chunks/f12ff_next_dist_compiled_react-dom_7b2f6d3d._.js:9068:150)
    at performWorkOnRootViaSchedulerTask (http://localhost:3000/_next/static/chunks/f12ff_next_dist_compiled_react-dom_7b2f6d3d._.js:10230:9)
    at MessagePort.performWorkUntilDeadline (http://localhost:3000/_next/static/chunks/f12ff_next_dist_compiled_cd863794._.js:2647:64) @ http://localhost:3000/_next/static/chunks/f12ff_next_dist_95687940._.js:3132
[ 1570603ms] [ERROR] IntlError: MISSING_MESSAGE: Could not resolve `navigation.startOrFindProject` in messages for locale `ar`.
    at getFallbackFromErrorAndNotify (http://localhost:3000/_next/static/chunks/node_modules__pnpm_a92eadf3._.js:7251:23)
    at translateBaseFn (http://localhost:3000/_next/static/chunks/node_modules__pnpm_a92eadf3._.js:7281:28)
    at translateFn (http://localhost:3000/_next/static/chunks/node_modules__pnpm_a92eadf3._.js:7343:24)
    at AppSidebar.useMemo[data] (http://localhost:3000/_next/static/chunks/_d6ccf526._.js:3687:32)
    at updateMemo (http://localhost:3000/_next/static/chunks/f12ff_next_dist_compiled_react-dom_7b2f6d3d._.js:5444:21)
    at Object.useMemo (http://localhost:3000/_next/static/chunks/f12ff_next_dist_compiled_react-dom_7b2f6d3d._.js:15381:24)
    at exports.useMemo (http://localhost:3000/_next/static/chunks/f12ff_next_dist_compiled_cd863794._.js:1742:36)
    at AppSidebar (http://localhost:3000/_next/static/chunks/_d6ccf526._.js:3624:387)
    at Object.react_stack_bottom_frame (http://localhost:3000/_next/static/chunks/f12ff_next_dist_compiled_react-dom_7b2f6d3d._.js:14826:24)
    at renderWithHooksAgain (http://localhost:3000/_next/static/chunks/f12ff_next_dist_compiled_react-dom_7b2f6d3d._.js:4706:24)
    at renderWithHooks (http://localhost:3000/_next/static/chunks/f12ff_next_dist_compiled_react-dom_7b2f6d3d._.js:4657:28)
    at updateFunctionComponent (http://localhost:3000/_next/static/chunks/f12ff_next_dist_compiled_react-dom_7b2f6d3d._.js:6112:21)
    at beginWork (http://localhost:3000/_next/static/chunks/f12ff_next_dist_compiled_react-dom_7b2f6d3d._.js:6708:24)
    at runWithFiberInDEV (http://localhost:3000/_next/static/chunks/f12ff_next_dist_compiled_react-dom_7b2f6d3d._.js:965:74)
    at performUnitOfWork (http://localhost:3000/_next/static/chunks/f12ff_next_dist_compiled_react-dom_7b2f6d3d._.js:9562:97)
    at workLoopConcurrentByScheduler (http://localhost:3000/_next/static/chunks/f12ff_next_dist_compiled_react-dom_7b2f6d3d._.js:9558:58)
    at renderRootConcurrent (http://localhost:3000/_next/static/chunks/f12ff_next_dist_compiled_react-dom_7b2f6d3d._.js:9541:71)
    at performWorkOnRoot (http://localhost:3000/_next/static/chunks/f12ff_next_dist_compiled_react-dom_7b2f6d3d._.js:9068:150)
    at performWorkOnRootViaSchedulerTask (http://localhost:3000/_next/static/chunks/f12ff_next_dist_compiled_react-dom_7b2f6d3d._.js:10230:9)
    at MessagePort.performWorkUntilDeadline (http://localhost:3000/_next/static/chunks/f12ff_next_dist_compiled_cd863794._.js:2647:64) @ http://localhost:3000/_next/static/chunks/f12ff_next_dist_95687940._.js:3132
[ 1584532ms] [LOG] [Fast Refresh] rebuilding @ http://localhost:3000/_next/static/chunks/f12ff_next_dist_95687940._.js:2302
[ 1585784ms] [LOG] [Fast Refresh] done in 1393ms @ http://localhost:3000/_next/static/chunks/f12ff_next_dist_95687940._.js:2302
[ 1586077ms] [LOG] [Fast Refresh] rebuilding @ http://localhost:3000/_next/static/chunks/f12ff_next_dist_95687940._.js:2302
[ 1587976ms] [LOG] [Fast Refresh] done in 2001ms @ http://localhost:3000/_next/static/chunks/f12ff_next_dist_95687940._.js:2302
[ 1592183ms] [LOG] [Fast Refresh] rebuilding @ http://localhost:3000/_next/static/chunks/f12ff_next_dist_95687940._.js:2302
[ 1593011ms] [LOG] [Fast Refresh] done in 930ms @ http://localhost:3000/_next/static/chunks/f12ff_next_dist_95687940._.js:2302
[ 1594045ms] [LOG] [Fast Refresh] rebuilding @ http://localhost:3000/_next/static/chunks/f12ff_next_dist_95687940._.js:2302
[ 1594847ms] [LOG] [Fast Refresh] done in 901ms @ http://localhost:3000/_next/static/chunks/f12ff_next_dist_95687940._.js:2302
[ 1596437ms] [LOG] [Fast Refresh] rebuilding @ http://localhost:3000/_next/static/chunks/f12ff_next_dist_95687940._.js:2302
[ 1596613ms] [LOG] [Fast Refresh] done in 359ms @ http://localhost:3000/_next/static/chunks/f12ff_next_dist_95687940._.js:2302
[ 1597566ms] [LOG] [Fast Refresh] rebuilding @ http://localhost:3000/_next/static/chunks/f12ff_next_dist_95687940._.js:2302
[ 1597692ms] [LOG] [Fast Refresh] done in 228ms @ http://localhost:3000/_next/static/chunks/f12ff_next_dist_95687940._.js:2302
[ 1597946ms] [LOG] [Fast Refresh] rebuilding @ http://localhost:3000/_next/static/chunks/f12ff_next_dist_95687940._.js:2302
[ 1598074ms] [LOG] [Fast Refresh] done in 230ms @ http://localhost:3000/_next/static/chunks/f12ff_next_dist_95687940._.js:2302
[ 1599426ms] [LOG] [Fast Refresh] rebuilding @ http://localhost:3000/_next/static/chunks/f12ff_next_dist_95687940._.js:2302
[ 1600995ms] [LOG] [Fast Refresh] done in 1610ms @ http://localhost:3000/_next/static/chunks/f12ff_next_dist_95687940._.js:2302
[ 1618663ms] [LOG] [Fast Refresh] rebuilding @ http://localhost:3000/_next/static/chunks/f12ff_next_dist_95687940._.js:2302
[ 1622631ms] [LOG] [Fast Refresh] done in 3934ms @ http://localhost:3000/_next/static/chunks/f12ff_next_dist_95687940._.js:2302
[ 1636124ms] [LOG] [Fast Refresh] rebuilding @ http://localhost:3000/_next/static/chunks/f12ff_next_dist_95687940._.js:2302
[ 1636663ms] [LOG] [Fast Refresh] done in 486ms @ http://localhost:3000/_next/static/chunks/f12ff_next_dist_95687940._.js:2302
